embedding_id	sub-MIC002	sub-MIC003	sub-MIC005	sub-MIC008	sub-MIC009	sub-MIC010	sub-MIC012	sub-MIC013	sub-MIC014	sub-MIC015	sub-MIC016	sub-MIC017	sub-MIC018	sub-MIC019	sub-MIC020	sub-MIC021	sub-MIC022	sub-MIC023	sub-MIC024	sub-MIC025	sub-MIC026	sub-MIC027	sub-MIC028	sub-MIC029	sub-MIC031	sub-MIC032	sub-MIC033	sub-MIC034	sub-MIC035	sub-MIC036	sub-MIC037	sub-MIC038	sub-MIC039	sub-MIC040	sub-MIC041	sub-MIC042	sub-MIC043	sub-MIC044	sub-MIC045	sub-MIC046	sub-MIC047	sub-MIC048	sub-MIC049	sub-MIC051	sub-MIC052	sub-MIC053	sub-MIC056	sub-MIC057	sub-MIC059	sub-MIC060	sub-MIC061	sub-MIC063	sub-MIC064	sub-MIC065	sub-MIC068	sub-MIC069	sub-MIC070	sub-MIC071	sub-MIC072	sub-MIC073	sub-MIC076	sub-MIC077	sub-MIC078	sub-MIC079	sub-MIC080	sub-MIC081	sub-MIC082	sub-MIC083	sub-MIC084	sub-MIC085	sub-MIC087	sub-MIC088	sub-MIC090	sub-MIC091	sub-MIC092	sub-MIC093	sub-MIC094	sub-MIC095	sub-MIC096	sub-MIC097	sub-MIC098	sub-MIC099	sub-MIC100	sub-MIC101	sub-MIC102	sub-MIC103	sub-MIC104	sub-MIC105
embedding_0000	-0.23286964	-0.21249186	-0.22363357	-0.20160598	-0.23675394	-0.12610242	-0.21068646	-0.12520427	-0.17616376	-0.089855395	-0.16122691	-0.23309483	-0.2681043	-0.13864215	-0.22739697	-0.15947986	-0.21769293	-0.20736101	-0.18069579	-0.16966522	-0.23473155	-0.19595945	-0.2213183	-0.22470534	-0.12816922	-0.21236748	-0.29863814	-0.2816022	-0.27297148	-0.17658459	-0.24502109	-0.11597575	-0.1282192	-0.24168327	-0.10678643	-0.25193387	-0.2211131	-0.11868067	-0.18860076	-0.04615617	-0.0834099	-0.16309409	-0.20422421	-0.16075821	-0.14072952	-0.4169128	-0.22385554	-0.16012284	-0.23949671	-0.22106352	-0.1607892	-0.23824081	-0.16341354	-0.21110283	-0.16490906	-0.16348307	-0.26825544	-0.25086543	-0.15327103	-0.16288748	-0.244334	-0.22247066	-0.19611461	-0.17564727	-0.22350556	-0.19366483	-0.17660445	-0.2568703	-0.21042246	-0.18129058	-0.084925085	-0.15123792	-0.118771486	-0.1409109	-0.17386825	-0.26504925	-0.22136205	-0.19489592	-0.08525349	-0.23463817	-0.14739253	-0.26549876	-0.21684077	-0.2560774	-0.22495978	-0.19477592	-0.12015197	-0.20874666
embedding_0001	0.21635194	0.19911009	0.19974314	0.17453225	0.21366087	0.2603109	0.25011495	0.23854092	0.18321341	0.1474457	0.27806032	0.18392433	0.23392424	0.16979788	0.19414009	0.21206114	0.18044025	0.2206036	0.23892486	0.18363418	0.19507337	0.1756947	0.21522221	0.19595757	0.22288936	0.18903962	0.14000952	0.25493518	0.17080297	0.18592004	0.18143438	0.2266731	0.1839799	0.20391865	0.20320955	0.2113805	0.17082724	0.23592983	0.17113058	0.23537153	0.19562776	0.2807975	0.18199573	0.18066189	0.21327953	0.17176452	0.19778188	0.1692961	0.20481989	0.19800104	0.17188527	0.17991838	0.24855481	0.2203974	0.20827143	0.13821915	0.15280184	0.2213185	0.25621176	0.18332148	0.2006652	0.25349256	0.12511005	0.21366104	0.17265707	0.18187927	0.22279385	0.1843543	0.18974909	0.15601492	0.18736584	0.18232213	0.21166334	0.13784783	0.15335344	0.16954412	0.17671233	0.17290767	0.28109822	0.16931616	0.18679558	0.25314248	0.17760949	0.1577981	0.204915	0.17884974	0.19766396	0.26909643
embedding_0002	0.078278735	0.09662373	0.078280605	0.17592725	0.18826644	-0.008368279	0.050256	0.1623232	0.0670235	0.09034422	0.1077919	0.020651734	0.068383306	0.088960275	0.15589416	0.13396615	0.025995057	0.07885536	0.1360826	0.18430178	0.11606025	0.15296724	0.07995788	0.030316573	0.18386929	0.10463214	0.2030696	0.13970634	0.18049544	0.17426926	0.05712568	0.10917344	0.055869706	0.11936451	0.17073545	0.13792856	0.15889141	0.11551196	0.08826209	0.085837185	0.15498656	0.046451896	0.115052246	0.07033682	0.03850475	0.1267785	0.13334084	0.16638084	0.14919244	0.15217943	0.050269198	0.09118955	0.020061014	0.102208324	0.15136869	0.05124246	0.25854266	0.11958202	0.06876622	0.1336982	0.12810554	0.043259922	0.12573172	0.17310657	0.26268256	0.19161488	0.12402646	0.14699602	0.17878617	0.103160016	0.09812069	0.07013185	0.09331894	0.065938726	0.04167322	0.16710283	0.0707791	0.07236628	0.21062793	0.18453583	0.09406995	0.16459799	0.14907634	0.13258351	0.107104756	0.23435754	0.0800488	0.115971155
embedding_0003	0.23036298	0.29880607	0.34749195	0.30071712	0.3606611	0.350293	0.3392628	0.27762574	0.39208692	0.31399503	0.37629423	0.2975986	0.3149966	0.37164494	0.38061973	0.35436413	0.3083727	0.36966488	0.33427906	0.39655173	0.39350474	0.3881346	0.32885695	0.38276187	0.3424637	0.34416795	0.40493807	0.2914424	0.48999554	0.31808382	0.39849558	0.30217442	0.3235881	0.32058996	0.34385523	0.39826053	0.3651962	0.31030744	0.35824764	0.3057723	0.42682815	0.30348286	0.3790485	0.36728117	0.26559392	0.416051	0.37067464	0.37641254	0.33396515	0.33506054	0.34370473	0.36853093	0.2691565	0.2633764	0.3448407	0.27379397	0.4432258	0.38544846	0.3100228	0.33322927	0.34046307	0.29936546	0.48176712	0.3547744	0.35502338	0.36827695	0.3409239	0.41307646	0.40484884	0.3736964	0.3398441	0.41198662	0.3104603	0.34274408	0.33659813	0.4040339	0.4026526	0.37116027	0.30687252	0.34928888	0.388406	0.37336928	0.3429821	0.3714431	0.36030018	0.40546176	0.36957547	0.36111948
embedding_0004	-1.3520854	-1.3290157	-1.3665092	-1.3721712	-1.4508878	-1.2221328	-1.4107512	-1.3139023	-1.3660883	-1.2138482	-1.3838264	-1.3639864	-1.3950176	-1.3375702	-1.3681102	-1.331447	-1.3619168	-1.38634	-1.3483261	-1.3436924	-1.373078	-1.4097284	-1.3756714	-1.3770813	-1.3948348	-1.4017727	-1.500231	-1.3982357	-1.3616927	-1.3201404	-1.3770696	-1.29038	-1.3131047	-1.4002914	-1.329765	-1.4465915	-1.4099851	-1.3034793	-1.3385956	-1.2165585	-1.2848659	-1.3060113	-1.3523309	-1.2966353	-1.2807645	-1.5274216	-1.4183898	-1.3169782	-1.4136304	-1.3718263	-1.3691238	-1.3600174	-1.3001574	-1.3170667	-1.3679777	-1.3483639	-1.4824822	-1.3631859	-1.3575075	-1.3209602	-1.4268612	-1.3499627	-1.3194877	-1.4024563	-1.4403195	-1.430767	-1.3580056	-1.4111326	-1.4323056	-1.3277695	-1.3038449	-1.3358601	-1.3235642	-1.3617544	-1.3125452	-1.4405727	-1.3042449	-1.3022826	-1.3393557	-1.4148968	-1.327051	-1.4778506	-1.3950025	-1.3695102	-1.367106	-1.4247642	-1.3054651	-1.363078
embedding_0005	-1.7853734	-1.8002816	-1.7200004	-1.7940375	-1.661962	-1.7999301	-1.7419716	-1.7219001	-1.7105755	-1.7916827	-1.7163488	-1.8169457	-1.7924618	-1.7004231	-1.7519962	-1.7218993	-1.7993317	-1.7174437	-1.7621728	-1.6421032	-1.7313083	-1.72573	-1.7715899	-1.7972579	-1.6504307	-1.761331	-1.6805736	-1.7931408	-1.7497579	-1.7294215	-1.723844	-1.7635258	-1.7599761	-1.7755903	-1.7101158	-1.7025745	-1.694106	-1.7089489	-1.6975036	-1.6997906	-1.66177	-1.835031	-1.7160383	-1.7126558	-1.8491708	-1.7274331	-1.6694341	-1.7311025	-1.7419524	-1.8060597	-1.752142	-1.7646731	-1.8132148	-1.8167568	-1.6891482	-1.7992535	-1.7060797	-1.7455963	-1.7412437	-1.7410973	-1.7791123	-1.8422703	-1.668083	-1.6694131	-1.6887437	-1.7027097	-1.7500339	-1.7323756	-1.676476	-1.7423687	-1.7094926	-1.68201	-1.7371995	-1.798503	-1.7409031	-1.7315619	-1.7661152	-1.7770131	-1.7345551	-1.7438153	-1.7322844	-1.7242459	-1.7467579	-1.7162269	-1.7240094	-1.6660745	-1.7151779	-1.785283
embedding_0006	-0.53225714	-0.5024694	-0.42496377	-0.42539436	-0.38727242	-0.5539516	-0.48279774	-0.5089853	-0.47575095	-0.4616504	-0.41594157	-0.46596628	-0.52944356	-0.47446403	-0.4389037	-0.40348622	-0.5190022	-0.50770545	-0.44742003	-0.41582045	-0.4569176	-0.48047775	-0.5053668	-0.4518725	-0.40148178	-0.48774567	-0.46900508	-0.38404915	-0.35713515	-0.46526572	-0.42582646	-0.48762622	-0.5560067	-0.44973916	-0.5000673	-0.45338038	-0.44287655	-0.4357256	-0.47829774	-0.45441657	-0.4102455	-0.46393824	-0.4851348	-0.45226976	-0.5064699	-0.4687538	-0.4412833	-0.48454565	-0.40939224	-0.4806135	-0.5292469	-0.45848686	-0.5506193	-0.44631982	-0.40667322	-0.47913226	-0.44026476	-0.4974698	-0.40707874	-0.47589967	-0.4800364	-0.50607586	-0.44709027	-0.42654747	-0.36949462	-0.46431988	-0.4126204	-0.4454809	-0.4454937	-0.42394042	-0.39155883	-0.44944134	-0.4745645	-0.4860251	-0.5091885	-0.43915513	-0.55156285	-0.5425534	-0.50499165	-0.40690404	-0.46263126	-0.47042707	-0.47014165	-0.4308446	-0.4505593	-0.4273723	-0.48255062	-0.460208
embedding_0007	-0.20434508	-0.105708025	-0.11521106	-0.10990527	-0.19406548	-0.097033046	-0.17551112	-0.025454791	-0.12169532	-0.049641363	-0.13817301	-0.1123227	-0.15310925	-0.109833464	-0.09117503	-0.11682328	-0.15656455	-0.13502993	-0.085495956	-0.1269926	-0.057321418	-0.14368577	-0.13100094	-0.13246126	-0.12323957	-0.101869754	-0.1604559	-0.12087687	-0.105486296	-0.08305805	-0.1334512	-0.13226545	-0.14519799	-0.10356741	-0.08161947	-0.1308858	-0.10382116	-0.092707455	-0.13102444	-0.05690994	-0.06205588	-0.025487026	-0.12484014	-0.11547381	-0.050517567	-0.22199169	-0.14709121	-0.08144015	-0.12911001	-0.10697458	-0.12630808	-0.12811393	-0.08777531	-0.15216503	-0.072346896	-0.034579005	-0.15494749	-0.098617055	-0.06377362	-0.105274744	-0.12088561	-0.141184	-0.12395955	-0.094105825	-0.04203926	-0.13779105	-0.13264768	-0.15136668	-0.17305456	-0.11019883	-0.035622712	-0.1614088	-0.06576241	-0.041990418	-0.09466094	-0.1558821	-0.19000539	-0.09852035	-0.120676234	-0.13316312	-0.12216138	-0.12893663	-0.10940998	-0.14720242	-0.15271083	-0.08666592	-0.07686349	-0.11634756
embedding_0008	-0.44022968	-0.52529794	-0.45843694	-0.47623292	-0.42614096	-0.53587615	-0.5133641	-0.49048552	-0.5629707	-0.61852634	-0.568717	-0.5457864	-0.48298895	-0.59463805	-0.5293617	-0.53356516	-0.5186575	-0.573028	-0.53055495	-0.5080253	-0.5726884	-0.56571513	-0.45158187	-0.46659195	-0.55668503	-0.47916663	-0.3930239	-0.5291895	-0.45510212	-0.5127809	-0.56175685	-0.5070441	-0.4518812	-0.56827974	-0.6292883	-0.54886204	-0.5348884	-0.46069536	-0.5688476	-0.5854581	-0.62157804	-0.66124356	-0.5591403	-0.5885914	-0.55232847	-0.5240712	-0.5612672	-0.4951791	-0.50216883	-0.5694123	-0.5248484	-0.5230038	-0.48180273	-0.5197755	-0.48741367	-0.60284173	-0.4202149	-0.50854266	-0.50136673	-0.5548613	-0.5284143	-0.5621974	-0.5378959	-0.5267793	-0.52905154	-0.52102655	-0.5128258	-0.5718481	-0.5149251	-0.56014097	-0.6283816	-0.5077931	-0.5696232	-0.56662863	-0.56006813	-0.54177386	-0.558674	-0.5330345	-0.5309346	-0.52894306	-0.56428236	-0.5103994	-0.49819124	-0.46550706	-0.5790901	-0.5373252	-0.5909877	-0.44608948
embedding_0009	-0.31011143	-0.2485495	-0.08679935	-0.21202599	-0.14639077	-0.36717802	-0.2477482	-0.24919713	-0.20955582	-0.29564524	-0.23413433	-0.20807976	-0.31158608	-0.21644148	-0.24194732	-0.2731189	-0.24231227	-0.21823992	-0.17422321	-0.2301148	-0.18184224	-0.21936125	-0.16692021	-0.13102168	-0.31512782	-0.2087084	-0.11902119	-0.26974818	-0.10481768	-0.26770365	-0.18480618	-0.23049822	-0.3063002	-0.21413971	-0.3068258	-0.18655114	-0.18069965	-0.35802007	-0.2878428	-0.36228245	-0.24431416	-0.28016353	-0.18384059	-0.22330134	-0.26389885	-0.124698035	-0.23914951	-0.19615702	-0.29330006	-0.23880917	-0.18275449	-0.23911539	-0.20956324	-0.23349279	-0.15479104	-0.35375768	-0.16187504	-0.18511193	-0.13488844	-0.24834582	-0.18658738	-0.20680572	-0.14847656	-0.21204862	-0.2590834	-0.21334103	-0.1712929	-0.22680438	-0.23133598	-0.18764792	-0.23444158	-0.22926816	-0.237212	-0.19643305	-0.26726857	-0.19650884	-0.18063062	-0.16041292	-0.32069206	-0.23502998	-0.19636542	-0.1545163	-0.24534264	-0.17057346	-0.24122171	-0.3873065	-0.2962082	-0.27119648
embedding_0010	0.81090385	0.8399707	0.80284095	0.8287666	0.75326496	0.7965035	0.82490814	0.83337563	0.81050736	0.8511508	0.8382308	0.79852605	0.77455115	0.82681704	0.8091124	0.80597556	0.83513504	0.84337	0.7594383	0.7934927	0.8399787	0.72572285	0.82729846	0.7950537	0.76768684	0.82024634	0.79034626	0.9341737	0.88960075	0.8352385	0.84072	0.80505896	0.81033444	0.8565164	0.8415632	0.8205704	0.8296391	0.8236624	0.8486866	0.74899656	0.81747764	0.82250977	0.79817736	0.7933415	0.82774216	0.88931	0.7833245	0.822257	0.8277427	0.83177614	0.77468884	0.83112586	0.8230827	0.8276511	0.7867622	0.8463899	0.76613355	0.8391605	0.77776283	0.8200753	0.8799895	0.8535654	0.7496512	0.81392264	0.84107006	0.7880052	0.8020711	0.8166627	0.7697492	0.75816983	0.84175867	0.8035738	0.80848604	0.81746596	0.8127311	0.794392	0.83743066	0.8482245	0.80241257	0.8454289	0.80788416	0.8008209	0.79617774	0.8432936	0.83051276	0.7970875	0.8504197	0.8244035
embedding_0011	0.49704933	0.4651986	0.54509825	0.465194	0.5012676	0.45571846	0.5127261	0.42564043	0.4771127	0.45079818	0.4713708	0.55595785	0.4594476	0.45309824	0.43426967	0.45105225	0.43367097	0.46732193	0.39642322	0.4220608	0.45243892	0.47861046	0.5078992	0.49035096	0.48692223	0.45540527	0.5380559	0.5032351	0.45634705	0.46344	0.4735654	0.40779266	0.44504616	0.48417407	0.4474129	0.51056623	0.5030325	0.42174134	0.47352424	0.39159918	0.40902093	0.39331454	0.49259403	0.43243635	0.42028877	0.5698374	0.47362253	0.4276586	0.45343894	0.49265295	0.49451116	0.45797393	0.44210202	0.4203658	0.46482953	0.47988555	0.46790975	0.480035	0.42074093	0.4396034	0.46624577	0.44986433	0.48305157	0.403955	0.5129031	0.4974581	0.44473144	0.46067587	0.47701952	0.3869852	0.4734202	0.50464934	0.41138852	0.40689617	0.4618278	0.48750895	0.46154806	0.42888832	0.4351657	0.4777987	0.44372225	0.49196985	0.49331775	0.39907733	0.46318287	0.4707291	0.3957962	0.45275334
embedding_0012	0.3731994	0.3381755	0.27837884	0.37350574	0.2631098	0.4042052	0.3281782	0.30214736	0.34085262	0.39050782	0.2803475	0.3912319	0.2919679	0.31118983	0.34206975	0.31297937	0.29014498	0.2942378	0.36078158	0.3192779	0.3221542	0.2815248	0.31162885	0.26443484	0.317789	0.3095335	0.26447234	0.3822414	0.3176751	0.3833172	0.30216312	0.29788187	0.3122842	0.30480933	0.364705	0.280395	0.32650042	0.37955958	0.3209058	0.41122636	0.38196945	0.42354667	0.281504	0.2773585	0.40064746	0.1873713	0.31295583	0.36067224	0.33656287	0.34544778	0.28315404	0.32750413	0.32565454	0.2858046	0.27063802	0.4384559	0.29532582	0.30796546	0.30270836	0.35370037	0.30955195	0.3496293	0.26976907	0.28162256	0.38374114	0.30695972	0.31084454	0.28936204	0.27782932	0.29039717	0.36442742	0.32801637	0.32597706	0.29665357	0.32576317	0.25597188	0.2868732	0.29457596	0.3510909	0.3417932	0.33994192	0.34270945	0.34102723	0.2644127	0.32141307	0.33425397	0.38972214	0.2993822
embedding_0013	0.4069117	0.5220334	0.41825464	0.43448088	0.36449552	0.5891835	0.44228238	0.4887478	0.46208167	0.5242958	0.40123332	0.39877212	0.4852361	0.41639063	0.4361526	0.473872	0.5015642	0.43173635	0.40727088	0.47276372	0.45027795	0.46583027	0.39415762	0.36197072	0.46092457	0.41139555	0.3499245	0.34855026	0.42882526	0.43755543	0.4505917	0.45025542	0.5424755	0.38986596	0.48501042	0.35272145	0.4019758	0.5435935	0.48244798	0.5254795	0.4474877	0.4569699	0.43297476	0.44957465	0.47662038	0.3136891	0.42723605	0.48183334	0.4748541	0.37677756	0.41358075	0.4876285	0.40633047	0.4207404	0.37736824	0.490094	0.38525808	0.42429745	0.3643459	0.46511433	0.40220606	0.4286925	0.40979064	0.41178387	0.4173388	0.47212732	0.44141322	0.4165675	0.42770547	0.48010603	0.4838195	0.45267922	0.45482457	0.4542134	0.4875693	0.42759043	0.48524737	0.40487632	0.46462265	0.41288352	0.51022685	0.38418463	0.4610798	0.4220713	0.47446954	0.49913153	0.5208434	0.42134967
embedding_0014	0.4380702	0.41642714	0.48766354	0.49716243	0.48432863	0.44225615	0.44655457	0.45420817	0.479497	0.48239455	0.4852813	0.41882062	0.39759806	0.4993434	0.45225486	0.4518929	0.47293878	0.45771188	0.4922394	0.50713784	0.45695424	0.4598014	0.44985086	0.43650922	0.49835965	0.48382047	0.3937908	0.52200043	0.5148467	0.50977755	0.42729172	0.51510406	0.4197522	0.46633124	0.5217536	0.4681919	0.48190883	0.5065191	0.4989832	0.45886272	0.54574627	0.46594906	0.41057625	0.4552934	0.468154	0.5019671	0.47085717	0.46963876	0.50984305	0.44905448	0.41290334	0.466195	0.43960407	0.4721485	0.4617861	0.4353026	0.42022914	0.4580466	0.48904088	0.4398845	0.5005424	0.42534858	0.4098255	0.47647846	0.4802783	0.47292238	0.4793484	0.4698338	0.47156993	0.5010993	0.4793236	0.46274042	0.44253606	0.50958145	0.37695608	0.4571867	0.38797826	0.43128464	0.4840939	0.4686514	0.50154686	0.47029173	0.47177932	0.470764	0.41909015	0.46931264	0.49766347	0.48367608
embedding_0015	-0.1168593	-0.018024378	0.018023616	0.024197424	-0.014370075	-0.2581706	-0.09379608	0.006083862	-0.026020223	0.014073507	-0.025514362	0.04695541	-0.08717786	0.008054118	0.00461701	-0.04891144	-0.096680135	0.015302226	-0.009471894	-0.047585536	-0.029084906	-0.039384253	-0.030195618	0.0060181674	-0.056733113	-0.002566794	-0.004880472	0.0020394095	0.06283682	0.004275109	-0.017390782	-0.07987228	-0.16716255	-0.013707179	-0.04028685	0.017300168	0.015209266	-0.126969	-0.048583236	-0.1811258	0.02146878	-0.06120858	-0.07080275	-0.07402038	-0.10974641	0.04635436	-0.0353411	-0.023481114	0.046002313	0.03768592	-0.023455545	-0.02191033	-0.061981596	-0.03207693	-0.0618718	0.009984843	0.033488486	-0.012497252	0.0007762091	-0.037162345	0.09649687	-0.076299034	0.027337948	0.014086482	0.084910415	-0.03915543	-0.008135621	-0.032188803	-0.053330917	0.0107458085	-0.025630709	-0.10796498	-0.09849615	0.08262217	-0.10736239	-0.003124106	-0.12349197	-0.06561816	-0.14252925	0.0071368744	0.01865517	0.044655897	-0.046721205	-0.031236842	-0.07456572	-0.07232924	-0.100889064	-0.08030103
embedding_0016	0.020309573	-0.019822732	-0.020305546	-0.028626446	-0.03975149	0.042475775	0.061492987	0.0047120783	-0.016644085	0.068406604	0.037484325	0.044273265	0.08511764	0.018380545	-0.039620653	0.01829436	0.041799553	0.015294082	-0.07957251	-0.017000439	-0.0387455	0.0036685334	0.028168578	0.012691694	0.05319124	0.024391383	-0.04814565	-0.0011564738	-0.076747864	-0.0047912425	-0.025035756	0.0360045	0.05241319	0.018558854	0.015935397	0.014196371	-0.0076730577	0.0061671105	0.0130718155	0.091328286	-0.032564852	-0.025679676	-0.009515591	0.04146921	0.021846786	0.019551257	-0.011981585	-0.04128107	0.022577627	0.00828341	0.058399238	0.04164154	0.03788588	0.030056754	0.05249461	0.076806605	-0.10196081	-0.006291377	0.02802209	0.00084324996	0.009317844	-0.020752773	0.0061851945	-0.016877009	-0.046975322	-0.0032201828	-0.022743551	-0.033497326	0.004985837	-0.0019096129	0.01422466	0.023855343	0.029245336	0.03457324	0.030328212	0.0036004854	-0.012766141	-0.0019738458	0.04337073	-0.028836863	0.009318776	-0.039201777	0.010385128	-0.014925341	0.008866101	0.043189622	-0.0435889	0.006602403
embedding_0017	0.6292326	0.5975969	0.62457687	0.59123313	0.6414443	0.708001	0.66029197	0.5817304	0.5488875	0.58913195	0.6406113	0.5991757	0.6975249	0.6642553	0.6321559	0.5881652	0.59324914	0.65145445	0.62754136	0.6827802	0.66478336	0.646774	0.553784	0.60446125	0.6635154	0.63706905	0.6228949	0.54492295	0.62029123	0.63932246	0.65558004	0.6431309	0.6613281	0.58975506	0.63196707	0.6901337	0.63226247	0.65504324	0.65610015	0.71319103	0.69231015	0.65989804	0.71039873	0.7107539	0.57968074	0.6558705	0.65412474	0.67754287	0.5810139	0.59249413	0.64418864	0.5979247	0.6117904	0.59005535	0.6516359	0.53198415	0.6831367	0.67372066	0.59557533	0.64422256	0.6126165	0.66457283	0.69518894	0.6495871	0.62779737	0.6814451	0.62901336	0.6651686	0.6968802	0.6329759	0.6484256	0.6758408	0.6757717	0.52593833	0.7057331	0.6650777	0.6663225	0.71906424	0.69987255	0.6045337	0.6217361	0.6475936	0.64630103	0.67178506	0.67620105	0.7344656	0.6688229	0.64401525
embedding_0018	-0.73118335	-0.7443764	-0.68083286	-0.71218413	-0.741448	-0.6747643	-0.7528083	-0.7405898	-0.70727795	-0.6882106	-0.7857416	-0.6697957	-0.71938425	-0.75947475	-0.7255088	-0.7236287	-0.6567053	-0.7216982	-0.6771008	-0.7041348	-0.68624115	-0.7157173	-0.75694084	-0.693502	-0.76712495	-0.6827599	-0.70829695	-0.76274616	-0.6564004	-0.7340022	-0.6770952	-0.71373326	-0.6953711	-0.7049785	-0.69281846	-0.6890803	-0.728703	-0.7829758	-0.6939147	-0.69306713	-0.69970655	-0.6291645	-0.68675214	-0.70598567	-0.6783383	-0.80774325	-0.72755563	-0.6968776	-0.7314962	-0.7042116	-0.6637394	-0.6884665	-0.68763465	-0.7175262	-0.7299671	-0.7137375	-0.6867245	-0.6887676	-0.74880886	-0.6975546	-0.6994532	-0.7411102	-0.74603826	-0.71151626	-0.6924802	-0.6930208	-0.719226	-0.71308637	-0.7461762	-0.72975343	-0.6731075	-0.68835413	-0.66747105	-0.6474198	-0.64550114	-0.710751	-0.67128754	-0.74113524	-0.6314917	-0.7429593	-0.67269266	-0.7029132	-0.6911288	-0.717984	-0.6667718	-0.7310404	-0.6731964	-0.7340288
embedding_0019	0.3032242	0.3853496	0.29358676	0.32552272	0.35627425	0.3952636	0.27449673	0.37730712	0.28981635	0.33218828	0.35552928	0.2856516	0.32769063	0.35933968	0.3603656	0.39875758	0.3190723	0.31858557	0.32891878	0.367974	0.35714024	0.38660997	0.29683745	0.34283978	0.41432855	0.2819962	0.40344566	0.34982756	0.3904506	0.3216613	0.38043267	0.3780379	0.3624723	0.2909844	0.30936053	0.3561652	0.33634076	0.36935028	0.38759932	0.34262767	0.39572045	0.35593373	0.4110267	0.38989833	0.31240594	0.34068477	0.32928416	0.36390823	0.341179	0.3964219	0.28667015	0.33772117	0.29209602	0.31194153	0.3617828	0.3201057	0.3741303	0.36598027	0.3446715	0.38336372	0.3305213	0.36221898	0.45833033	0.39629138	0.34459257	0.36463484	0.34602866	0.35532796	0.3629321	0.37594137	0.2959749	0.40744406	0.3051407	0.29758003	0.3689551	0.35125002	0.35157096	0.36094508	0.31349126	0.35845986	0.3173468	0.33469608	0.33523136	0.37532791	0.3516476	0.37970427	0.34035277	0.3444118
embedding_0020	0.046889335	-0.03827404	-0.0030357742	0.0096459845	-0.0028703157	0.031068595	0.028201066	0.0241673	0.05196944	0.018543713	-0.0058636833	0.009750121	-0.029490283	0.043786567	-0.017417066	-0.015704954	-0.014963171	-0.0037855	0.029292243	0.049966928	0.030104706	-0.061722457	0.02377958	-0.042137824	-0.015669476	-0.00070976006	-0.0006099438	-0.0041466835	-0.010720484	0.013333616	0.0076588076	0.06354004	-0.014870145	0.03422813	0.029611412	-0.057194702	0.0041599073	0.03753861	0.04910761	0.048768558	0.05108749	0.012137664	-0.031377893	0.039365403	0.040553898	0.026403645	0.015665915	0.012807141	0.032347836	-0.020014104	0.043994393	0.022571811	0.024888448	0.016678197	0.04422751	0.002965581	0.013841071	0.032537896	0.015138453	-0.0099288	0.02868703	0.0149547355	0.0082838815	-0.04219425	0.05187124	0.020357728	0.049058605	0.02183636	0.017543023	0.07458004	0.0009812379	0.050807647	0.01970746	-0.022135144	-0.009344779	-0.003882453	0.025067044	0.025551679	0.008243439	0.004335622	0.04389	-0.013186635	0.006826867	0.04907453	0.027551692	0.0040617445	0.08125852	0.02204964
embedding_0021	-0.49234545	-0.53525037	-0.5166404	-0.54932356	-0.53326887	-0.5063282	-0.45060626	-0.42737287	-0.49864948	-0.5696685	-0.5356239	-0.5127037	-0.46589702	-0.47328365	-0.4925283	-0.48719174	-0.46349242	-0.46749806	-0.48452744	-0.48346505	-0.46056795	-0.50141495	-0.4846148	-0.48125345	-0.5540904	-0.5150545	-0.38159862	-0.55246544	-0.4328011	-0.517248	-0.49417752	-0.48064795	-0.48621672	-0.5251473	-0.5633641	-0.47068772	-0.5032558	-0.49611148	-0.4774858	-0.5515665	-0.57002443	-0.53121656	-0.46919268	-0.49079233	-0.47792268	-0.4288886	-0.47235137	-0.4794733	-0.5126834	-0.5237431	-0.46660888	-0.48175102	-0.4699701	-0.51150346	-0.4991566	-0.5568691	-0.41229877	-0.4689236	-0.49624282	-0.53309715	-0.52813685	-0.554932	-0.48142037	-0.50184166	-0.53766304	-0.54848325	-0.49409732	-0.515724	-0.4748765	-0.43039572	-0.5202642	-0.47982985	-0.5280747	-0.5102927	-0.43370014	-0.5176891	-0.47409573	-0.50170666	-0.5163236	-0.4910004	-0.4638332	-0.51423055	-0.5070381	-0.3708872	-0.50487447	-0.50310487	-0.51183254	-0.5226151
embedding_0022	-0.12139267	-0.09530432	-0.06241943	-0.1214604	-0.0029757007	-0.09163492	-0.12788638	-0.06571336	-0.08790649	-0.17468315	-0.075255334	-0.13537048	-0.115067504	-0.055228785	-0.122773655	-0.070223205	-0.13943511	-0.08307403	-0.111469716	0.0024547174	-0.0632916	-0.086517945	-0.061920818	-0.13504192	-0.0029521135	-0.13018513	-0.012324067	-0.15334058	-0.13651529	-0.10248523	-0.12503125	-0.11708268	-0.047099415	-0.121454045	-0.111101426	-0.14703844	-0.076579444	-0.053980153	-0.110618345	-0.09385079	-0.05198313	-0.20812277	-0.09223197	-0.1080128	-0.19409747	-0.04576392	-0.06365656	-0.036276035	-0.067891724	-0.1396361	-0.09498004	-0.107218675	-0.18771508	-0.14775544	-0.01940516	-0.1753632	-0.019950518	-0.08960218	-0.063955136	-0.11918509	-0.16180918	-0.17995146	-0.10108189	-0.081815116	-0.05974213	0.023098562	-0.08145251	-0.052467823	-0.038579766	-0.11573661	-0.13282217	-0.06604973	-0.08232678	-0.20856859	-0.10661065	-0.04381762	-0.09888976	-0.102063335	-0.08326932	-0.088009976	-0.10098521	-0.101049885	-0.111692324	-0.039614383	-0.09040534	-0.08016114	-0.10699403	-0.11106855
embedding_0023	-0.20743598	-0.32254943	-0.21777284	-0.28074113	-0.29700053	-0.32311124	-0.18958046	-0.3741895	-0.24643701	-0.30258092	-0.24270217	-0.1797699	-0.20280701	-0.3053607	-0.2921616	-0.3048773	-0.2891923	-0.2948114	-0.2672599	-0.3516198	-0.3285531	-0.2759532	-0.22436136	-0.28433147	-0.28754744	-0.26602545	-0.34435147	-0.2097468	-0.41326368	-0.2749197	-0.2788856	-0.2989383	-0.30112487	-0.2358628	-0.2533948	-0.25491074	-0.32054684	-0.33906415	-0.29218754	-0.24003045	-0.32408836	-0.21534811	-0.34093463	-0.31177405	-0.2384526	-0.3220871	-0.26823673	-0.40601242	-0.23626581	-0.28529513	-0.30091703	-0.25341168	-0.25059193	-0.22269756	-0.31454268	-0.17874932	-0.37189928	-0.32079732	-0.27691153	-0.28071442	-0.2522584	-0.29575124	-0.40631562	-0.31847876	-0.2915201	-0.30009988	-0.29441005	-0.2954024	-0.33049697	-0.26334208	-0.28842834	-0.33336678	-0.29417056	-0.22927383	-0.32074296	-0.2831128	-0.2810907	-0.30252796	-0.28638107	-0.2564855	-0.27610537	-0.2730161	-0.29674903	-0.29600817	-0.28327158	-0.27475935	-0.34943244	-0.2568135
embedding_0024	0.4001821	0.30842024	0.3499629	0.26631817	0.23521654	0.3590027	0.39387462	0.34298086	0.34953666	0.29739508	0.30353796	0.36803368	0.3659386	0.2999881	0.28879088	0.25424656	0.4618977	0.3213935	0.28554285	0.21950576	0.35382456	0.2311009	0.3347705	0.32494277	0.2450708	0.35391498	0.3138492	0.2894939	0.1870006	0.27085695	0.3030049	0.33349028	0.34804884	0.26492718	0.3367985	0.31372207	0.26105773	0.31118628	0.3299292	0.27435324	0.23630784	0.3653524	0.29786184	0.339845	0.43902242	0.28731716	0.3071822	0.25380957	0.37198338	0.26501277	0.33039746	0.37647134	0.40924403	0.32160476	0.21189584	0.3467411	0.18450166	0.34050232	0.20226668	0.32286412	0.37667045	0.322502	0.22331743	0.28065845	0.19676891	0.2946015	0.30612373	0.24642406	0.23899342	0.3313579	0.25717992	0.3192822	0.25633878	0.33878744	0.3797064	0.2833107	0.36017764	0.34257984	0.29902348	0.2539304	0.3470469	0.27336788	0.34463322	0.31800666	0.32361037	0.2696838	0.31107578	0.30380988
embedding_0025	-0.39983726	-0.42882982	-0.32973018	-0.38892502	-0.43357065	-0.41314563	-0.31458926	-0.38620138	-0.28042385	-0.34384993	-0.32427633	-0.2467199	-0.36130473	-0.4016354	-0.29025525	-0.39063078	-0.43274134	-0.32090387	-0.3755667	-0.4136824	-0.32745636	-0.3475114	-0.28375864	-0.32036862	-0.4503428	-0.31229213	-0.31891605	-0.40115896	-0.38615152	-0.3742049	-0.30885643	-0.41488144	-0.40487227	-0.33217385	-0.3639468	-0.22783636	-0.35086063	-0.48675624	-0.39111984	-0.44109565	-0.37353143	-0.30146924	-0.33081356	-0.35676697	-0.3364861	-0.31443477	-0.38705355	-0.3667099	-0.37332052	-0.28398198	-0.29128936	-0.3393078	-0.2865635	-0.35164863	-0.3868393	-0.2810781	-0.38146582	-0.32574606	-0.30064443	-0.35062605	-0.2653886	-0.3291623	-0.24120058	-0.38827163	-0.38598803	-0.4276888	-0.3799507	-0.3401834	-0.3725395	-0.4263535	-0.4373011	-0.36096093	-0.36914822	-0.2705354	-0.36643884	-0.3638955	-0.36777434	-0.31443366	-0.44243312	-0.41870117	-0.33469886	-0.25676006	-0.37815627	-0.42622185	-0.35399246	-0.400405	-0.46219534	-0.35069785
embedding_0026	-0.12476305	-0.18717118	-0.116587505	-0.19184633	-0.12776157	-0.123146236	-0.12257274	-0.16330472	-0.21521375	-0.1737466	-0.17230283	-0.21230546	-0.12943874	-0.16212338	-0.16450113	-0.1872036	-0.12668924	-0.1905857	-0.22046375	-0.18803549	-0.16544524	-0.16949451	-0.15271194	-0.15533157	-0.20766307	-0.17653936	-0.14553228	-0.15163773	-0.19404314	-0.17130351	-0.1809434	-0.16924986	-0.15630916	-0.19746129	-0.17559297	-0.1221139	-0.20007677	-0.13169284	-0.14107269	-0.18632211	-0.22439215	-0.23356025	-0.17969641	-0.18918422	-0.16785592	-0.18012694	-0.18494985	-0.17782989	-0.17506877	-0.21977122	-0.14951819	-0.16282958	-0.11639529	-0.16895664	-0.12609386	-0.22816458	-0.23212281	-0.16768666	-0.22304247	-0.16831543	-0.17238738	-0.18007328	-0.20260541	-0.16216214	-0.23293474	-0.15687257	-0.19491772	-0.18190166	-0.15180418	-0.18577215	-0.23178826	-0.16078833	-0.16991924	-0.19772924	-0.16809565	-0.15948051	-0.11255281	-0.14136818	-0.17835782	-0.20246486	-0.19862634	-0.20416152	-0.12375106	-0.13114806	-0.18552116	-0.17517799	-0.18092583	-0.11831788
embedding_0027	-0.33381477	-0.39761487	-0.3801132	-0.36252794	-0.35637218	-0.3879338	-0.37999517	-0.43945578	-0.45044342	-0.46293634	-0.39293054	-0.34115446	-0.36744162	-0.4371719	-0.43222588	-0.3860247	-0.44605726	-0.47996897	-0.4197821	-0.46154892	-0.47438937	-0.399162	-0.40561533	-0.43234146	-0.3704945	-0.38424027	-0.3141997	-0.285262	-0.5102079	-0.3724922	-0.41738722	-0.4120723	-0.393591	-0.3877254	-0.45755243	-0.37132737	-0.41746205	-0.3873524	-0.39520726	-0.43532327	-0.50868326	-0.33730376	-0.4279541	-0.43714845	-0.34817576	-0.45062503	-0.43398395	-0.42287764	-0.45285803	-0.38122973	-0.41599807	-0.44047827	-0.34276763	-0.35770842	-0.38745198	-0.38246012	-0.41268376	-0.43122572	-0.38461328	-0.418751	-0.3979745	-0.38330567	-0.50589067	-0.40925637	-0.3823851	-0.3538953	-0.4210965	-0.4504591	-0.38996848	-0.42418903	-0.44937876	-0.42774346	-0.4025568	-0.43631664	-0.39262	-0.39705634	-0.42644086	-0.40830293	-0.37322894	-0.35959417	-0.48811215	-0.39873526	-0.35839784	-0.4367713	-0.39938405	-0.3671014	-0.46240276	-0.31907248
embedding_0028	-0.33146966	-0.3939882	-0.42368507	-0.41887602	-0.42715746	-0.4439355	-0.39136502	-0.45526275	-0.44601646	-0.50857306	-0.43254897	-0.40970403	-0.41956338	-0.4748746	-0.4550465	-0.4227711	-0.46586305	-0.41756418	-0.49207127	-0.47753605	-0.5316329	-0.43355942	-0.36463785	-0.43824348	-0.4546079	-0.4005748	-0.35921687	-0.35451248	-0.48646307	-0.45841888	-0.49903056	-0.5259922	-0.49710125	-0.3674303	-0.4625912	-0.416573	-0.40829065	-0.55147487	-0.45489648	-0.5216753	-0.5467304	-0.59243816	-0.4608594	-0.51781654	-0.52339345	-0.33762643	-0.49052873	-0.52459407	-0.47213364	-0.40588972	-0.44981974	-0.48058873	-0.4229319	-0.39151788	-0.42223144	-0.45468277	-0.41928712	-0.45290127	-0.4082256	-0.49797985	-0.43939623	-0.39869705	-0.46829465	-0.43386948	-0.41789958	-0.43525013	-0.49406105	-0.46987393	-0.45608315	-0.55320746	-0.51804173	-0.4784242	-0.47200418	-0.47842553	-0.4771573	-0.48047805	-0.5117806	-0.48867705	-0.49318162	-0.37151948	-0.49970418	-0.44895774	-0.50597805	-0.49585333	-0.4859959	-0.45699194	-0.50035125	-0.41698182
embedding_0029	-0.34367394	-0.47741994	-0.5170398	-0.4609264	-0.51679045	-0.5232198	-0.48110482	-0.5041497	-0.50307727	-0.46685407	-0.48676854	-0.46078914	-0.50030524	-0.5312985	-0.5380795	-0.47552633	-0.47243544	-0.54064375	-0.5163482	-0.5925997	-0.5439049	-0.51134473	-0.41094178	-0.4943291	-0.54574764	-0.4726757	-0.5255607	-0.38769215	-0.6090428	-0.46866855	-0.5627385	-0.502941	-0.49490356	-0.4979987	-0.4650686	-0.51921666	-0.5242249	-0.57198316	-0.51875615	-0.5699576	-0.57479674	-0.46755928	-0.59360945	-0.5520618	-0.44284496	-0.58179575	-0.5314838	-0.5649913	-0.48830524	-0.46428865	-0.43331748	-0.49737373	-0.43895614	-0.41348386	-0.5442084	-0.4107962	-0.58963585	-0.50592935	-0.483088	-0.4963149	-0.44637448	-0.48291528	-0.6057439	-0.4995424	-0.5110785	-0.55422723	-0.5522462	-0.53369087	-0.54895556	-0.5374942	-0.55308545	-0.54163975	-0.5051548	-0.44742823	-0.48745313	-0.55173415	-0.5322175	-0.5282334	-0.4808601	-0.51274556	-0.54082674	-0.499265	-0.5543269	-0.51263064	-0.5001098	-0.57227874	-0.5628366	-0.52519
embedding_0030	-0.6697433	-0.5382249	-0.49944264	-0.5776708	-0.51952726	-0.5408498	-0.4537448	-0.4675408	-0.4821163	-0.51259154	-0.43267363	-0.56633973	-0.5397554	-0.44382417	-0.45423174	-0.43104482	-0.5178233	-0.40928	-0.45718822	-0.47330156	-0.46378183	-0.48548207	-0.5632855	-0.52490187	-0.4550462	-0.52550405	-0.5287839	-0.5440976	-0.53111327	-0.5681998	-0.41900653	-0.53201073	-0.58230996	-0.5437547	-0.49095872	-0.4525711	-0.48476595	-0.50697005	-0.5102112	-0.5180586	-0.44366732	-0.5505672	-0.4317272	-0.4130196	-0.5760243	-0.41221318	-0.5108754	-0.5531586	-0.4857088	-0.5357055	-0.5564977	-0.50689787	-0.54708344	-0.523539	-0.44935662	-0.5826259	-0.4870884	-0.58682454	-0.40660572	-0.48332092	-0.49101996	-0.51424	-0.4385308	-0.4111313	-0.5643519	-0.5618071	-0.43080106	-0.53512263	-0.48597527	-0.45261043	-0.4443724	-0.48814556	-0.49098718	-0.42956316	-0.56991976	-0.5321259	-0.6053618	-0.5767104	-0.59740776	-0.46820706	-0.50403386	-0.5108284	-0.58326954	-0.46897802	-0.52713114	-0.57288426	-0.5203999	-0.5494423
embedding_0031	-0.8525388	-0.8681939	-0.94262105	-0.8981413	-0.912433	-0.892964	-0.927671	-0.864676	-0.899172	-0.8517165	-0.9578299	-0.8835289	-0.83911383	-0.8268597	-0.8608605	-0.91217	-0.86428034	-0.86403465	-0.8338521	-0.8758124	-0.82153696	-0.91797024	-0.8706518	-0.84425724	-0.9237673	-0.9004581	-0.8716055	-0.9647733	-0.8818294	-0.86730075	-0.9125475	-0.87156564	-0.87407756	-0.88944125	-0.88632476	-0.92947465	-0.8868975	-0.8825648	-0.8155617	-0.84725857	-0.875736	-0.8430812	-0.8748418	-0.7986833	-0.83051616	-0.86769223	-0.8549025	-0.86228955	-0.8831779	-0.86037827	-0.8397059	-0.8605034	-0.827637	-0.84631795	-0.89844835	-0.8231197	-0.8974158	-0.83104306	-0.906411	-0.89407027	-0.87524575	-0.86784214	-0.82310575	-0.966594	-0.9346372	-0.9126919	-0.8847344	-0.86654353	-0.8842326	-0.78352475	-0.9109833	-0.9061384	-0.8848343	-0.8807469	-0.8379825	-0.86792755	-0.84889245	-0.82010776	-0.92215765	-0.9174565	-0.8580507	-0.91802865	-0.8755043	-0.8056601	-0.8829778	-0.89008754	-0.8413766	-0.8973844
embedding_0032	-0.40576804	-0.408771	-0.3795902	-0.38467595	-0.3876137	-0.39474824	-0.3982277	-0.4053546	-0.47044256	-0.39124465	-0.4117835	-0.38311955	-0.38345024	-0.34882334	-0.4223507	-0.40991953	-0.39821425	-0.40092784	-0.3355492	-0.3660946	-0.37885538	-0.41236436	-0.43222088	-0.42351696	-0.41197255	-0.4255779	-0.40070438	-0.40362218	-0.4078946	-0.37435013	-0.4411362	-0.39995492	-0.40709364	-0.39888713	-0.42416024	-0.42132354	-0.4292126	-0.39622757	-0.3901911	-0.44447824	-0.42939332	-0.38438535	-0.35783175	-0.34950665	-0.36768115	-0.39570776	-0.41662195	-0.36049378	-0.43584877	-0.41569567	-0.4072318	-0.39985183	-0.374882	-0.41542932	-0.39368564	-0.4838523	-0.3295951	-0.43152395	-0.4118865	-0.40754104	-0.42043254	-0.38820234	-0.4362779	-0.3705643	-0.41890925	-0.4132669	-0.38376155	-0.42018822	-0.39065006	-0.34410056	-0.35321867	-0.4257657	-0.40719283	-0.40562403	-0.3669526	-0.38969785	-0.37895024	-0.35966644	-0.40545666	-0.36550376	-0.4484369	-0.43084246	-0.3923058	-0.3556778	-0.38348338	-0.38847637	-0.40687382	-0.39815092
embedding_0033	-0.88996214	-0.7963889	-0.85166454	-0.81190777	-0.8273754	-0.77996254	-0.85066485	-0.7791086	-0.84760684	-0.75651944	-0.8536451	-0.8834345	-0.85151863	-0.7947001	-0.83666015	-0.81761	-0.8792117	-0.84224075	-0.77305305	-0.7579825	-0.7892597	-0.8682787	-0.86052155	-0.81376636	-0.7685213	-0.8279766	-0.931845	-0.8060041	-0.7749517	-0.78841186	-0.83709204	-0.8134271	-0.815731	-0.82120615	-0.80443776	-0.89582205	-0.8156697	-0.7281862	-0.8468642	-0.733422	-0.7440391	-0.77903724	-0.7855024	-0.7616015	-0.82187474	-0.8324856	-0.83072317	-0.7875981	-0.79003847	-0.8070695	-0.8933649	-0.822141	-0.8727586	-0.87807745	-0.7334107	-0.8163975	-0.8119054	-0.8042425	-0.7941937	-0.80552614	-0.8334024	-0.8489698	-0.8288644	-0.79749995	-0.8207007	-0.8855357	-0.7992333	-0.79882675	-0.84574604	-0.8132896	-0.7342251	-0.8308043	-0.79971945	-0.79528046	-0.8483985	-0.8001877	-0.80359596	-0.80195713	-0.80444574	-0.80344224	-0.8262425	-0.8458649	-0.83038265	-0.8136661	-0.81000465	-0.7942392	-0.76366335	-0.80991507
embedding_0034	0.082725465	0.1661635	0.21521363	0.10691272	0.008367328	0.15951717	0.06499823	0.08954315	0.12642422	0.18787493	0.103379205	0.18365844	0.029687773	0.15734571	0.07555518	-0.019480454	0.1412285	0.114244916	0.097961284	0.0123251	0.159002	0.0110719055	0.115152165	0.13297644	0.0016661561	0.13946982	0.032379817	0.09804776	0.0813677	0.08757927	0.099601455	0.11548676	0.07310622	0.08200319	0.08158757	0.059224114	0.11519946	0.026536595	0.10235118	0.033411328	0.115161665	0.18304336	0.07443055	0.16424693	0.14931607	0.13770466	0.05083958	0.08050432	0.07193575	0.073482506	0.16588248	0.09263466	0.14236979	0.07353043	0.09619629	0.091166385	-0.029270992	0.12822199	0.10355871	0.09517501	0.16921477	0.15203917	0.115937546	0.06273435	0.06307508	0.057424307	0.08900966	0.06619343	0.005425627	0.030785812	0.106139526	0.081376866	0.065363884	0.16921005	0.12917456	0.04747075	0.123154216	0.22649667	0.00023784969	0.018795207	0.12160278	0.112035334	0.0692558	0.05294102	0.05762385	-0.008207124	0.111613914	0.037242115
embedding_0035	-0.7814395	-0.83798414	-0.7489549	-0.7729439	-0.8091619	-0.8084712	-0.83436775	-0.87955916	-0.8358512	-0.868947	-0.8397881	-0.8497677	-0.7851222	-0.8406848	-0.85330874	-0.82729775	-0.80249137	-0.8858679	-0.80373096	-0.7865168	-0.8495012	-0.8176316	-0.8667819	-0.84927183	-0.73197085	-0.8847525	-0.8279269	-0.7414412	-0.7288569	-0.8285013	-0.80392617	-0.8908216	-0.79415125	-0.828985	-0.82280153	-0.83215326	-0.8555187	-0.77037233	-0.7703309	-0.7342165	-0.8179864	-0.83152014	-0.87643445	-0.85345066	-0.8087905	-0.9112868	-0.7602471	-0.87326366	-0.7772004	-0.8200546	-0.92089015	-0.81210124	-0.9357425	-0.8263815	-0.8234024	-0.80413455	-0.8771172	-0.84700245	-0.8942709	-0.7836133	-0.8202198	-0.8997045	-1.026588	-0.82364476	-0.7076778	-0.77029073	-0.8272148	-0.8145202	-0.8064986	-0.70334554	-0.7406117	-0.8012033	-0.7988475	-0.87917954	-0.8474574	-0.84331095	-0.84693843	-0.9148838	-0.74625754	-0.7314169	-0.80597967	-0.87750405	-0.75176895	-0.7557653	-0.8377908	-0.761679	-0.75244635	-0.81619406
embedding_0036	0.88771707	0.9234771	0.9259458	0.9600477	1.0073245	0.8575863	0.893402	0.92986107	0.9256358	0.9508212	0.94867015	0.9412579	0.88980526	0.97391176	0.97876894	0.95037574	0.84295315	0.9541603	0.9512803	0.99347436	0.9358791	0.9984811	0.92709917	0.9057307	1.0647322	0.8980843	0.92331356	0.92349774	0.9304261	0.9284784	0.91531384	0.95793694	0.9485768	0.94374686	0.945121	0.9411566	1.0017266	0.9115538	0.9039687	1.029977	1.000821	0.9161759	0.9862774	0.95268387	0.8482455	0.9511221	0.968101	0.93685764	0.92735964	0.9416071	0.88549846	0.9115133	0.887053	0.9141853	1.0076197	0.88642615	1.0337963	0.96291935	1.0144902	0.95551527	0.87929153	0.9503103	0.9824048	0.95638114	0.9721923	0.98294806	0.98050207	0.99784946	0.9932687	0.93189156	0.9673828	0.9687872	0.9931982	0.8988313	0.86893815	0.9774847	0.89291626	0.891107	0.95872825	0.965652	0.9109844	0.9873914	0.9313098	0.92292446	0.92451537	1.0173208	0.9056702	0.89717615
embedding_0037	-0.17778164	-0.3505939	-0.30775094	-0.28584346	-0.30291978	-0.25311914	-0.26179782	-0.32199472	-0.24902402	-0.3251781	-0.34869888	-0.31166977	-0.22519466	-0.26372147	-0.3241948	-0.3149512	-0.16076995	-0.3220077	-0.19790296	-0.28255567	-0.25040376	-0.1949769	-0.33195186	-0.28753388	-0.3101314	-0.34993872	-0.27625453	-0.36181745	-0.29737473	-0.24563144	-0.28874585	-0.19721809	-0.23346983	-0.33571914	-0.28159738	-0.31130436	-0.337874	-0.20022681	-0.20945854	-0.26627672	-0.2921137	-0.17049243	-0.27741137	-0.2872497	-0.20151857	-0.29825968	-0.2133728	-0.29148367	-0.32342166	-0.34454322	-0.18700147	-0.2912672	-0.21525878	-0.3124374	-0.3756756	-0.29851985	-0.19519013	-0.26548746	-0.39577198	-0.26827332	-0.28960922	-0.24567428	-0.28871062	-0.33415902	-0.29614833	-0.27432466	-0.26580596	-0.24323957	-0.23550424	-0.1560227	-0.25267136	-0.2661432	-0.30419642	-0.24232861	-0.20990057	-0.27212036	-0.18914226	-0.2834853	-0.18926351	-0.37699634	-0.24401712	-0.24121329	-0.21409652	-0.1882333	-0.253886	-0.25394073	-0.25476348	-0.2986733
embedding_0038	-0.85826844	-0.7568341	-0.8432194	-0.80392516	-0.74320924	-0.9307017	-0.81254107	-0.8023493	-0.7877763	-0.9551663	-0.78820866	-0.7721606	-0.8267511	-0.839793	-0.7517805	-0.7413405	-0.8148745	-0.7819526	-0.80621624	-0.82410187	-0.8466285	-0.77110213	-0.80212533	-0.77496046	-0.8397035	-0.7970198	-0.6805472	-0.80726504	-0.76093745	-0.86266947	-0.7510853	-0.8071321	-0.8463069	-0.8246951	-0.8690098	-0.7179453	-0.73594916	-0.86343616	-0.83635634	-0.87246	-0.8933311	-0.8917223	-0.7269309	-0.87170494	-0.88913393	-0.7079949	-0.7925233	-0.8327153	-0.8405089	-0.7174294	-0.78259426	-0.82980555	-0.8425557	-0.81843907	-0.8032529	-0.8217384	-0.665757	-0.84863913	-0.74743664	-0.77900076	-0.8139257	-0.81633013	-0.7160971	-0.7698385	-0.7870781	-0.819169	-0.8034957	-0.8237858	-0.7999393	-0.815719	-0.82762945	-0.8139713	-0.80844814	-0.7428698	-0.84983075	-0.78058326	-0.85485	-0.8508795	-0.90000993	-0.70502365	-0.84447974	-0.74141824	-0.8247213	-0.79633206	-0.8343404	-0.7893487	-0.886067	-0.8216715
embedding_0039	-0.37429172	-0.4434463	-0.44097644	-0.44632652	-0.45975676	-0.310298	-0.3291364	-0.47684252	-0.3169191	-0.3463575	-0.34952328	-0.35854825	-0.363712	-0.3471969	-0.41332883	-0.39044726	-0.3839034	-0.4261743	-0.4238463	-0.39629665	-0.39929545	-0.364539	-0.456226	-0.3786047	-0.37998426	-0.4011167	-0.49895433	-0.42092246	-0.45642126	-0.3919069	-0.35596937	-0.38933885	-0.31005707	-0.3956334	-0.32839736	-0.39822704	-0.3976458	-0.36837664	-0.3396928	-0.2783107	-0.3645165	-0.31969246	-0.4123062	-0.37916043	-0.32080546	-0.50784594	-0.39761463	-0.41907802	-0.40603694	-0.4610595	-0.37649038	-0.37973976	-0.3788856	-0.38532394	-0.47426543	-0.2951041	-0.5026614	-0.47236392	-0.37172484	-0.38583946	-0.44030046	-0.44955713	-0.41249877	-0.41443518	-0.43892175	-0.46994373	-0.4123325	-0.40216798	-0.41684175	-0.37819648	-0.36683673	-0.3511054	-0.37258545	-0.35701	-0.40050417	-0.4081617	-0.33934647	-0.31649566	-0.3487468	-0.38779157	-0.39295244	-0.49970722	-0.41366187	-0.39023462	-0.35058874	-0.34763205	-0.36800495	-0.3646061
embedding_0040	-0.88376683	-0.81230676	-0.7787431	-0.79619306	-0.6808465	-0.86510026	-0.85495174	-0.6390303	-0.7592529	-0.7432982	-0.7392667	-0.923174	-0.85105973	-0.72537875	-0.6984105	-0.80157113	-0.7411975	-0.67911124	-0.65507036	-0.6099598	-0.64214516	-0.75938714	-0.7831313	-0.72686243	-0.682434	-0.7940873	-0.7203871	-0.9009627	-0.64850014	-0.7637354	-0.7342244	-0.70067173	-0.7513498	-0.7962626	-0.76505905	-0.7755663	-0.7460454	-0.70910925	-0.7684741	-0.72435284	-0.6786537	-0.8480041	-0.6627094	-0.6611402	-0.82542723	-0.67759687	-0.6821218	-0.66692567	-0.74705404	-0.77024066	-0.7690187	-0.77871436	-0.83297724	-0.831955	-0.654085	-0.9098324	-0.6838501	-0.68001336	-0.7296691	-0.7422113	-0.80819815	-0.81903285	-0.61847526	-0.66837955	-0.78652316	-0.7346357	-0.70090735	-0.6737099	-0.6554668	-0.6307506	-0.7323602	-0.69176465	-0.7308911	-0.7755004	-0.769398	-0.6813509	-0.73581004	-0.7949251	-0.7254392	-0.80567926	-0.69506687	-0.7131179	-0.72616273	-0.6265355	-0.744702	-0.73023254	-0.6791311	-0.7877184
embedding_0041	0.9780801	0.92551756	1.054836	0.98366356	1.0571315	1.0241406	1.0078043	0.95810395	1.0185527	0.89092904	0.995504	0.9662343	0.95340496	1.0270983	0.98585594	0.94048595	1.0148362	1.0099483	1.1137503	0.97310936	1.0717975	1.0052056	1.0421109	1.0798872	0.98978883	0.9982243	1.0943061	0.9895653	0.90772957	0.9650007	1.0464911	1.0580968	1.0079906	1.0227323	0.9720944	1.0554283	1.0153819	0.93776786	0.9890944	0.9468528	0.9723634	1.0477502	1.0584228	1.0828538	1.0238643	1.146897	1.013975	0.98829025	0.9598042	1.029907	1.0338433	1.0033832	1.0794216	0.9866784	1.0630357	0.84088653	1.0441115	1.012308	1.0317956	0.97769946	0.98543954	0.98941475	1.0296615	1.0487003	0.9458459	0.9999636	1.0138096	1.0196637	1.0099787	1.0112876	0.9704359	1.0432676	0.97834903	1.0046719	1.0578225	1.0161291	1.0935909	1.0557675	1.0090798	1.0011193	0.9717499	1.0149957	1.0231575	1.0620165	1.0184392	0.9045817	0.9822904	0.9853965
embedding_0042	-0.08415055	-0.06209667	-0.058802374	-0.056627907	-0.10112399	-0.10156604	-0.026010731	-0.09712558	-0.0482594	-0.10052717	-0.06471694	-0.026741289	-0.06022751	-0.086482316	-0.0846684	-0.06592136	-0.076985046	-0.122902885	-0.1296222	-0.1390858	-0.1713724	-0.14453994	-0.050636407	-0.061317567	-0.15647922	-0.07105565	-0.038611352	-0.0093607865	-0.08380187	-0.07517371	-0.06888194	-0.11984417	-0.084964365	-0.04235097	-0.13554975	-0.055210464	-0.08934587	-0.10643334	-0.06533541	-0.17278722	-0.16924945	-0.09409599	-0.13899782	-0.14390163	-0.029161505	-0.15196109	-0.15042862	-0.114905186	-0.09608391	-0.061371297	-0.09324491	-0.08368478	-0.07447461	-0.040065713	-0.08422778	0.005793763	-0.15913469	-0.10262035	-0.083108746	-0.12398393	-0.09827207	-0.11433016	-0.1555509	-0.1426053	-0.07614975	-0.13011527	-0.12681708	-0.08371461	-0.13492359	-0.13711423	-0.105824806	-0.0704676	-0.09579355	-0.036634795	-0.14747407	-0.0916368	-0.09941224	-0.057659417	-0.13898605	-0.024549497	-0.087483905	-0.13238701	-0.09998469	-0.106088676	-0.10714867	-0.10084109	-0.095530495	-0.031492136
embedding_0043	0.7747264	0.6685524	0.68072516	0.7300941	0.6016339	0.70643556	0.8263578	0.7249871	0.8559679	0.8385164	0.7786907	0.80896056	0.757904	0.74832153	0.7467833	0.73372227	0.7621859	0.75974005	0.7159244	0.708322	0.73379195	0.7197091	0.782311	0.738122	0.6805951	0.7742556	0.6310576	0.7709278	0.72910154	0.7623025	0.748339	0.74242806	0.7384232	0.7799594	0.7863917	0.74184376	0.7109242	0.7643981	0.71608263	0.7342743	0.73084575	0.79279155	0.65430504	0.7413922	0.81604683	0.7492861	0.7385693	0.6689678	0.8627835	0.7003148	0.74096024	0.80830467	0.75942373	0.7377751	0.6599507	0.93945813	0.657995	0.7195466	0.6881341	0.7413049	0.80236894	0.7259434	0.7138832	0.67005944	0.7715079	0.63998556	0.74238425	0.7294239	0.69878405	0.73719406	0.74285394	0.77822936	0.7037051	0.8564284	0.71506566	0.70248383	0.73994887	0.7363524	0.6907802	0.7499779	0.83576286	0.7098747	0.764378	0.70801085	0.7200061	0.79484063	0.7298795	0.7697429
embedding_0044	-0.32638854	-0.34197527	-0.27751225	-0.3881748	-0.3461484	-0.4330406	-0.3735669	-0.48664346	-0.40067738	-0.52892727	-0.45934546	-0.3220332	-0.3655147	-0.4554322	-0.39630002	-0.44402513	-0.38445675	-0.4202243	-0.40907982	-0.48239994	-0.38998646	-0.39196953	-0.3551944	-0.3505863	-0.49387565	-0.35853386	-0.26490852	-0.402189	-0.44818532	-0.40396625	-0.39944786	-0.41210362	-0.3923694	-0.42336106	-0.49529693	-0.32633698	-0.38800526	-0.48815668	-0.43407533	-0.5272167	-0.5159715	-0.38445166	-0.43495142	-0.45093927	-0.410956	-0.29714453	-0.40152982	-0.40751484	-0.40519217	-0.3182632	-0.37492034	-0.42592543	-0.35944515	-0.42412364	-0.45508686	-0.46140686	-0.34134176	-0.3955755	-0.44364926	-0.4447853	-0.3671603	-0.34551683	-0.4097948	-0.41249955	-0.46081504	-0.42977723	-0.42785913	-0.4267408	-0.44818056	-0.4639586	-0.49226364	-0.43522522	-0.48840687	-0.39955157	-0.3703559	-0.42844993	-0.39536783	-0.39696255	-0.46935275	-0.43840992	-0.43782586	-0.30217627	-0.42185462	-0.41891062	-0.4234354	-0.50601006	-0.51698136	-0.41620928
embedding_0045	0.36460292	0.38589868	0.39314786	0.37410697	0.37047938	0.4294535	0.3398752	0.43658197	0.43715096	0.40021592	0.37574095	0.32151392	0.3179664	0.45460042	0.41569757	0.38884532	0.3971105	0.43754485	0.48397845	0.45969594	0.4662022	0.46204922	0.47608435	0.41190428	0.3732487	0.37688503	0.37113684	0.35599726	0.38075653	0.40218157	0.42633846	0.4471572	0.42146322	0.36907107	0.39218786	0.3218957	0.39729324	0.401694	0.42280912	0.41244176	0.443523	0.43616045	0.49497026	0.4681101	0.40193564	0.4647325	0.41910058	0.43985716	0.36429495	0.36733076	0.47012204	0.39877087	0.4197828	0.38200644	0.43753508	0.32521865	0.5117449	0.4331485	0.47805402	0.42692035	0.37335533	0.43735617	0.5303667	0.46439442	0.3615642	0.38384765	0.4504014	0.42871362	0.40867636	0.45653212	0.43610764	0.4131935	0.45057538	0.42909384	0.43504477	0.409301	0.39594612	0.48865163	0.36789548	0.3641337	0.4212412	0.45790175	0.392309	0.48669446	0.42746827	0.33152786	0.45409167	0.34690097
embedding_0046	-0.36812446	-0.35308272	-0.3154535	-0.3648286	-0.3145531	-0.4489271	-0.3397459	-0.3504826	-0.34245318	-0.3234673	-0.3068151	-0.23869638	-0.43091574	-0.23892319	-0.30491695	-0.40053904	-0.37176204	-0.26450855	-0.3435306	-0.35903767	-0.2766874	-0.35381648	-0.29377988	-0.261249	-0.39755476	-0.2659296	-0.38568175	-0.34608147	-0.30805737	-0.2799403	-0.2979594	-0.36695984	-0.38219792	-0.34477285	-0.3589226	-0.2620727	-0.25067264	-0.39476147	-0.3750648	-0.41225076	-0.28638867	-0.32256922	-0.2900055	-0.2953149	-0.36268058	-0.22617148	-0.3344982	-0.31524086	-0.3898448	-0.31710413	-0.3217951	-0.3368121	-0.2387611	-0.4027078	-0.27761498	-0.35591936	-0.31747553	-0.2959726	-0.22864474	-0.36611918	-0.27568474	-0.30388936	-0.23454358	-0.29307547	-0.34593382	-0.3764178	-0.3312808	-0.3137233	-0.3313134	-0.43872777	-0.2781829	-0.3935884	-0.339176	-0.21691146	-0.35068718	-0.3060791	-0.4043759	-0.2811966	-0.4167007	-0.33082157	-0.3471809	-0.26221508	-0.32093966	-0.3164636	-0.39150965	-0.39219216	-0.36249283	-0.38903078
embedding_0047	0.74247926	0.73028404	0.6937323	0.71139026	0.76372963	0.6207399	0.62306863	0.7308345	0.5994857	0.59070784	0.65710616	0.66755074	0.6936666	0.6486512	0.6456526	0.6990118	0.7531055	0.6409128	0.6938465	0.64448947	0.69578433	0.69344145	0.7157207	0.7052455	0.7033786	0.6887179	0.7677567	0.731332	0.7224297	0.6775429	0.6255391	0.7015398	0.7102518	0.64803916	0.6364591	0.65152	0.650272	0.6504067	0.62282497	0.60936797	0.63711876	0.62271535	0.69036233	0.61644906	0.6226927	0.7324043	0.68721014	0.6771807	0.63897526	0.6827672	0.6858158	0.6818231	0.6915733	0.63788885	0.7288116	0.6005274	0.7681013	0.77464384	0.6269856	0.67356807	0.6764827	0.7321945	0.67885894	0.70781237	0.6392895	0.7662185	0.67382044	0.66030043	0.6941503	0.6760618	0.6177507	0.6616978	0.65036756	0.6571094	0.7074174	0.7169331	0.676331	0.6338181	0.7043233	0.64762264	0.6737807	0.7199006	0.7241575	0.6959978	0.67526037	0.7128391	0.5890159	0.70256907
embedding_0048	0.16057332	0.16752571	0.10259772	0.2060125	0.15534182	0.20009778	0.2356262	0.18098043	0.21426827	0.2314214	0.21128978	0.25935605	0.19446835	0.18435374	0.20465639	0.22920851	0.18356451	0.16212296	0.18236743	0.12786631	0.14260617	0.2170305	0.14456075	0.18457656	0.18540913	0.15399857	0.15179068	0.14381656	0.22692904	0.23133054	0.23968488	0.15049812	0.19403338	0.17553428	0.20988671	0.24355954	0.16392888	0.25888604	0.14742489	0.21799111	0.18396792	0.25026503	0.16387573	0.17651255	0.24096388	0.050183047	0.21301469	0.18792248	0.1799846	0.1655757	0.20856245	0.18546566	0.1987454	0.19914351	0.08803499	0.34673473	0.1280328	0.086454585	0.16780627	0.21983197	0.18455118	0.1646496	0.15513682	0.1986474	0.22889367	0.16552286	0.17759846	0.17274466	0.22246331	0.25652632	0.23693149	0.12504299	0.19692299	0.33348778	0.16862558	0.2016896	0.16271359	0.15934774	0.22015549	0.21467178	0.21174167	0.18283564	0.24850926	0.17552187	0.2057289	0.2897695	0.15183823	0.23498125
embedding_0049	0.077230215	0.08288919	0.008028676	0.036347855	0.02782155	0.05438771	0.088087305	-0.004111861	0.05350157	0.02599768	0.0873107	0.07243658	0.06854959	0.007016135	0.05569572	0.05023994	0.07701211	0.019171828	0.00029748175	-0.01809312	-0.019266048	0.060118403	0.007869385	0.037093107	0.08885316	0.033845983	-0.016417855	0.14742865	0.021429073	0.018193299	0.052198064	0.017082117	0.004045652	0.060294755	0.03213669	0.008086853	0.045925718	0.031816293	0.044777386	0.04125297	0.010875683	0.054168567	0.029177146	-0.0020787767	-0.0043218033	0.06583445	0.039652634	-0.036069687	0.061539154	0.06468366	-0.02890608	0.052823074	-0.01127623	0.019404816	0.037726298	0.08940347	0.028560936	0.062038176	0.002644274	0.029969564	0.026514709	0.0650416	0.005162866	0.020701975	0.04582497	0.019831043	0.027167048	0.014489673	0.006730401	-0.037157413	0.05979016	0.06041259	0.02148442	0.04823046	-0.001298895	0.028471274	0.023018003	-0.06345585	0.047712043	0.06252468	0.03959586	0.052162457	0.019052243	-0.014689173	0.031795513	0.08129707	0.05085313	0.02649072
embedding_0050	1.2441896	1.2072327	1.2282195	1.2575275	1.2477815	1.0707059	1.1790173	1.2763097	1.254647	1.139926	1.1971408	1.1394702	1.1942192	1.2332212	1.2173966	1.2600932	1.1627622	1.1838142	1.1885848	1.204098	1.15141	1.2434953	1.312629	1.2046763	1.2571689	1.2353791	1.3534293	1.2447046	1.1412728	1.2081019	1.1932948	1.1944456	1.2529863	1.2360494	1.2037424	1.2116054	1.2089956	1.2090777	1.1744491	1.105769	1.1189103	1.1065236	1.2139486	1.1598107	1.165522	1.2253594	1.1989207	1.1637361	1.214636	1.2033949	1.2457821	1.2047049	1.2124954	1.2324065	1.2139659	1.228665	1.2946067	1.1686364	1.2257531	1.15371	1.2043628	1.1351959	1.1829851	1.2376901	1.2554386	1.2512128	1.185659	1.1587292	1.2371849	1.2240405	1.1333733	1.2033868	1.2040029	1.2150358	1.1835061	1.2435696	1.1855813	1.1603024	1.2136809	1.246721	1.1817517	1.2332124	1.2400725	1.202669	1.215174	1.243726	1.132496	1.2495555
embedding_0051	0.09908695	0.05588429	0.023885453	0.087132335	0.023082068	-0.0071842335	0.10671398	0.04612485	0.07172587	0.014575274	0.07948831	0.13850585	0.07554209	0.027905708	0.08540701	0.08089581	0.002664083	0.06866369	0.017166436	0.008067543	0.010145309	0.06414284	0.037000347	0.04837021	0.04681782	0.08609692	0.1308034	0.13113853	0.080911845	0.08268325	0.056144983	-0.029388791	-0.019905489	0.051256206	0.032892246	0.1058633	0.0899105	0.019478785	0.018266482	-0.050310865	0.015667219	-0.028019413	0.005934475	-0.047666483	-0.021784322	0.15967812	0.06425018	0.023891589	0.092999265	0.036275443	0.0477675	0.04095201	-0.0034696164	0.009781551	0.014688858	0.19527331	0.07260347	0.035355587	0.02905996	0.009015314	0.07650234	0.04160401	0.088525996	0.029760709	0.16114181	0.047161184	0.008079432	0.042042125	0.06548863	-0.0065733762	0.00059295696	0.06161276	-0.0013494841	0.06408188	0.030576807	0.034211766	-0.032559335	-0.035315845	0.00018229011	0.07032131	0.053442806	0.109261125	0.027968548	-0.02980093	-8.832753e-05	0.10094238	0.00759983	0.06510926
embedding_0052	-1.276217	-1.1919955	-1.2744946	-1.2605462	-1.243402	-1.200895	-1.2376139	-1.2143672	-1.181982	-1.1790823	-1.2167255	-1.249555	-1.2935256	-1.1729813	-1.2490882	-1.2255656	-1.1969849	-1.2118248	-1.2586794	-1.2160058	-1.1991177	-1.2479994	-1.2647346	-1.202344	-1.2095257	-1.2362585	-1.2987802	-1.2759904	-1.2048029	-1.2314377	-1.1690722	-1.1711876	-1.1376747	-1.2761492	-1.2053891	-1.2900238	-1.2446322	-1.1750568	-1.1975609	-1.1673405	-1.1717236	-1.2695074	-1.1929818	-1.2007028	-1.173726	-1.2448267	-1.238089	-1.2083247	-1.2583545	-1.2841076	-1.2306072	-1.223967	-1.2051113	-1.2487015	-1.2884008	-1.2103847	-1.2342352	-1.2798316	-1.2104613	-1.2011359	-1.2363852	-1.2256539	-1.128657	-1.2344795	-1.2851986	-1.3094652	-1.2083724	-1.2435155	-1.2118558	-1.1692809	-1.186362	-1.2113575	-1.2317148	-1.1576675	-1.229185	-1.2457285	-1.1986214	-1.157609	-1.256433	-1.2747324	-1.2064189	-1.3089306	-1.2502986	-1.1851016	-1.2403005	-1.2334615	-1.1815795	-1.2447574
embedding_0053	0.29059172	0.29805297	0.2746433	0.29253587	0.26075232	0.280223	0.3210489	0.2845286	0.30130792	0.31294316	0.3241855	0.29769543	0.32420528	0.27274823	0.28338417	0.24989511	0.29394096	0.31123945	0.26085806	0.24660923	0.24653289	0.29859018	0.27572408	0.28496182	0.21834838	0.37355986	0.258259	0.36342677	0.28374997	0.29647347	0.25732082	0.2720769	0.27608702	0.28967106	0.29022706	0.29443428	0.26751056	0.28638858	0.28740776	0.23807505	0.2527462	0.26834804	0.27024242	0.26207376	0.2951572	0.3015242	0.28401542	0.26204455	0.32822624	0.25142765	0.26747483	0.29814824	0.2916455	0.29841942	0.24490228	0.3454025	0.23653783	0.24011298	0.248884	0.2572946	0.32222167	0.26679805	0.22069332	0.28014883	0.30271396	0.26143256	0.24628854	0.25701252	0.29813272	0.23637968	0.22791187	0.22452928	0.2344845	0.3292191	0.27630383	0.30875808	0.2957125	0.27910107	0.31619874	0.27865335	0.2803012	0.29300556	0.30047312	0.23951772	0.2676542	0.31753194	0.26277748	0.31483752
embedding_0054	0.14405185	0.060440518	0.08183401	0.0873406	0.1124699	0.12051077	0.08031079	0.044556204	0.04214436	0.04779796	0.08756076	0.12948987	0.034014195	0.07653216	0.075032726	0.035674833	0.1325065	0.032263122	0.083897464	0.0380049	0.11631433	0.0044491407	0.072379045	0.082544446	0.014074118	0.07086236	0.09126279	0.07637571	0.13508932	0.07419761	0.08240229	0.18204662	0.09089029	0.07722441	0.036233414	0.057671435	0.051257137	0.13263415	0.04482958	0.019468162	0.07118959	0.13469905	0.06052658	0.08137426	0.15181977	0.09368569	0.082138106	0.14227478	0.06761082	0.11269146	0.088129885	0.10658814	0.12283155	0.07243353	0.06302456	-0.0153886825	0.06252468	0.13748446	0.050522152	0.07901096	0.08684574	0.06891554	0.1070906	0.01902065	0.048343703	0.0837633	0.07640044	0.0873733	0.06951672	0.08778435	0.061766237	0.1106122	0.046580438	0.035604194	0.1029869	0.07718618	0.105123274	0.10830063	0.09470126	0.021641318	0.10672891	0.031395	0.14621353	0.11618512	0.05310764	0.03435085	0.10651498	0.09723405
embedding_0055	0.50228816	0.54274434	0.43430546	0.58060175	0.56506413	0.44564557	0.5225044	0.53199244	0.5830808	0.52653974	0.50379	0.5342557	0.4562531	0.5304462	0.5844168	0.58662325	0.45541754	0.4949746	0.5407347	0.5504887	0.48810938	0.62458706	0.6068133	0.54265773	0.5668483	0.5179087	0.53257066	0.55617785	0.5877306	0.570968	0.55111486	0.49948362	0.5198881	0.5680867	0.5575641	0.5642157	0.5700767	0.48107257	0.47864187	0.63132775	0.5398934	0.52611756	0.50054055	0.38617516	0.5068189	0.5363459	0.5254908	0.54036254	0.53070915	0.60145074	0.50417536	0.50097615	0.4953457	0.53104776	0.56236315	0.59835804	0.6432399	0.5243416	0.59534955	0.5554507	0.5085394	0.53813547	0.57976204	0.5617552	0.6439043	0.5371158	0.5467734	0.5737943	0.543424	0.5634045	0.5671472	0.5320462	0.5878787	0.59439373	0.46025354	0.52919763	0.4892441	0.4576776	0.508056	0.57663715	0.5090838	0.5615375	0.5224898	0.5205688	0.53242725	0.61405414	0.5331098	0.506441
embedding_0056	0.40373176	0.35804537	0.29637885	0.35298467	0.29501298	0.20536233	0.3555557	0.3877136	0.32883704	0.44365978	0.30816165	0.41519493	0.32536075	0.30969167	0.36981907	0.2774705	0.3673799	0.37181178	0.3933334	0.30140617	0.42850167	0.31782272	0.34696862	0.36168116	0.24406482	0.35528558	0.27153674	0.34418616	0.30394265	0.34696537	0.35033482	0.29292724	0.28623012	0.35664904	0.37922916	0.3736442	0.35729986	0.27830026	0.33367994	0.30589184	0.34297398	0.32850415	0.36589506	0.3468688	0.3918682	0.39566272	0.31854266	0.30528665	0.34832132	0.3623892	0.42032504	0.36220816	0.40807965	0.38118732	0.2730421	0.43243924	0.27529702	0.3471388	0.35934412	0.37401557	0.45540798	0.35995683	0.41828105	0.3111407	0.34129193	0.26248202	0.30956808	0.4091942	0.33027935	0.36394432	0.33578646	0.3099492	0.31078857	0.4445551	0.33955616	0.32557693	0.3454151	0.4104723	0.289422	0.3147667	0.32305288	0.3503983	0.31474218	0.33004424	0.33346263	0.31221765	0.37537116	0.33092993
embedding_0057	0.55300516	0.6000779	0.5458704	0.5769267	0.5775537	0.5964911	0.51593095	0.5669597	0.5893555	0.594901	0.6255082	0.50436777	0.5292175	0.5841465	0.52947193	0.5466979	0.55177665	0.5256637	0.534564	0.6060175	0.5157496	0.56171346	0.58818704	0.55851614	0.66025686	0.5566103	0.4865132	0.57582194	0.5158047	0.55131966	0.51198584	0.6117102	0.661332	0.6009626	0.58419514	0.4771865	0.55818886	0.63216984	0.5572572	0.6270574	0.60202706	0.5585001	0.53506184	0.5665989	0.56324774	0.5231376	0.56741935	0.5774865	0.5751921	0.5594964	0.53637284	0.53464144	0.5148634	0.57564723	0.5773453	0.5580794	0.58358955	0.5662083	0.5682756	0.5595286	0.52658457	0.5639329	0.549931	0.5419738	0.55448955	0.6169945	0.568258	0.5860231	0.6039186	0.5825005	0.54013526	0.5612953	0.5762048	0.5458709	0.5585533	0.6100194	0.54849166	0.5576362	0.664574	0.49864215	0.57256967	0.5548046	0.57741284	0.539807	0.5663117	0.6283969	0.56222767	0.6178628
embedding_0058	-0.9913148	-0.96190006	-1.0198151	-1.0225443	-1.0516427	-1.0271947	-0.9753668	-1.0452551	-1.0695381	-1.0132478	-1.0529226	-0.9831403	-1.033985	-0.9909201	-0.9926657	-0.97790796	-1.037595	-1.0367019	-1.0745025	-1.0246063	-0.9902411	-1.0038457	-1.0158393	-0.99500656	-1.0233346	-1.035913	-1.0048563	-0.97418463	-1.035556	-1.0208603	-1.003095	-1.0493226	-1.0223094	-1.0222348	-1.0338614	-0.983094	-1.0069554	-1.0029522	-0.95873314	-0.983938	-1.053674	-0.9876103	-0.96484864	-0.9726009	-0.9846536	-1.0169597	-1.0388043	-1.0421346	-1.0500199	-1.0028079	-1.0219525	-0.9877315	-0.9523195	-1.0069098	-0.9963245	-0.9630825	-1.018112	-1.0420091	-1.0568522	-1.0388536	-1.0083914	-0.9978414	-0.99380016	-1.030918	-1.0537015	-1.0946127	-1.0382701	-0.99177194	-1.0446789	-1.030791	-0.9828355	-1.0423994	-1.004876	-0.99599427	-0.9772861	-1.042123	-1.0018259	-0.9908065	-1.0912279	-0.97108513	-1.0621191	-1.0944964	-1.0017836	-0.9905588	-1.033435	-1.0104501	-1.0277709	-1.055299
embedding_0059	0.2592138	0.25219	0.2464305	0.26015037	0.2090347	0.2898832	0.26571345	0.27129003	0.3205651	0.30832914	0.27134705	0.26595864	0.25025514	0.26746535	0.2755587	0.27821574	0.26893875	0.3038262	0.3148442	0.2793642	0.35009837	0.23643345	0.25192046	0.22497666	0.25430003	0.21932553	0.14230523	0.18463695	0.17845574	0.26302302	0.28518188	0.25463036	0.2981873	0.23219226	0.37006685	0.25066257	0.23185481	0.28720954	0.32709402	0.40836155	0.30014926	0.36400893	0.25604978	0.30243036	0.35768414	0.15588737	0.27024055	0.28691933	0.22458546	0.23116687	0.2856534	0.2545748	0.32047075	0.3106214	0.2106961	0.25739697	0.18094684	0.22836511	0.29947945	0.30516765	0.25565693	0.28839895	0.21435845	0.23777781	0.24849789	0.24478278	0.27282265	0.28390214	0.2771669	0.32826722	0.35291126	0.25353917	0.3469971	0.30033228	0.28098726	0.21254736	0.27413315	0.29829717	0.33905905	0.23128465	0.3259986	0.25058746	0.2814477	0.31856534	0.31156713	0.22178985	0.3464785	0.25182265
embedding_0060	-0.5190575	-0.4950192	-0.53552985	-0.5198028	-0.6187152	-0.5076833	-0.5090352	-0.5002745	-0.5290144	-0.42705467	-0.52322435	-0.5314175	-0.52423227	-0.5418522	-0.5754563	-0.5261468	-0.5031067	-0.53619194	-0.5373802	-0.555543	-0.58915097	-0.5831311	-0.55792844	-0.57123214	-0.5637366	-0.591462	-0.63751286	-0.48758367	-0.49310514	-0.5266844	-0.5546907	-0.54307693	-0.4909956	-0.5029592	-0.52198935	-0.57273066	-0.57610023	-0.5573722	-0.569	-0.50492805	-0.54552335	-0.5557533	-0.5818462	-0.55143696	-0.5026946	-0.6009354	-0.5652519	-0.56003946	-0.5591404	-0.57386506	-0.53005326	-0.50882	-0.5168206	-0.50528747	-0.54702955	-0.4990624	-0.6774447	-0.54754317	-0.539459	-0.53457737	-0.53716445	-0.5270131	-0.62775195	-0.5986569	-0.5638652	-0.56029856	-0.54799235	-0.5654123	-0.5881869	-0.5220724	-0.5523744	-0.53305185	-0.5332507	-0.53501785	-0.5577643	-0.5832454	-0.537837	-0.51372755	-0.54116064	-0.5228048	-0.5296898	-0.63533664	-0.5427362	-0.56068057	-0.5520721	-0.53907126	-0.54031473	-0.5266604
embedding_0061	-0.1326071	-0.1424324	-0.24316078	-0.11933517	-0.04748468	-0.3068248	-0.15740825	-0.23061894	-0.20343368	-0.18185277	-0.12256133	-0.15154852	-0.110170886	-0.20508753	-0.13915053	-0.078842364	-0.20553291	-0.1873128	-0.21952716	-0.11863684	-0.2586888	-0.123489946	-0.17532133	-0.14525251	0.010791097	-0.16494338	-0.12165564	0.017343594	-0.05255931	-0.107727125	-0.1180847	-0.2210231	-0.16768853	-0.14386646	-0.16830021	-0.12491126	-0.16886197	-0.11832704	-0.16497704	-0.18105857	-0.14254373	-0.25342026	-0.21052006	-0.27006269	-0.22953112	-0.1021308	-0.12775327	-0.2010651	-0.05547535	-0.08272411	-0.27436548	-0.15745375	-0.27233654	-0.14824285	-0.25733608	-0.028737597	-0.055628154	-0.23583421	-0.21661268	-0.17789592	-0.19440329	-0.23401082	-0.21549022	-0.14124888	-0.013775073	-0.16933383	-0.18699582	-0.09836407	-0.099146165	-0.1469643	-0.1410735	-0.11918084	-0.2112466	-0.18772179	-0.23275298	-0.128889	-0.23238899	-0.36552095	-0.1011488	-0.035177156	-0.19275914	-0.23965272	-0.1555621	-0.19055915	-0.14223821	-0.035962746	-0.23047163	-0.11353696
embedding_0062	0.14319274	0.16162	0.23997864	0.15671487	0.23019783	0.12277073	0.22697283	0.27277422	0.1991837	0.12293026	0.15166317	0.12512821	0.28487083	0.15550327	0.21359584	0.22770953	0.21109422	0.25035545	0.19283903	0.23464334	0.24050082	0.28254074	0.17160791	0.22413623	0.2447181	0.18492268	0.35555708	0.11906862	0.32611316	0.18755439	0.2277868	0.18295443	0.20814548	0.16613665	0.14288941	0.2668175	0.19537951	0.19848159	0.14604929	0.16263089	0.18902633	0.075810075	0.2603151	0.20421189	0.12536143	0.33371282	0.24848045	0.19823928	0.2632278	0.1611986	0.1690233	0.21862948	0.15870205	0.18821096	0.23414843	0.15813005	0.30512282	0.22323292	0.15089111	0.1763479	0.22138649	0.18543193	0.24311157	0.24979866	0.20485693	0.22581822	0.24828011	0.22328569	0.26948467	0.2787279	0.14044042	0.22382814	0.167707	0.21613857	0.19078933	0.23665832	0.1599671	0.14954466	0.18976928	0.21077384	0.21633276	0.2832797	0.23423898	0.24410924	0.20255621	0.22965068	0.14509532	0.2287006
embedding_0063	0.19650656	0.15133542	0.1642383	0.19093287	0.25235754	0.158802	0.16916072	0.17143406	0.19565661	0.09709107	0.17099753	0.10807306	0.19611795	0.14174229	0.17198963	0.23422642	0.15458028	0.20090543	0.22558044	0.24674353	0.211264	0.21218497	0.15527333	0.17196237	0.24268702	0.17727321	0.28003305	0.2333559	0.24292055	0.1987029	0.21576042	0.22063267	0.14223742	0.22411504	0.21142748	0.20003162	0.23589641	0.17450793	0.19261143	0.20887637	0.201501	0.13152938	0.21840535	0.16013901	0.11610595	0.28399643	0.230702	0.20636606	0.20784205	0.21772745	0.1257712	0.17618649	0.117469646	0.20066538	0.2567769	0.085110106	0.24540554	0.18894897	0.21710245	0.20540494	0.17221142	0.16938981	0.15425032	0.22152422	0.24461357	0.20250326	0.22178978	0.23550126	0.19312064	0.15132432	0.20182493	0.20793909	0.19168799	0.083552144	0.19002357	0.19634984	0.20037165	0.12290202	0.2526607	0.27750444	0.17638426	0.2241902	0.15941653	0.24110529	0.19569126	0.1698293	0.20996036	0.16988762
embedding_0064	0.21410066	0.11538859	0.19099429	0.16228072	0.09419624	0.18608594	0.16638698	0.080807075	0.18593018	0.2448886	0.19426338	0.22757623	0.11486469	0.15182887	0.1055998	0.11020984	0.18442354	0.1689003	0.17000018	0.14994647	0.14169967	0.11808614	0.13434422	0.11634123	0.18274103	0.12523536	0.048519686	0.17600904	0.13544843	0.16035086	0.11589882	0.16704144	0.13369511	0.19958656	0.19312863	0.1453018	0.15173963	0.16968004	0.14265026	0.18358837	0.24089934	0.2010362	0.14195195	0.14225625	0.18513244	0.15262653	0.1827843	0.13257633	0.15755731	0.15423614	0.12571709	0.16472195	0.13673565	0.13431875	0.109475374	0.16714005	0.073877186	0.1849295	0.12534381	0.17111064	0.16712125	0.17676458	0.14205542	0.12014671	0.1361656	0.16587768	0.18084066	0.18302943	0.13712545	0.10703779	0.18732385	0.21168932	0.13373794	0.1367082	0.14849214	0.1525944	0.15615593	0.16123562	0.20868568	0.122808956	0.17662546	0.17700388	0.1231644	0.057915196	0.14597371	0.13396727	0.16202047	0.13196422
embedding_0065	0.09209932	0.108703956	0.13467154	0.10721541	0.068253666	0.014910921	0.105608396	0.14227337	0.10364064	0.0680799	0.08905951	0.22209091	0.12806651	0.10512322	0.116275206	0.054527655	0.15013456	0.14044604	0.11238702	0.051827982	0.17301497	0.09147917	0.10750066	0.19030403	0.026652185	0.18234569	0.17148101	0.12999287	0.1675002	0.12438301	0.13523994	-0.022134252	0.08103324	0.056526385	-0.01056254	0.15431733	0.099664435	0.13019866	0.10384058	-0.031877324	0.06607037	0.13629262	0.12052171	0.09718945	0.1439103	0.21920955	0.119306885	0.120999396	0.14632237	0.094784714	0.13067137	0.1562064	0.16756904	0.050182905	0.040127035	0.18739513	0.10397546	0.1438518	0.028477391	0.06359337	0.20006035	0.08318715	0.11019007	0.106604256	0.110942975	0.0616355	0.07980658	0.117806986	0.11222266	0.07862802	0.10352355	0.065023534	0.057223707	0.20797692	0.13613158	0.12856622	0.0901344	0.112058364	0.021473417	0.10738482	0.10393395	0.14784834	0.17787836	0.046572354	0.088209406	0.09805126	0.053518753	0.11150207
embedding_0066	0.3425739	0.3591126	0.24396022	0.40773168	0.37892148	0.25805762	0.31357265	0.39355913	0.3284148	0.347247	0.29887298	0.38520455	0.35997006	0.3858283	0.33947477	0.36789522	0.3401577	0.28571752	0.34742242	0.32991666	0.33097214	0.35226032	0.3219426	0.31075677	0.40838733	0.30533317	0.34989434	0.3899029	0.32277077	0.38357013	0.36220196	0.34982452	0.35933444	0.29560533	0.3254486	0.27224475	0.31671423	0.44762933	0.3719643	0.3425553	0.3068518	0.37631437	0.2778452	0.299786	0.41177532	0.2548538	0.35842574	0.38651174	0.3954124	0.39094555	0.30667564	0.35566777	0.31244287	0.36871022	0.28312856	0.49077636	0.4067868	0.33083206	0.312737	0.36260867	0.3196098	0.30250695	0.26479423	0.35706708	0.41862208	0.3290006	0.35325465	0.34113547	0.39040652	0.4718674	0.3580239	0.3187419	0.35865307	0.39695287	0.32096058	0.36223015	0.3422961	0.2877767	0.36850584	0.41363487	0.34896818	0.2945764	0.38456485	0.43697983	0.36752725	0.40732184	0.35601765	0.3498814
embedding_0067	-0.01754911	-0.12647162	-0.06818237	-0.09081156	-0.1430771	-0.036513582	0.035230696	-0.08683133	-0.061869595	-0.08952462	-0.112586714	-0.044190817	0.029738896	-0.14437087	-0.10591773	-0.07065222	-0.038947113	-0.0618584	-0.06426315	-0.122316815	-0.1039985	-0.10032484	-0.08835615	-0.1026422	-0.10435422	-0.05519826	-0.10926041	-0.08319064	-0.1406334	-0.11576541	-0.09531	-0.10235802	-0.0675237	-0.06783464	-0.055637024	-0.0006798116	-0.11269167	-0.15806477	-0.11934276	-0.048378143	-0.17059231	-0.12364351	-0.0886911	-0.13410847	-0.071146436	-0.06557231	-0.10886471	-0.16876276	-0.071919076	-0.0935807	-0.043255977	-0.08439493	-0.05578047	-0.065494694	-0.122423016	-0.036507107	-0.18928057	-0.116863765	-0.09298959	-0.07788752	-0.09550254	-0.07689788	-0.12776954	-0.112340376	-0.13332982	-0.097952686	-0.097272314	-0.14137131	-0.12418379	-0.13381776	-0.12355161	-0.07246965	-0.12123216	-0.06008095	-0.08628237	-0.1348438	-0.1327595	-0.14853051	-0.095418036	-0.097737044	-0.08845236	-0.1130706	-0.11840486	-0.20921639	-0.074725136	-0.14419559	-0.12505157	-0.07935782
embedding_0068	-0.042258177	0.037561953	-0.008036271	0.027407404	0.05299401	0.0002557353	0.089083806	0.11261214	0.02013245	0.042559795	0.10685029	0.02382841	-0.017236803	0.11536816	0.063630834	0.074748576	0.03378857	0.1203692	0.017502334	0.057391208	0.03473097	-0.016420806	0.047027	0.08983885	0.0586454	0.023456259	0.05331323	0.074996576	0.121696465	0.015605662	0.042460103	0.035044525	-0.007248804	0.06668671	0.016599905	0.056482155	0.06374494	0.061300695	0.036317628	-0.034781355	0.06897202	-0.038806047	0.06577873	0.035401106	-0.01883155	0.13613304	0.038448293	0.02151633	0.052449714	0.024996495	0.03184786	0.03895525	0.02971347	0.05558329	0.09083136	-0.019316139	0.05583485	-0.012600904	0.116856925	0.010302547	0.047418818	0.013714917	0.09997866	0.01885764	0.06897937	0.0102831805	0.04638158	0.040984288	0.074544914	0.012030766	0.06121946	0.03104938	0.04927434	0.043945536	-0.0004013541	0.04013974	-0.009997763	0.025253637	0.0068939137	0.073390126	0.03654943	0.028706077	0.0022303637	0.014004649	0.021166267	0.011843862	0.061291493	0.031977367
embedding_0069	-0.4009187	-0.24809125	-0.3110345	-0.32458773	-0.37816867	-0.23863192	-0.3410661	-0.31794038	-0.29389638	-0.2823111	-0.3154595	-0.3622136	-0.34203926	-0.33871937	-0.32131356	-0.312263	-0.2892261	-0.32285798	-0.33006284	-0.34277934	-0.37416482	-0.3043293	-0.39520007	-0.3514274	-0.28538743	-0.3455994	-0.46195915	-0.25482112	-0.2844044	-0.33583033	-0.26173434	-0.3516341	-0.31744725	-0.32852858	-0.27662402	-0.33562616	-0.33459765	-0.3153936	-0.3628337	-0.26680595	-0.25673002	-0.35455382	-0.29687196	-0.33850488	-0.39890772	-0.3323817	-0.34633598	-0.34322032	-0.29151386	-0.36347502	-0.36235273	-0.33508593	-0.43185177	-0.31063735	-0.3685195	-0.2911439	-0.4305786	-0.39910308	-0.38169944	-0.28460366	-0.33069518	-0.29826972	-0.33905348	-0.2993704	-0.28811988	-0.34846303	-0.34261957	-0.36490127	-0.39865828	-0.36771137	-0.2788615	-0.33215964	-0.32967433	-0.2733579	-0.3653422	-0.3354396	-0.32077426	-0.30825853	-0.33147845	-0.280445	-0.31115845	-0.38259444	-0.37355492	-0.40015978	-0.3287498	-0.3102175	-0.26953155	-0.3185014
embedding_0070	0.36422867	0.3807803	0.337559	0.39555636	0.37624294	0.37684703	0.38641557	0.3175496	0.359435	0.31385115	0.3515744	0.43779042	0.3843557	0.4302612	0.37883696	0.37107047	0.38321605	0.40010765	0.3792673	0.3290824	0.35241753	0.34011996	0.32997286	0.44163686	0.2889082	0.37160918	0.45214504	0.39971486	0.38905573	0.31548983	0.41641474	0.31378588	0.2748519	0.37909624	0.29540482	0.4274118	0.4195834	0.33828437	0.37145108	0.24539608	0.3222882	0.4505189	0.4184119	0.36951843	0.34269872	0.4660008	0.37166074	0.36286828	0.34338874	0.4374216	0.39154863	0.39667848	0.39370137	0.39663878	0.3386187	0.32866952	0.38824487	0.34307775	0.39642945	0.3478453	0.4196235	0.40439615	0.37325478	0.28834957	0.403058	0.35933226	0.38503525	0.39520907	0.35059133	0.384737	0.34721386	0.37479934	0.37279817	0.37333053	0.38300368	0.36927	0.42493692	0.43202063	0.3111045	0.4211521	0.33520636	0.38827637	0.3409025	0.3941424	0.3645179	0.33356437	0.31933627	0.3743454
embedding_0071	-0.4736645	-0.483196	-0.47067562	-0.4606032	-0.5893567	-0.47184014	-0.3920493	-0.48851123	-0.42481795	-0.41685396	-0.47195658	-0.32622924	-0.4627521	-0.48694205	-0.48164326	-0.52670366	-0.44637784	-0.43947598	-0.46153316	-0.5811737	-0.43365386	-0.48172113	-0.4631236	-0.47739854	-0.6055111	-0.46488816	-0.58276916	-0.46718583	-0.5527226	-0.46657473	-0.45755467	-0.5671657	-0.5758808	-0.5282629	-0.47467712	-0.43744066	-0.47776422	-0.5652793	-0.4896958	-0.49954224	-0.4803093	-0.3119671	-0.45288974	-0.43718463	-0.3720723	-0.45891067	-0.50449526	-0.5280219	-0.4880284	-0.48115608	-0.39790288	-0.43605894	-0.37187544	-0.44029674	-0.516773	-0.40209323	-0.634157	-0.4849321	-0.47318032	-0.46801776	-0.36410624	-0.36826777	-0.4988925	-0.5441583	-0.51818174	-0.5230057	-0.49792334	-0.47913006	-0.5262308	-0.4999348	-0.42016673	-0.5731275	-0.45140633	-0.36681426	-0.44746992	-0.5322833	-0.46648386	-0.46901506	-0.56392246	-0.5333205	-0.43451366	-0.46087947	-0.4816447	-0.5575913	-0.46469608	-0.573527	-0.46491423	-0.5281545
embedding_0072	-0.070663445	-0.032889806	-0.12352964	-0.031121157	-0.06043189	-0.015151053	-0.112414956	-0.08788646	-0.110178865	-0.03242727	-0.08010296	-0.137804	-0.08922612	-0.05028984	-0.06875216	-0.102565415	-0.11830727	-0.094438404	-0.057746794	-0.0035895242	-0.052260578	-0.11726629	-0.12166068	-0.090635575	0.023283446	-0.11863149	-0.17341103	-0.057975948	-0.017648054	-0.03513167	-0.10736783	-0.057472516	-0.021180028	-0.05186199	-0.032723706	-0.12569952	-0.03698887	-0.002941661	-0.090472884	0.046151765	0.018101543	-0.0040061716	-0.022045622	-0.040654246	-0.089193225	-0.08475504	-0.04675677	-0.019128423	-0.120197296	-0.07011512	-0.14691976	-0.10666067	-0.12560572	-0.08924174	-0.046620913	-0.17061427	-0.033229228	-0.06117442	-0.0861419	-0.05579811	-0.11612665	-0.030269071	-0.08363271	-0.12057411	-0.02352319	-0.039881635	-0.039501324	-0.028364124	-0.06217807	-0.09880117	-0.017214349	-0.0587457	-0.03878576	-0.1917934	-0.085513614	-0.05145231	-0.06549775	-0.04576883	0.018961042	-0.078624316	-0.0947036	-0.07954156	-0.06449944	-0.053729918	-0.052813616	0.004602515	-0.020764254	-0.051667877
embedding_0073	-0.6476841	-0.56406415	-0.62187725	-0.5729355	-0.5401469	-0.6498851	-0.6734246	-0.5836348	-0.65589046	-0.6604487	-0.6172728	-0.6449512	-0.6491434	-0.62454396	-0.59871763	-0.5855579	-0.6206891	-0.5994479	-0.5512217	-0.51607525	-0.5323602	-0.5744817	-0.64296126	-0.5755046	-0.5146545	-0.6294815	-0.53934956	-0.61261	-0.40860704	-0.59440744	-0.5694381	-0.62013817	-0.6577927	-0.60820895	-0.65812916	-0.56477	-0.5478919	-0.5337409	-0.61761296	-0.5983587	-0.52817273	-0.7003959	-0.5230907	-0.612565	-0.7129439	-0.45343566	-0.5704075	-0.5251957	-0.58123827	-0.5422917	-0.6942462	-0.5869837	-0.6847233	-0.66431564	-0.5474315	-0.69970524	-0.49356768	-0.5572898	-0.6587429	-0.581614	-0.5690346	-0.6293437	-0.5259765	-0.53984004	-0.524376	-0.5555263	-0.55408907	-0.51639456	-0.54098576	-0.584949	-0.55248815	-0.5610806	-0.617642	-0.6652606	-0.5803229	-0.5484373	-0.60908484	-0.6790379	-0.61467564	-0.54309046	-0.6167865	-0.5648394	-0.5530221	-0.56997645	-0.62143886	-0.5446589	-0.60984796	-0.6111351
embedding_0074	0.39872324	0.42019776	0.330503	0.3913905	0.35449195	0.39452896	0.3799126	0.42577785	0.4319177	0.4532223	0.43612093	0.30046946	0.40641928	0.4327645	0.37568593	0.41633695	0.40493676	0.44136816	0.33213487	0.4577623	0.32387364	0.4055594	0.38948673	0.33901948	0.44688818	0.38125354	0.3199577	0.40290487	0.37656397	0.38443086	0.3505828	0.43115386	0.42638758	0.39237314	0.4269962	0.33835578	0.3742714	0.46308193	0.46448195	0.4507787	0.38361654	0.32552037	0.38583812	0.43098596	0.37248844	0.42897987	0.39804795	0.37913173	0.41105735	0.3386211	0.4010718	0.37202385	0.35615963	0.4555695	0.3831703	0.4318527	0.3533595	0.32654318	0.41690525	0.40893954	0.36531624	0.4329746	0.3611847	0.38934958	0.39494708	0.422678	0.38998637	0.39276582	0.45393184	0.45787966	0.40660763	0.39250165	0.44841778	0.38981	0.38722172	0.37342736	0.3895664	0.3975317	0.467992	0.39126536	0.38186595	0.34006625	0.3512341	0.43817714	0.37344286	0.454734	0.43130487	0.39945608
embedding_0075	0.49764013	0.40896466	0.5500862	0.4462369	0.43188813	0.3440298	0.52563447	0.42721125	0.5021725	0.30344188	0.44945437	0.5388421	0.5182551	0.44326323	0.49922615	0.463273	0.41008613	0.4768202	0.4660104	0.3653107	0.42698792	0.45222926	0.5691152	0.5563915	0.341229	0.535083	0.6659745	0.50348693	0.4051595	0.46528777	0.47094172	0.41204113	0.44198677	0.5060491	0.38548535	0.56631345	0.4656056	0.369877	0.40419662	0.29012197	0.33779335	0.44054306	0.4121636	0.42436308	0.50099313	0.5240928	0.43466923	0.37722862	0.4677554	0.49202228	0.53704333	0.45002735	0.576922	0.48415798	0.43971556	0.52461064	0.43148738	0.45080474	0.5007948	0.36689115	0.50568897	0.42097142	0.378519	0.4644475	0.4978632	0.3876468	0.43708467	0.44760975	0.42189592	0.4505544	0.37163886	0.42583877	0.39598855	0.4661976	0.4668574	0.44609824	0.4198749	0.45816606	0.41042674	0.4955057	0.41264442	0.5523506	0.4532538	0.46968213	0.44678026	0.39886597	0.3611303	0.51207197
embedding_0076	0.10961875	-0.015163342	0.025336443	0.030924061	0.121470176	0.006784484	0.08224191	-0.1080999	-0.07048502	-0.0867071	-0.027725726	0.06993542	0.10384282	-0.0923663	0.018923178	0.05211644	-0.038097367	-0.09954114	-0.04583833	-0.049536023	-0.11821589	-0.0018986356	0.047669772	0.06769775	0.040474404	-0.020448785	0.13853253	0.13257615	-0.0021668307	-0.006369774	-0.017762545	0.0014802578	-0.014892816	0.10986388	-0.04792969	0.08421915	0.037528776	-0.014410377	-0.013918935	-0.00012256589	-0.14646132	-0.014181955	-0.049832795	-0.106734045	0.014104174	0.042605788	-0.006848913	-0.06405867	0.0049781986	0.10491541	-0.028436279	0.0042595607	0.0075673526	0.07734472	0.060960505	-0.012382371	0.11600669	0.0107510565	0.0017009154	-0.060441263	-0.032629676	-0.050924607	-0.042121578	-0.062486224	0.080842264	0.058703285	-0.055445455	0.023117771	0.037708323	-0.07800575	-0.048461672	0.009138435	-0.012736717	-0.13716492	-0.022692503	0.059286308	0.007830927	-0.06229807	0.0741119	0.06374157	-0.03877023	0.0077587157	0.0434303	-0.04345643	0.011090091	0.07000003	-0.047422215	0.06223159
embedding_0077	0.4975303	0.6292754	0.5888508	0.5825674	0.579964	0.653057	0.5878446	0.6883022	0.5935329	0.6014995	0.6409297	0.55552655	0.5950243	0.63533884	0.6082612	0.59478724	0.61648095	0.6734219	0.6499244	0.61751544	0.6862885	0.60360235	0.57556313	0.5730751	0.6311719	0.60855675	0.5664914	0.5907004	0.62098145	0.5865979	0.6308988	0.57844585	0.62407887	0.5595146	0.59579647	0.569419	0.61299235	0.5969687	0.5488454	0.58881384	0.64442545	0.630617	0.661909	0.6229559	0.5684909	0.60467166	0.61515814	0.67150795	0.57845974	0.5807906	0.56028146	0.6025362	0.6171137	0.5697175	0.6154547	0.490238	0.62303555	0.59292966	0.64127773	0.62840945	0.57440996	0.64222103	0.6240438	0.6628257	0.557876	0.61047304	0.6428352	0.58008754	0.62322867	0.6003646	0.6037774	0.6024362	0.61421037	0.5774541	0.64507455	0.5747822	0.5927791	0.63233215	0.61693877	0.61629885	0.58411753	0.59708685	0.57775205	0.62641567	0.61452717	0.5749086	0.6035289	0.60708576
embedding_0078	0.7371555	0.71557194	0.62208855	0.65795225	0.607133	0.6128183	0.7215342	0.7448741	0.64969265	0.7589876	0.6833457	0.7140844	0.7798436	0.6793933	0.6799012	0.7103192	0.733208	0.74291885	0.6847305	0.6011026	0.6806787	0.6876115	0.6435427	0.7003149	0.63337404	0.69855356	0.6695623	0.6681723	0.64474356	0.6799555	0.68153024	0.58291554	0.6284707	0.6392409	0.60446835	0.6583802	0.6092578	0.6430434	0.7186529	0.5658512	0.5952038	0.6971921	0.66764206	0.7199301	0.7363057	0.687809	0.6482623	0.6067821	0.73946786	0.63323295	0.7496825	0.7076832	0.74109226	0.7442312	0.59383506	0.8469374	0.56847966	0.6534708	0.6796156	0.62659633	0.73054594	0.7313231	0.60785943	0.6509024	0.6248814	0.5953015	0.65543747	0.654903	0.66322243	0.7261031	0.65693974	0.62500477	0.68232477	0.7607056	0.697241	0.6634125	0.6582474	0.647708	0.6067275	0.6498798	0.6733668	0.6410299	0.66137815	0.62938106	0.70361674	0.65771914	0.6473213	0.70147765
embedding_0079	0.14561996	0.14224863	0.060412146	0.059356187	-0.015653921	0.2660307	0.032153554	0.050352935	0.04128774	0.15672688	0.022091867	0.14981966	0.047434486	0.08315695	0.03634244	0.050325576	0.113063976	0.083845206	0.098361805	0.05474687	0.09491282	0.004246487	0.05620619	0.014023454	-0.0018488539	0.06735936	-0.1010346	0.035907973	0.010535634	0.054667447	-0.0066650836	0.108747765	0.07554283	0.040642463	0.10375201	-0.050320372	0.034497045	0.10148888	0.13509609	0.19362795	0.14270616	0.24407151	0.03521568	0.14081343	0.20356663	-0.053691622	0.025313769	0.0991579	0.026696974	0.010416928	0.09574456	0.07267602	0.18951039	0.09175687	0.028625423	0.05726713	-0.057296995	0.0830186	0.118488625	0.12567188	0.07169323	0.18470405	0.036707785	-0.017704865	-0.0556979	0.009306682	0.10847121	0.0070595243	-0.011146975	0.0762447	0.10696797	0.047358476	0.10395803	0.06295999	0.11776102	-0.03543981	0.06620074	0.15635927	0.0672323	-0.06555659	0.046828568	-0.0076902644	0.0040259873	0.047330372	0.03445146	-0.052389577	0.10560679	0.03300865
embedding_0080	-0.2675975	-0.29927242	-0.23579344	-0.3074448	-0.29157647	-0.16720825	-0.25033098	-0.31106022	-0.26602036	-0.31001368	-0.31472024	-0.24857268	-0.23631965	-0.26697624	-0.24613543	-0.32876414	-0.23547813	-0.2689398	-0.2478825	-0.27295545	-0.22235379	-0.2613242	-0.31697068	-0.25183108	-0.28700295	-0.2617046	-0.24479082	-0.28020754	-0.21019289	-0.2859233	-0.25309414	-0.26474777	-0.29792982	-0.23283942	-0.30135536	-0.19463758	-0.24229547	-0.28086734	-0.25030366	-0.22338481	-0.23679838	-0.22861822	-0.21613538	-0.2364792	-0.2585242	-0.22034338	-0.2748909	-0.23901075	-0.30838287	-0.22603485	-0.29832134	-0.24890535	-0.21808459	-0.3102386	-0.24868046	-0.29351163	-0.21330094	-0.24146858	-0.30125245	-0.26475483	-0.26368845	-0.21610919	-0.24508527	-0.32306254	-0.28803802	-0.28457245	-0.24544002	-0.2652171	-0.2929704	-0.31310812	-0.26318416	-0.26730272	-0.30699757	-0.3045199	-0.2253363	-0.28265157	-0.24090172	-0.22336191	-0.27226913	-0.2849361	-0.28394917	-0.23364547	-0.21209908	-0.28590116	-0.2980562	-0.30122414	-0.2696728	-0.2801601
embedding_0081	1.1699564	1.1331172	1.254908	1.1935662	1.1981887	1.097563	1.2009354	1.2352371	1.2329044	1.1753995	1.1284338	1.2494698	1.1549824	1.2098541	1.1816993	1.1342958	1.1849031	1.2230623	1.2398049	1.199389	1.2779806	1.2205979	1.256682	1.1748286	1.1495703	1.2703799	1.2329317	1.15221	1.1499534	1.2009279	1.189011	1.1856025	1.1520556	1.2092324	1.1905813	1.2322528	1.2372305	1.0989014	1.1232562	1.1492356	1.2080798	1.2273208	1.2086089	1.2254755	1.210372	1.2573403	1.1985507	1.2255983	1.1992176	1.2244959	1.233285	1.2083521	1.2445091	1.1868119	1.2618695	1.1714776	1.2071148	1.229824	1.2048417	1.1970187	1.2037687	1.1861498	1.2335684	1.1825275	1.1464899	1.2040094	1.2020882	1.1779404	1.2013204	1.1890664	1.171029	1.1352088	1.1857824	1.2198234	1.2381389	1.2084079	1.1880071	1.1939169	1.1560096	1.1732334	1.2168889	1.2115308	1.1870685	1.1816723	1.1856365	1.0976257	1.1783547	1.1521301
embedding_0082	-0.47587368	-0.5117849	-0.38809398	-0.4656506	-0.41240543	-0.4208586	-0.39353946	-0.49382237	-0.38193035	-0.48255306	-0.40096894	-0.41491127	-0.4232526	-0.40881518	-0.42267945	-0.42087755	-0.43196216	-0.37331378	-0.38205376	-0.42936212	-0.41845492	-0.42062294	-0.40720025	-0.4026003	-0.4539279	-0.40894273	-0.381607	-0.39888966	-0.43139696	-0.43647173	-0.39911324	-0.45081928	-0.48078406	-0.38482094	-0.4136812	-0.36530903	-0.40900713	-0.4585228	-0.43814594	-0.43831077	-0.38194877	-0.37055668	-0.4041341	-0.39834416	-0.4199785	-0.3837659	-0.42844734	-0.4394543	-0.4223887	-0.39236262	-0.46109182	-0.4250867	-0.41699818	-0.4448825	-0.412296	-0.44779193	-0.46933475	-0.4342435	-0.40418833	-0.43755502	-0.39168525	-0.41537517	-0.44273272	-0.40749443	-0.4032677	-0.41728207	-0.3928663	-0.39770994	-0.45017457	-0.42316398	-0.40478978	-0.38570625	-0.4504235	-0.4428422	-0.42671677	-0.42899296	-0.43988097	-0.41347322	-0.43493086	-0.43372265	-0.4416071	-0.36990142	-0.43235686	-0.41398448	-0.42954773	-0.45123664	-0.40314022	-0.39470455
embedding_0083	-0.313871	-0.38080892	-0.35729364	-0.38196573	-0.28260627	-0.2941121	-0.27841368	-0.34516403	-0.37213123	-0.41437638	-0.29171574	-0.28871801	-0.2718766	-0.2796777	-0.3534553	-0.29029596	-0.348457	-0.29499492	-0.39291364	-0.29616243	-0.37935856	-0.24215987	-0.3588709	-0.3536258	-0.22506389	-0.36170334	-0.30023524	-0.30246317	-0.27716306	-0.35254008	-0.36839044	-0.41560796	-0.29276556	-0.34824994	-0.3769039	-0.26327896	-0.33485505	-0.3057625	-0.28603536	-0.28024587	-0.33101493	-0.43028933	-0.29300275	-0.40700975	-0.44691965	-0.25338125	-0.29926378	-0.34710577	-0.34868398	-0.37329632	-0.3715978	-0.3622543	-0.36563867	-0.35387558	-0.28771892	-0.3757333	-0.30710703	-0.38793755	-0.2913018	-0.37680206	-0.39322093	-0.35440174	-0.39537403	-0.31331682	-0.3211727	-0.29778975	-0.35626253	-0.30678532	-0.24385783	-0.3366424	-0.32273528	-0.30642453	-0.3014188	-0.3816798	-0.34121886	-0.31409365	-0.37553316	-0.44091225	-0.29103404	-0.29991847	-0.37742805	-0.365068	-0.34903723	-0.3418313	-0.33539435	-0.21213627	-0.38561806	-0.31225795
embedding_0084	-0.05250594	-0.04689887	-0.014101095	0.01469221	0.090750694	-0.08048625	-0.017805874	-0.018122135	0.032629743	-0.07665583	0.050348077	-0.05059002	-0.06637822	0.029747207	0.01715349	0.0083986875	-0.0470441	-0.046634894	0.025243783	0.06000345	-0.010010402	-0.033869103	-0.017972142	0.00864043	0.06494876	-0.034717966	-0.009504347	0.026166074	0.07654173	-0.007484722	0.008156179	-0.010304308	0.006039172	0.004390864	-0.0029424445	-0.0033563816	0.039890025	0.039857946	-0.037388735	0.038793534	0.06999212	0.0064323917	-0.027977144	-0.02809023	-0.024475984	0.018421357	0.056508522	0.021234479	0.012721846	-0.009302391	-0.0953219	-0.024541857	-0.06659108	-0.0074463766	0.04584236	-0.0531605	0.077729985	-0.051802225	0.026372947	0.009954561	-0.03483064	-0.05101842	0.029163614	0.001718311	0.0666201	0.060263343	0.034596883	0.015168602	0.038528297	0.04112047	0.016346738	-0.008644538	0.016023947	-0.07022631	-0.07433453	0.04334051	-0.010207867	-0.005693099	0.022738213	0.04011128	0.034584157	-0.028550513	-0.018000616	0.07898549	0.005838177	0.017510297	0.000499609	-0.0062108287
embedding_0085	-0.105539836	-0.15515135	-0.19473477	-0.12532288	-0.19860755	-0.2173029	-0.16960205	-0.18696056	-0.14998212	-0.14910002	-0.13185565	-0.16169493	-0.1568221	-0.16091903	-0.16947734	-0.118247844	-0.187822	-0.18451047	-0.22349319	-0.18851477	-0.28249156	-0.1351437	-0.2015383	-0.21775667	-0.032529812	-0.1488517	-0.23055945	-0.096053824	-0.19969581	-0.15002544	-0.1367641	-0.18039736	-0.113015935	-0.12880495	-0.14899588	-0.24236858	-0.16060534	-0.111599356	-0.1539267	-0.15065958	-0.16617386	-0.29905152	-0.19852045	-0.22619964	-0.21951306	-0.21513307	-0.16769376	-0.22212042	-0.12517762	-0.20479515	-0.24152938	-0.19266407	-0.23250604	-0.18646231	-0.22991696	-0.037891567	-0.16345489	-0.23316868	-0.20419809	-0.15497056	-0.21641292	-0.2012938	-0.22820768	-0.17382827	-0.08818932	-0.18376242	-0.21989073	-0.20396635	-0.20798446	-0.20725256	-0.14977327	-0.14547215	-0.18755148	-0.14087288	-0.19984867	-0.17265952	-0.23488738	-0.26910838	-0.19199838	-0.094606675	-0.19219407	-0.25864154	-0.1896826	-0.22069924	-0.20003797	-0.056701098	-0.17087543	-0.17539519
embedding_0086	-0.33061802	-0.28118634	-0.41326934	-0.3463828	-0.38789904	-0.27702346	-0.26661283	-0.22146718	-0.318036	-0.27071387	-0.30682093	-0.34387887	-0.3146498	-0.24863249	-0.307298	-0.28431374	-0.28150752	-0.28186402	-0.34028855	-0.30799237	-0.29446316	-0.3593118	-0.33797055	-0.2969278	-0.33061546	-0.31904876	-0.3759145	-0.40127018	-0.37326425	-0.33337682	-0.26043063	-0.2575175	-0.24387947	-0.33000475	-0.2853727	-0.37995493	-0.3677486	-0.18160889	-0.2901927	-0.21262734	-0.35845083	-0.3012557	-0.2752049	-0.28177962	-0.23664182	-0.3934931	-0.3231533	-0.32604906	-0.32235032	-0.35739768	-0.3177034	-0.30334198	-0.2718105	-0.28301084	-0.3175663	-0.28597444	-0.36239716	-0.31659862	-0.3075734	-0.32261336	-0.34976974	-0.2893629	-0.32222953	-0.340381	-0.36161262	-0.35033008	-0.282772	-0.32353354	-0.3409561	-0.24048372	-0.25960004	-0.29635623	-0.2666415	-0.2735415	-0.2834491	-0.3074664	-0.22664014	-0.2866151	-0.30741644	-0.33263466	-0.2687819	-0.3865774	-0.3123295	-0.24319726	-0.2973247	-0.32917976	-0.24662234	-0.3298351
embedding_0087	0.0117511	-0.050553292	0.03571187	0.042372096	0.0867784	0.03001782	-0.048222512	-0.071295634	-0.05540062	-0.053001825	-0.024494266	-0.050867897	-0.013127561	-0.048039697	-0.022604866	0.01939619	-0.08644302	-0.065406285	0.04436625	0.040722817	0.0067294394	0.047349285	0.027502611	-0.061340842	0.069980435	-0.055927847	-0.011368654	-0.017622657	-0.036758162	0.0129456865	-0.056287926	0.020670943	-0.028341213	-0.023388425	0.008390086	-0.039890494	-0.012074279	-0.016559182	-0.009652177	0.07553044	0.04383964	0.03378921	-0.02863756	-0.018404402	-0.04823242	-0.09278443	0.016592229	0.036025062	-0.018765172	-0.014086593	-0.03379798	-0.025601657	-0.054377712	-0.015285746	0.0821024	-0.07620194	0.04950946	-0.004713872	0.03883013	-0.007606499	-0.06103932	-0.061821595	-0.007018211	0.037980396	0.014254164	0.041687906	0.0039758873	0.020383175	0.037416656	0.009875232	-0.0020481793	-0.013403109	0.0248695	-0.08471953	0.0017338907	0.0033546127	-0.049421337	-0.04509586	0.060286388	-0.031228177	-0.025284223	0.011697814	-0.020170288	0.008406141	-0.006443206	0.011981413	0.025261547	-0.013647076
embedding_0088	-0.27433798	-0.16931549	-0.25198433	-0.20752648	-0.22699945	-0.25499088	-0.27678654	-0.154561	-0.21684438	-0.10955267	-0.22294529	-0.19616205	-0.2650601	-0.18849644	-0.15601088	-0.21455726	-0.21115091	-0.2115522	-0.22849588	-0.1689917	-0.13621463	-0.19296469	-0.25733417	-0.22955394	-0.10224533	-0.22890282	-0.29326886	-0.21596655	-0.09214229	-0.21447791	-0.15934667	-0.22906396	-0.19732666	-0.2347425	-0.20402256	-0.23070757	-0.17989682	-0.19572489	-0.2271256	-0.13667259	-0.118237734	-0.2711667	-0.17378955	-0.2123817	-0.28503227	-0.16232648	-0.21311583	-0.1606704	-0.21198054	-0.19359902	-0.25439975	-0.21574831	-0.29250583	-0.24600963	-0.23422529	-0.178615	-0.17837168	-0.21478523	-0.24219346	-0.18049589	-0.2568559	-0.23439433	-0.06925198	-0.2122657	-0.20837665	-0.2611726	-0.21261977	-0.19348393	-0.18769136	-0.2192158	-0.19973098	-0.16902606	-0.2546737	-0.2137857	-0.21194811	-0.20440401	-0.19773592	-0.23596375	-0.24006586	-0.20630834	-0.19345713	-0.25591	-0.22250254	-0.19988687	-0.21064244	-0.15785329	-0.21947882	-0.26719424
embedding_0089	-0.41946882	-0.25271374	-0.3376391	-0.33573207	-0.4150675	-0.31019065	-0.33399993	-0.32599565	-0.24314383	-0.21261789	-0.3129837	-0.28026366	-0.37093875	-0.27816778	-0.3183344	-0.4108168	-0.2855425	-0.29453942	-0.34032407	-0.35579404	-0.26006278	-0.36517036	-0.36411226	-0.30546364	-0.4142397	-0.27520207	-0.41251963	-0.36016086	-0.36543515	-0.34030455	-0.31990066	-0.3633358	-0.29013276	-0.32685742	-0.33447725	-0.34506837	-0.33162764	-0.31823784	-0.2937827	-0.34021348	-0.35766688	-0.234146	-0.31050226	-0.28422663	-0.27222812	-0.306922	-0.33296716	-0.3214352	-0.33538014	-0.36971155	-0.24971008	-0.29127032	-0.26296684	-0.33203954	-0.40161952	-0.27062714	-0.41582906	-0.36815038	-0.38331303	-0.32638642	-0.27633	-0.27514625	-0.31223428	-0.38944277	-0.32374516	-0.34158733	-0.34939635	-0.31957203	-0.3600008	-0.35931548	-0.31242156	-0.37648627	-0.32577062	-0.25133488	-0.2754619	-0.29019466	-0.21436225	-0.18690358	-0.38850397	-0.40546358	-0.29262823	-0.28438997	-0.28706068	-0.34182605	-0.3009445	-0.36543328	-0.2967556	-0.33125246
embedding_0090	0.77716476	0.66330403	0.79331666	0.7057113	0.76913536	0.7349974	0.73321176	0.6576853	0.73335	0.66454613	0.71707726	0.670197	0.70069796	0.6829473	0.6980632	0.67854106	0.7893633	0.7118477	0.7295507	0.70982057	0.67479914	0.7356772	0.74853647	0.75981635	0.70065105	0.75132173	0.7132796	0.73060024	0.7810928	0.6837909	0.6820859	0.81255764	0.6996972	0.7639214	0.68865585	0.70418185	0.7248951	0.66874737	0.6359768	0.6573252	0.7276177	0.6876982	0.7007654	0.68562156	0.6663619	0.74328446	0.74170476	0.6719351	0.7065054	0.6734426	0.712585	0.6938397	0.727606	0.697081	0.7856807	0.6003359	0.74978113	0.7791197	0.72922516	0.68326294	0.6827486	0.70064336	0.6473025	0.73900485	0.6796978	0.73710185	0.77265364	0.7072136	0.6798943	0.62408406	0.69612026	0.77023196	0.6599015	0.7067844	0.70792323	0.706251	0.6925313	0.6292311	0.7448084	0.64146864	0.70318496	0.7635555	0.74247336	0.67952156	0.65632564	0.65404475	0.7027422	0.721497
embedding_0091	-0.06472689	-0.04473112	-0.04192767	-0.037728895	-0.041808404	-0.10423166	0.03722734	-0.09122265	0.04410708	-0.10189614	0.019658212	0.08145691	0.05221365	-0.041515015	0.02396232	0.0047778725	-0.0859771	0.034506068	-0.028560828	-0.050746676	-0.0540283	-0.004914231	-0.017785221	0.03612617	-0.031866245	-0.0016424479	0.0025921345	-0.004369562	0.11537818	-0.0371183	0.02184418	-0.10736655	-0.09550545	-0.00056187686	-0.07313719	0.052144524	0.011281283	-0.095966205	-0.035853043	-0.06776202	-0.03912507	-0.027183728	-0.06217019	-0.073332705	-0.075519264	0.08780131	-0.04446951	-0.08989045	-0.002636083	-0.0015936242	-0.04081038	-0.030018594	-0.045815296	-0.030348873	-0.04482464	0.049910102	0.03760141	-0.029880658	0.030582462	-0.053281084	-0.006682625	-0.0129171945	-0.015602642	-0.043265995	0.058125306	-0.0993662	-0.014550466	-0.025449624	-0.025807338	-0.07947603	-0.0037474236	-0.04271961	-0.057737313	0.025501395	-0.07412309	-0.022099724	-0.1017539	-0.10939612	-0.080712385	0.0275679	-0.007367411	0.029727302	-0.09054333	-0.061592627	-0.054586276	-0.00587361	-0.09187191	-0.028440747
embedding_0092	0.27678293	0.24803144	0.32081786	0.29107827	0.20388563	0.32418188	0.23724574	0.15869327	0.28832328	0.29292816	0.21943828	0.34681094	0.22864129	0.2928669	0.2602971	0.1780908	0.24185848	0.21598282	0.29754803	0.27491128	0.2857191	0.24232343	0.2699814	0.20751075	0.20081574	0.2655276	0.2342284	0.18547958	0.17625469	0.25302532	0.22171062	0.2400093	0.27136207	0.26216236	0.2710218	0.19881156	0.2701639	0.21046488	0.2620298	0.29867586	0.25181207	0.364869	0.21338332	0.2627313	0.3277616	0.22320536	0.22971083	0.33030203	0.23114116	0.19651546	0.33540028	0.2664978	0.27966914	0.21110971	0.19707234	0.26190212	0.25005943	0.26889604	0.3085523	0.28585222	0.21291219	0.27526602	0.30240443	0.19019404	0.25121787	0.27316374	0.2797119	0.2501723	0.24398373	0.2221373	0.25381634	0.29626247	0.28394926	0.22477378	0.26398233	0.23008326	0.31020263	0.39074692	0.22787239	0.1816588	0.28849873	0.30257338	0.2754496	0.2508997	0.2684284	0.21916564	0.2845998	0.2291422
embedding_0093	0.66318417	0.6293157	0.64280725	0.6941603	0.69515437	0.5686255	0.6580298	0.6167421	0.6498288	0.6007388	0.6530289	0.6751106	0.59125054	0.6548332	0.71250486	0.65590173	0.56166524	0.6477948	0.668967	0.65228826	0.6357111	0.594701	0.70110244	0.6779985	0.65948457	0.685075	0.6834256	0.7059445	0.6792515	0.69930106	0.6443082	0.6239392	0.65496546	0.67454815	0.6399896	0.7054622	0.6561265	0.62662166	0.59033734	0.6612234	0.6635263	0.6995912	0.6137992	0.6381234	0.65535206	0.6693069	0.66840374	0.64126843	0.68039685	0.6678722	0.582107	0.6102466	0.65203255	0.66059816	0.64967334	0.6508785	0.66941774	0.62388796	0.6855859	0.6506896	0.6827646	0.6519572	0.6458225	0.63471055	0.7071287	0.63825125	0.6675161	0.62163854	0.64402986	0.6364391	0.6682857	0.6114941	0.6342594	0.6007857	0.60791147	0.6293248	0.6095273	0.62420225	0.62699276	0.69626844	0.65018094	0.6883739	0.6320018	0.6656328	0.63159764	0.6528658	0.636777	0.6479212
embedding_0094	0.11729388	0.0032820676	-0.08568696	0.0017412604	-0.063977115	0.06329019	0.0028163954	-0.101378344	0.013875621	0.046687085	-0.07633963	0.08084487	-0.030647857	-0.12917776	0.012485624	-0.0099561075	-0.031961698	-0.09735891	-0.07765118	-0.06245858	-0.047369186	-0.05349054	-0.020254051	-0.09160983	0.0012728798	-0.029581135	-0.115321204	-0.0016986431	-0.022957016	-0.0099745225	-0.028140517	-0.02781711	0.026843147	0.0070070243	0.057148043	-0.016787127	-0.0020467178	-0.023079032	-0.012267953	0.12691942	-0.017692339	0.04041829	-0.050442178	-0.06970687	0.019662201	-0.111817755	-0.023150925	-0.02199301	0.060454767	0.050999332	-0.04159356	0.024330622	-0.050477825	-0.010020315	-0.1267636	0.09766365	-0.066974185	-0.026435798	-0.09100628	0.041252334	0.027810609	0.0021995632	-0.028394569	-0.10109094	-0.0033610503	-0.031272814	-0.049246795	-0.009209275	-0.07987742	-0.06738898	-0.019569287	-0.010425018	-0.029034665	-0.050814085	-0.008508989	-0.067388944	-0.03746895	-0.06767571	0.041187927	-0.035351615	-0.021899726	-0.04580866	-0.03867822	-0.084805675	-0.010820235	0.026555901	-0.023345184	-0.0440979
embedding_0095	-0.26478058	-0.1605934	-0.2596067	-0.26462197	-0.210963	-0.23660742	-0.27428374	-0.22163911	-0.22765876	-0.22077619	-0.1840583	-0.2773685	-0.24070345	-0.18121469	-0.251285	-0.25126934	-0.16728982	-0.16143546	-0.17029236	-0.21604334	-0.17398517	-0.20241205	-0.23287307	-0.17987446	-0.20265125	-0.28503445	-0.2833239	-0.241184	-0.19653459	-0.24892014	-0.23671232	-0.23685803	-0.24161637	-0.2597169	-0.19376515	-0.2348383	-0.23345174	-0.28591663	-0.20530237	-0.18820429	-0.17380735	-0.21055157	-0.1973838	-0.2198289	-0.26256406	-0.1740333	-0.19585384	-0.26158157	-0.27876937	-0.27975368	-0.20151654	-0.23972905	-0.23106734	-0.21420984	-0.2146807	-0.3381277	-0.3236582	-0.18455899	-0.18191473	-0.21232966	-0.21250594	-0.113561295	-0.21383096	-0.18771514	-0.26650056	-0.19158354	-0.19826184	-0.1794739	-0.203571	-0.21651834	-0.19161896	-0.27335066	-0.16440645	-0.22119947	-0.21741405	-0.20004866	-0.1944664	-0.21850388	-0.2126604	-0.2806812	-0.24624325	-0.19440627	-0.23927753	-0.17466317	-0.22356035	-0.27249965	-0.19376388	-0.2653921
embedding_0096	-1.4753447	-1.4584624	-1.3844929	-1.4801179	-1.4627831	-1.3033513	-1.4504894	-1.4295105	-1.3681802	-1.3305175	-1.442352	-1.4374522	-1.481958	-1.371596	-1.3719298	-1.4581554	-1.4150504	-1.3981549	-1.3702806	-1.3844607	-1.3437723	-1.3244846	-1.418412	-1.4675441	-1.4156939	-1.4272369	-1.5555289	-1.5217496	-1.4922161	-1.422413	-1.4446121	-1.3660624	-1.4018631	-1.4804889	-1.2896503	-1.3888615	-1.4143705	-1.4285477	-1.3828049	-1.299741	-1.2958386	-1.2662697	-1.4072675	-1.3199269	-1.3571532	-1.4968821	-1.4180783	-1.3833151	-1.4534959	-1.4563698	-1.3758107	-1.4356189	-1.3533726	-1.4296634	-1.4099292	-1.4378266	-1.4867902	-1.4392651	-1.3827475	-1.3410056	-1.3801608	-1.3820808	-1.3569118	-1.3676511	-1.5229493	-1.4317238	-1.4230319	-1.42652	-1.4416314	-1.3839728	-1.3985351	-1.4411157	-1.4138346	-1.325969	-1.4042232	-1.4599919	-1.4068717	-1.3342615	-1.4307445	-1.5423161	-1.3968402	-1.3941271	-1.4577806	-1.4252214	-1.4533018	-1.4856688	-1.3985296	-1.4864638
embedding_0097	0.016074296	0.04360833	-0.038277328	-0.014369336	0.010255879	-0.023443082	0.02317745	-0.060939193	0.08486468	-0.033615634	-0.029885478	-0.031086175	0.018293204	-0.045927577	0.06819182	0.021666208	0.038882725	-0.011492242	-0.013863552	0.030634329	-0.0012910041	0.054127447	-0.039333664	0.05539547	-0.0017606177	0.02252858	0.04896646	-0.0822924	-0.009899774	-0.010083127	0.07420017	0.044317756	0.080807924	-0.017681096	0.052940167	0.013269598	0.05079289	0.04923948	0.0075211395	0.06654178	-0.021301586	-0.09290225	0.020553362	-0.020871112	0.0029699516	0.0065099923	0.036676627	-0.023119178	0.081868045	-0.020439262	4.10211e-05	0.036162093	-0.05399325	-0.009314701	-0.081593044	0.07075482	0.13611293	0.0149235735	-0.09039024	0.016327584	0.014255097	-0.018784257	0.078009866	-0.007129369	0.05365451	0.033200804	0.023918044	0.04654986	-0.010681433	0.06812633	-0.00012014327	0.07447471	-0.009998563	0.061113562	0.00096317136	0.046458516	0.076337196	-0.020691972	0.004913149	0.040720772	0.060758576	0.014080221	0.07336732	0.037786257	0.018054897	0.031190991	0.014442565	-0.01878657
embedding_0098	0.64716166	0.60743654	0.63943124	0.63672286	0.63831246	0.5642491	0.5915105	0.57756007	0.5373759	0.5538233	0.5227111	0.58942574	0.6034625	0.49813372	0.60402536	0.56832874	0.6264319	0.5413468	0.53212917	0.57741183	0.56906396	0.6172384	0.59870315	0.61531603	0.6092645	0.6215144	0.6432066	0.6038004	0.6210064	0.5664897	0.56989914	0.5685335	0.5848598	0.6124624	0.51009625	0.5728937	0.59897834	0.59334725	0.5130136	0.52038896	0.54804677	0.5217833	0.63285947	0.532986	0.5149608	0.67749304	0.598261	0.53924924	0.6557112	0.59984714	0.5299051	0.58385926	0.524224	0.5575569	0.6124996	0.5655669	0.619569	0.6084887	0.5004007	0.57065064	0.58326167	0.54242396	0.59453636	0.5915198	0.6239439	0.60985816	0.59008014	0.5986812	0.55842227	0.50595415	0.54709977	0.61281127	0.50573695	0.54383373	0.5821678	0.6037365	0.5482521	0.46836066	0.5747222	0.56323606	0.55945367	0.6707854	0.6243686	0.5341389	0.538584	0.61360514	0.51668465	0.5431923
embedding_0099	-0.30937725	-0.32795933	-0.3251513	-0.31993917	-0.26924244	-0.27997893	-0.40764084	-0.42937165	-0.3502376	-0.4700435	-0.41250062	-0.35790995	-0.35768366	-0.327155	-0.29250157	-0.33660048	-0.36403754	-0.40180108	-0.33365706	-0.27235705	-0.30519947	-0.29750252	-0.36090204	-0.26177773	-0.3322531	-0.3252696	-0.25574455	-0.33197442	-0.2645187	-0.3497998	-0.31365043	-0.28551218	-0.3096838	-0.3386742	-0.36416638	-0.37213174	-0.30317175	-0.31894076	-0.3101503	-0.2871017	-0.3139137	-0.28636184	-0.28587496	-0.35560894	-0.4173043	-0.30744222	-0.31096724	-0.3260964	-0.3961162	-0.30764255	-0.38426802	-0.38562787	-0.39278546	-0.3542808	-0.28898132	-0.44349983	-0.13782541	-0.3056639	-0.32185522	-0.34619093	-0.35576224	-0.34617773	-0.27657658	-0.33961436	-0.30707368	-0.3159967	-0.345098	-0.28675628	-0.32559034	-0.35078436	-0.32784295	-0.31229302	-0.3436369	-0.4037011	-0.3134117	-0.3076407	-0.31493545	-0.37021124	-0.32114342	-0.30770826	-0.328287	-0.2759911	-0.35932407	-0.25615337	-0.33903602	-0.31600416	-0.29177037	-0.39093345
embedding_0100	-0.82915634	-0.72761226	-0.8532727	-0.77670836	-0.84154737	-0.82778645	-0.86758876	-0.7502894	-0.83938485	-0.7835883	-0.84089243	-0.7816083	-0.83273065	-0.7826978	-0.772483	-0.8168254	-0.7925647	-0.7818946	-0.7741276	-0.8178135	-0.7564333	-0.81300664	-0.87536854	-0.7992849	-0.7739928	-0.80687016	-0.8162011	-0.82779306	-0.7281482	-0.77659273	-0.78286123	-0.84557945	-0.80325365	-0.868228	-0.84393775	-0.83697826	-0.8180658	-0.74608564	-0.8372045	-0.86466587	-0.79989666	-0.84046066	-0.78570193	-0.7993844	-0.8278659	-0.7561345	-0.8223641	-0.7630542	-0.8224941	-0.8082591	-0.8338589	-0.82793814	-0.81284493	-0.84163857	-0.8491515	-0.8437562	-0.7349221	-0.8320572	-0.848294	-0.8174904	-0.80394083	-0.7560575	-0.7908504	-0.7942621	-0.8020675	-0.80411726	-0.8118096	-0.8283661	-0.8069993	-0.8306102	-0.79336584	-0.80674374	-0.84882957	-0.81296504	-0.79582375	-0.80557925	-0.81083465	-0.8170237	-0.8548341	-0.78796256	-0.8203381	-0.8583266	-0.7682242	-0.80874735	-0.7962853	-0.7979287	-0.84228265	-0.8467715
embedding_0101	1.0483441	1.1456314	1.0823104	1.0659097	1.0187632	1.0426348	1.1468456	1.129226	1.1506872	1.1145777	1.1338682	1.1070868	1.0911391	1.1185125	1.0974509	1.0493053	1.1648891	1.2125207	1.0727541	1.1051353	1.1681764	1.0819098	1.023355	1.108514	1.076505	1.1360557	1.0733359	1.0439743	1.1721965	1.0889839	1.1479977	1.0665321	1.062304	1.0374538	1.0903662	1.1071868	1.1234505	1.1514164	1.0574805	1.0096254	1.17894	1.0979352	1.1641731	1.1610883	1.0503556	1.2023027	1.1271509	1.1340914	1.1239631	1.050707	1.1092983	1.115231	1.0715835	1.0402372	1.0587403	1.1093491	1.0805315	1.1289304	1.047567	1.1160411	1.1385067	1.1413777	1.1131843	1.1163791	1.0444466	1.042979	1.1382972	1.1018198	1.1020948	1.0343213	1.1271051	1.1025882	1.0827981	1.149514	1.0988399	1.0968413	1.1303868	1.1184351	1.0606356	1.0933033	1.1382531	1.128723	1.1087666	1.0683093	1.1184509	1.0647157	1.0896263	1.0773232
embedding_0102	0.00795925	0.0500825	0.09163009	0.03078449	0.084645204	-0.002743643	0.047732916	0.072440326	0.031370856	0.078286804	0.11652325	0.04311653	0.07223599	0.12281234	0.030590134	0.055635847	-0.00023022323	0.13492145	0.032195408	0.057780523	0.046451006	0.016150767	0.06148404	0.059224937	0.03154066	0.07608424	0.09092801	0.084671445	0.04357603	0.020808699	0.02241071	-0.040112678	-0.024400845	0.072964616	0.06644553	0.101992115	0.07753662	-0.015407413	0.102716476	-0.019124372	0.06332605	-0.04027702	0.100005485	0.124154635	-0.017897962	0.1471504	0.06582961	0.00093444507	0.035689875	0.044747476	0.09176495	0.031272635	0.060979996	0.050100107	0.083192445	0.011141623	0.007007549	0.035530947	0.13548689	0.039267696	0.09073912	0.028658232	0.035314973	0.019700252	0.10659055	0.12765126	0.04010737	0.078087546	0.10871575	0.02112599	0.060956847	0.036343187	0.07608608	0.018101508	0.07237022	0.08004331	0.027850224	0.089810565	0.0048524044	0.0776364	-0.0055329306	0.03877725	0.034179464	0.018963695	0.05570112	0.06745156	0.04170051	0.06743612
embedding_0103	-0.73776555	-0.8331884	-0.82394737	-0.7854164	-0.67193264	-0.7088879	-0.81623113	-0.87870604	-0.8271214	-0.8647764	-0.7856522	-0.90758246	-0.84041315	-0.82931054	-0.827	-0.77266884	-0.80146873	-0.8603831	-0.77309364	-0.7455456	-0.8557587	-0.8190248	-0.7766342	-0.7961696	-0.6904497	-0.8779035	-0.82886946	-0.7140228	-0.790488	-0.77032775	-0.83847374	-0.7093768	-0.7306932	-0.7652306	-0.7286576	-0.85773814	-0.7818623	-0.76471007	-0.7741208	-0.69633514	-0.74461865	-0.8371579	-0.87064093	-0.9070238	-0.85339737	-0.88688153	-0.7579784	-0.82283133	-0.81707287	-0.7992519	-0.8661877	-0.8411575	-0.89717615	-0.82643765	-0.7697357	-0.93539786	-0.7638149	-0.76594347	-0.79713696	-0.80905336	-0.8955741	-0.81425387	-0.8842599	-0.7738608	-0.7647515	-0.7670421	-0.85272527	-0.76500493	-0.81535244	-0.90103465	-0.7724156	-0.71863955	-0.76734674	-0.99125445	-0.8214956	-0.815089	-0.77120656	-0.8685629	-0.68745965	-0.78777367	-0.803892	-0.82418436	-0.8451184	-0.80626535	-0.7856067	-0.7690343	-0.7105533	-0.83560187
embedding_0104	0.3169926	0.33880946	0.39945793	0.35969615	0.43062502	0.32251814	0.33723783	0.44656098	0.35435465	0.39826953	0.37130162	0.29513323	0.34151936	0.3991521	0.43099412	0.38143197	0.31394586	0.38572967	0.43679035	0.49215674	0.4749115	0.40717864	0.33388335	0.3524796	0.46783662	0.34575105	0.42007056	0.35567757	0.42244846	0.46716955	0.40526927	0.35849497	0.35775265	0.38625613	0.36250266	0.4159806	0.42169523	0.4537123	0.37817296	0.34833708	0.50496566	0.38266295	0.39545235	0.46634054	0.33942333	0.41852877	0.42828912	0.47053593	0.41791958	0.38945952	0.31065103	0.36574915	0.33945462	0.31337014	0.4363813	0.28309909	0.49485272	0.39491838	0.39330512	0.36757305	0.37746778	0.3498046	0.45725468	0.44227728	0.4342653	0.3955061	0.40586197	0.47080275	0.48014888	0.3533427	0.4503784	0.38518885	0.3763717	0.27104676	0.39540887	0.40770042	0.36354628	0.38850522	0.43908638	0.40257826	0.35882643	0.4225138	0.42710456	0.43222508	0.4109983	0.42499968	0.4613318	0.40713385
embedding_0105	0.4981147	0.52480215	0.49181283	0.45081016	0.44369993	0.48678017	0.46183687	0.57215744	0.5646291	0.47240418	0.5028377	0.4686827	0.4306817	0.48735273	0.49741998	0.44499558	0.49694073	0.5227688	0.4820709	0.52276444	0.5667586	0.5037499	0.45755297	0.5210657	0.44764817	0.5062707	0.51493496	0.43844727	0.5462816	0.48101768	0.50234675	0.49959052	0.5155211	0.49439085	0.5007703	0.5455553	0.55577725	0.4778108	0.506645	0.49196303	0.5274126	0.44449443	0.56674856	0.52617997	0.47625807	0.5519384	0.49159297	0.55839026	0.40306523	0.48760492	0.55124915	0.46517962	0.52855694	0.46417558	0.4978238	0.43898085	0.55849016	0.5219718	0.42867976	0.48912403	0.4690951	0.5162809	0.5786246	0.50564754	0.47806162	0.47659314	0.43710297	0.51164186	0.51495606	0.40054837	0.4597751	0.4888138	0.46401507	0.46536785	0.56810594	0.5029949	0.5667052	0.55911237	0.5065747	0.49442953	0.5182777	0.5062367	0.4808963	0.46164414	0.51312256	0.46254474	0.51526463	0.47777587
embedding_0106	0.77578795	0.78397566	0.676185	0.82271063	0.7896771	0.8596928	0.7163774	0.7699739	0.7319803	0.8236901	0.793871	0.748041	0.81180537	0.7493459	0.7486151	0.85578865	0.6759727	0.6810929	0.7086634	0.81128925	0.6186113	0.78711843	0.72109586	0.6325048	0.9195552	0.74535143	0.7304828	0.77695554	0.69918007	0.7578668	0.7237628	0.7764563	0.79520226	0.7576263	0.8140058	0.65781987	0.7410926	0.8812024	0.8037278	0.95892936	0.77535725	0.68024266	0.7233341	0.69858205	0.73236966	0.5860119	0.72289723	0.7814041	0.7816719	0.7610595	0.7114229	0.73473275	0.62312216	0.8174852	0.8059339	0.88120115	0.7472448	0.70266724	0.7925699	0.7912716	0.6654662	0.71855885	0.7384791	0.75546694	0.85610396	0.845084	0.73087174	0.6957525	0.79282105	0.7728655	0.7978789	0.7986131	0.829033	0.6903893	0.74843556	0.7715651	0.7252373	0.691558	0.86120397	0.79417354	0.74761325	0.67547435	0.7497691	0.72839564	0.7725202	0.89121646	0.80123824	0.8126072
embedding_0107	0.8618051	0.84987384	0.7961784	0.9200968	0.92695796	0.7985192	0.8253446	0.8682946	0.78805995	0.9118232	0.8980058	0.85103506	0.8264167	0.8339497	0.9263934	0.964644	0.7606179	0.830812	0.8405253	0.9134513	0.808331	0.8339757	0.8707256	0.8665344	0.9785864	0.8400092	0.904784	0.9175907	0.9084133	0.90469474	0.8523492	0.8809438	0.91311044	0.9239777	0.862449	0.88579625	0.86823815	0.9142096	0.85569805	0.9303581	0.88490975	0.8264956	0.8406293	0.82444113	0.85032517	0.8483947	0.84596175	0.9083768	0.85256916	0.9193505	0.8134016	0.8522869	0.8168825	0.8949781	0.899536	0.8989275	0.9321022	0.85217214	0.94979656	0.87941056	0.7974453	0.79973	0.8997816	0.86071384	0.96106124	0.8910602	0.8724902	0.90374714	0.9151387	0.864803	0.8768827	0.92199343	0.9010694	0.76256174	0.8040029	0.88992447	0.8291701	0.83975655	0.93356043	0.9203319	0.80566865	0.7767782	0.89244205	0.86384845	0.87322056	0.9823868	0.9200959	0.91960466
embedding_0108	0.38075024	0.38384908	0.38651532	0.4827613	0.3748494	0.30409598	0.34826636	0.40876386	0.29975495	0.37995958	0.35939655	0.4134746	0.33206585	0.33166313	0.4087467	0.42952016	0.27885023	0.26042348	0.3396933	0.31700182	0.27487066	0.29053995	0.39843994	0.33261007	0.41133282	0.38430503	0.4415493	0.5138125	0.40337035	0.42781463	0.35186362	0.35640377	0.34310824	0.39077199	0.38541475	0.39039388	0.37513417	0.40525436	0.28449714	0.3234364	0.34109116	0.3364339	0.2624733	0.23192286	0.39486933	0.23580493	0.29167593	0.38076648	0.41759628	0.46206316	0.2894033	0.35909164	0.34298146	0.40551367	0.32868695	0.5181033	0.4006763	0.3509509	0.34137174	0.34843934	0.36735955	0.33395147	0.31414106	0.35317817	0.48813218	0.36649352	0.3372804	0.29479674	0.2938654	0.28281406	0.31872457	0.3705448	0.32107335	0.31318468	0.2931305	0.3347507	0.27810314	0.2848654	0.37431586	0.46344718	0.36855814	0.33754268	0.3473042	0.29005632	0.33559754	0.4001667	0.31524417	0.40172547
embedding_0109	0.38285774	0.49082732	0.4072614	0.47437644	0.44834298	0.42327893	0.41879094	0.5006841	0.49247554	0.616871	0.51692724	0.47554082	0.4173588	0.50044876	0.5185735	0.52117574	0.42444056	0.50583804	0.44514066	0.53995734	0.47331303	0.48890954	0.4357616	0.45329532	0.48665133	0.4973522	0.44781056	0.44402996	0.48454952	0.49836993	0.4950525	0.50266486	0.4344067	0.49618506	0.46803743	0.43447062	0.48241904	0.48067752	0.49221572	0.41678697	0.5115569	0.5029764	0.4732527	0.53818184	0.47769484	0.4340724	0.43076685	0.52722514	0.4423368	0.44981143	0.4930436	0.47880638	0.4791518	0.51131606	0.5071626	0.57834643	0.5356013	0.47194153	0.5309036	0.45892352	0.49157703	0.524024	0.5801368	0.47162193	0.48587894	0.44207722	0.47105506	0.50068825	0.5212849	0.4896715	0.4774785	0.47685122	0.50010866	0.5553949	0.448272	0.5182993	0.4444654	0.47628978	0.4232216	0.45179486	0.5244189	0.44867754	0.43326363	0.485462	0.47649503	0.5044049	0.45278302	0.48946828
embedding_0110	-0.34062868	-0.2331419	-0.2342964	-0.26357585	-0.3438112	-0.19371417	-0.26379624	-0.30800894	-0.19884913	-0.21242383	-0.2896911	-0.27553335	-0.27478647	-0.2537526	-0.23946886	-0.30801404	-0.16826974	-0.21211894	-0.23145011	-0.26894224	-0.18217282	-0.24882963	-0.27379736	-0.24895513	-0.28790224	-0.29599375	-0.32465017	-0.31823716	-0.23098029	-0.26177853	-0.14917156	-0.27848935	-0.27396044	-0.29441962	-0.24635568	-0.27261153	-0.27328342	-0.30603096	-0.22359362	-0.28495425	-0.19503804	-0.24891458	-0.19783002	-0.22523122	-0.2440446	-0.19068004	-0.23089044	-0.23574352	-0.22315697	-0.24460293	-0.24673048	-0.20335373	-0.29022023	-0.28455606	-0.36387265	-0.24256548	-0.29111224	-0.2481293	-0.3563213	-0.19610497	-0.21839412	-0.24130067	-0.124700874	-0.30948874	-0.2597812	-0.28799745	-0.25213945	-0.22565344	-0.27972773	-0.2107381	-0.27684587	-0.2045033	-0.32517812	-0.18985899	-0.1927714	-0.26718485	-0.17685764	-0.23486982	-0.34127334	-0.2870867	-0.19939834	-0.25463134	-0.25048563	-0.22693071	-0.25012833	-0.35541895	-0.20017894	-0.3448654
embedding_0111	0.700683	0.66121805	0.5592788	0.65770656	0.60629445	0.59583527	0.6316314	0.5888634	0.623787	0.6369292	0.6567136	0.71199673	0.62983334	0.60762614	0.5526822	0.6334677	0.59920156	0.53988785	0.5656209	0.55209374	0.5181902	0.56365573	0.60315543	0.5825519	0.6046035	0.5913662	0.55744433	0.71193904	0.46331272	0.63968354	0.57728046	0.5892486	0.6016403	0.6623546	0.6396059	0.5591012	0.58319616	0.6022977	0.63044244	0.7156946	0.53489035	0.6930896	0.51198655	0.5070391	0.6731614	0.47402817	0.5732769	0.5397906	0.6080015	0.626825	0.63637275	0.60009587	0.62711436	0.66717046	0.55346656	0.76619095	0.55601615	0.5578168	0.5832904	0.578005	0.58361185	0.6247177	0.429866	0.54164433	0.6535794	0.6212355	0.5734054	0.60348207	0.5676326	0.54339737	0.64208245	0.58463	0.6679281	0.6010683	0.5993865	0.6015282	0.6487968	0.5871493	0.66837645	0.61087394	0.60955924	0.6001264	0.6366363	0.51404345	0.63992476	0.61934334	0.6342592	0.61992073
embedding_0112	0.5366086	0.5518416	0.41931716	0.48822024	0.54201365	0.548894	0.46833378	0.48791054	0.48685843	0.41249606	0.41017514	0.46520424	0.46079522	0.49813786	0.5250178	0.4920414	0.51125216	0.52194846	0.5335873	0.51021415	0.52451587	0.5356331	0.509546	0.55873823	0.4578156	0.54041344	0.49109495	0.49157912	0.55058384	0.5246906	0.51808363	0.5041463	0.5281868	0.49373737	0.5168478	0.5532795	0.54316264	0.48109645	0.43514377	0.46829796	0.54814017	0.5623298	0.5262643	0.44780114	0.45889196	0.56632364	0.51211184	0.49801633	0.5058947	0.5533595	0.45931002	0.4629846	0.4972219	0.4872403	0.46816263	0.36730045	0.58695716	0.5449772	0.52441895	0.51692873	0.507376	0.6083216	0.5728457	0.51877606	0.44267148	0.46988705	0.52219886	0.5028258	0.45601323	0.41627872	0.50821507	0.44255766	0.47180837	0.48193583	0.5273461	0.47097933	0.46736008	0.5038916	0.5067523	0.4840289	0.46813926	0.5874407	0.4571489	0.46451694	0.49493042	0.43716723	0.47763184	0.47010815
embedding_0113	-0.17837238	-0.24817309	-0.3842464	-0.25272655	-0.22616602	-0.1048863	-0.3109924	-0.23661336	-0.32723147	-0.26915222	-0.38139227	-0.2505363	-0.21471849	-0.29520798	-0.28851733	-0.24545558	-0.2467592	-0.34287128	-0.23403081	-0.29317477	-0.2731748	-0.24840546	-0.26274413	-0.29089502	-0.27382064	-0.2813655	-0.27051538	-0.33257493	-0.31698474	-0.24828938	-0.27944648	-0.1999384	-0.22643787	-0.28113577	-0.2605841	-0.33225456	-0.30039874	-0.19172132	-0.25951383	-0.10170019	-0.33991846	-0.19427852	-0.2606566	-0.3069568	-0.18846309	-0.3304227	-0.29810235	-0.2176947	-0.32760903	-0.19332698	-0.25725377	-0.28934437	-0.245732	-0.22238222	-0.17543145	-0.24319509	-0.23131016	-0.2711383	-0.21681164	-0.23092228	-0.30438095	-0.21943147	-0.27656338	-0.3130696	-0.29082146	-0.2503368	-0.27773383	-0.29123122	-0.28273416	-0.21334453	-0.28184232	-0.29749048	-0.20766464	-0.32495597	-0.21031821	-0.28534922	-0.23082867	-0.23715861	-0.16641834	-0.29831648	-0.27635986	-0.30995396	-0.25904152	-0.22054987	-0.2495784	-0.23339358	-0.23609532	-0.27452457
embedding_0114	-0.13845468	-0.23185964	-0.24794064	-0.21654588	-0.2723347	-0.17133735	-0.19417737	-0.3010446	-0.15672274	-0.21110554	-0.16948031	-0.1837977	-0.15833493	-0.24482013	-0.24758638	-0.22149096	-0.17630392	-0.22238246	-0.27170202	-0.27195096	-0.26880065	-0.20146461	-0.24819246	-0.21624607	-0.19000429	-0.20659275	-0.3115318	-0.18234524	-0.19198439	-0.17139569	-0.21620525	-0.22394879	-0.20201305	-0.22986394	-0.19131555	-0.27827355	-0.24086022	-0.14539959	-0.17228222	-0.2169486	-0.19921786	-0.21475962	-0.31362885	-0.27598014	-0.21751396	-0.29232255	-0.20817533	-0.24412248	-0.16919531	-0.23539065	-0.26414412	-0.20872965	-0.23120068	-0.22130716	-0.3204096	-0.12996417	-0.24756832	-0.19101419	-0.30590928	-0.23307256	-0.24475108	-0.22283399	-0.3397913	-0.26909336	-0.1751062	-0.19605047	-0.23351662	-0.23198733	-0.2540419	-0.2827979	-0.20810512	-0.18019938	-0.2468414	-0.21922062	-0.2063923	-0.23025613	-0.23389946	-0.28684965	-0.14376922	-0.23923746	-0.18285728	-0.2519143	-0.18665764	-0.26675588	-0.21315886	-0.16092455	-0.18672542	-0.2003601
embedding_0115	-0.86505854	-0.95549273	-0.89914465	-0.8869431	-0.7957328	-1.0343823	-0.91320795	-0.9798167	-0.94608665	-1.038685	-0.967388	-0.90498185	-0.9003818	-0.9923082	-0.9042888	-0.90809953	-0.95891386	-0.97788376	-0.91369915	-0.96812254	-0.94272727	-0.86589104	-0.8535107	-0.8481148	-0.873566	-0.88046694	-0.8234398	-0.8888768	-0.91852784	-0.8903598	-0.87621444	-0.9445591	-0.9297444	-0.90422225	-0.9519933	-0.83844215	-0.88138026	-0.93557495	-0.97018236	-0.94400483	-0.9131488	-1.0376585	-0.9423792	-0.98344874	-0.96906847	-0.7980203	-0.8855115	-0.9888934	-0.8622457	-0.8371817	-0.9108784	-0.91936594	-0.9818655	-0.9522488	-0.9181827	-0.9152299	-0.84283215	-0.92792416	-0.9546154	-0.9444763	-0.8864179	-0.99699783	-0.91531134	-0.89618903	-0.819196	-0.9648759	-0.9418108	-0.876205	-0.9275251	-0.9146364	-0.93589914	-0.921565	-0.9585425	-0.95625067	-0.9633287	-0.8936919	-0.98275006	-0.9722612	-0.9207671	-0.882513	-0.99397683	-0.9136773	-0.86984	-0.9136571	-0.9368982	-0.91262877	-0.9684807	-0.94412786
embedding_0116	-0.006423402	-0.10177048	-0.061778735	-0.06800793	-0.08845769	0.024981715	-0.061813336	-0.018286671	-0.057796843	-0.016543444	-0.078582905	0.0556879	-0.06302433	-0.03900618	-0.08420445	-0.0873067	-0.01266838	-0.07066232	-0.034561675	-0.096166134	-0.0015580677	-0.107078455	-0.022598958	-0.018852456	-0.1629357	-0.039999943	-0.04044662	-0.1020263	-0.088886775	-0.04156006	-0.04158848	0.0010164941	-0.06683065	-0.06203919	-0.061811674	-0.0730143	-0.08360364	-0.046113156	-0.057967424	-0.036388703	-0.05016439	0.06440094	-0.08069681	-0.045522347	0.086371556	-0.15407307	-0.082085535	0.0033513478	-0.10096711	-0.01937441	0.015173752	-0.014696926	0.05640393	-0.005842925	-0.05794291	-0.0036858928	-0.15182818	0.0026775675	-0.051845193	-0.04050298	-0.036241494	-0.037237115	-0.0826314	-0.07580807	-0.10757647	-0.090929456	-0.021548355	-0.07621953	-0.09828247	0.00906909	-0.078508295	-0.04497392	-0.04179867	-0.01182228	-0.011015534	-0.089295834	-0.008082289	0.027114594	-0.057240117	-0.082330786	-0.036485627	-0.099462494	-0.010373746	-0.046749882	-0.061326776	-0.12912455	0.00023822539	-0.036587305
embedding_0117	0.9704558	1.0014777	1.0165709	1.0246276	1.1181494	1.0034186	0.97569513	0.92330664	0.9872088	0.9738567	1.0262104	0.9613879	1.0019904	1.0457408	1.0255456	1.0173949	0.9339815	1.016412	1.0223268	1.0359061	0.98881626	1.0269907	0.9820401	0.98722154	1.0630759	0.9759526	1.0445141	1.0462165	0.9659335	1.0106437	0.9798913	0.93892527	0.9939795	1.0501918	1.0128536	1.0229858	1.0715334	0.9762749	1.0435888	0.9416399	1.0023451	0.9893086	1.022438	0.9975517	0.8823518	1.0601113	1.0368258	0.9952112	1.0012028	1.024101	0.97777027	0.9956557	0.94545186	0.9359869	1.047785	0.89392334	1.0722778	0.9900361	1.008732	0.98664945	0.95778376	0.9789187	0.9660307	1.0076009	1.0735989	1.1161699	0.9967008	1.0596964	1.0298911	0.93720645	1.0705266	1.0294573	1.0025446	0.92072654	0.98793703	1.0626699	1.0217265	1.0452278	0.96993715	1.0650904	0.92019445	1.0669242	0.99994785	0.97902703	1.0020835	1.0475246	0.99909335	0.9988864
embedding_0118	0.105512194	0.116479754	0.08539067	0.11828014	0.14949179	0.11117637	0.22278996	0.19755247	0.23224404	0.16576043	0.1949542	0.07711253	0.123422176	0.11185372	0.15117797	0.21180546	0.14433014	0.22052424	0.18528575	0.16548063	0.119633146	0.15913272	0.21095861	0.13909212	0.13685569	0.16165276	0.1547882	0.17151587	0.035663802	0.109426856	0.12093567	0.1675377	0.08460463	0.20531191	0.19981977	0.13455942	0.10635213	0.15162502	0.16495982	0.12104881	0.13726042	0.19006188	0.11167964	0.2006301	0.17040917	0.13164984	0.14950235	0.11328629	0.20366414	0.1702711	0.13042651	0.15792963	0.198649	0.18886186	0.22962363	0.15884288	0.17556298	0.120320305	0.2556338	0.11577027	0.11691837	0.13772407	0.10352894	0.19293845	0.074139394	0.1147699	0.17086093	0.11980158	0.13135928	0.1438218	0.16170965	0.113836415	0.18298869	0.21462426	0.14576957	0.13123846	0.09874889	0.0876914	0.15254055	0.16193046	0.13641605	0.13286594	0.08159279	0.13756147	0.15788153	0.069797024	0.16919032	0.14555782
embedding_0119	0.30617005	0.35813233	0.31609684	0.39280483	0.30648598	0.4317963	0.34888658	0.401454	0.4213067	0.47790235	0.40604216	0.37538075	0.3029714	0.4274952	0.32536983	0.3445448	0.4275092	0.38230714	0.44191065	0.3905422	0.38088867	0.3354677	0.43015876	0.3616812	0.34062374	0.3517756	0.19636993	0.36174938	0.3333159	0.38138923	0.37082943	0.3904965	0.37494984	0.32319933	0.41354272	0.2652977	0.3365261	0.40603724	0.38630864	0.4381559	0.45953223	0.509695	0.30030563	0.40938413	0.47413248	0.213646	0.33627284	0.4023738	0.321395	0.32324687	0.42499396	0.38712376	0.44167316	0.33805367	0.36078018	0.42738408	0.23433551	0.36441132	0.4723333	0.41061598	0.34991893	0.41338253	0.33696222	0.3159937	0.27116397	0.31776622	0.37335312	0.34048793	0.33651528	0.3672324	0.422204	0.38571513	0.4428587	0.47438157	0.35004508	0.31207588	0.3471417	0.42657027	0.38466507	0.29395318	0.41530606	0.2871414	0.3405544	0.32448205	0.3711132	0.28140405	0.45317206	0.3848265
embedding_0120	-0.66545004	-0.6941562	-0.67863303	-0.69228333	-0.66996443	-0.79166454	-0.6564062	-0.77491975	-0.6944924	-0.6332458	-0.6814101	-0.67209846	-0.65087265	-0.691236	-0.6387715	-0.6422118	-0.78635716	-0.7249814	-0.76586676	-0.7171332	-0.7817748	-0.64202595	-0.7139785	-0.7121006	-0.6613271	-0.68960243	-0.6465254	-0.6690341	-0.712468	-0.68055737	-0.63659143	-0.69175154	-0.6704791	-0.60479206	-0.70033413	-0.6157719	-0.6788199	-0.7438666	-0.6469087	-0.69972396	-0.7217834	-0.7632979	-0.6639236	-0.7090777	-0.73700017	-0.6592699	-0.7095525	-0.7537826	-0.727016	-0.6702102	-0.72652113	-0.709835	-0.71342385	-0.6081519	-0.67050767	-0.63786995	-0.58604515	-0.79501706	-0.6669207	-0.6994237	-0.6938252	-0.7341684	-0.65886724	-0.67232317	-0.63330436	-0.7020895	-0.72069025	-0.68922436	-0.6569803	-0.68298304	-0.6761479	-0.6821917	-0.70092773	-0.6642516	-0.75452214	-0.66821086	-0.72979736	-0.6975793	-0.7689154	-0.6123781	-0.71235627	-0.7477067	-0.7148283	-0.66666514	-0.7103218	-0.5860211	-0.73203886	-0.6731749
embedding_0121	0.58045566	0.5239066	0.5547111	0.57509595	0.60921	0.4144371	0.5502543	0.46574265	0.4704629	0.46429184	0.5293962	0.510984	0.4851217	0.51166725	0.5184585	0.5260705	0.45672402	0.48813748	0.48874205	0.55837333	0.4482441	0.5323443	0.552592	0.57194453	0.5822339	0.51126033	0.58292955	0.60550416	0.5783079	0.54287267	0.49793282	0.4922298	0.53383684	0.6179101	0.45477086	0.5247078	0.56966335	0.52086633	0.48278973	0.45568636	0.5004822	0.4502367	0.49048513	0.4224229	0.44299287	0.55456483	0.54700387	0.49927086	0.5355087	0.51883477	0.46403965	0.49220312	0.4503809	0.52047294	0.5947685	0.50640726	0.61059564	0.50137115	0.556352	0.47365525	0.5085139	0.51903	0.4557641	0.5222202	0.6491251	0.5608645	0.5526563	0.5898982	0.5449563	0.44735688	0.51283073	0.53467506	0.53135884	0.4434705	0.4358975	0.57038426	0.47225404	0.49850357	0.5464033	0.57576466	0.4760676	0.5502626	0.50863576	0.52378434	0.50072527	0.5728483	0.4886229	0.5085568
embedding_0122	-0.29106447	-0.19358851	-0.24961646	-0.22957937	-0.18812858	-0.36310372	-0.30116075	-0.35452345	-0.25929502	-0.21352234	-0.2575778	-0.25450173	-0.33845884	-0.28772473	-0.21333987	-0.32594597	-0.26903227	-0.26668787	-0.2689259	-0.25598803	-0.21266578	-0.2671419	-0.15729459	-0.12627628	-0.28604126	-0.23416992	-0.34564665	-0.25075728	-0.17605111	-0.24812758	-0.2858973	-0.27385375	-0.24148104	-0.22953124	-0.24850868	-0.24448988	-0.2469611	-0.3501192	-0.28163037	-0.27616608	-0.26213604	-0.24733244	-0.2503041	-0.229484	-0.28788498	-0.22537754	-0.2640233	-0.26559383	-0.27300817	-0.2148018	-0.24433957	-0.25263673	-0.2355652	-0.25039464	-0.2621622	-0.321173	-0.2563763	-0.20451705	-0.2594118	-0.24344447	-0.22013311	-0.17398192	-0.15417527	-0.280598	-0.24465474	-0.25777557	-0.2590367	-0.17628643	-0.24040924	-0.30174783	-0.24096906	-0.33141702	-0.27466214	-0.20021024	-0.25513238	-0.18833606	-0.16676298	-0.19321695	-0.26363683	-0.28829446	-0.25704995	-0.21211113	-0.22245674	-0.25237262	-0.24594177	-0.265462	-0.27112603	-0.245526
embedding_0123	-0.06125025	-0.018646805	0.12427744	0.054074895	0.007728998	-0.11891833	0.009563327	0.030830156	0.014735786	0.05439423	0.073021084	0.10350406	-0.022965945	0.05585805	0.05104626	0.0824776	-0.097743236	0.004123151	-0.00089971453	0.020113166	-0.016975082	0.043077253	-0.0026726285	-0.0072588264	0.07204571	0.014398324	0.0029088832	0.081626534	0.013024757	0.07318207	0.010599125	-0.029480316	-0.034489393	0.08792607	0.01999899	0.056571893	0.007425691	0.06419161	-0.014308719	0.035109404	0.09661748	0.02215012	-0.0085570915	0.03244989	0.01419256	-0.058062743	-0.012037623	0.033420432	0.07990087	-0.0011158166	-0.009644872	0.011055754	0.022582414	0.024775364	0.07191613	0.14630564	0.00061156176	-0.0297829	0.02697247	-0.024471104	0.05332581	-0.016917966	-0.022065438	0.04913205	0.10653068	0.04517086	0.037124693	0.0028673029	-0.010431066	0.023574749	0.0715003	0.008820742	0.03346639	0.075632155	-0.06478766	0.026976967	-0.042740818	0.040730596	-0.023844529	0.10147459	0.043481953	0.009422972	0.04059677	-0.055428192	0.017805075	0.09063914	0.0024146289	0.037179995
embedding_0124	-0.5333155	-0.4099663	-0.5735139	-0.49473938	-0.53839254	-0.46264496	-0.4938748	-0.4998222	-0.46729487	-0.3730292	-0.46080196	-0.43031096	-0.49204445	-0.504158	-0.46922287	-0.4636771	-0.5150509	-0.4716646	-0.51033515	-0.4524797	-0.4851166	-0.54573035	-0.5198518	-0.48996398	-0.4790343	-0.46030316	-0.62364244	-0.5222851	-0.4449494	-0.47811633	-0.4572512	-0.5243305	-0.49292746	-0.46717495	-0.46734387	-0.51070476	-0.45512858	-0.4879712	-0.4765523	-0.3428322	-0.42759278	-0.45322767	-0.4627384	-0.45063806	-0.47543156	-0.50648993	-0.531743	-0.4732674	-0.4651009	-0.4266805	-0.5281146	-0.4712288	-0.5158089	-0.47832376	-0.4554868	-0.37901393	-0.5717848	-0.5172589	-0.458018	-0.4547172	-0.48649442	-0.468786	-0.43604532	-0.50518143	-0.47876537	-0.5285116	-0.50561655	-0.46362692	-0.54105055	-0.5117229	-0.38290605	-0.48458722	-0.44320613	-0.48401526	-0.4705454	-0.52143854	-0.49419853	-0.49980974	-0.5295271	-0.48575357	-0.4925935	-0.5666459	-0.5385624	-0.5357855	-0.48048472	-0.48203486	-0.4281681	-0.500413
embedding_0125	0.51827514	0.50852144	0.5629724	0.5569174	0.67716223	0.6961855	0.54780054	0.5659294	0.49702474	0.40752453	0.5555738	0.43747485	0.5390453	0.5323886	0.56513226	0.61883587	0.54971004	0.52895707	0.5894715	0.6065827	0.4917078	0.5235096	0.5763497	0.52914876	0.58672327	0.52626187	0.75824034	0.5221228	0.514936	0.46940136	0.52386934	0.61383265	0.5319267	0.48709947	0.5519215	0.52969056	0.5586854	0.5822032	0.52693397	0.58261746	0.53880936	0.475012	0.6070235	0.5811227	0.5069346	0.47502676	0.54894125	0.56897306	0.49969605	0.5954845	0.5421561	0.5301029	0.50301296	0.5721894	0.66150326	0.3746014	0.6227878	0.57799214	0.58165675	0.5514003	0.4428749	0.4737982	0.57893413	0.55602527	0.51662695	0.65065616	0.58023775	0.5445466	0.5481419	0.58302605	0.48488924	0.6420758	0.575655	0.35728928	0.5632973	0.54431796	0.54424316	0.5326392	0.5736202	0.5724706	0.5395223	0.56386876	0.48621503	0.60748106	0.551513	0.48572215	0.62649804	0.5378261
embedding_0126	0.17009357	0.15656169	0.24317023	0.14438702	0.14917059	0.09610824	0.20360987	0.1793982	0.16209313	0.12538645	0.22170664	0.095550686	0.19360691	0.2102425	0.15710863	0.15945666	0.23138666	0.22583221	0.21035251	0.15668365	0.1640811	0.21191062	0.20206273	0.24976866	0.13188486	0.22568493	0.21438096	0.23346086	0.16390033	0.16333616	0.15513101	0.20250173	0.119735	0.20352988	0.15975805	0.21068312	0.1590222	0.18043868	0.1705998	0.016458694	0.16348082	0.15234031	0.22101638	0.21048309	0.16764173	0.24361913	0.20481378	0.094667055	0.24318887	0.1314624	0.20599209	0.20043577	0.20137171	0.16556278	0.16604912	0.14752331	0.13165097	0.15476051	0.17034994	0.15638818	0.21673961	0.1340429	0.1474985	0.27049297	0.14077838	0.1600466	0.22925527	0.15886767	0.14358519	0.20815846	0.12989743	0.18518034	0.12034161	0.2536515	0.16901702	0.218241	0.18410508	0.20366275	0.15131387	0.19475046	0.16752046	0.21614332	0.19326818	0.1659786	0.16268395	0.13021107	0.12495308	0.17198987
embedding_0127	-0.17138642	-0.07248288	-0.10033696	-0.0379251	-0.08390361	0.025487646	-0.060731962	0.048962492	-0.039242808	0.059471417	0.010833733	-0.16253282	-0.12103097	0.021199059	-0.04012434	-0.023107683	-0.017347904	0.0122734085	0.013399497	0.055764496	-0.043485247	-0.079308376	-0.10369103	-0.09644486	0.0031462212	-0.06598346	-0.2036916	0.0011589415	0.030563556	-0.033482477	0.0016023585	0.024653152	-0.008391702	-0.052428238	0.01946468	-0.11581213	-0.08520189	0.08882962	0.02085542	0.07609939	0.1336154	0.034888633	-0.06504118	0.046604645	0.009711781	-0.19781224	-0.04599655	0.017992428	0.001978263	-0.107375495	-0.11269377	-0.038463715	-0.06402345	-0.03870177	0.006647975	-0.014662232	-0.15122126	-0.066643305	0.021493923	0.0034540042	-0.07252028	-0.011429105	-0.086344615	-0.028403308	-0.05598165	-0.060296882	0.0010931336	-0.06403619	-0.040900588	0.021102369	0.06694134	-0.010006231	0.019649662	0.002058524	-0.06681743	-0.066182	-0.032537762	-0.03236812	0.033492323	-0.057659965	0.059595443	-0.122816235	-0.07197822	0.025111275	-0.027859982	-0.017072713	0.09313584	-0.00820245
embedding_0128	0.62487787	0.6478223	0.68901175	0.6751113	0.66199374	0.5030098	0.6695814	0.71523565	0.7019182	0.60359323	0.715947	0.5975558	0.70053065	0.67477757	0.67228746	0.71645695	0.65058446	0.714093	0.7429097	0.69903016	0.67728215	0.7374698	0.69879	0.62797296	0.7179073	0.6428969	0.69384253	0.6945814	0.6484245	0.7004071	0.63144404	0.60432297	0.62868273	0.67524534	0.67863244	0.7338216	0.6462145	0.6441785	0.62353164	0.61226666	0.70105624	0.6417861	0.66289836	0.6292318	0.6354746	0.6356744	0.71440244	0.6310155	0.6747829	0.6300379	0.70076454	0.6410913	0.620688	0.65750235	0.63863325	0.66731006	0.6298357	0.63616276	0.669232	0.65099394	0.65692	0.64446545	0.62318027	0.71126044	0.7125444	0.7132196	0.6455435	0.68589556	0.7135693	0.7399833	0.6752869	0.6576785	0.67238307	0.70875686	0.62296	0.69374007	0.6115096	0.60520405	0.69284886	0.70439374	0.6775451	0.71127534	0.6710278	0.67035717	0.6701261	0.7032612	0.6549852	0.71309644
embedding_0129	0.52128077	0.44614685	0.3410727	0.49411833	0.4304784	0.42496592	0.44846442	0.42045867	0.38710448	0.4315921	0.38967007	0.42513093	0.47337392	0.40263072	0.47214428	0.41687945	0.44217592	0.41086045	0.4383207	0.40649116	0.35469761	0.4222942	0.46834713	0.42029324	0.49575263	0.39690122	0.42169395	0.4965773	0.41747275	0.4240726	0.42273697	0.42140055	0.46658882	0.41804156	0.41325894	0.4112796	0.40912566	0.4107873	0.40722603	0.44082102	0.36260965	0.34863332	0.40404794	0.3348397	0.39166352	0.47532392	0.38013628	0.4081966	0.43388247	0.46315417	0.4122364	0.40745673	0.38804767	0.463295	0.37331912	0.46923983	0.49435234	0.41944987	0.4156399	0.4237308	0.41064844	0.51566887	0.43099526	0.3763375	0.45925188	0.4192057	0.41184485	0.40999734	0.436786	0.3530842	0.36054146	0.4515275	0.4163396	0.37974203	0.3767949	0.40467778	0.40957454	0.34071067	0.466813	0.45194003	0.39311585	0.4421204	0.425841	0.3983361	0.42595595	0.47519356	0.4164832	0.42863935
embedding_0130	0.20250186	0.24877265	0.2881281	0.31692117	0.31178764	0.16899092	0.27294087	0.28495756	0.31517416	0.25792557	0.29389775	0.24852347	0.1707058	0.2923248	0.31719413	0.31000665	0.1994804	0.29262534	0.29355773	0.32184327	0.26115766	0.28191608	0.29165667	0.3173909	0.27066985	0.30097806	0.362712	0.31183347	0.3469786	0.317209	0.23675478	0.2854666	0.22249293	0.32188332	0.28989083	0.3156854	0.31103924	0.2983391	0.24694411	0.23082909	0.28419742	0.3170374	0.22404172	0.2738937	0.2640902	0.23035899	0.2848633	0.29469964	0.2969735	0.2666499	0.25505766	0.26016808	0.26935497	0.28081217	0.32118255	0.28498748	0.3658426	0.2372229	0.3400711	0.23645698	0.2898037	0.2621693	0.2733203	0.319519	0.37927365	0.2765138	0.3124278	0.269247	0.311391	0.25054377	0.30207878	0.25342184	0.290195	0.33488238	0.2081299	0.27727357	0.23282938	0.2570265	0.28912646	0.3429921	0.29020363	0.3260195	0.26870048	0.28463575	0.24439293	0.2725528	0.27082735	0.2953467
embedding_0131	0.96155304	1.0145104	1.0471147	1.0287043	1.0094647	1.0393821	1.0450397	0.9599252	1.0343983	1.0090417	1.053847	0.9816794	0.99005383	1.0347277	0.97822976	1.0163331	0.9856791	1.0421277	1.0051174	1.0191766	0.9890652	1.0602368	1.0230945	0.98176396	1.0149237	1.024542	0.936896	1.0491923	0.9768271	1.0104835	0.98536	0.9471651	0.9715586	1.0338508	1.0319474	1.0120989	0.9979367	0.9524163	1.015356	0.93601906	0.9960745	0.9637373	1.015005	0.99333245	0.9620912	1.0200137	1.0262572	0.99934375	0.9836211	0.97934324	1.0111561	1.0044638	0.97482723	0.99886024	1.0013186	0.95618236	0.9390579	0.95147014	1.0217049	0.9641622	0.974881	1.0535299	0.9776782	1.0272617	0.98087204	1.0176005	0.95316696	1.0064301	1.0233741	0.96594805	1.0325391	0.97013146	0.9947622	1.0356243	1.0188859	1.0110856	0.9895785	1.0386777	0.94551104	1.0270374	0.9943357	1.0034919	0.9787762	0.9807418	1.0202875	0.97906536	1.0070719	1.0166204
embedding_0132	0.65699583	0.6170934	0.68738484	0.6524682	0.68604475	0.59507483	0.66826653	0.6500209	0.5851629	0.59383404	0.65936536	0.5919696	0.6151139	0.558568	0.6228177	0.6683459	0.6582941	0.6137394	0.63750064	0.59219843	0.5854287	0.6276581	0.7431855	0.64434576	0.68340355	0.63268167	0.62386554	0.74322575	0.6042983	0.5981181	0.57329595	0.6567334	0.66585714	0.7081347	0.63147014	0.6698212	0.60692495	0.5857589	0.54565734	0.6250428	0.58022785	0.6516309	0.6138381	0.6143747	0.6306398	0.6207279	0.6198424	0.5692475	0.6197218	0.6723651	0.5748157	0.6244564	0.69670635	0.67840856	0.7119384	0.5097917	0.6629025	0.6124172	0.6805366	0.61042774	0.5942783	0.64500296	0.5310947	0.6531487	0.5598267	0.62791544	0.64210796	0.6069267	0.5961985	0.507549	0.6156493	0.5941909	0.62764597	0.5718618	0.57974976	0.61268276	0.56508535	0.5796001	0.67783433	0.67041606	0.6010073	0.6228898	0.6152674	0.52908003	0.61546856	0.58431166	0.5577718	0.67181194
embedding_0133	0.84772325	0.84726095	0.8326467	0.8203444	0.7829169	0.84602225	0.82400596	0.8022339	0.8459281	0.8362399	0.8105473	0.7933987	0.8950221	0.7986414	0.7997766	0.8293797	0.81280863	0.8153964	0.8066488	0.7678866	0.7640689	0.81144905	0.81415397	0.7844099	0.8027046	0.78771317	0.8433234	0.8644117	0.75558263	0.8323916	0.8129094	0.7817739	0.8137943	0.8434813	0.8259022	0.79860955	0.80587095	0.8210759	0.8591	0.7918586	0.76998645	0.85348123	0.7785223	0.8159714	0.876141	0.6825974	0.7931051	0.76310545	0.8348046	0.8190828	0.81402564	0.8064777	0.814044	0.83039206	0.7523387	0.90507346	0.74327505	0.79071736	0.7548146	0.8180325	0.8134003	0.80511475	0.70906126	0.76821023	0.8310232	0.8528965	0.8251023	0.8060215	0.7713974	0.8112231	0.8150629	0.85735244	0.8395719	0.7882847	0.7913351	0.78650355	0.8370737	0.82730514	0.83337086	0.8299477	0.8148292	0.78594196	0.81094617	0.76149464	0.83436394	0.81555116	0.8588425	0.81019
embedding_0134	-0.8276177	-0.7900244	-0.7632534	-0.8036614	-0.78188723	-0.80046964	-0.73572326	-0.7927512	-0.74954623	-0.8834423	-0.79773813	-0.8750932	-0.8293502	-0.81043965	-0.7911604	-0.7770385	-0.76933867	-0.7985727	-0.81217057	-0.7456913	-0.75737137	-0.78310496	-0.7922244	-0.79398537	-0.7903341	-0.75258356	-0.79746425	-0.8448828	-0.7381202	-0.8203724	-0.766275	-0.7594948	-0.74449354	-0.7589037	-0.75985867	-0.77688575	-0.7710586	-0.77933604	-0.8079261	-0.74685884	-0.7800602	-0.89905447	-0.7739024	-0.8419662	-0.8486376	-0.69849163	-0.76921415	-0.7749158	-0.7181312	-0.85021853	-0.8340553	-0.76617074	-0.8609777	-0.8029856	-0.7179637	-0.8529979	-0.78415185	-0.79509383	-0.85605353	-0.77031845	-0.7317832	-0.8032978	-0.80457	-0.76121545	-0.7660357	-0.7705065	-0.74447566	-0.8034868	-0.8090541	-0.7793901	-0.79261374	-0.8014915	-0.7763812	-0.7950607	-0.8020947	-0.75239927	-0.7361236	-0.78847104	-0.7756071	-0.772672	-0.7414127	-0.78694105	-0.7713302	-0.7398413	-0.786272	-0.74167746	-0.7643318	-0.81086683
embedding_0135	0.01307059	-0.118640095	-0.04406968	-0.073898435	0.0073109493	-0.06407889	-0.08451638	-0.10628628	-0.09588648	-0.12083156	-0.06600299	-0.12866761	-0.097363584	-0.08488762	-0.047564007	-0.052436527	-0.12007677	-0.08381852	0.03514056	0.011644993	-0.059671707	-0.02024591	-0.06607257	-0.060294643	0.014053363	-0.09170896	-0.07545571	-0.12295762	-0.051673364	-0.024167467	-0.0610847	0.01243742	-0.0043503735	-0.052673034	-0.08790445	-0.051046148	-0.0687797	-0.027537772	-0.08453809	-0.011792128	-0.0153104905	-0.10384921	-0.052692637	-0.033806846	-0.08533483	-0.039979897	-0.025754984	-0.06409974	-0.070338875	-0.06682946	-0.067803465	-0.10472169	-0.08435297	-0.09213139	-0.024962569	-0.1871901	0.029752437	-0.061731298	-0.049633242	-0.057801127	-0.13597822	-0.08634505	-0.013562242	0.00013338262	-0.08469815	-0.05271607	-0.04492427	-0.022382552	-0.014245976	-0.036856826	-0.067465	-0.0020646246	-0.08357349	-0.16153944	-0.053773444	-0.053428795	-0.046597026	-0.09501391	0.017538726	-0.07998574	-0.083630696	-0.09498343	-0.07212418	-0.063643515	-0.032963935	-0.07006311	-0.044474475	-0.05022039
embedding_0136	0.6702666	0.6439698	0.68270314	0.67958695	0.5897563	0.6379906	0.70932364	0.6839508	0.7524899	0.738451	0.6693449	0.651395	0.747509	0.68480176	0.6545105	0.7079547	0.72143495	0.66283226	0.70635736	0.64259595	0.631799	0.7567292	0.67782944	0.6287748	0.6320526	0.6983523	0.67418385	0.69486994	0.5714137	0.65541625	0.69610804	0.67124563	0.64913726	0.69080245	0.756998	0.66674674	0.61818755	0.64509666	0.77242124	0.65770966	0.6131999	0.6634352	0.66148746	0.6650372	0.7433135	0.556861	0.6541923	0.6080613	0.72241175	0.60979843	0.74711967	0.73347163	0.7103968	0.79713213	0.6376238	0.8605108	0.5811552	0.6233015	0.65900254	0.72974837	0.6989098	0.6382568	0.58839506	0.67967707	0.71557117	0.66924936	0.6669799	0.65644914	0.6614934	0.8249286	0.6414882	0.634009	0.69251937	0.81189984	0.6806894	0.6980935	0.71172595	0.71279895	0.6913091	0.7211312	0.72579455	0.6496871	0.6697962	0.71086067	0.6781049	0.69022584	0.66884476	0.71274555
embedding_0137	0.15795037	0.20614932	-0.04090806	0.120616816	0.053165715	0.14804168	0.17393397	0.08516711	0.16511126	0.168139	0.16877241	0.17662032	0.11809792	0.15215077	0.11552128	0.13347302	0.15437031	0.13760361	0.067713864	0.020542197	0.034603927	0.12466647	0.10158862	0.16685335	0.15490164	0.1419828	0.0013423717	0.21457927	0.058300164	0.103880115	0.14879389	0.07065106	0.18149479	0.14499079	0.12964436	0.093996525	0.12364035	0.13628824	0.12710507	0.12943682	0.068262435	0.18311661	0.081724234	0.08200912	0.14379086	0.11722657	0.12059139	0.032053966	0.13580784	0.16714641	0.06676588	0.118467405	0.13892008	0.117067754	0.010929148	0.2137283	0.0465448	0.05164942	0.11550685	0.12937753	0.07945566	0.16969027	0.067425996	0.05141767	0.11042141	0.05098019	0.07971679	0.104190916	0.083548956	0.05945083	0.14770849	0.13544711	0.11599828	0.18339951	0.12614429	0.07361419	0.132542	0.092717476	0.11659235	0.11432933	0.08179789	0.0071040937	0.08768626	0.0074507175	0.10173126	0.15612714	0.09833737	0.14044382
embedding_0138	0.76117456	0.9140499	0.9965483	0.9164233	0.9551796	0.79445195	0.88995653	0.94711345	0.9361898	0.90226793	0.9624035	0.8422967	0.8914847	0.98987055	0.94034445	0.8647433	0.9274187	1.0181412	0.9715404	0.9614729	0.98257345	0.9436894	0.92195284	0.95280784	0.9828146	0.9241365	0.89734554	0.91941756	0.990027	0.89390683	0.9411514	0.8439518	0.9110544	0.89025277	0.91984254	1.0003587	0.96755624	0.84207046	0.8969929	0.8401995	0.98742884	0.811851	0.99010926	0.97115046	0.7819285	1.0746318	0.972811	0.92914206	0.9708975	0.8636728	0.91541076	0.9233189	0.8300712	0.8739175	0.90792763	0.81850743	0.91138494	0.9177482	0.9060517	0.9264758	0.9183817	0.89604276	0.97654665	1.0043136	0.9605987	0.92925084	0.9221353	0.96430737	1.0021449	0.95786613	0.93675256	0.93246174	0.89824677	0.9706414	0.90494466	0.99241686	0.91993546	0.9739254	0.8544446	0.94171256	0.9105532	0.992445	0.92952514	0.98047686	0.9300745	0.9370763	0.9012484	0.9480127
embedding_0139	0.11619297	0.0153853595	0.11950557	0.018017888	0.110644534	0.07082728	0.08705563	-0.037028078	0.050520156	-0.027589723	0.016517466	0.039231963	0.21570905	-0.03684236	0.064583026	0.06522957	0.036672886	0.036002647	0.0076844087	0.07105223	0.015080034	0.1353463	0.038102638	0.06326516	0.10053412	0.070020095	0.16486323	0.04771837	0.05637822	0.03797984	0.10664071	-0.009241584	0.09319069	0.08468164	0.00080086535	0.12279187	0.04332744	-0.0046191714	0.04390701	0.023355464	-0.0022402396	-0.028118439	0.11882476	0.040810645	-0.031481102	0.17267476	0.06696144	0.0063986257	0.09332052	0.06883689	0.018314753	0.05756716	0.002091936	0.05774015	0.069525406	0.069786005	0.16217074	0.07033073	-0.029455155	0.03147373	0.043612204	0.036290456	0.022248441	0.071950614	0.085317515	0.1004519	0.01652229	0.10508643	0.09020824	0.057918116	-0.033049084	0.096146025	0.009151091	-0.029922007	0.08659406	0.12088835	0.09865503	-0.0054555177	0.052900497	0.049914487	0.01600268	0.107075125	0.07902017	0.02451673	0.06942085	0.13376138	-0.0017244065	0.08928886
embedding_0140	0.38065574	0.5477795	0.5417227	0.47091413	0.472913	0.63495773	0.46304694	0.646186	0.6074644	0.7075098	0.60027504	0.47290185	0.4280004	0.67783374	0.5095405	0.5334357	0.56821156	0.673423	0.5804468	0.6337221	0.6790053	0.5105703	0.5072082	0.5076388	0.57049096	0.50831246	0.41406518	0.4245068	0.48250815	0.5384949	0.56537753	0.5419347	0.5308718	0.50272614	0.635605	0.48731458	0.56239295	0.5269615	0.62637115	0.6157155	0.7166835	0.58889526	0.64816487	0.73441267	0.54647607	0.531519	0.54054624	0.6422145	0.5166483	0.48859167	0.59612876	0.556595	0.5460457	0.47612438	0.6067186	0.4613795	0.3971733	0.549816	0.58097166	0.5907918	0.5409559	0.55864507	0.6320357	0.5809762	0.46908188	0.5318919	0.5730904	0.554414	0.57007676	0.563963	0.63519436	0.5634976	0.61734486	0.59921527	0.61816937	0.5567947	0.6515244	0.68622744	0.5288952	0.51954156	0.5887123	0.48944053	0.53827137	0.5609701	0.5784798	0.48909307	0.6702817	0.49750248
embedding_0141	0.76475793	0.7476871	0.70525146	0.6919419	0.62087893	0.76086587	0.7395766	0.7712643	0.7421511	0.73964167	0.6779278	0.694847	0.70570457	0.7092201	0.70194334	0.6976014	0.69726735	0.7166959	0.6769655	0.6782592	0.66342646	0.67285436	0.6934393	0.65086776	0.7103602	0.740244	0.6571399	0.6869608	0.62628806	0.71571124	0.6774089	0.7295504	0.76007146	0.7240945	0.74423397	0.6904854	0.6846698	0.71026325	0.68224055	0.7865556	0.7060371	0.6636518	0.7055805	0.67404735	0.72933376	0.654401	0.68508136	0.7184102	0.72754747	0.7108345	0.7175643	0.70449644	0.72402626	0.7232877	0.68089354	0.75490636	0.6319293	0.7070221	0.6693755	0.7181889	0.6986616	0.72612554	0.72624713	0.6742167	0.6652679	0.6616478	0.7110355	0.64997417	0.6438966	0.6516619	0.66420573	0.7082928	0.6918381	0.7110403	0.710943	0.6624805	0.70218855	0.72162116	0.688443	0.67477834	0.71035546	0.7073693	0.6789613	0.63120586	0.6718481	0.6445077	0.73765266	0.72374076
embedding_0142	0.07513655	0.17263913	0.2523473	0.23476838	0.21637434	0.15760769	0.1168249	0.11444434	0.18628567	0.1303867	0.14931443	0.0976749	0.084415264	0.18556602	0.21320885	0.16210204	0.14365914	0.13130523	0.24611238	0.23524106	0.2092953	0.22996758	0.16585444	0.16763057	0.17579757	0.16869383	0.14765581	0.22105724	0.21706635	0.17143744	0.2306453	0.16912295	0.12798166	0.17830826	0.22498687	0.17301549	0.22644788	0.13896419	0.17421576	0.1996011	0.22086361	0.18641388	0.24522476	0.16846535	0.11534053	0.19118074	0.20466147	0.20143884	0.13734324	0.1731568	0.11997331	0.16206315	0.097816385	0.17326045	0.2310533	0.063105434	0.2438363	0.17921668	0.18844809	0.2276651	0.20663033	0.17033586	0.17562443	0.22032794	0.2584976	0.2392886	0.19439504	0.2021381	0.17363255	0.23907007	0.25387257	0.15065826	0.21158276	0.22751091	0.17192595	0.21625851	0.22602281	0.22480734	0.1700691	0.22584099	0.20211075	0.23609304	0.19247535	0.26197055	0.18254179	0.21041255	0.21174693	0.1656436
embedding_0143	0.09584608	-0.13149379	-0.111961745	-0.025044369	0.096236564	0.09142466	-0.060141336	-0.085644744	-0.11994307	-0.0866836	-0.16806495	-0.15009756	-0.07289057	-0.11045521	-0.044210542	0.0032833545	-0.06540828	-0.17003445	-0.02741028	-0.007063841	-0.15328032	-0.008023868	-0.02100759	-0.063810766	0.020614391	-0.12720062	0.001004092	-0.08621396	-0.080821626	-0.058467295	-0.08225859	0.057893824	0.07112991	-3.2113483e-05	-0.0060345717	-0.068978004	-0.09127899	-0.0060678353	-0.071962014	0.1114451	-0.08724547	-0.062168617	-0.057854068	-0.088801295	-0.051098917	-0.10878169	-0.055307537	-0.053826958	-0.05498449	0.018069288	-0.14754993	-0.06460486	-0.04495934	0.01715402	0.065857895	-0.20373219	0.07488514	-0.06890292	-0.060406975	-0.048526492	-0.11773874	-0.07895129	-0.03217789	-0.067291886	-0.06890064	0.022344714	-0.0062346067	-0.03569018	-0.054127507	0.0002684104	-0.10132966	-0.010052662	-0.03598423	-0.22384617	-0.031389084	-0.07837654	-0.038247805	-0.10640068	0.08302549	-0.068584606	-0.11311378	-0.113000095	-0.046669986	-0.00036723213	-0.05389347	-0.047190726	0.0031083298	-0.051754724
embedding_0144	0.12403373	0.12055939	0.11577647	0.060521074	0.09443455	0.1281231	0.093771145	0.0018435211	0.08776664	0.060878966	0.096062504	0.051826965	0.1116212	0.1796621	0.058558255	0.043975648	0.109833114	0.12538216	0.051155925	0.11649121	0.13277863	0.12639453	0.09451861	0.1276029	0.093623474	0.1096822	0.09502896	0.10127827	0.06954328	0.095404625	0.110799074	0.05896426	0.13253684	0.09647267	0.119614646	0.11837256	0.124524996	0.08763757	0.21153435	0.041319873	0.08487922	0.0038298864	0.16199063	0.15203463	0.058276914	0.2656355	0.1281651	0.04453554	0.0897443	0.062124737	0.09265787	0.10736334	0.10323945	0.05665119	0.05798755	0.04682869	0.101360306	0.06823016	0.04247494	0.0794698	0.17574431	0.08097786	0.06826001	0.10151217	0.071125984	0.09284535	0.07617652	0.16264899	0.12513506	0.1333017	0.09729663	0.072176665	0.052307066	0.10055589	0.10910185	0.12647411	0.15525295	0.19324869	0.08502623	0.11324297	0.039767087	0.1472685	0.11557163	0.16128016	0.08950723	0.13203704	0.1117864	0.06851348
embedding_0145	1.0727537	0.9727882	0.90946704	0.9831413	0.9222872	1.0616536	1.0753711	0.8551012	0.9709651	0.95883733	0.9010184	1.0280217	1.1136305	0.86581284	0.9690537	0.9755041	1.0453506	0.8806088	0.91749626	0.84329236	0.9008178	0.94429326	0.98004717	0.9648474	0.8778932	0.988364	0.92530656	1.0254792	0.87053615	0.9548796	1.0266434	0.9708803	0.99892586	0.99673116	0.97895056	0.9640904	0.9347668	0.93898237	0.985514	1.0530425	0.8134569	1.0583857	0.90562	0.89595395	1.0411677	0.8541525	0.94087195	0.86975557	0.9924352	1.0073106	0.9770368	1.0141466	1.0077906	1.0555114	0.9050693	1.1581539	0.82379586	0.9356347	0.89044166	0.99358946	0.97389096	0.9958418	0.8090453	0.9122083	0.99216294	0.960419	0.9164679	0.9325043	0.87515014	0.92790663	0.9617067	0.91582245	0.9890201	0.9953458	1.0271353	0.9394577	1.0340083	0.91573614	1.0257094	0.9476505	0.99536663	0.91605955	0.9713247	0.99672854	1.0003608	0.9854849	0.9703426	0.9608848
embedding_0146	-1.0670737	-0.9931726	-1.0391859	-1.0502392	-1.0911738	-1.1080016	-1.0676546	-1.0364571	-1.0498395	-0.9623381	-1.0605981	-0.97847736	-1.0740825	-1.0225451	-1.0533262	-1.0795093	-0.98648506	-0.9863197	-1.0417861	-1.0919815	-1.0047286	-1.0603317	-0.9799185	-0.9761346	-1.091519	-1.0102403	-1.0779915	-1.0413586	-1.0584908	-1.0674083	-1.028612	-1.0345914	-1.0394857	-1.005535	-1.046003	-1.0541868	-1.0579376	-1.0937365	-1.0347561	-1.1255821	-1.0743506	-1.0291921	-1.0457491	-0.97038037	-1.011292	-1.0072068	-1.0498421	-1.1132267	-0.9757064	-1.0622773	-1.0473428	-0.98705596	-1.009946	-1.0437919	-1.0430067	-0.9854305	-1.0985473	-1.0225904	-1.0225201	-1.0420356	-0.9800844	-1.0150027	-1.0248334	-1.0556052	-1.1368812	-1.0683196	-1.0421886	-1.038244	-1.0834615	-1.0423217	-1.0948212	-1.0918567	-1.1183127	-0.9232813	-1.0232439	-1.0200223	-1.0200197	-1.0456709	-1.140144	-1.097722	-1.0340208	-1.0365688	-1.0536101	-1.036453	-1.0584329	-1.0755119	-1.0917212	-1.0682224
embedding_0147	0.11254887	-0.051024128	-0.043736976	-0.07063691	-0.1502743	0.058491692	-0.0046327864	-0.018557781	-0.020338455	0.026116405	-0.03674696	0.039091226	0.081135884	-0.0150973555	-0.09381725	-0.07738083	0.028280841	-0.032941893	-0.095212616	-0.065332055	-0.0572916	0.05599234	-0.011704517	-0.0697092	-0.10167291	0.031442463	-0.052112505	-0.05908137	-0.1655307	-0.020339997	-0.114914775	-0.03990921	0.05257332	-0.06496277	-0.084060125	-0.04821237	-0.09574482	-0.015592535	0.021005508	-0.039652884	-0.15502459	0.014985693	-0.06430338	-0.0027179418	0.09818585	-0.11690822	-0.09536862	-0.023337377	-0.059124995	-0.08689081	0.049771823	-0.008787733	0.08364584	0.012202082	-0.088508815	0.054580055	-0.15126908	-0.065479614	-0.04491685	-0.06557695	-0.024865508	-0.0031382253	-0.11073799	-0.09165741	-0.1429413	-0.046678867	-0.07927274	-0.045888953	-0.0024567025	-0.024327274	-0.11923152	-0.027214706	-0.037547488	0.009145744	0.051897507	-0.07750109	-0.0043971986	-0.008915155	0.036789335	-0.099000245	-0.043674067	-0.074702226	-0.0079494435	-0.074541494	-0.05177776	-0.017915461	-0.07141593	0.0052863215
embedding_0148	0.3446654	0.45465568	0.35945097	0.33829063	0.3041734	0.27691326	0.3550908	0.43271613	0.35203534	0.35894102	0.38423353	0.37497276	0.37457928	0.33676	0.33493608	0.33942482	0.37997803	0.4058673	0.37620473	0.27623722	0.3522528	0.306882	0.37231144	0.38251767	0.24003276	0.37518036	0.36483487	0.39852837	0.37173373	0.34864688	0.34235567	0.35265273	0.29141274	0.3559025	0.33180973	0.37351307	0.34501785	0.31277546	0.32598493	0.26992136	0.29458815	0.4257093	0.36107168	0.3523066	0.40744877	0.39297175	0.28988028	0.31680638	0.31402713	0.3583802	0.40707088	0.3294058	0.44722444	0.38629082	0.31418648	0.34785998	0.2720302	0.34058318	0.3797948	0.34797603	0.406146	0.40976965	0.26845765	0.35754028	0.29957017	0.28385845	0.36355463	0.29658496	0.28777117	0.3248163	0.32664913	0.3033531	0.34051305	0.4091249	0.31733674	0.30925632	0.36461228	0.41707703	0.3304919	0.35269886	0.325407	0.35137916	0.30857307	0.32126153	0.3253719	0.2741638	0.32083973	0.38392478
embedding_0149	0.61141926	0.4471141	0.43112692	0.44499606	0.5485387	0.539844	0.54594386	0.4028506	0.5111163	0.45728806	0.5225793	0.46452263	0.52599597	0.48036268	0.53203666	0.615346	0.40418842	0.45331177	0.3746941	0.5143797	0.4043705	0.57289517	0.48593813	0.49042988	0.545946	0.4875408	0.5596979	0.50632757	0.47783163	0.48678383	0.48331618	0.47259283	0.5572456	0.54551834	0.49865618	0.53570896	0.5207122	0.52773964	0.52845573	0.5929406	0.47867996	0.44903597	0.4750458	0.42334995	0.44987488	0.464662	0.4976066	0.45912507	0.5002567	0.5260365	0.43026212	0.4520797	0.439605	0.5282711	0.52842575	0.5182482	0.55050457	0.46374127	0.6247316	0.4783972	0.4244621	0.390256	0.48206404	0.479685	0.53211546	0.49395314	0.47807294	0.5494731	0.51934415	0.48488522	0.48497882	0.56004816	0.5514212	0.3877409	0.43639043	0.45816538	0.43882942	0.45542482	0.5649022	0.52514553	0.42037734	0.44756237	0.4436823	0.47160465	0.4877704	0.55844295	0.51494384	0.52698535
embedding_0150	0.64070714	0.68569803	0.6144489	0.63372684	0.7011388	0.7144829	0.59354764	0.67641586	0.6753811	0.65074533	0.66008127	0.66684407	0.618773	0.6668698	0.69002324	0.6486641	0.68277514	0.6617299	0.6027835	0.65113914	0.7086438	0.6651914	0.6843795	0.714468	0.5953553	0.67502487	0.7243243	0.6110085	0.6070434	0.6361041	0.6854945	0.6803728	0.6973284	0.6264343	0.6834239	0.65497303	0.7054034	0.65638256	0.6713253	0.6440572	0.66193724	0.68654454	0.72009766	0.69318855	0.6351354	0.6833692	0.66607875	0.6909454	0.6170384	0.69689447	0.6906329	0.64861697	0.71800154	0.65195334	0.66994256	0.6804577	0.6634137	0.7161615	0.59877706	0.682823	0.7182274	0.6991169	0.7695684	0.6564976	0.6229076	0.7207543	0.6669928	0.6988437	0.6470934	0.67333853	0.60618997	0.65531564	0.6628099	0.64238685	0.71214336	0.6903504	0.7827533	0.7727986	0.6177829	0.6080449	0.6430251	0.7206615	0.686818	0.6513928	0.65360576	0.67227054	0.6569898	0.6385045
embedding_0151	-1.209185	-1.2750926	-1.2377832	-1.2372291	-1.2032063	-1.2473992	-1.2052809	-1.2791731	-1.2138085	-1.2887763	-1.192948	-1.1086851	-1.2372344	-1.202962	-1.196203	-1.3026004	-1.1990513	-1.2417717	-1.2153662	-1.2453684	-1.2264631	-1.3031158	-1.2322576	-1.169721	-1.2715281	-1.2130332	-1.2154851	-1.228085	-1.1071011	-1.2173393	-1.2063668	-1.2553798	-1.2156355	-1.2004353	-1.2930549	-1.2114011	-1.1953434	-1.1900191	-1.2414234	-1.2330111	-1.1964885	-1.1651196	-1.2622814	-1.2345587	-1.1759243	-1.1853443	-1.2011055	-1.1936115	-1.2447549	-1.2030975	-1.2271796	-1.2274053	-1.22268	-1.2399763	-1.2533361	-1.1784884	-1.1998991	-1.2189288	-1.2275947	-1.2208295	-1.2206035	-1.2228456	-1.2021608	-1.2589552	-1.1849861	-1.249286	-1.2114936	-1.2159594	-1.2313083	-1.2342381	-1.2294362	-1.2360481	-1.2636522	-1.2363613	-1.2318393	-1.1889062	-1.2015355	-1.1661856	-1.2002355	-1.2050219	-1.1831274	-1.2119591	-1.1998972	-1.1597354	-1.2096967	-1.1888086	-1.2366868	-1.2090167
embedding_0152	-0.28119823	-0.2579161	-0.3457565	-0.28843343	-0.35873613	-0.23206103	-0.28367564	-0.21212426	-0.34825394	-0.275695	-0.3513364	-0.3580191	-0.25030506	-0.32424262	-0.2963151	-0.30491814	-0.21386528	-0.30977005	-0.2575685	-0.32687363	-0.28338322	-0.3759063	-0.3532325	-0.33114973	-0.32895324	-0.3025699	-0.357987	-0.3122797	-0.2829638	-0.30686492	-0.27501956	-0.27875385	-0.29575622	-0.34424594	-0.2937193	-0.3798409	-0.3425753	-0.23943052	-0.30866393	-0.27961126	-0.30518627	-0.344919	-0.27933258	-0.33183786	-0.2700436	-0.34962362	-0.3294452	-0.28585136	-0.27491862	-0.31888115	-0.31534782	-0.28096658	-0.31036037	-0.28033924	-0.3440287	-0.31974876	-0.32407296	-0.31648025	-0.38056573	-0.2545291	-0.29886752	-0.28887197	-0.3039686	-0.30298355	-0.31613058	-0.30392873	-0.30622357	-0.3538075	-0.33433974	-0.26721427	-0.2699157	-0.29217726	-0.29450482	-0.29291856	-0.28008357	-0.3411836	-0.27801803	-0.34951064	-0.2718685	-0.31476802	-0.29110035	-0.36440912	-0.29593235	-0.28403977	-0.28348073	-0.3458825	-0.22654954	-0.31585857
embedding_0153	-0.122248694	-0.12366107	-0.14122447	-0.081226654	-0.13799348	-0.17055838	-0.09339506	-0.12879102	-0.09599502	-0.08866804	-0.07808772	-0.09700245	-0.10537632	-0.11225757	-0.06258222	-0.098232046	-0.18247998	-0.12829258	-0.08987233	-0.10533306	-0.13874757	-0.096186005	-0.114528514	-0.10215228	-0.09245411	-0.11670793	-0.080741346	-0.053712428	-0.094444975	-0.077241056	-0.11031044	-0.17326108	-0.11308657	-0.041835077	-0.0841719	-0.06927944	-0.12197266	-0.08770068	-0.14557195	-0.13381468	-0.13659734	-0.12377433	-0.13502628	-0.13639797	-0.11892122	-0.10449106	-0.08979331	-0.10430322	-0.08790173	-0.11959707	-0.120099604	-0.12009851	-0.12969978	-0.113843136	-0.17802411	-0.06735604	-0.046910312	-0.1415902	-0.10529785	-0.13800986	-0.1109671	-0.14072368	-0.10892378	-0.118752666	-0.026666421	-0.1142852	-0.13686009	-0.09475448	-0.059303354	-0.11445078	-0.11570352	-0.13021389	-0.09577753	-0.15224378	-0.12834586	-0.0888303	-0.14303468	-0.12350161	-0.10351694	-0.06895115	-0.15013883	-0.11392917	-0.08298603	-0.12897736	-0.08772371	-0.031759277	-0.14964928	-0.075368404
embedding_0154	-0.18164323	-0.33662802	-0.3143866	-0.28299734	-0.22261176	-0.29205522	-0.2466222	-0.34183672	-0.29555488	-0.4121037	-0.25524378	-0.24924436	-0.24694273	-0.33055148	-0.27139986	-0.23350649	-0.36986864	-0.31010973	-0.3335985	-0.34592357	-0.40325502	-0.26257408	-0.23342113	-0.30198961	-0.27035436	-0.28294805	-0.13939095	-0.2221946	-0.3460983	-0.2821091	-0.31492916	-0.33342904	-0.3065237	-0.25834158	-0.26764193	-0.21232295	-0.20710693	-0.36260813	-0.30237284	-0.3075583	-0.34881568	-0.35189876	-0.35731763	-0.42602083	-0.33493346	-0.31775862	-0.29802594	-0.3581896	-0.3072275	-0.24467432	-0.28527766	-0.33139104	-0.31838784	-0.28041786	-0.31315035	-0.2743338	-0.24766219	-0.33898512	-0.17623541	-0.30592433	-0.33880427	-0.30167416	-0.3263502	-0.29520375	-0.20174408	-0.2776225	-0.32074305	-0.30871716	-0.29394186	-0.3876296	-0.33291122	-0.29303792	-0.26977047	-0.3739857	-0.3012343	-0.32278633	-0.38120067	-0.36695686	-0.20876093	-0.22204039	-0.37825346	-0.2172657	-0.32293522	-0.34294885	-0.32058132	-0.27201912	-0.35303816	-0.29429305
embedding_0155	0.7311002	0.6430633	0.58373284	0.64953023	0.6686196	0.70065445	0.5805707	0.5137831	0.50241005	0.5293408	0.59217936	0.6648939	0.67289364	0.6150342	0.56631386	0.6096707	0.59582233	0.51752645	0.50183904	0.5491458	0.4799248	0.52202857	0.53465986	0.6242739	0.57362103	0.5549348	0.65767807	0.66683763	0.57143635	0.5904137	0.5566161	0.593913	0.632367	0.58799016	0.5729266	0.56402373	0.6094214	0.6763971	0.6886366	0.6304978	0.46705028	0.6027487	0.5216914	0.51662	0.61388505	0.5391372	0.5733603	0.6054024	0.56347245	0.67087674	0.558962	0.5645639	0.5672708	0.6088226	0.5396484	0.5823356	0.63036543	0.6226095	0.5371936	0.5601291	0.5648594	0.58819616	0.5237982	0.51318294	0.6510391	0.6748419	0.57802963	0.5838375	0.5625832	0.56702775	0.6321949	0.6793012	0.6138419	0.43655312	0.6139451	0.565197	0.64363986	0.59609663	0.6802536	0.6341443	0.55535305	0.5545957	0.6129328	0.5739141	0.59181464	0.59607935	0.62732154	0.6120328
embedding_0156	-1.3799998	-1.4030441	-1.2977743	-1.371495	-1.3892562	-1.425597	-1.3874594	-1.5111964	-1.4287773	-1.4674605	-1.4237282	-1.327832	-1.3761868	-1.4004656	-1.4131631	-1.4644951	-1.3888935	-1.4585474	-1.4385313	-1.4202104	-1.3938235	-1.3462889	-1.4138851	-1.4034425	-1.4413044	-1.4198295	-1.36244	-1.3725046	-1.3382548	-1.3951352	-1.3926225	-1.4117739	-1.401046	-1.4238665	-1.4604008	-1.3611301	-1.4111124	-1.450012	-1.383536	-1.4524835	-1.4724467	-1.382646	-1.3861766	-1.4382449	-1.4178524	-1.340484	-1.4050751	-1.4182236	-1.4296678	-1.4057584	-1.4215374	-1.3922554	-1.4021642	-1.3970143	-1.4073691	-1.4452856	-1.3605468	-1.3858461	-1.4680034	-1.4299747	-1.3752942	-1.390075	-1.3962873	-1.4361504	-1.3864986	-1.3819028	-1.4087379	-1.4048091	-1.3944893	-1.3743814	-1.3920268	-1.433808	-1.4447702	-1.3987085	-1.4016181	-1.3592846	-1.3707049	-1.4006816	-1.4579624	-1.3724096	-1.3820719	-1.3956792	-1.360313	-1.3335863	-1.416441	-1.3657502	-1.4658885	-1.4332079
embedding_0157	1.6275015	1.5184075	1.4142306	1.5355661	1.4745568	1.5697682	1.5639459	1.4658117	1.5336131	1.4535629	1.537166	1.5175028	1.5378768	1.5215197	1.4656295	1.466526	1.57682	1.4741786	1.5079716	1.444329	1.4361517	1.4288379	1.557084	1.5098851	1.5678284	1.5070133	1.4519476	1.5814558	1.4388168	1.5043491	1.4974464	1.5528253	1.567779	1.5219651	1.4828095	1.439842	1.4944025	1.5920277	1.4914749	1.5032572	1.447276	1.5347914	1.4132684	1.4009687	1.5137737	1.47955	1.516548	1.450215	1.5628477	1.5328208	1.4540061	1.5150286	1.502604	1.4939398	1.4362122	1.5696131	1.4686645	1.4670949	1.4605119	1.5180662	1.4979966	1.5262802	1.4184395	1.4504049	1.5032678	1.5129491	1.5098199	1.4702895	1.455489	1.4870558	1.4366344	1.5240997	1.4509373	1.478102	1.468587	1.487408	1.4878819	1.464088	1.5511746	1.4936577	1.4824101	1.4916695	1.5049206	1.5349067	1.4939533	1.5158691	1.4830469	1.5503267
embedding_0158	0.39270613	0.45667621	0.37229118	0.44707862	0.47026855	0.47231147	0.35643917	0.41772422	0.45112664	0.44339463	0.45386714	0.38135532	0.40110907	0.44434652	0.44249967	0.45104548	0.45125073	0.44168487	0.5014923	0.48510668	0.46179658	0.4625255	0.40551358	0.42983723	0.47304332	0.38392293	0.38266164	0.38667834	0.5257933	0.4525626	0.45404953	0.5040536	0.4340089	0.40141767	0.4899679	0.36965236	0.44727328	0.4677596	0.46596476	0.5382794	0.5333105	0.41684216	0.46709064	0.4470247	0.41447648	0.40188083	0.45088813	0.50636566	0.35858086	0.4510517	0.47751194	0.4217044	0.36717755	0.41871077	0.41220334	0.3802793	0.52585405	0.42666182	0.46392244	0.4723765	0.37225294	0.45549154	0.48542377	0.43242162	0.45366707	0.48369116	0.44744712	0.46628362	0.4709095	0.47997746	0.4610085	0.4882292	0.4312251	0.4610927	0.45813763	0.47455624	0.46710837	0.4463327	0.51320064	0.4550617	0.4826507	0.45385876	0.43392047	0.47255343	0.48087195	0.4334946	0.4795347	0.41051286
embedding_0159	0.10686779	0.12964964	0.12661834	0.07480475	0.095715046	0.08741914	0.12693614	0.09707537	0.14615597	0.08412131	0.06565777	0.0949123	0.16630748	0.05178485	0.151747	0.13050182	0.1825729	0.13674074	0.12681982	0.07527602	0.09742635	0.21350941	0.1387663	0.1104757	0.14658928	0.13836603	0.11514554	0.0288408	0.06777908	0.047750983	0.1872404	0.09326611	0.14871643	0.07364147	0.0809127	0.1376626	0.07108145	0.04888079	0.069516465	0.093240075	0.112921	0.047254473	0.14635989	0.10727886	0.06326762	0.13509844	0.09023067	0.052746177	0.16303164	0.11551577	0.15021908	0.12273162	0.0860608	0.09883176	0.014395485	0.10798411	0.15417022	0.08844969	0.09954682	0.15859978	0.12415573	0.109498195	0.16234511	0.1447032	0.07293043	0.08928463	0.10941939	0.076904684	0.10185334	0.13251036	0.024409315	0.13919792	0.05908905	0.20997469	0.11205624	0.085623465	0.047764443	0.0033848404	0.081194706	0.065161824	0.10322749	0.115716726	0.06829588	0.07135608	0.10303842	0.08947735	0.038895268	0.07283033
embedding_0160	0.2194688	0.17091711	0.08332464	0.19155896	0.14710256	0.17265129	0.16875224	0.20627157	0.15351485	0.18771885	0.13199532	0.16176541	0.17389339	0.070783466	0.15254521	0.17780544	0.23327278	0.1488336	0.15132722	0.09059304	0.12169146	0.12168473	0.15526764	0.1517774	0.1136984	0.14032099	0.12634753	0.26245773	0.15419868	0.1712217	0.15975495	0.15626924	0.080655314	0.14016414	0.16760439	0.12605384	0.12441097	0.18318841	0.1380631	0.058367893	0.12200037	0.16352426	0.10495206	0.098004915	0.17983457	0.12969509	0.11368456	0.121806964	0.17219459	0.185131	0.11326069	0.18013217	0.16483007	0.1471519	0.07956209	0.1884992	0.15387526	0.17141998	0.080564246	0.14493094	0.19921954	0.21973039	0.11185299	0.123000324	0.16235036	0.1422176	0.14502439	0.15340155	0.11275763	0.11924221	0.14407519	0.16850716	0.12731908	0.15920913	0.12925345	0.1305337	0.13686971	0.065289065	0.1693095	0.1855203	0.13516904	0.14309727	0.1595797	0.09634389	0.17273408	0.091981225	0.19430426	0.14787151
embedding_0161	0.22284997	0.27703905	0.3771986	0.30388826	0.38897055	0.26234126	0.30352238	0.22851148	0.32343298	0.21130833	0.28414735	0.24356861	0.25693032	0.22744705	0.35027057	0.325582	0.2468514	0.26928446	0.28103045	0.32240012	0.3049731	0.31963632	0.32030582	0.33363467	0.33908972	0.27086946	0.3466189	0.29779124	0.3596875	0.28614077	0.36598068	0.26843444	0.2917004	0.3114844	0.2961774	0.35121867	0.3107895	0.24787208	0.22102107	0.32095453	0.32913634	0.22513776	0.32328144	0.23970619	0.19016038	0.36517054	0.32228953	0.26620626	0.33750075	0.30591106	0.19288103	0.27087066	0.21314485	0.25485265	0.3102341	0.24208309	0.40461805	0.31565732	0.21467865	0.27686912	0.270567	0.2663175	0.32726237	0.3567296	0.34810734	0.30622792	0.3206672	0.34251982	0.29830426	0.28715652	0.32778317	0.31559488	0.26518956	0.26788718	0.23711894	0.3055366	0.2938156	0.2253553	0.25761172	0.31311646	0.28579867	0.36620083	0.29207614	0.32636285	0.30651644	0.31872594	0.31416544	0.27767268
embedding_0162	0.55161685	0.63870406	0.60979736	0.5669774	0.62659854	0.6243208	0.6336201	0.6500462	0.59696305	0.62209463	0.64123714	0.61468816	0.593373	0.62608385	0.6169943	0.6353206	0.59550524	0.6703863	0.5632846	0.6209491	0.6693742	0.6030579	0.6204745	0.63491213	0.6356383	0.6365872	0.5988804	0.5747025	0.60215926	0.57832724	0.6006759	0.55602807	0.5589712	0.55709624	0.6254748	0.61034447	0.6296527	0.61750525	0.591638	0.59651405	0.67470235	0.6002088	0.6748802	0.66503876	0.57263106	0.635787	0.60161626	0.6119068	0.6092147	0.60560656	0.6141357	0.6182464	0.6019541	0.58955437	0.6312992	0.5514987	0.5580817	0.6221446	0.651563	0.5889847	0.6228046	0.6231015	0.6230652	0.6101534	0.5890481	0.62624943	0.6477525	0.628764	0.6134962	0.5768468	0.6440548	0.60378337	0.61977977	0.5958637	0.6251396	0.5964597	0.5948045	0.5995276	0.5432626	0.59319043	0.59822583	0.625287	0.58657426	0.62380797	0.59694594	0.60432416	0.6244651	0.5886616
embedding_0163	0.19112298	0.14658059	0.14949006	0.1417143	0.20206021	0.21523313	0.16043687	0.09982585	0.1675807	0.12994713	0.1617539	0.20088194	0.2276975	0.16845943	0.23125297	0.22183011	0.15652665	0.17789961	0.15805228	0.16876437	0.17736533	0.21107799	0.13775687	0.18977118	0.21378641	0.17677307	0.23746037	0.08545364	0.22584112	0.15700343	0.21587725	0.18582775	0.19712508	0.11708771	0.120467186	0.20318173	0.16575128	0.21776462	0.19982645	0.19972895	0.1598175	0.17688838	0.19753262	0.21034506	0.15794371	0.22798166	0.2164518	0.1908099	0.2209044	0.18696785	0.192429	0.20051987	0.14215727	0.16567373	0.109349534	0.19983087	0.25857958	0.22515468	0.1512116	0.18297602	0.14987944	0.1424214	0.24887392	0.168166	0.15068452	0.16735414	0.19847372	0.17529978	0.2099642	0.24259451	0.15508497	0.22883092	0.14666992	0.1302781	0.21455581	0.19455287	0.16026673	0.10745823	0.16140391	0.15331042	0.19470932	0.19146045	0.20461106	0.21747722	0.17119062	0.2045195	0.13069269	0.16567948
embedding_0164	-0.35754585	-0.36988288	-0.44069505	-0.46623522	-0.47066247	-0.3775032	-0.3376462	-0.41547355	-0.35065746	-0.34139693	-0.3427136	-0.3268208	-0.30539402	-0.4060357	-0.3753341	-0.42766398	-0.2719399	-0.31555805	-0.3635463	-0.4058747	-0.357804	-0.3691774	-0.47388962	-0.35681504	-0.38101506	-0.39436215	-0.49287152	-0.52426296	-0.35526368	-0.40896234	-0.34185192	-0.40824926	-0.32532856	-0.3881515	-0.4009141	-0.40233037	-0.4264793	-0.3694456	-0.36413658	-0.34595063	-0.3657954	-0.39786988	-0.3407996	-0.4086448	-0.37325346	-0.4225806	-0.3242457	-0.3877365	-0.32929543	-0.45236403	-0.36531702	-0.340041	-0.38241825	-0.4143379	-0.5263212	-0.32790002	-0.40852016	-0.36676398	-0.4677057	-0.33015394	-0.37551478	-0.37156585	-0.3612664	-0.39183718	-0.4295264	-0.40385413	-0.372211	-0.3594324	-0.3621098	-0.3346086	-0.32423127	-0.37270927	-0.36079687	-0.3030361	-0.327251	-0.33310607	-0.32312524	-0.4457516	-0.32658547	-0.4561139	-0.31238824	-0.4079985	-0.33529207	-0.40045795	-0.35444328	-0.34608462	-0.37179098	-0.3683549
embedding_0165	0.2930218	0.21554679	0.40972036	0.31900954	0.34453675	0.26100284	0.3389366	0.27292496	0.32654092	0.30200657	0.25442278	0.42855817	0.2990694	0.30026293	0.29387245	0.2272676	0.29651988	0.32190433	0.30179277	0.24113648	0.31294805	0.28259245	0.40329695	0.30746576	0.25314924	0.32615694	0.33155125	0.2789777	0.21861862	0.31614965	0.30859852	0.22443312	0.26866475	0.31174186	0.27740437	0.32361895	0.27602977	0.20598736	0.24670753	0.19775575	0.29808396	0.3457882	0.25721142	0.28047648	0.3181352	0.30023953	0.30718088	0.30023742	0.30941823	0.334149	0.3288046	0.31369987	0.34060785	0.26186833	0.29207098	0.32655165	0.30433095	0.32478467	0.29870173	0.27423215	0.32428718	0.32187954	0.30506986	0.24079293	0.27535576	0.31139863	0.30277944	0.26637414	0.28966528	0.27445087	0.26010767	0.26077172	0.27534902	0.33549568	0.30086553	0.2936548	0.280285	0.25845954	0.20842119	0.24813025	0.2960606	0.35102633	0.31721562	0.24418405	0.29091874	0.23407266	0.23662171	0.28201598
embedding_0166	-0.090554595	-0.13399903	-0.08387504	-0.071190804	-0.10750052	-0.1378256	-0.10368918	-0.13553318	-0.11238044	-0.12199971	-0.13017254	-0.06607121	-0.13047437	-0.12705953	-0.10969687	-0.1597132	-0.09101674	-0.14985551	-0.049576182	-0.12847814	-0.07362328	-0.07356513	-0.10051371	-0.072133966	-0.123512015	-0.04002661	-0.07436569	-0.042851154	-0.05757187	-0.08309301	-0.09061871	-0.09451845	-0.122154385	-0.11221271	-0.14666364	-0.11363383	-0.09130504	-0.112273775	-0.118586406	-0.18294467	-0.14437078	-0.045859788	-0.12859043	-0.119204365	-0.059128027	-0.07674616	-0.10289116	-0.090279676	-0.064269386	-0.060455687	-0.12286087	-0.09237425	-0.097835146	-0.10833144	-0.14331658	-0.09517467	-0.05670411	-0.09561347	-0.105306745	-0.099902876	-0.03811826	-0.10344687	-0.10680531	-0.05827912	-0.08007524	-0.1664456	-0.10607668	-0.1191806	-0.122671105	-0.07514878	-0.12860982	-0.120175205	-0.17542374	-0.05856047	-0.12967058	-0.1013654	-0.10931637	-0.10458389	-0.1366552	-0.088920385	-0.09167254	-0.05605276	-0.0938944	-0.08000303	-0.119097255	-0.119949415	-0.14733736	-0.10395719
embedding_0167	-0.32770666	-0.21504955	-0.22078136	-0.27743536	-0.28464055	-0.34743652	-0.28477302	-0.26279828	-0.27583703	-0.351292	-0.27413183	-0.2875571	-0.38945848	-0.26446044	-0.30890903	-0.33084008	-0.27690786	-0.22271296	-0.23697257	-0.29318446	-0.1729143	-0.26393273	-0.26512206	-0.26386496	-0.33368573	-0.25574574	-0.32671684	-0.2589703	-0.24503389	-0.27581954	-0.27695638	-0.2884149	-0.32181928	-0.27040848	-0.24451552	-0.23461099	-0.23733792	-0.37505272	-0.33935636	-0.24901815	-0.2507147	-0.28486115	-0.22436868	-0.27713254	-0.28857365	-0.23234892	-0.28724158	-0.2763469	-0.28283432	-0.3151842	-0.24461073	-0.2750341	-0.261041	-0.2730062	-0.21159	-0.33089963	-0.38501376	-0.27746096	-0.23662555	-0.23855662	-0.17053682	-0.20211254	-0.2804537	-0.24019553	-0.30899385	-0.2841431	-0.24871747	-0.25820857	-0.32439467	-0.27081797	-0.30582598	-0.36472932	-0.22509958	-0.20654653	-0.31211922	-0.29312053	-0.24206838	-0.09593889	-0.3103018	-0.27615952	-0.26773345	-0.15018518	-0.2955479	-0.2551085	-0.28697664	-0.33898062	-0.2582489	-0.28883898
embedding_0168	-0.6105027	-0.5153536	-0.5020691	-0.543357	-0.53570044	-0.59286046	-0.48392758	-0.51129115	-0.5315535	-0.6010719	-0.47427478	-0.56515545	-0.54117405	-0.53564924	-0.5208564	-0.47345918	-0.5104871	-0.4833298	-0.4697976	-0.53238064	-0.5166853	-0.56504494	-0.53490764	-0.4471232	-0.48722717	-0.4832839	-0.5615017	-0.45539677	-0.43235528	-0.58603334	-0.50535405	-0.512733	-0.5262321	-0.5012917	-0.5598003	-0.49315476	-0.53861564	-0.50467384	-0.54946136	-0.49717745	-0.47958878	-0.5556255	-0.5461812	-0.54447883	-0.5707537	-0.4199284	-0.50597143	-0.6036391	-0.43294716	-0.56592953	-0.6014355	-0.5215007	-0.5661427	-0.5144024	-0.48793286	-0.5730668	-0.5761573	-0.6008151	-0.45785564	-0.5061199	-0.4801825	-0.5390112	-0.54482055	-0.460327	-0.52498245	-0.5778429	-0.50946593	-0.5622018	-0.5437312	-0.49733746	-0.49773875	-0.5461204	-0.5191958	-0.49549598	-0.60596484	-0.5421106	-0.5853391	-0.5936846	-0.50013334	-0.492616	-0.4932773	-0.5349714	-0.5756115	-0.57518154	-0.5443392	-0.5497912	-0.5457321	-0.49941355
embedding_0169	-0.4161331	-0.46290722	-0.39402318	-0.5141168	-0.49390486	-0.41085777	-0.4699119	-0.4125838	-0.5214219	-0.4998711	-0.55987185	-0.44268376	-0.43211645	-0.53590506	-0.4719936	-0.5401006	-0.37603685	-0.41826704	-0.4444112	-0.50297606	-0.30677372	-0.4383901	-0.44957507	-0.49319908	-0.5623322	-0.42213896	-0.3766611	-0.5853104	-0.5146964	-0.4931602	-0.43991718	-0.4919242	-0.49388018	-0.5308544	-0.5049254	-0.41836756	-0.44251972	-0.53883386	-0.5172255	-0.55941755	-0.46122387	-0.44164723	-0.30253607	-0.36055517	-0.460359	-0.31574944	-0.48160878	-0.40904096	-0.53383726	-0.44502813	-0.37069488	-0.45420218	-0.36503595	-0.5413406	-0.4091718	-0.59268904	-0.44587266	-0.34600368	-0.5711816	-0.43181476	-0.38087618	-0.3897926	-0.3721433	-0.4630045	-0.60102177	-0.42723405	-0.47272027	-0.46048057	-0.4930746	-0.5386061	-0.5340313	-0.49269983	-0.49492845	-0.50107116	-0.35008693	-0.47716027	-0.42617047	-0.39135686	-0.54675686	-0.5428166	-0.46424326	-0.407001	-0.42030293	-0.52147144	-0.45563078	-0.5271114	-0.48184612	-0.5410464
embedding_0170	1.3384621	1.3168936	1.4112445	1.3197758	1.3013735	1.1514271	1.3197366	1.3359712	1.3778163	1.3353184	1.3504848	1.419124	1.3432511	1.3520275	1.3045622	1.2863495	1.2922331	1.366916	1.363259	1.2844679	1.3759017	1.3266088	1.3512768	1.3166231	1.3326645	1.3697081	1.3706112	1.3395555	1.3349072	1.3468995	1.3401209	1.2748586	1.2697451	1.383352	1.2988063	1.3929298	1.36122	1.2443694	1.3270797	1.206707	1.3415647	1.3351884	1.3360813	1.3466914	1.3693379	1.4155267	1.368315	1.318246	1.3452498	1.3343318	1.4191226	1.3615954	1.3720949	1.338534	1.2551887	1.4636381	1.3057784	1.3429996	1.3286309	1.3175606	1.4088969	1.2909061	1.3323685	1.3347288	1.387556	1.309219	1.3331279	1.3421509	1.3448654	1.3757844	1.318746	1.2878697	1.3106023	1.426891	1.3425084	1.3858914	1.2917585	1.3737355	1.2829626	1.3394846	1.3296217	1.3952713	1.3905263	1.3424582	1.3404335	1.3727438	1.2779044	1.3479651
embedding_0171	0.27117217	0.32288224	0.31579366	0.28672275	0.27793634	0.19349572	0.27403548	0.2708194	0.29483813	0.23929219	0.2852938	0.33180907	0.27883738	0.2903709	0.28428692	0.23909259	0.26390752	0.30634972	0.2869866	0.26071128	0.3439613	0.24090184	0.3149682	0.3192702	0.23005034	0.29447776	0.34825385	0.3262183	0.3005974	0.25857547	0.30098835	0.23765194	0.17117816	0.32073516	0.24514192	0.34686932	0.33507437	0.19725572	0.26938137	0.17741285	0.2773336	0.30615652	0.2646122	0.2982264	0.25669578	0.4165881	0.3020169	0.25112164	0.29679245	0.3192576	0.28425708	0.27491406	0.26438975	0.26125497	0.283016	0.28784418	0.21587323	0.31195945	0.28300187	0.27244312	0.3342896	0.3205415	0.3289042	0.25413683	0.29247326	0.25711036	0.26374117	0.31046775	0.28773135	0.27067426	0.2124777	0.24234518	0.2685869	0.25677955	0.24431433	0.29608712	0.29176557	0.342967	0.2581065	0.28695473	0.27229902	0.3721578	0.27394015	0.24365592	0.28348035	0.26067647	0.24284013	0.30448738
embedding_0172	-0.12760164	-0.19978505	-0.1937105	-0.2243674	-0.23693745	-0.17252417	-0.19612487	-0.19877844	-0.16382846	-0.22391142	-0.16815925	-0.16893432	-0.17367475	-0.17597827	-0.2179488	-0.20873734	-0.1425714	-0.17460571	-0.20011945	-0.2400687	-0.20670643	-0.17525467	-0.16648819	-0.15193455	-0.24243039	-0.14233743	-0.22229435	-0.21920644	-0.23299824	-0.21439993	-0.21137129	-0.16715693	-0.15278846	-0.1859042	-0.21419905	-0.24994738	-0.20541589	-0.17651932	-0.18970549	-0.21297123	-0.24747814	-0.16867036	-0.19781281	-0.20382184	-0.15058638	-0.2562057	-0.20974348	-0.2265321	-0.22086127	-0.23411867	-0.13843516	-0.20216307	-0.12997663	-0.17775501	-0.23446025	-0.18566717	-0.25330332	-0.20173317	-0.09966292	-0.20453864	-0.20212406	-0.15906729	-0.25706863	-0.21774173	-0.26119787	-0.26597247	-0.19916473	-0.21236263	-0.24643962	-0.20665891	-0.20979978	-0.21222407	-0.16485891	-0.15485328	-0.19515726	-0.2502802	-0.1949147	-0.14464189	-0.15085687	-0.23229812	-0.22086196	-0.17899053	-0.24287102	-0.24175611	-0.21832864	-0.26273915	-0.2221538	-0.22034183
embedding_0173	0.034383036	0.082036816	0.013730549	0.048285898	-0.07096781	0.06148422	0.02754153	0.018349523	0.07471332	0.13491477	-0.051321153	0.11752682	0.03904717	0.083645366	0.04644115	-0.08138743	0.11391483	0.016289994	0.09987997	-0.020010432	0.12254326	0.013733026	0.025888463	0.036972456	-0.10768205	0.025320347	-0.05793477	-0.060535625	-0.029864024	0.065308094	0.035269365	0.06357583	0.033847727	-0.019322958	0.024043474	-0.04346607	-0.008701088	0.061458413	0.11133666	-0.012533122	-0.021087524	0.17295028	-0.005779371	0.07385312	0.19421774	-0.037222452	0.02072315	0.10026303	0.025954206	-0.016986603	0.15363806	0.094464496	0.1550627	0.042132244	-0.058409967	0.14709993	0.05351874	0.09265699	0.0068828505	0.058220923	0.06611365	0.09314156	0.07564361	-0.0488847	0.0076043135	-0.041531734	0.033625923	0.031656515	-0.007092374	0.112880215	0.022882603	-0.019184854	-0.00040602766	0.18832734	0.095379815	0.03101112	0.13031013	0.18248966	-0.024860512	-0.050317027	0.081205666	0.039344303	0.08934809	0.08633681	0.05895843	-0.030168647	0.06335395	0.0014827184
embedding_0174	0.7445279	0.71614194	0.6919309	0.6881162	0.668471	0.7556145	0.7967051	0.705805	0.8410525	0.63459617	0.77471983	0.7949081	0.7838255	0.75143325	0.74112356	0.66259694	0.8100245	0.77495915	0.7281968	0.6949291	0.7744831	0.7220385	0.7475945	0.78355956	0.633167	0.77435875	0.74170315	0.66099066	0.73170215	0.7087884	0.7699347	0.6992061	0.7555669	0.68374157	0.7266373	0.72298276	0.7222507	0.78944033	0.7377389	0.7051303	0.675106	0.77509326	0.70148045	0.7278389	0.804434	0.71932423	0.7724146	0.75288844	0.81543916	0.7112523	0.7744432	0.78664577	0.7610069	0.67695385	0.60386735	0.8311309	0.6862319	0.8156781	0.67028433	0.733884	0.7820442	0.7872526	0.6951821	0.65635735	0.7053141	0.7277156	0.7425311	0.7611628	0.7260184	0.76863956	0.73068595	0.771877	0.7534823	0.7982045	0.7399443	0.7496871	0.78500146	0.73412293	0.73396486	0.7114413	0.82642186	0.7670748	0.7902377	0.7189306	0.7631055	0.7279711	0.7422151	0.74621797
embedding_0175	0.84842134	0.8318534	0.90705323	0.84551567	0.8641235	0.8507798	0.8764879	0.8936828	0.87679815	0.93515056	0.91491336	0.82098883	0.8790437	0.8886554	0.91906667	0.8264275	0.90010756	0.9204551	0.8935462	0.9251397	0.9509541	0.951268	0.8994688	0.9434977	0.88888174	0.85203296	0.83423245	0.82756203	0.8351532	0.8622181	0.87135464	0.8373177	0.91884565	0.87513405	0.8468381	0.84158003	0.84944147	0.8980461	0.9187279	0.78875756	0.87717164	0.8483686	0.9410145	0.97255695	0.8629905	0.8849758	0.91129875	0.8857272	0.88578784	0.83585715	0.9267437	0.8831453	0.88914675	0.8637962	0.8460729	0.8063873	0.9016156	0.89124686	0.87307996	0.8363402	0.90305316	0.83607084	0.9313295	0.90471846	0.8729264	0.8515969	0.8593947	0.95499045	0.93778855	0.9010074	0.88994163	0.9185903	0.8599138	0.92575854	0.9087008	0.93098015	0.9200466	0.9049276	0.8718207	0.8379644	0.89066756	0.919937	0.9184664	0.9110078	0.88972104	0.88297206	0.9120151	0.88533187
embedding_0176	0.07665354	0.037714988	0.00738449	0.045309022	-0.010097406	0.03735751	0.0417322	0.022397488	0.038366005	0.059159394	0.0319606	0.1043846	0.12267193	0.0075371866	0.026347024	0.026301505	0.068864875	0.0018866009	-0.02687984	-0.013295267	-0.0022182458	-0.031916626	-0.04138523	0.056435294	0.04860144	0.044616327	-0.0025360924	0.037350453	0.0012223652	0.037697166	0.048577186	0.070974775	0.089168474	0.02851618	-0.00051904604	-0.005451713	-0.014244102	0.09145407	0.07209926	0.08081901	-0.05406194	0.051449332	-0.015571039	0.06061563	0.104683354	-0.0280704	0.033992372	0.008509979	0.118284054	-0.013684524	0.014509694	0.057750676	0.010129727	0.061699748	-0.051414907	0.2161713	-0.04466232	0.013953421	-0.07825173	0.0211732	0.03810134	0.037699685	0.0076507884	-0.0534954	0.04117443	0.018772714	-0.0076421485	0.011433269	0.0076587754	0.053025436	0.027415965	0.048256602	0.0041801743	0.03173816	0.055808954	0.04596211	0.11142039	0.0021118012	0.05416971	0.01676932	0.07922643	-0.034960907	0.09565413	0.013981931	0.053112935	0.12397635	0.012284193	0.050405264
embedding_0177	0.11094688	0.23289181	0.15170842	0.21013683	0.22366405	0.24673472	0.14263251	0.31581306	0.18582486	0.26187602	0.21707276	0.12126095	0.15221113	0.22981876	0.2617817	0.26296443	0.14226595	0.22672372	0.24894436	0.2449483	0.17964426	0.26584622	0.20308107	0.123359784	0.23736246	0.191086	0.2339254	0.19778351	0.19260134	0.213749	0.17309017	0.22392711	0.15040228	0.18415365	0.24100769	0.1983261	0.23403858	0.21734999	0.21739371	0.20345716	0.2563352	0.19420125	0.26878887	0.24789587	0.18163353	0.15507884	0.18338458	0.3003973	0.11597007	0.2338566	0.22414154	0.15781532	0.17740254	0.23989479	0.26674896	0.13396172	0.24408801	0.17304714	0.32726255	0.25552222	0.12441106	0.21780053	0.27869412	0.25414693	0.18198538	0.2289696	0.22041379	0.17307888	0.24395637	0.19334419	0.19460188	0.168907	0.2394755	0.19964038	0.21292135	0.20478259	0.16247629	0.23969907	0.20443866	0.26098365	0.15458156	0.22892039	0.18594064	0.1984424	0.1741938	0.23832086	0.23756759	0.19372009
embedding_0178	0.066417865	0.12365929	0.22915427	0.10346693	0.14067395	0.11247115	0.1276688	0.09710114	0.061662134	0.030197091	0.15351072	0.03918823	0.08869693	0.05737412	0.18054429	0.12704052	0.09642298	0.11652895	0.11706965	0.15091869	0.1517581	0.129458	0.013524084	0.08261818	0.16726503	0.10926041	0.12251792	0.15965383	0.2842632	0.12313498	0.17364223	0.12908167	0.11731693	0.13433065	0.11328744	0.22623932	0.14978021	0.16986793	0.091708146	0.14410527	0.14743133	0.06724193	0.18530814	0.11620372	0.041260958	0.23505642	0.14401436	0.13677357	0.117124535	0.1427245	-0.037499666	0.10671234	0.029991789	0.08136867	0.20426783	-0.0295423	0.21139906	0.10504158	0.044070233	0.097787164	0.11919785	0.07877289	0.055204224	0.23446573	0.16938008	0.1258266	0.1455786	0.11407753	0.13019647	0.10636524	0.15240066	0.110929616	0.07721303	0.0696568	0.055143025	0.15300079	0.05913846	0.041628923	0.1430206	0.26073554	0.103646375	0.13053553	0.11971275	0.16103928	0.11314474	0.17411216	0.15206274	0.114610724
embedding_0179	0.046968073	0.040653966	0.0023508202	0.05072718	-0.044679	-0.015626904	-0.00263887	-0.041379	0.02028094	-0.0004617516	0.008778749	0.059686728	0.0034919698	0.01143731	0.0046702838	-0.005237105	0.019933281	0.023112733	-0.014696844	-0.049176093	-0.024516355	0.017450804	0.039131794	0.03984202	0.01266093	0.0844843	-0.061619688	0.109507665	-0.07747181	0.02859752	0.024250032	-0.011523691	0.0030118558	0.027632212	-0.038366932	0.0027136444	0.03916704	0.024407674	-0.0232934	-0.071150675	-0.016550627	0.0810468	-0.009088453	0.031101635	0.02457017	0.08638394	-0.008888515	-0.0352427	0.04686055	0.009010999	-0.044562936	0.009404236	0.033873703	0.045665592	-0.016862739	0.09793195	-0.008910956	-0.037182756	0.0019144516	0.004503166	0.05064387	0.090871036	0.012310235	0.00747408	-0.0014375371	-0.0014599053	-0.023344124	0.0056569595	-0.017845407	-0.075218156	-0.029290032	-0.021573383	-0.03634217	0.07637737	-0.009563381	-0.0034376408	-0.040603444	-0.006981778	-0.049339637	-0.0041206414	-0.044157907	-0.028262848	-0.002349444	-0.008996703	-0.030606532	-0.026281755	-0.017294088	0.026814934
embedding_0180	0.5453613	0.54332364	0.5806332	0.5078892	0.53593016	0.51075876	0.5474135	0.5338669	0.48386845	0.50520635	0.5592705	0.5044018	0.5125107	0.5478964	0.5209333	0.5171727	0.5401132	0.5030608	0.450651	0.5025287	0.50910324	0.4636047	0.5403945	0.6149285	0.4596342	0.49628952	0.54155177	0.5077395	0.51751614	0.50059146	0.5048416	0.49710014	0.5174107	0.52027696	0.45271856	0.5097244	0.52932656	0.4977333	0.53066707	0.47392574	0.4551837	0.4862906	0.5312479	0.5165585	0.4935052	0.5309044	0.50130147	0.46930698	0.50536376	0.48372698	0.5472551	0.52455133	0.5240161	0.5209391	0.52660656	0.49668127	0.47469553	0.5337449	0.5164528	0.45587963	0.533367	0.52330047	0.57319975	0.51256317	0.5130522	0.5287364	0.49419045	0.56488323	0.51162237	0.4821279	0.5214019	0.5533194	0.531745	0.50943774	0.5289909	0.52425224	0.5743046	0.5638296	0.4709876	0.48102945	0.51609457	0.5037369	0.53480715	0.54300237	0.52438235	0.51875997	0.54501843	0.5187005
embedding_0181	0.1863662	0.17210473	0.20699878	0.25771245	0.31394908	0.114496104	0.23921753	0.26425418	0.26404247	0.2622512	0.30417338	0.15090252	0.20718989	0.23690894	0.34175712	0.31037986	0.1568431	0.2570467	0.27929237	0.33971867	0.25134218	0.33420214	0.20174843	0.2048653	0.3814581	0.22383559	0.24672216	0.2652863	0.26367027	0.3071805	0.26056087	0.19410467	0.22529604	0.23947057	0.29947084	0.24241018	0.27735174	0.291748	0.2327611	0.24958451	0.35900897	0.17686224	0.25235328	0.24167101	0.17273779	0.23117366	0.2798934	0.31960887	0.28337872	0.20102042	0.21075632	0.23285396	0.15242068	0.20866938	0.22182693	0.27324212	0.33663723	0.27255565	0.2462364	0.23376319	0.18387912	0.19923717	0.3140294	0.31683406	0.352088	0.27089965	0.25783172	0.31666535	0.3508012	0.24425907	0.3265327	0.27601066	0.2729302	0.18031389	0.22326957	0.31655422	0.16196483	0.12610953	0.26950333	0.29225454	0.23449503	0.2319383	0.24423821	0.22332641	0.28666872	0.3344253	0.28161353	0.25071582
embedding_0182	-0.14979914	-0.25537127	-0.22407426	-0.22414717	-0.23981294	-0.19528231	-0.22218437	-0.19765103	-0.23168589	-0.17959537	-0.2054922	-0.19453806	-0.26647094	-0.20279647	-0.23093215	-0.25472948	-0.25469333	-0.24581538	-0.1905115	-0.22751628	-0.23101538	-0.29017368	-0.16945273	-0.17853491	-0.23210776	-0.2310016	-0.26621214	-0.2449238	-0.2522265	-0.19614059	-0.28248745	-0.11621382	-0.16480279	-0.21519242	-0.2094907	-0.23174043	-0.24546386	-0.21742123	-0.23147756	-0.18164398	-0.18987244	-0.15422162	-0.2920908	-0.2261468	-0.12315217	-0.3124744	-0.24291703	-0.26130828	-0.27821943	-0.25477037	-0.16807821	-0.2523917	-0.1241877	-0.18628791	-0.18935102	-0.23561117	-0.30330455	-0.2004484	-0.11832993	-0.22047232	-0.20470773	-0.23071788	-0.23009989	-0.2328911	-0.2951101	-0.28275117	-0.23970658	-0.2590592	-0.24202262	-0.23768511	-0.27254936	-0.21700883	-0.22257479	-0.22374853	-0.25205415	-0.26286665	-0.26516938	-0.19529435	-0.18416843	-0.30611572	-0.21781342	-0.24512193	-0.28444526	-0.23038436	-0.25972223	-0.2763004	-0.20895502	-0.18788216
embedding_0183	0.41587326	0.43288988	0.31739277	0.47312495	0.47527164	0.48596737	0.43119043	0.4927464	0.44743097	0.5067061	0.46707204	0.37626442	0.40352133	0.4784581	0.4188618	0.4762948	0.4555157	0.45786807	0.4249104	0.477361	0.45181978	0.42237416	0.43171346	0.42184582	0.48506898	0.39664358	0.43317616	0.4001508	0.39251673	0.41834497	0.39957792	0.46730915	0.47605926	0.43736443	0.5004193	0.39267904	0.3996235	0.47198254	0.44084746	0.5004054	0.45963687	0.46285322	0.47826922	0.50623333	0.46384686	0.35878956	0.4468201	0.44512096	0.42897817	0.4406979	0.44608444	0.46243393	0.46141577	0.4707673	0.49092767	0.41001114	0.43930772	0.44114038	0.4538767	0.4554312	0.42456213	0.4468565	0.44404513	0.38180286	0.40882722	0.51441824	0.43659765	0.47255948	0.4929629	0.48775092	0.46811685	0.42322746	0.4834386	0.4550005	0.48253432	0.46409935	0.46783483	0.44709876	0.474184	0.4212985	0.4616648	0.37191305	0.4670951	0.46419778	0.47786772	0.50305325	0.4798104	0.44999933
embedding_0184	-0.06192319	-0.10364371	-0.00025197398	-0.16945918	-0.121313035	0.021895373	-0.012580257	-0.019313756	0.01660322	-0.035379723	-0.05516359	-0.044967424	-0.051098682	-0.020388888	-0.11264276	-0.092746526	0.020687453	0.00037817954	-0.1087605	-0.07465943	-0.04641414	-0.07088136	0.028461544	-0.05345246	-0.0763974	-0.058319435	-0.029084062	-0.13755885	-0.12370733	-0.14423661	-0.057890307	-0.0437133	-0.023323102	-0.059046276	-0.06603598	-0.038221236	-0.05103488	-0.12348426	-0.07666122	-0.057741575	-0.05749977	-0.032122552	-0.0539572	0.01727629	-0.038606636	-0.0011999714	-0.065672696	-0.10574649	-0.044210892	-0.11722467	-0.024258526	-0.03287261	-0.007053016	-0.07461198	-0.0046754507	-0.07840461	-0.18421479	-0.052438676	-0.013825845	-0.0590452	-0.04894041	-0.08264582	-0.017007412	-0.07599215	-0.1838031	-0.061370395	-0.014872092	-0.09390344	-0.09479205	-0.111760415	-0.1679677	-0.0033735828	-0.09269406	-0.04298751	-0.03375576	-0.11146419	-0.07682537	-0.033841882	-0.11282259	-0.1533439	-0.0100485245	-0.021941973	-0.088456266	-0.097328946	-0.0770678	-0.12853956	-0.115137	-0.10919208
embedding_0185	0.76276463	0.8034072	0.7588977	0.80241704	0.7938719	0.7810495	0.7389066	0.8215554	0.7976435	0.7863426	0.7633731	0.8511573	0.7256545	0.7432055	0.78900266	0.7328022	0.790533	0.7334658	0.7851935	0.7731401	0.78698653	0.7289751	0.7988079	0.7717412	0.7559862	0.7623184	0.77396435	0.77511567	0.7950583	0.78010684	0.7590364	0.81548333	0.77996606	0.7711749	0.73330444	0.73676157	0.7877977	0.78027844	0.761454	0.820217	0.7769737	0.86248666	0.7311637	0.7388967	0.82526946	0.73811346	0.7418158	0.816279	0.77601576	0.81457865	0.8146029	0.76122427	0.78729486	0.7962808	0.82139736	0.80619824	0.72736657	0.819702	0.78687984	0.8003999	0.7708745	0.78631496	0.757374	0.75511336	0.8023864	0.7712717	0.7873777	0.75603044	0.7580597	0.7601558	0.74945116	0.7734954	0.82319194	0.7792856	0.75235295	0.776401	0.808159	0.77221185	0.7879299	0.75458604	0.7976057	0.7893346	0.7720377	0.76401234	0.791197	0.72978324	0.7823089	0.7824445
embedding_0186	-1.2166301	-1.0206357	-1.1340423	-1.0794995	-1.1491233	-1.0509368	-1.107633	-0.97386265	-1.0779705	-0.93186736	-1.0135759	-1.1174349	-1.1600511	-1.0131723	-1.0882215	-1.0730464	-1.1072898	-1.0393436	-1.0934108	-1.0642926	-1.0584912	-1.2380913	-1.1478533	-1.0930805	-1.0489881	-1.1139599	-1.2525469	-1.0867146	-0.9690352	-1.0599753	-1.0641246	-1.0511756	-1.1406778	-1.1043496	-1.076099	-1.1371813	-1.0871164	-1.032235	-1.1299657	-1.0206326	-1.0104938	-0.93885607	-1.087218	-1.0460856	-1.0912789	-1.1453227	-1.0928627	-1.0509348	-1.0780578	-1.0972176	-1.1391175	-1.1017745	-1.1307213	-1.1403074	-1.0832697	-1.0878838	-1.1802608	-1.1122636	-1.0672811	-1.0661671	-1.1394254	-1.0366446	-1.0688611	-1.063633	-1.074619	-1.1057788	-1.04896	-1.1397128	-1.1218908	-1.1589286	-0.9796741	-1.0263064	-1.0547739	-1.048806	-1.1076777	-1.1250143	-1.1128798	-1.0359048	-1.1232898	-1.0842668	-1.0360452	-1.1033046	-1.1036499	-1.1252283	-1.0638304	-1.0934837	-1.0176411	-1.0767288
embedding_0187	0.48823166	0.4448533	0.47168726	0.42839915	0.49817392	0.6024919	0.46467838	0.44022292	0.44467986	0.48571694	0.48414356	0.5533131	0.4973759	0.5091405	0.47229534	0.4850824	0.40808722	0.462241	0.422646	0.4298869	0.47635925	0.48520908	0.47852206	0.43386364	0.4029309	0.48014778	0.52155805	0.44434196	0.3760569	0.4794554	0.4386888	0.36963928	0.3927346	0.43110302	0.4481289	0.48985413	0.5179966	0.39516136	0.52601993	0.5133545	0.4642331	0.6373658	0.4327585	0.47779253	0.522868	0.36149248	0.4315854	0.5215238	0.3370073	0.5414498	0.5282157	0.4077401	0.5305613	0.4428987	0.4869797	0.524897	0.39337698	0.46900573	0.5551534	0.45951653	0.40471897	0.5224482	0.47406408	0.44014883	0.43189284	0.43594888	0.45174927	0.46892175	0.44312862	0.36490571	0.49593678	0.4652057	0.54342556	0.41928175	0.5112458	0.39793998	0.48155737	0.55690455	0.43390188	0.43232146	0.42010987	0.4701373	0.39894512	0.3781338	0.44719112	0.40371698	0.47559518	0.41967157
embedding_0188	0.13242677	0.18818404	0.059501804	0.15502958	0.08057675	0.17034455	0.10699181	0.15192322	0.17701869	0.18789022	0.1603279	0.085090645	0.123096175	0.17425455	0.11614967	0.15827124	0.13980597	0.1714461	0.12805168	0.18426195	0.15389802	0.14142002	0.06952758	0.070697136	0.15207426	0.1001846	0.10748147	0.13963798	0.115765356	0.15254813	0.14958617	0.13230999	0.107886076	0.12741305	0.22730364	0.110717766	0.17324805	0.1594841	0.24832208	0.21448036	0.17374665	0.1395133	0.16032244	0.12898442	0.12337736	0.052625716	0.15864307	0.12774381	0.1309078	0.118374035	0.15102556	0.1312628	0.055558916	0.123520546	0.12951244	0.20420152	0.053808987	0.12839022	0.10682599	0.18004422	0.1438645	0.14364323	0.15442656	0.10829918	0.20254824	0.15676448	0.11420854	0.19819392	0.14567932	0.20945594	0.18295966	0.13542485	0.19500707	0.11301058	0.16997197	0.14272827	0.19647461	0.19067103	0.19122934	0.13943362	0.160313	0.17135276	0.111758664	0.17559943	0.16717015	0.21658853	0.26029974	0.13326259
embedding_0189	0.264112	0.10101638	0.26594892	0.13201998	0.15391149	0.2411784	0.19644752	0.22810695	0.18784648	0.18878463	0.20113803	0.17761211	0.1986774	0.16067368	0.17197543	0.13340634	0.20332794	0.17671819	0.19568889	0.22233675	0.269772	0.13735583	0.20768271	0.1544906	0.14767982	0.22299224	0.21115881	0.107491136	0.17540863	0.17838202	0.15063177	0.2324679	0.28326702	0.15605985	0.18942602	0.18777525	0.15344921	0.17783284	0.18854779	0.22787268	0.24528895	0.20983689	0.21879333	0.29112297	0.26557773	0.15022805	0.18689336	0.22208688	0.13367185	0.14661261	0.22916836	0.17760766	0.26944208	0.16410951	0.20515901	0.12193997	0.1455755	0.26571316	0.15516192	0.19852348	0.20846999	0.13617589	0.18374975	0.20746168	0.06844266	0.17460455	0.17542031	0.17509398	0.17248806	0.19780801	0.1541313	0.21785703	0.1892237	0.13113442	0.26151308	0.14821742	0.21712634	0.2686537	0.1731404	0.11552342	0.2121196	0.14898536	0.20075816	0.2150849	0.20401202	0.1625634	0.21431433	0.18158092
embedding_0190	-0.2094488	-0.23069835	-0.32135168	-0.27640623	-0.29899815	-0.17177135	-0.2660953	-0.2793792	-0.23915009	-0.22347037	-0.31345868	-0.27332512	-0.22674017	-0.2819616	-0.28767464	-0.25080824	-0.24573515	-0.2985346	-0.31821257	-0.28314397	-0.30813405	-0.24712153	-0.28561354	-0.32187554	-0.24951513	-0.27183017	-0.2967772	-0.26792884	-0.36490634	-0.26963297	-0.27460793	-0.22984053	-0.19607402	-0.27906886	-0.2234981	-0.3123288	-0.2746998	-0.26241472	-0.25356576	-0.17038897	-0.30089137	-0.22965483	-0.26751986	-0.31608805	-0.2806033	-0.30983672	-0.2976352	-0.2637151	-0.27413943	-0.26741275	-0.28023985	-0.2611029	-0.2447441	-0.24002996	-0.30562583	-0.2143417	-0.26589704	-0.28918397	-0.31380382	-0.2416324	-0.29195884	-0.21776652	-0.23701434	-0.30584005	-0.28794685	-0.24948546	-0.28791487	-0.30415806	-0.30106682	-0.3065983	-0.3022391	-0.2705406	-0.24895921	-0.26991907	-0.23982693	-0.2847966	-0.2221383	-0.25666988	-0.27293983	-0.31949148	-0.2732168	-0.29769516	-0.30753228	-0.29237175	-0.25494522	-0.27357647	-0.25643292	-0.25793064
embedding_0191	0.28154036	0.27201548	0.28264847	0.20383464	0.1280367	0.09410775	0.25266975	0.15332434	0.23385611	0.15127179	0.2675037	0.2833687	0.24210386	0.22551607	0.1883977	0.15364856	0.2159808	0.21026725	0.17583792	0.137923	0.14458716	0.15391506	0.15396045	0.20757589	0.17530544	0.23794855	0.22060911	0.3077688	0.21867491	0.2041741	0.21835315	0.15529364	0.14005557	0.27580747	0.18693785	0.2670112	0.25829226	0.18847017	0.19076273	0.07322338	0.13303256	0.21397384	0.15269814	0.14069131	0.2042954	0.3331972	0.2136813	0.14001049	0.26232135	0.19212261	0.1421176	0.2054561	0.20048876	0.18791108	0.11596804	0.31344554	0.17411838	0.19416228	0.14845605	0.17513524	0.2789727	0.22169866	0.10705002	0.20222594	0.2585034	0.17992806	0.23342967	0.17732455	0.15365256	0.15327945	0.18402424	0.15960304	0.1374193	0.24103953	0.13837034	0.20749947	0.15758033	0.2078704	0.16064237	0.28148836	0.19782107	0.24822074	0.22628966	0.16240294	0.16650677	0.2366431	0.12452896	0.24340625
embedding_0192	0.72863257	0.73781025	0.8765116	0.7894533	0.8590454	0.79335207	0.8169753	0.8154657	0.8357569	0.79962265	0.8233578	0.7619058	0.77403975	0.8360368	0.7958639	0.816784	0.7616942	0.8645596	0.8483719	0.8958518	0.8355815	0.8052438	0.81265324	0.80864847	0.83103263	0.8261865	0.8640331	0.7883191	0.8563135	0.81493115	0.7857501	0.7741377	0.78254485	0.84234864	0.78008395	0.87682897	0.843002	0.7831604	0.7811739	0.7322941	0.8961621	0.8406757	0.82369703	0.87865293	0.74910504	0.8686802	0.86013967	0.8652267	0.81509775	0.7780412	0.7980793	0.8167562	0.8119422	0.75272965	0.89646643	0.7262399	0.85136724	0.81386614	0.850828	0.7855829	0.7943958	0.77299625	0.85563207	0.8756732	0.84687006	0.8323038	0.8521017	0.8407311	0.87534976	0.7914182	0.8349407	0.8117777	0.7998704	0.78260744	0.8214246	0.8343716	0.75079286	0.81053025	0.79264086	0.8069837	0.79787695	0.8654515	0.79768866	0.848136	0.7854757	0.8103384	0.7864298	0.8318029
embedding_0193	0.1285049	0.10819065	0.24011543	0.13817272	0.173006	0.15839909	0.20625646	0.034603983	0.14775021	0.06372186	0.106737256	0.22035934	0.15678158	0.10282161	0.14549908	0.097474895	0.17942162	0.14538412	0.13388541	0.09923168	0.1872817	0.13510397	0.17831033	0.22864416	0.11487528	0.21491598	0.17088176	0.15056117	0.1841611	0.10637725	0.18395813	0.104667835	0.19746085	0.15077578	0.052452594	0.18904184	0.13975829	0.080163635	0.08508802	0.095993035	0.123716414	0.10875658	0.15713757	0.13201264	0.13684696	0.20338279	0.13210185	0.13567702	0.1590115	0.13200383	0.1346726	0.14121488	0.13418427	0.10194541	0.10392718	0.12125877	0.16301647	0.1370149	0.14374156	0.10203272	0.12693164	0.15782668	0.20680436	0.11282446	0.106313474	0.081734054	0.13593194	0.1480024	0.09907088	0.055938326	0.11617252	0.19627568	0.03648422	0.15321928	0.1934425	0.11768452	0.15398294	0.12933554	0.06501808	0.11174296	0.15556231	0.14862181	0.11742553	0.099392116	0.1296851	0.08312619	0.048344277	0.11367302
embedding_0194	-0.07634966	-0.094947346	-0.105929114	-0.10688064	-0.079241395	-0.1206988	-0.083263956	0.011604064	-0.13406979	-0.094122455	-0.18799786	-0.044147182	-0.09958213	-0.11376367	-0.111978695	-0.1246692	-0.047723603	-0.08506603	-0.09314345	-0.13640667	-0.010203523	-0.110344134	-0.07092496	-0.07783766	-0.1810706	-0.08568047	-0.03130597	-0.20831794	-0.11242483	-0.11749913	-0.082580864	-0.09584415	-0.113858595	-0.16990738	-0.115752995	-0.078495175	-0.08219356	-0.15402232	-0.114359215	-0.13147096	-0.1312525	-0.13670786	-0.050158177	-0.056321725	-0.047380615	-0.07580852	-0.13294946	-0.036192264	-0.122656845	-0.07359056	0.008199998	-0.054293845	-0.0077766734	-0.09709575	-0.115148574	-0.11254636	-0.09395542	-0.048602313	-0.11888456	-0.0752677	-0.03878983	-0.07108021	0.02039644	-0.1442396	-0.1515493	-0.09572019	-0.117925696	-0.08299449	-0.10695254	-0.055091027	-0.15557642	-0.15722045	-0.08514203	-0.060757168	-0.018279597	-0.11012847	-0.026199583	-0.01557639	-0.12925795	-0.13692714	-0.07649932	-0.1056593	-0.074528605	-0.06971396	-0.065376714	-0.1489429	-0.11003399	-0.15643974
embedding_0195	0.29069752	0.31899327	0.27411306	0.35045463	0.2646823	0.31084824	0.26273197	0.20776647	0.31164116	0.3029577	0.27673408	0.2934043	0.24462414	0.28182277	0.27691278	0.29169524	0.23296034	0.23570567	0.23754303	0.2981004	0.24583791	0.2411554	0.2570003	0.2692134	0.34070724	0.27642906	0.27192128	0.37967387	0.35025632	0.28575507	0.29760468	0.31497997	0.29742545	0.35585016	0.29824203	0.28955063	0.32479632	0.34022558	0.2696623	0.3410075	0.31221345	0.32899725	0.26300466	0.23914234	0.25381622	0.3033339	0.2704897	0.30316496	0.29873094	0.3292942	0.17027518	0.27529088	0.21286727	0.28835106	0.29181218	0.26756486	0.3252081	0.26531428	0.22893403	0.2688262	0.30054864	0.27353984	0.26025295	0.22335693	0.3844214	0.32914776	0.26550832	0.2966029	0.25689927	0.25443217	0.3492774	0.33298537	0.2766528	0.22493905	0.2638231	0.2844575	0.2666799	0.25306758	0.32201132	0.34011725	0.3025108	0.2542665	0.27778053	0.30659625	0.27852276	0.3364007	0.30071568	0.31135064
embedding_0196	0.34169263	0.2865079	0.3953603	0.344224	0.3389128	0.3671548	0.32769427	0.30023113	0.36042815	0.36945608	0.36751255	0.34367913	0.30135354	0.37218812	0.3098115	0.32572517	0.34310266	0.30981886	0.3197388	0.3541476	0.32319522	0.33340663	0.37391055	0.3346014	0.3659371	0.32548365	0.28030235	0.35083097	0.34538355	0.3272373	0.30874074	0.37022206	0.35565993	0.37329185	0.37334692	0.31589293	0.34183744	0.32801136	0.32867	0.4094733	0.39693928	0.41500887	0.29999945	0.3527077	0.355493	0.33921716	0.35701534	0.34672916	0.3312994	0.32602262	0.31295165	0.34076735	0.3140291	0.37631097	0.37724736	0.32321066	0.29715267	0.33976287	0.3876668	0.33846027	0.3623059	0.355485	0.3318572	0.32532266	0.32747936	0.38069713	0.35863578	0.33346292	0.3341314	0.37983534	0.36158177	0.30349228	0.39974305	0.3646972	0.33577806	0.32957324	0.32871407	0.38341677	0.3824216	0.31442106	0.3690596	0.30441386	0.33868405	0.396514	0.34938857	0.34675303	0.32453808	0.3560476
embedding_0197	0.3483032	0.34002036	0.3112772	0.35943887	0.30738765	0.33983073	0.3353726	0.35927978	0.37763345	0.3932715	0.3198025	0.3215566	0.33306146	0.38831955	0.34870476	0.35057127	0.30699664	0.33750424	0.3805345	0.3794836	0.38597003	0.40479028	0.32144004	0.25565827	0.37907785	0.30199072	0.28851095	0.33617762	0.3205942	0.4007463	0.39588714	0.34805858	0.33581161	0.29905608	0.40057635	0.3385194	0.36094093	0.39047948	0.4207478	0.4240311	0.40144214	0.3515916	0.35271442	0.37469178	0.37299633	0.3497988	0.38598454	0.40925455	0.36508703	0.33810446	0.37524602	0.3631272	0.29665965	0.33543548	0.32943133	0.39316142	0.35985383	0.3224238	0.27394643	0.3655575	0.3565218	0.35811406	0.37499365	0.33340874	0.37437665	0.33869407	0.3342206	0.38373002	0.4018815	0.46182117	0.38544688	0.33718598	0.37331048	0.3550794	0.37464237	0.3683391	0.38821146	0.41499814	0.37755087	0.39017597	0.3804084	0.3295695	0.3804609	0.42561167	0.39592874	0.40406093	0.42587313	0.3308908
embedding_0198	-0.21187742	-0.11743275	-0.24230596	-0.108298294	-0.1413329	-0.1244054	-0.17533043	-0.09530189	-0.15575801	-0.09519805	-0.13992725	-0.17048188	-0.21394202	-0.06590035	-0.10871117	-0.13353184	-0.13802883	-0.1009272	-0.07945058	-0.062373	-0.09279102	-0.14194275	-0.22316468	-0.15273589	-0.09764362	-0.18285963	-0.2313989	-0.19853097	-0.12403687	-0.103398584	-0.15787625	-0.11402144	-0.104089215	-0.20296247	-0.040447056	-0.13007227	-0.11569536	-0.067204066	-0.120148025	-0.036711607	-0.065321445	-0.09702617	-0.12712081	-0.122916564	-0.18334372	-0.18401967	-0.11754512	-0.07032084	-0.180388	-0.19647247	-0.1417879	-0.15660435	-0.14894974	-0.185766	-0.14085609	-0.22028203	-0.07333727	-0.15795027	-0.100489505	-0.08856236	-0.11460553	-0.105779976	-0.0915715	-0.09014863	-0.13915662	-0.071170114	-0.10496957	-0.12592581	-0.07573013	-0.095204055	-0.0489274	-0.14557466	-0.091670334	-0.10094417	-0.17206681	-0.12873228	-0.16603316	-0.123597234	-0.11317111	-0.16611096	-0.1152642	-0.1162474	-0.118169494	-0.079336025	-0.106021754	-0.09188032	-0.10018933	-0.1812964
embedding_0199	0.45716488	0.3221871	0.36417374	0.40506545	0.39315096	0.34292638	0.40980804	0.4074297	0.3720035	0.37713006	0.41878253	0.39441985	0.43618122	0.38157484	0.37103802	0.43233967	0.34607875	0.34024262	0.3721617	0.42628342	0.35298616	0.41677284	0.32749453	0.32177335	0.4906649	0.37901327	0.45453548	0.42924586	0.35884783	0.43701595	0.3866104	0.39676532	0.42968535	0.3876358	0.4046513	0.39943996	0.34793282	0.4884985	0.44572496	0.44874504	0.39022675	0.31088942	0.34870473	0.3807645	0.40906247	0.34324923	0.41590336	0.3943189	0.45163408	0.3786274	0.35964942	0.38130838	0.3101667	0.39669672	0.35977846	0.52635205	0.37085152	0.35243398	0.29865438	0.3881081	0.38358104	0.30943862	0.3227622	0.4090183	0.47170386	0.41021252	0.35485157	0.39830455	0.45773846	0.45289552	0.3686029	0.45021623	0.39244676	0.30413297	0.41449627	0.4006472	0.37039208	0.2715192	0.4793452	0.45102018	0.38923258	0.31876126	0.43701118	0.40234184	0.42080858	0.5140459	0.42770666	0.40252373
embedding_0200	-0.06844487	-0.033522643	-0.05682344	-0.018872468	0.036542434	0.013460878	-0.060889795	-0.049927156	-0.034542326	-0.068673246	-0.03623664	-0.10976341	-0.00078927155	-0.07570801	0.012739583	-0.004238353	0.011179348	-0.05568165	-0.00058877375	0.06370951	-0.030342203	0.014002394	-0.010955931	-0.047104474	0.036039915	-0.040797777	-0.06925047	-0.027693663	0.040005583	-0.07471486	0.01625388	0.008514486	0.036525242	-0.032618575	-0.048120994	-0.049409814	-0.012427637	-0.0033137603	-0.037975352	0.017086053	0.011288109	-0.13820353	0.039254226	-0.020635469	-0.119504526	0.058848415	-0.032561734	-0.019488819	-0.008261617	-0.018741315	-0.09522056	-0.02214103	-0.1464597	-0.025163056	0.023367912	-0.09814259	0.08091399	-0.02017989	-0.034855783	0.00055129133	-0.04634746	-0.07271336	0.048823558	0.01385952	0.0015507955	0.026982265	-0.057252415	0.006563392	0.007433613	0.012520958	-0.04746354	0.012873395	-0.025294432	-0.07739794	-0.015509201	0.01725629	-0.025695682	-0.060233362	0.02836396	0.018541757	-0.04581394	-0.056138877	-0.050750863	0.029938413	0.0040584956	0.0592859	0.023332285	-0.029949406
embedding_0201	-0.08026129	-0.07343089	-0.17757818	-0.11324035	-0.11242721	-0.2241689	-0.18419401	-0.05964034	-0.23335084	-0.17685942	-0.17878042	-0.12606649	-0.102374986	-0.20061898	-0.12694083	-0.12455271	-0.15125547	-0.18881302	-0.16545853	-0.1676329	-0.17559513	-0.1378611	-0.15573621	-0.12805685	-0.18089902	-0.16072522	-0.057723146	-0.1538271	-0.16995598	-0.1917464	-0.19357951	-0.14127222	-0.14024986	-0.19255039	-0.21100497	-0.13430485	-0.18006825	-0.11944746	-0.18837203	-0.1695424	-0.25433686	-0.1646342	-0.12631139	-0.18984869	-0.12625472	-0.13274917	-0.17601636	-0.14281808	-0.1708119	-0.13653997	-0.106009126	-0.14523086	-0.082427315	-0.07523108	-0.15801975	-0.15160203	-0.085162595	-0.11839738	-0.124500506	-0.14618923	-0.1430331	-0.10017594	-0.15493694	-0.16286717	-0.18959314	-0.13513058	-0.17867164	-0.13017559	-0.10571346	-0.15141566	-0.23159096	-0.17503117	-0.11862028	-0.15960157	-0.21593904	-0.13245434	-0.14707404	-0.15461773	-0.1407712	-0.16085613	-0.17563866	-0.12251778	-0.13916728	-0.14975722	-0.16180278	-0.13514277	-0.23044537	-0.107733406
embedding_0202	-0.39127576	-0.3927807	-0.4681543	-0.4097823	-0.43706945	-0.22966881	-0.34923854	-0.45716202	-0.3819662	-0.3561545	-0.36188063	-0.3174509	-0.3458393	-0.36648992	-0.37331808	-0.3229717	-0.43324977	-0.4074128	-0.44281465	-0.40957627	-0.47124615	-0.4118811	-0.4280266	-0.4402782	-0.31572774	-0.41996962	-0.5208992	-0.36714262	-0.5052214	-0.4214148	-0.4098348	-0.41064397	-0.32458362	-0.35282052	-0.33468154	-0.41694197	-0.41462916	-0.3272412	-0.26071417	-0.17332128	-0.40190178	-0.28697553	-0.45294333	-0.36452603	-0.3213588	-0.5413716	-0.4356759	-0.44160613	-0.38095298	-0.42776752	-0.3826191	-0.40833464	-0.37221605	-0.3286052	-0.37114835	-0.29131618	-0.49083003	-0.47487512	-0.29438502	-0.35783386	-0.40078244	-0.36093757	-0.46650907	-0.46857625	-0.35807672	-0.35180613	-0.414626	-0.41305098	-0.40632504	-0.40872356	-0.32813114	-0.40343443	-0.28052106	-0.42342564	-0.39616308	-0.42874253	-0.38820907	-0.3960876	-0.31615475	-0.38073382	-0.39184222	-0.41612175	-0.42144126	-0.41988972	-0.3504421	-0.342968	-0.34199148	-0.37293598
embedding_0203	0.04634675	0.06584452	0.0125156455	-0.009677063	-0.06147004	-0.033971068	0.031907205	0.034239333	0.008678649	-0.019880217	0.055614907	0.073578455	0.027722228	-0.025994321	-0.00814512	-0.007157006	0.050206166	0.02792151	-0.058291487	-0.1101659	-0.083594285	-0.062139623	0.0069359355	0.00671978	-0.04742213	0.028565899	-0.020127628	0.05704921	-0.1091975	-0.047534127	0.0011984003	-0.050312992	0.02249068	-0.0065133628	-0.031553306	0.017989231	-0.024917256	-0.051824365	-0.000765549	-0.052236702	-0.080845125	-0.046505112	-0.03641758	-0.030198356	0.037057627	-0.018294819	-0.06625795	-0.055933066	0.043149557	0.02995999	-0.039072953	0.0006027293	0.046153378	0.037497316	-0.085753135	0.11836502	-0.12566184	-0.03359166	-0.048148908	-0.015229112	0.045220964	0.026043484	-0.07089004	-0.024806967	-0.054744627	-0.07590965	-0.052803215	-0.061619632	-0.07529887	-0.0533485	-0.05938519	-0.014670755	-0.024008663	0.07496756	-0.016420484	-0.04785066	-0.022735126	-0.01715247	-0.06628063	0.020298641	-0.009770135	-0.042148665	-0.03438683	-0.052295655	-0.056975797	-0.034687877	-0.05224024	0.012089549
embedding_0204	-1.0151488	-0.96021134	-0.92991555	-0.9099528	-0.82693714	-0.8715357	-0.98445916	-0.86289966	-0.937322	-0.92982876	-0.93124384	-1.0689936	-1.0285156	-0.87520736	-0.9152997	-0.8861946	-0.9186556	-0.93513834	-0.9263017	-0.82385814	-0.88335615	-0.9669218	-0.9037633	-0.86724573	-0.8783653	-0.94956905	-0.8752299	-0.91931564	-0.7537426	-0.9084255	-0.9352248	-0.8514731	-0.9276262	-0.9372144	-0.9366598	-0.9672965	-0.89032215	-0.7719232	-0.93408877	-0.92883366	-0.82380515	-0.98761964	-0.9115231	-0.8519167	-0.94977415	-0.870309	-0.87759614	-0.82769805	-0.8857907	-0.9384538	-0.9951976	-0.89309907	-0.9871702	-0.97897387	-0.782845	-1.0233603	-0.8318144	-0.873677	-0.8995453	-0.96034	-0.95221627	-1.0136014	-0.87116766	-0.8785714	-0.9011799	-0.8830979	-0.8608301	-0.8905896	-0.87874573	-0.8445036	-0.8861895	-0.8902494	-0.92415035	-0.98681253	-0.92527395	-0.87431115	-0.90370184	-0.8973987	-0.89700174	-0.8914308	-0.90169233	-0.9451903	-0.8472153	-0.7977173	-0.92505544	-0.87126344	-0.8369909	-0.88213754
embedding_0205	-0.32080907	-0.36093536	-0.41021097	-0.38054812	-0.3430335	-0.22227125	-0.3187173	-0.3946572	-0.34018126	-0.34925827	-0.37335536	-0.33294034	-0.21761858	-0.32788128	-0.28464085	-0.32088318	-0.3361718	-0.39107645	-0.40196723	-0.33837363	-0.41651684	-0.30980936	-0.39195344	-0.29834604	-0.33632982	-0.33077234	-0.32054684	-0.419154	-0.28037933	-0.3426493	-0.33565685	-0.34498435	-0.24604763	-0.34229952	-0.35615888	-0.33421165	-0.35386923	-0.31637114	-0.3558325	-0.26123264	-0.3517237	-0.37864417	-0.3423178	-0.4214948	-0.39042315	-0.34480193	-0.3309032	-0.33464044	-0.3529592	-0.33702782	-0.38399148	-0.34928596	-0.38233778	-0.3345538	-0.32866526	-0.27723286	-0.29793218	-0.34925476	-0.3495467	-0.34091076	-0.39508078	-0.36097342	-0.3286678	-0.36369434	-0.3186159	-0.32338992	-0.3330836	-0.3683552	-0.335494	-0.28621715	-0.3619189	-0.27845955	-0.3391973	-0.3545231	-0.34294528	-0.33397606	-0.37649837	-0.39033335	-0.34793085	-0.37088954	-0.3316022	-0.423099	-0.3437766	-0.3048192	-0.3598263	-0.27193508	-0.34898886	-0.31680506
embedding_0206	0.07050118	0.10280025	0.15961611	0.14155938	0.12764266	0.073049575	0.2132445	0.22376974	0.16365242	0.14660627	0.1938656	0.1514171	0.09209425	0.13434304	0.1425044	0.16410452	0.117509715	0.19089875	0.11518553	0.15092103	0.1683301	0.095354624	0.18428206	0.14378057	0.20061119	0.18325298	0.13751207	0.1934081	0.19862819	0.13452277	0.16508079	0.09222095	0.1462527	0.13977611	0.15252618	0.19167833	0.16547841	0.15000847	0.054770038	0.1219083	0.18883182	0.054769207	0.1843469	0.1477192	0.09099096	0.17937458	0.1592836	0.13124596	0.17383935	0.12928301	0.13313626	0.15967768	0.13614963	0.111187115	0.16900182	0.18298617	0.07192348	0.09130438	0.14735389	0.14989878	0.13656627	0.068407744	0.20184706	0.20864713	0.19300377	0.101862445	0.14182995	0.12815134	0.14674859	0.106512226	0.17259015	0.14024955	0.12747443	0.18385254	0.14957877	0.14284985	0.09169733	0.14865671	0.09835394	0.19051884	0.15653269	0.1636291	0.1367099	0.13546732	0.12859538	0.20007527	0.121065736	0.19631983
embedding_0207	0.71473193	0.73305297	0.74904513	0.73542106	0.73210555	0.72831637	0.69424856	0.74092746	0.778303	0.740501	0.6762097	0.7090874	0.72480065	0.8121039	0.6952136	0.6617674	0.76517886	0.7419845	0.6997533	0.73844117	0.7402685	0.7369337	0.77905506	0.7947198	0.6337139	0.78944474	0.8482846	0.6859818	0.708264	0.73387176	0.69533366	0.73946244	0.7290535	0.71217644	0.7035495	0.7030099	0.736171	0.7035754	0.74769795	0.52917737	0.69090325	0.70821434	0.7040501	0.7370251	0.7154101	0.778493	0.7113869	0.77150303	0.7195062	0.72378933	0.8315062	0.7597466	0.7518854	0.7148877	0.68542695	0.6761395	0.7668619	0.7482451	0.72722113	0.6861352	0.75254774	0.6914642	0.7820986	0.68765575	0.7342048	0.7591624	0.69868594	0.7193116	0.7539395	0.7386514	0.64918524	0.69819486	0.6937869	0.76801443	0.7623516	0.77446777	0.7974924	0.83479196	0.6844286	0.6945745	0.7373072	0.7278558	0.73238957	0.73604125	0.69475406	0.6931263	0.71277755	0.7231319
embedding_0208	0.034558617	0.10582192	0.17095765	0.053719036	0.04665588	0.15389745	0.089030035	-0.013139489	0.07294269	0.021999966	0.051211264	0.11120877	0.06661627	0.028268661	-0.0049684765	0.050739355	0.104500875	0.025589362	0.012916198	-0.014730485	0.07639005	0.06345876	0.066025786	0.0881302	-0.021913672	0.07130488	0.085961744	0.08571771	0.042886257	0.026875306	0.055544455	0.041723818	0.015563922	0.048255548	0.028373277	0.042349037	0.063233025	-0.005414533	0.07657329	0.036887687	-0.0035979066	0.12211378	0.048306458	0.043976218	0.06029721	0.021965103	0.010776141	0.021963062	0.0073213293	0.034827627	0.07869193	0.056636762	0.07416339	0.024377152	0.12230976	0.011418961	0.007087861	0.04892682	0.08658035	0.04013936	0.06353682	0.077669285	0.010265456	0.059600167	0.04531959	0.03495414	0.05722401	0.010838254	-0.010634954	0.014809241	0.09033625	0.019002266	0.037031986	0.11445793	0.07841867	0.023866754	0.0693774	0.1100939	-0.0067982045	0.061303057	0.04951515	0.07085012	0.041687317	0.020331804	0.026119525	-0.009325131	0.040328257	0.016115481
embedding_0209	0.6633607	0.6476175	0.67195153	0.7421612	0.7332774	0.7279925	0.77250975	0.7097708	0.70557636	0.7998368	0.7493047	0.7514916	0.66009307	0.74735266	0.70272136	0.7791551	0.6857928	0.72856975	0.7039698	0.7084203	0.6778932	0.652406	0.7158999	0.71639884	0.71030426	0.6645781	0.6531585	0.74307007	0.67698675	0.7008026	0.7373218	0.7207582	0.6699714	0.74231726	0.73231256	0.7071408	0.6772715	0.679598	0.6851493	0.7504705	0.7252092	0.7821304	0.68785566	0.73103243	0.7456834	0.602222	0.6817427	0.73492086	0.68354106	0.7354355	0.6753221	0.7218127	0.74411005	0.78383833	0.75489426	0.71449286	0.67703086	0.6873326	0.8250351	0.7094694	0.6970464	0.7023882	0.745019	0.6839761	0.70636433	0.7153408	0.7401606	0.6938451	0.7266029	0.7348444	0.7700096	0.74591684	0.79065543	0.7447207	0.69013166	0.66179144	0.6649828	0.66702837	0.68478185	0.72772455	0.7246588	0.61677784	0.6892022	0.69821286	0.7225093	0.66485864	0.74961025	0.7305502
embedding_0210	0.15989117	0.08553655	0.08286373	0.077461936	0.094450265	0.19127724	0.081607334	0.078957625	0.029117368	0.02504912	0.022146026	0.099717386	0.13877122	0.050744865	0.018993039	0.05352421	0.1393051	0.041296247	0.073706284	0.051559474	0.079034746	0.026002241	0.074339226	0.0552329	0.083665095	0.047354296	0.15909448	0.059263486	0.07678831	0.06829812	0.059837405	0.08844381	0.10353694	0.020910637	0.013999968	0.017610326	0.06746973	0.107774846	0.07563843	0.098040015	0.04558137	0.12576446	0.06171452	0.042138588	0.13267925	0.059577364	0.070824005	0.10161015	0.058613013	0.071045436	0.077761695	0.06713955	0.08190375	0.032402243	0.06333076	0.0561822	0.11787953	0.11414608	0.016299507	0.078835174	0.036034547	0.088035636	0.011809809	0.06616467	0.06388141	0.06328695	0.081451215	0.027525999	0.05777239	0.04751682	0.06581333	0.1287144	0.09221806	-0.04101937	0.12521847	0.030873582	0.099661864	0.05138798	0.116825975	0.043998536	0.055612117	0.06871299	0.112727754	0.07278498	0.098733865	0.026319519	0.121400036	0.054680634
embedding_0211	0.88595104	0.9620494	0.9483586	0.8924537	0.95616513	1.01013	0.8997947	0.84865654	0.9271661	0.9195559	0.9204446	0.9140397	0.82293093	0.9261272	0.9480222	0.9304951	0.9757358	0.8981807	0.9605633	0.92673564	1.0407593	0.8736432	0.90233546	0.979844	0.9439311	0.88651913	0.89537144	0.8877801	0.94160485	0.90076995	0.9664201	0.98920405	0.96718735	0.93739647	0.9024033	0.85615754	0.94840586	0.93347055	0.9133308	0.9579258	1.0078565	1.0231187	0.92630404	1.0068935	0.98076576	0.8977715	0.94558096	0.9654934	0.933774	0.9614071	0.93017584	0.9556647	0.91112196	0.91909224	0.99032116	0.8226723	0.9173952	0.94707507	0.9318703	0.9283453	0.9179092	0.94499445	1.0096924	0.92200625	0.9084958	0.9248257	0.9772038	0.963722	0.8590122	0.9028158	0.9594159	0.96494275	0.89925545	0.8738694	0.99131584	0.9403573	0.9912383	0.99624074	0.90836865	0.88013864	0.93071145	0.90240055	0.9327045	0.9866207	0.9549152	0.830933	1.0032783	0.88355994
embedding_0212	0.40511903	0.45461383	0.4735458	0.39351475	0.37067455	0.26266158	0.43499947	0.33210245	0.41833553	0.395069	0.41448227	0.55759215	0.44024765	0.34625342	0.45255405	0.37619495	0.39940962	0.40985665	0.3389173	0.3228697	0.4268729	0.35534042	0.3994735	0.42586526	0.35803148	0.44988188	0.43272808	0.41286528	0.4297895	0.3927738	0.4479863	0.31882426	0.34313357	0.40410823	0.31461146	0.47765917	0.41313437	0.3362491	0.36744186	0.29607618	0.3528975	0.377236	0.3490016	0.3839251	0.38130167	0.50446564	0.39026085	0.38224673	0.48917383	0.44538698	0.42863712	0.45039824	0.38994592	0.3612683	0.2971698	0.52029985	0.38416478	0.39546207	0.30368307	0.3849398	0.45152548	0.40310884	0.45489308	0.34379613	0.4192773	0.3298558	0.36735305	0.41437656	0.38785318	0.34421447	0.34894204	0.41527146	0.30750075	0.41906315	0.3860382	0.4048418	0.3707707	0.3788528	0.29588875	0.40651262	0.4175463	0.44233876	0.4009263	0.31735295	0.412292	0.393105	0.28122357	0.39111304
embedding_0213	-0.039841056	-0.07104769	-0.05624606	-0.05498151	-0.011301258	-0.054954197	-0.06410458	-0.07104741	-0.050410554	-0.15722692	-0.09544538	-0.07541722	-0.035778437	-0.121329546	-0.05010296	-0.011133732	-0.110642396	-0.08127579	-0.016960584	-0.09002905	-0.0877042	-0.0056839115	0.008400532	-0.09891292	-0.052143607	-0.04636377	0.0567335	-0.04805704	-0.10554455	-0.08814964	-0.050285142	-0.119322956	-0.0899503	-0.055495538	-0.07314813	0.009152891	-0.029824283	-0.14086242	-0.08792363	-0.050481286	-0.08620058	-0.04868477	-0.06558484	-0.120613895	-0.10095186	-0.04803236	-0.07584034	-0.09333029	-0.106142096	0.007627618	-0.107341185	-0.09672591	-0.07418142	-0.06149047	-0.013243177	-0.11807957	-0.049981244	-0.08763851	-0.053674623	-0.0819532	-0.107241616	-0.09089406	-0.10184815	-0.032074977	-0.0073201363	-0.05237823	-0.048030384	-0.08131417	-0.07304024	-0.08875557	-0.09378407	-0.056876276	-0.06189307	-0.15594731	-0.06250238	-0.108929776	-0.098121025	-0.14887135	-0.031601388	-0.021888753	-0.12590834	-0.047351927	-0.078887105	-0.10257164	-0.070235826	-0.07768354	-0.094059475	-0.06794556
embedding_0214	0.14298172	0.1622668	0.10255879	0.12630178	0.11422274	0.046398345	0.14712758	0.12758283	0.1741119	0.102820985	0.14274722	0.21205024	0.15985171	0.13134183	0.2281802	0.12350226	0.09514533	0.1570544	0.13485369	0.13069919	0.1459965	0.220356	0.0568807	0.085076064	0.17918643	0.15864937	0.18611906	0.11162788	0.105067216	0.16734426	0.16429105	0.074575044	0.109906115	0.11120308	0.12928429	0.23027566	0.18065464	0.15695752	0.11897194	0.088905975	0.16438608	0.20582113	0.14696631	0.11109324	0.122543186	0.15447226	0.18541078	0.15058751	0.17682895	0.17723532	0.114986435	0.116707556	0.11270564	0.079209425	0.020215286	0.2587489	0.24047633	0.14338347	0.068898275	0.15861174	0.1449569	0.1384899	0.14770755	0.18615775	0.1871921	0.076665826	0.13405292	0.16539162	0.15388736	0.12166254	0.14138556	0.13965796	0.09432483	0.16885744	0.101461954	0.13280252	0.08144886	0.1057728	0.10070299	0.21347344	0.14091976	0.18188705	0.12099228	0.10890232	0.1425	0.21331963	0.11025225	0.11349277
embedding_0215	0.4749898	0.4077536	0.3908517	0.44971433	0.34165984	0.48157942	0.5059688	0.37532327	0.44502696	0.46099222	0.42666575	0.49902973	0.48327124	0.39325017	0.4205713	0.4019932	0.4783659	0.41441357	0.41877216	0.34597382	0.37310928	0.40154684	0.38582632	0.37115994	0.41001317	0.43695265	0.34508255	0.44733498	0.41118824	0.40272364	0.4378582	0.4356253	0.44083804	0.41707692	0.42257747	0.37600866	0.3660527	0.43148062	0.39627233	0.48598486	0.34501383	0.44835806	0.37351686	0.37441716	0.45986927	0.3539543	0.4123105	0.38141426	0.45289022	0.40915325	0.35743603	0.457516	0.41637284	0.432094	0.35267708	0.5089193	0.3887124	0.38773763	0.35532963	0.43683618	0.3683397	0.4668914	0.33136916	0.3317775	0.36851972	0.4138568	0.43577495	0.3255248	0.37469864	0.38934505	0.39675888	0.44981968	0.37052947	0.45341176	0.3959182	0.38622665	0.4488606	0.35609385	0.4205265	0.39896324	0.44813874	0.33849934	0.43952024	0.35979247	0.42611322	0.44354928	0.36534965	0.45490307
embedding_0216	0.052646104	0.082579896	-0.012426085	0.08376927	0.08633751	-0.053929497	-0.0020614124	0.14773287	-0.04564638	0.08532861	0.0801233	-0.11809157	-0.03413973	0.070283465	0.07431609	0.11063123	-0.0050569074	0.067733064	0.08888688	0.09937323	-0.005283729	0.08147901	0.052395035	-0.01235077	0.10892816	0.008412177	-0.010447222	0.1494406	-0.017993178	0.09562807	-0.0064383624	0.049892224	-0.031108398	0.03438066	0.080907	0.015778176	0.05249332	0.12138103	0.029953098	0.045516346	0.10667732	-0.0015048843	0.045152903	0.07706251	0.019403582	-0.009847049	0.047506623	0.04138866	0.051407676	-0.0113724675	-0.020831164	0.01562781	0.0306617	0.07917588	0.13406484	0.008751121	0.012586321	-0.0056256787	0.13643114	0.051787242	0.031474505	0.086503625	-0.0058688372	0.10520726	0.050305154	0.07263511	0.06282058	0.0955796	0.10339983	0.033320248	0.052644342	0.0121795125	0.091528624	0.013311298	-0.04929336	0.031097101	-0.04270029	0.012684977	0.11877551	0.070186846	-0.016212657	0.025438221	0.034415077	0.06321912	0.027244948	0.045779116	0.07627124	0.08433288
embedding_0217	0.050867315	-0.0030819366	0.037534956	0.09719906	0.11173101	-0.05455024	0.043787707	-0.03780086	0.033759024	-0.024441894	0.02545281	-3.6475326e-06	0.048332997	-0.025885407	0.060287476	0.07807856	-0.014087125	-0.0058236555	-0.02275129	0.07931345	-0.03266114	0.06810461	0.00011953787	-0.0029011462	0.07409343	0.028679408	0.10978509	0.12930125	0.14375839	0.04376168	0.05058402	0.0035449495	0.00863405	0.069452055	0.021839017	0.084989406	0.064231694	0.0736554	0.06515765	0.06752034	0.01239645	-0.009866623	0.023263441	-0.0033906118	-0.03550335	0.100169845	0.042468008	0.03188703	0.092471875	0.058666993	-0.025590137	0.05194173	-0.031827338	0.035294168	0.045842268	0.092251435	0.09754614	0.049693618	-0.026888141	0.018610591	0.03444257	0.0032451486	0.016697152	0.0140431775	0.14365333	0.089404784	0.057474583	0.08667568	0.079580285	0.024435593	0.04765931	0.07151912	0.021711357	-0.03958559	-0.023191402	0.05444787	-0.00063412037	-0.07212372	0.033515893	0.11448086	0.0074071544	0.043201536	0.041610084	0.0554698	0.03060783	0.15939133	0.010576883	0.0488123
embedding_0218	0.15943079	0.04030426	0.01827208	0.06451288	0.06465527	0.07643821	0.11990033	0.0838246	0.09777915	0.11394237	0.04742192	-0.024805408	0.14027439	0.02720443	0.068479665	0.090715535	0.17323081	0.06117722	0.054938115	0.11334083	0.040089406	0.050025675	0.07973664	0.0846511	0.051653065	0.08747271	0.071340226	0.012640585	0.05607804	0.034329236	0.06122008	0.17880252	0.1277205	0.073813766	0.13757268	0.022404732	0.021500334	0.099752314	0.07109186	0.06945729	0.011665094	-0.021254798	0.05641385	0.076537795	0.10153903	0.083479516	0.052033328	0.04762279	0.12870976	0.08501984	0.116602965	0.106331624	0.051542487	0.12463647	0.053674743	0.10793132	0.12246824	0.11233313	-0.019209914	0.08681817	0.048389968	0.0034602403	0.12485738	0.029324643	-0.0010144435	0.04967091	0.02853095	0.09560496	0.06547863	0.15464589	0.010975315	0.18075332	0.04050958	0.05210787	0.092313126	0.062945694	0.15985732	0.040567327	0.13061652	0.039020345	0.1305154	-0.015418646	0.045735683	0.06410658	0.10893872	0.06402743	0.13268311	0.07169383
embedding_0219	-0.038435057	-0.18167436	-0.15795888	-0.15289813	-0.16880223	0.0051648226	-0.04629082	-0.10612528	-0.05610402	-0.066959485	-0.13755925	-0.1344264	-0.02710712	-0.09263554	-0.11315366	-0.078877665	-0.089547	-0.110889256	-0.14444709	-0.10256051	-0.16472507	-0.057920124	-0.13141884	-0.15647201	-0.05765908	-0.12618946	-0.17198692	-0.10966088	-0.15043966	-0.10635411	-0.14768715	-0.0698001	-0.011547473	-0.105446264	-0.10168491	-0.093502216	-0.17422214	-0.017190915	-0.090552285	0.038027834	-0.12497717	-0.04368004	-0.13305317	-0.13139226	-0.073250316	-0.17972563	-0.07013703	-0.13560031	-0.09570114	-0.13158143	-0.16582052	-0.104897246	-0.074860744	-0.07756151	-0.119487286	-0.059409417	-0.18133104	-0.14718279	-0.13255706	-0.114222355	-0.21202405	-0.16765168	-0.18161379	-0.13948603	-0.16020888	-0.14872897	-0.12673697	-0.13202128	-0.09538987	-0.113970384	-0.07146543	-0.049925108	-0.09045479	-0.14467384	-0.07426802	-0.15541907	-0.10675	-0.20321952	-0.0057459525	-0.1276568	-0.09430595	-0.16798562	-0.09881741	-0.13317254	-0.10934366	-0.051415898	-0.09364333	-0.09330732
embedding_0220	-0.54189885	-0.41308442	-0.46927541	-0.49107707	-0.5298359	-0.4067402	-0.47429037	-0.48463365	-0.4120832	-0.3406106	-0.45000258	-0.3782368	-0.48759797	-0.36747393	-0.4163664	-0.48536623	-0.47249538	-0.39726573	-0.45687765	-0.448979	-0.37412146	-0.4449297	-0.5127548	-0.44554073	-0.4221257	-0.46022257	-0.55362564	-0.50157744	-0.37772143	-0.41746682	-0.36905754	-0.46795022	-0.47897688	-0.46989036	-0.40536198	-0.41437432	-0.42032108	-0.44009095	-0.40934327	-0.4131772	-0.3544832	-0.3579068	-0.4014642	-0.34966528	-0.44751295	-0.293873	-0.41976315	-0.405002	-0.4235742	-0.472002	-0.44605947	-0.4031405	-0.50746775	-0.52329636	-0.4513474	-0.36812654	-0.49600676	-0.42573428	-0.4979743	-0.411458	-0.3839507	-0.414526	-0.35500658	-0.4559328	-0.4506192	-0.47967145	-0.451445	-0.4112743	-0.44899255	-0.40431824	-0.36385426	-0.44852498	-0.47295612	-0.38160324	-0.39414796	-0.4047466	-0.40636384	-0.386303	-0.5491204	-0.46553546	-0.41054732	-0.42661166	-0.4346465	-0.44173884	-0.43195772	-0.3998626	-0.4263283	-0.5289042
embedding_0221	-0.5339386	-0.543075	-0.5524662	-0.48940566	-0.46271506	-0.6029572	-0.6086432	-0.505334	-0.5890663	-0.57006943	-0.5511569	-0.5569799	-0.5423217	-0.5426537	-0.55570024	-0.54049844	-0.6208694	-0.6395913	-0.53345644	-0.47844797	-0.51099724	-0.52773875	-0.5654696	-0.56478554	-0.458175	-0.6085144	-0.49495164	-0.5304241	-0.49141428	-0.4961765	-0.5456814	-0.5099346	-0.48926076	-0.515759	-0.5417746	-0.54036385	-0.5055659	-0.47520933	-0.5290954	-0.43919086	-0.53484505	-0.5579844	-0.5180476	-0.5599722	-0.5493011	-0.5135384	-0.53288156	-0.4899338	-0.5794465	-0.50568897	-0.5858237	-0.55948997	-0.5760352	-0.53151387	-0.4509966	-0.57304394	-0.40373656	-0.54777867	-0.54727286	-0.53331155	-0.4957751	-0.55622375	-0.52084816	-0.4736042	-0.45188624	-0.43828753	-0.5043951	-0.5030075	-0.47102654	-0.46193126	-0.520842	-0.55914986	-0.5389403	-0.5936794	-0.57890123	-0.47198048	-0.49740508	-0.48406598	-0.45295206	-0.47534832	-0.58198905	-0.50962186	-0.4430533	-0.4383912	-0.50218403	-0.4154849	-0.55370325	-0.47755498
embedding_0222	-0.16427247	-0.14395191	-0.20519564	-0.1601564	-0.15939848	-0.18646905	-0.1363163	-0.21032204	-0.14733042	-0.17956018	-0.11343901	-0.11116044	-0.18923433	-0.16760638	-0.16512367	-0.1243552	-0.17952853	-0.21337008	-0.20405342	-0.21761829	-0.23651125	-0.18193968	-0.144067	-0.20208561	-0.11268216	-0.19227909	-0.20632021	-0.062996246	-0.16503987	-0.16979374	-0.15391941	-0.18340822	-0.14051948	-0.14842992	-0.17479323	-0.14176366	-0.1976	-0.19211827	-0.15927923	-0.109855965	-0.18820998	-0.15508078	-0.19113211	-0.19771042	-0.13284063	-0.19329028	-0.16742559	-0.24636795	-0.18523759	-0.11858838	-0.21799819	-0.1830656	-0.17205255	-0.120416544	-0.19970515	-0.079425335	-0.22616445	-0.23847505	-0.14373629	-0.16522098	-0.22767149	-0.15500344	-0.21969132	-0.18868478	-0.15655889	-0.19171143	-0.2071444	-0.18923204	-0.18030626	-0.20513067	-0.13774681	-0.1582446	-0.1478377	-0.12625901	-0.1903285	-0.1976285	-0.2422473	-0.21864127	-0.1341061	-0.10087865	-0.1964748	-0.26004532	-0.18452366	-0.17972198	-0.1641452	-0.11075422	-0.19071311	-0.1323188
embedding_0223	-0.9244456	-0.904734	-0.90326667	-0.9480323	-0.99055845	-0.9518933	-0.93864185	-0.92778957	-0.9750737	-0.9325582	-0.96720344	-0.879009	-0.8501786	-0.95475656	-0.9505833	-0.9478193	-0.947861	-0.96205825	-0.97682935	-0.9911759	-1.0077122	-1.0014932	-0.93834513	-0.9288736	-1.0202316	-0.9132308	-0.8790445	-0.85647	-0.9402585	-0.9572961	-0.9617951	-1.0208496	-0.95995265	-0.91476417	-0.9612252	-0.9109061	-0.9503841	-0.98505414	-0.9525707	-1.0233681	-1.0866175	-1.0069947	-0.9807333	-1.0120473	-0.9612763	-0.9377666	-0.968585	-1.0070393	-0.9356197	-0.9312784	-0.9751467	-0.92611814	-0.93321395	-0.8866616	-0.9722255	-0.89084536	-0.9480158	-0.9461331	-0.95691264	-0.9676122	-0.93552303	-1.0024959	-1.0583075	-0.9383047	-0.8896348	-0.94078654	-1.0068482	-0.9883992	-0.9661769	-0.96769696	-0.99201274	-0.9658562	-0.96046543	-0.96666944	-0.96957153	-0.95459926	-0.9601397	-0.9669062	-0.9940073	-0.889799	-0.9616679	-0.9657601	-0.94625854	-0.96166337	-0.94214636	-0.9391146	-1.0068021	-0.92700034
embedding_0224	0.39042273	0.36257863	0.37400058	0.35650277	0.38944066	0.3466786	0.35314065	0.33529055	0.3883915	0.34276754	0.32345453	0.3635646	0.35979453	0.3781171	0.4303126	0.35628185	0.41277996	0.36688006	0.40394968	0.40397272	0.43863752	0.452987	0.3473831	0.42432898	0.34764746	0.38986778	0.42922223	0.34032077	0.35678837	0.34108555	0.42117348	0.37927583	0.3746954	0.36626682	0.36779603	0.43113688	0.4306833	0.3610195	0.41665936	0.29532337	0.37415463	0.33693382	0.432722	0.3787418	0.3784696	0.41212496	0.41229123	0.37962267	0.41705132	0.38503167	0.38680753	0.42429224	0.37402695	0.38931605	0.37712958	0.36176294	0.4565239	0.40836814	0.38285896	0.38567746	0.44436055	0.34364846	0.5022692	0.36482024	0.39918047	0.39160782	0.37243944	0.48961562	0.4143519	0.40541914	0.32395694	0.37244865	0.3514975	0.4285279	0.3899917	0.4359695	0.43534392	0.45813045	0.36448246	0.35675308	0.4013646	0.40638003	0.39818972	0.448172	0.3706451	0.35701478	0.3908985	0.36924794
embedding_0225	-0.29261804	-0.25654048	-0.22478074	-0.22857912	-0.19562985	-0.29980725	-0.2089976	-0.23165298	-0.24138212	-0.29709268	-0.22834891	-0.22188431	-0.2417321	-0.21291623	-0.20584008	-0.22851808	-0.26325393	-0.2186883	-0.26843488	-0.23818943	-0.24986626	-0.25074378	-0.2689324	-0.23539257	-0.21818835	-0.24786818	-0.16357502	-0.19578843	-0.2121668	-0.21489364	-0.21231468	-0.28901964	-0.28485984	-0.28118244	-0.30235305	-0.17691462	-0.24490541	-0.24184644	-0.22963303	-0.28162143	-0.26749292	-0.23470664	-0.25650817	-0.2255467	-0.24259566	-0.19195528	-0.21876429	-0.21993293	-0.1835024	-0.2566082	-0.27503592	-0.2293182	-0.26953188	-0.24299741	-0.26584867	-0.17969489	-0.24037686	-0.25339416	-0.28275725	-0.26792297	-0.2230011	-0.22590698	-0.2602593	-0.2079087	-0.19286594	-0.2174935	-0.21602438	-0.23456164	-0.19811936	-0.22116882	-0.22597347	-0.25729463	-0.2650362	-0.2759467	-0.23950097	-0.20235363	-0.25518882	-0.25309545	-0.28845516	-0.19371188	-0.25055236	-0.23638889	-0.2114399	-0.18611552	-0.2346351	-0.2082895	-0.2760159	-0.21650513
embedding_0226	-0.70148814	-0.7283572	-0.717529	-0.75696725	-0.7458428	-0.78307873	-0.6858399	-0.7601922	-0.7939802	-0.7712125	-0.747851	-0.5923374	-0.6344678	-0.812982	-0.72936136	-0.7586683	-0.7570054	-0.76645565	-0.83595926	-0.8450605	-0.7599063	-0.8128732	-0.7023143	-0.6569358	-0.8635378	-0.66532344	-0.6525627	-0.6815502	-0.7777518	-0.7921293	-0.7618646	-0.8189339	-0.78445095	-0.7299058	-0.8333231	-0.71280473	-0.75919	-0.8317658	-0.74777967	-0.8080007	-0.8807307	-0.7219425	-0.7392035	-0.71777743	-0.6632106	-0.65583193	-0.8196964	-0.8231289	-0.7955185	-0.6829523	-0.7135102	-0.7339379	-0.65678984	-0.6566759	-0.7492444	-0.6630857	-0.8226362	-0.75204784	-0.73266345	-0.7911648	-0.66845536	-0.6973008	-0.7942411	-0.82081825	-0.80072594	-0.8347396	-0.79049295	-0.7793876	-0.789547	-0.7880907	-0.7762476	-0.80395985	-0.72456294	-0.7558261	-0.76786095	-0.77276444	-0.7687451	-0.71615124	-0.8430758	-0.7155703	-0.7800853	-0.8012857	-0.7667591	-0.788483	-0.75905526	-0.79027456	-0.8325879	-0.70765316
embedding_0227	-0.97525376	-0.9769326	-0.9870181	-1.0191001	-1.0105749	-0.93904716	-1.0343508	-1.0108964	-1.0123019	-1.025725	-1.0151695	-1.0166786	-0.9251156	-1.026696	-0.9755008	-1.0305138	-0.9724335	-1.0539922	-1.0042301	-0.9623891	-0.96228504	-0.9548472	-1.0425034	-1.0004418	-0.9410115	-1.0101506	-0.9982536	-1.0681456	-0.98934823	-1.0201458	-1.0220455	-0.9645207	-0.95278585	-1.043635	-0.9841948	-1.0286614	-1.009225	-0.94006777	-0.96746135	-0.9377438	-1.0082467	-1.0085403	-0.933552	-1.0068893	-0.98632336	-0.97275317	-0.97623557	-0.99097973	-1.0151488	-1.0331626	-0.9939774	-0.9969387	-1.037907	-1.0140812	-1.058386	-1.0335966	-0.9308586	-1.016917	-1.0758178	-0.95158195	-1.0302105	-1.0106698	-1.026165	-0.991324	-0.991217	-0.9696914	-1.0336465	-1.0035083	-0.96030116	-0.96373975	-0.9983081	-0.9565184	-0.9968178	-1.0560806	-0.97583437	-0.967175	-0.9598722	-0.9990689	-0.9114735	-1.0141559	-1.0062155	-0.9823674	-0.95354724	-0.97293115	-0.9540183	-0.9370725	-0.97889405	-0.99129885
embedding_0228	0.31646883	0.30271825	0.27720302	0.28691274	0.34888974	0.2406688	0.29278597	0.28665027	0.22419283	0.19734655	0.28079334	0.30099073	0.30845183	0.32329956	0.2016136	0.23379064	0.30800793	0.30737185	0.29704407	0.24293044	0.2510064	0.19708036	0.33760476	0.3218175	0.23465659	0.32645687	0.2935398	0.34386057	0.23934956	0.2646658	0.2221586	0.30233192	0.27974465	0.3254308	0.26132527	0.27150074	0.2766842	0.2719977	0.24399093	0.20618196	0.23015438	0.27694982	0.23928966	0.25087762	0.27176836	0.3316229	0.26427317	0.2162336	0.30349553	0.30469358	0.2798225	0.26953235	0.33000425	0.2817093	0.3142749	0.22001554	0.21302988	0.27491605	0.2921974	0.23667882	0.31520462	0.28113014	0.16707967	0.2508635	0.21911067	0.32332766	0.26649415	0.25561857	0.2235774	0.22939341	0.21024376	0.2384633	0.28064197	0.26029477	0.2770807	0.2792113	0.27359694	0.31255472	0.26460022	0.28504607	0.23331133	0.26988858	0.2642579	0.2841566	0.25460783	0.25362745	0.23274282	0.30740246
embedding_0229	0.10049197	-0.015468725	0.034859348	0.04386944	0.043466188	0.046612993	0.07214136	0.02801636	-0.0027169797	0.032264385	0.033323392	0.112015955	0.057326913	0.0044731563	0.0270164	0.010887216	-0.016537204	0.010873283	0.010189496	0.018622503	-0.020981885	0.044553336	0.081548184	-0.015323456	0.053859945	0.040216308	-0.017080918	0.030600905	-0.06442797	0.044393957	-0.027128717	-0.03671728	0.041284647	0.011778466	0.045695186	0.016826728	0.0028110645	0.025167795	0.00087452616	0.103024416	0.025550822	0.01508692	0.035707112	0.007451586	0.070887804	-0.08403271	-0.021146895	0.021796325	-0.0035546909	0.020577012	0.06144482	0.015775561	0.06160057	0.060313232	0.015868902	0.07816665	-0.028008074	0.0072024344	0.082466274	0.031575486	0.029068114	0.03541641	0.006336881	-0.05300937	0.027726319	0.026876781	-0.004668806	0.031725865	0.047699284	-0.027505996	0.0026005409	-0.01594218	0.08096222	-0.015409668	-0.004776135	0.0077813985	-0.00046922208	0.005621859	0.054336432	-0.018020865	0.01208683	0.014818396	0.010085206	-0.03799912	0.023442782	0.05006544	0.017570443	0.038232017
embedding_0230	0.0021024582	-0.022874666	-0.007285098	0.005726217	-0.023717519	0.065854535	0.015329792	0.034268565	0.0077890335	0.033686608	0.04900058	-0.008820704	-0.102985986	0.03291417	-0.00972694	0.014984346	0.0009648155	0.020051328	0.026490998	-0.021910928	0.0025537536	-0.020377928	0.03352299	-0.015864676	-0.020694481	-0.012046567	-0.048842195	0.047498412	-0.015309309	0.0038729627	-0.027702922	0.039112445	-0.059343647	0.0010692616	0.031790648	0.024356294	0.0042429566	-0.009290452	-0.015720312	-0.004560681	0.040783174	0.1173394	-0.0011205781	0.07994246	0.07713996	-0.03143754	-0.013723534	0.018612135	-0.03716261	-0.007862068	0.023334857	0.020137414	0.09457969	0.032769803	0.032070067	-0.010544098	-0.076186426	-0.013973255	0.09369798	0.005310476	0.013605527	0.089280605	-0.004524485	0.014208387	-0.07144816	-0.036479745	0.020829286	-0.0058347224	-0.02350971	-0.047106307	0.0057231337	-0.033633754	0.010017065	0.019256892	-0.024472734	-0.044456985	-0.012542428	0.060517278	-0.000645499	-0.009133099	-0.0029848279	-0.024126127	-0.037983008	-0.011587384	-0.014776199	-0.08449843	0.029353688	0.015862616
embedding_0231	-1.1088172	-1.1446062	-1.1838329	-1.1241868	-1.1305357	-1.2155031	-1.2029837	-1.1834778	-1.2162838	-1.2099646	-1.1772234	-1.1484958	-1.2034099	-1.1674601	-1.2188077	-1.1365151	-1.2074054	-1.1922461	-1.2357816	-1.2131813	-1.2527401	-1.1881801	-1.10939	-1.1740547	-1.1809561	-1.167987	-1.1107603	-1.1091369	-1.1465085	-1.1458555	-1.1877109	-1.1902485	-1.1857208	-1.1626173	-1.1771537	-1.1903931	-1.1774532	-1.1993539	-1.1549013	-1.2679546	-1.2411196	-1.2658906	-1.2079552	-1.2714667	-1.2040013	-1.2464459	-1.1847047	-1.1973459	-1.1945606	-1.1542029	-1.1646649	-1.1960663	-1.1984242	-1.1705854	-1.2132794	-1.1444974	-1.1727229	-1.1762747	-1.136427	-1.1998637	-1.191852	-1.2074324	-1.2359252	-1.1392206	-1.1352035	-1.1561555	-1.2440726	-1.1794426	-1.1905133	-1.2037386	-1.1992902	-1.192463	-1.188855	-1.1586716	-1.1821867	-1.1875454	-1.2089353	-1.2358973	-1.1711609	-1.1186689	-1.189344	-1.1445683	-1.2078283	-1.1831207	-1.1874499	-1.143426	-1.2064891	-1.1987807
embedding_0232	-0.21506199	-0.30229118	-0.30011728	-0.2973533	-0.30581576	-0.21803325	-0.25368977	-0.24523944	-0.2735573	-0.28008178	-0.28472528	-0.28543702	-0.26230937	-0.2823292	-0.30127963	-0.31358588	-0.22178827	-0.26553366	-0.2819514	-0.29432237	-0.26715297	-0.359609	-0.26927942	-0.27106315	-0.34293216	-0.30906075	-0.32081568	-0.35970443	-0.35499057	-0.28492504	-0.31923777	-0.21484675	-0.27609295	-0.34503612	-0.2767102	-0.37425017	-0.32362714	-0.20278095	-0.2612343	-0.2831551	-0.30727077	-0.2408085	-0.32650417	-0.2367054	-0.20605037	-0.33956	-0.2790629	-0.2782924	-0.29385817	-0.3164973	-0.22847104	-0.28325164	-0.22690007	-0.24804138	-0.30866113	-0.29455283	-0.36457404	-0.27717763	-0.26034996	-0.30908364	-0.30804336	-0.25348327	-0.2873354	-0.33644214	-0.37364393	-0.29711	-0.26238477	-0.2876365	-0.32132497	-0.2434802	-0.32487825	-0.3188131	-0.3016557	-0.29235977	-0.27810538	-0.313133	-0.2314046	-0.24569197	-0.28646415	-0.3420244	-0.2373509	-0.3149051	-0.25945535	-0.20380773	-0.29573852	-0.36650142	-0.25451776	-0.31209087
embedding_0233	0.024081573	-0.00021297424	0.023036715	-0.018459521	0.06176598	-0.024190133	0.05284267	-0.028444553	-0.012447189	-0.063130535	-0.03035129	-0.03105477	-0.039198533	-0.012507538	-0.0009783395	-0.024066191	0.011559726	0.024388574	0.002973804	-0.008071156	0.015544189	-0.112951115	0.04156323	0.06836077	-0.067234054	0.016306855	0.07408853	0.010922417	0.069657	-0.07595326	0.0155658	0.0018854582	-0.013762042	0.012154781	-0.042016547	0.03257429	0.01949557	-0.054927528	-0.024761552	-0.032008495	-0.020230547	-0.046122525	0.059873946	0.028251134	-0.034467638	0.14074267	0.00031070845	-0.04040828	-0.0186326	0.040896967	-0.023890061	0.025288913	0.00073258416	0.015701097	0.014496716	-0.110881805	-0.03416818	0.044763457	0.0062847584	-0.004471187	0.025843749	-0.019570405	0.07127896	-0.04914789	-0.046654038	-0.041607503	0.015335462	0.04207924	-0.030408703	0.04469271	-0.048141077	0.026647283	-0.042934068	-0.049536392	0.0010240239	0.016915148	0.046067547	0.031916417	-0.06843778	-0.013789867	-0.007178277	-0.03963914	-0.05810799	0.06427867	-0.011299444	-0.057883047	0.029599607	0.0054935003
embedding_0234	-0.1652043	-0.14763188	-0.18348138	-0.1125067	-0.11023738	-0.30040172	-0.10500098	-0.11105622	-0.12272086	-0.22819772	-0.074131496	-0.13914624	-0.12857524	-0.13977379	-0.11668794	-0.11708342	-0.170787	-0.11851098	-0.11145141	-0.13054666	-0.14365351	-0.07315747	-0.13176985	-0.1182989	-0.12642233	-0.13063158	0.017764976	-0.13069215	-0.14733362	-0.12956631	-0.15220597	-0.19533879	-0.20151027	-0.1428248	-0.16941915	-0.08276642	-0.11935842	-0.13536914	-0.17034021	-0.2919382	-0.18469816	-0.16614875	-0.11430309	-0.15706378	-0.18777807	-0.07204807	-0.09131976	-0.13754107	-0.15056598	-0.1311419	-0.099814676	-0.1383866	-0.1542689	-0.16668476	-0.18148471	-0.14366162	-0.040648665	-0.13856965	-0.09772167	-0.1662843	-0.10790775	-0.17796881	-0.109791204	-0.08970642	-0.095912546	-0.115383714	-0.12765408	-0.116815224	-0.0435707	-0.16195345	-0.15727524	-0.15524301	-0.12465524	-0.10653091	-0.17323823	-0.07668323	-0.17767473	-0.18644755	-0.19094403	-0.0892434	-0.1595022	-0.04582102	-0.114692785	-0.11028154	-0.12753232	-0.10831659	-0.19885597	-0.13003816
embedding_0235	-0.4780139	-0.5316389	-0.46246892	-0.49019453	-0.4729995	-0.46094552	-0.49715135	-0.5180492	-0.4749979	-0.38516396	-0.5306604	-0.48334673	-0.53271085	-0.44761732	-0.4821413	-0.51890707	-0.48574072	-0.508884	-0.44747955	-0.45020145	-0.46809703	-0.51380646	-0.42190573	-0.49974146	-0.49926114	-0.48932874	-0.4937598	-0.54714763	-0.4807319	-0.45811337	-0.53462195	-0.43056723	-0.4387279	-0.45949686	-0.43885535	-0.5186296	-0.5159932	-0.5313351	-0.5198977	-0.43866768	-0.39739695	-0.43485904	-0.5197329	-0.43918836	-0.43632117	-0.55277723	-0.48529336	-0.4517772	-0.53096074	-0.5048343	-0.38934338	-0.47543934	-0.46383175	-0.44317257	-0.45309296	-0.5242619	-0.526904	-0.5080164	-0.4334396	-0.46462032	-0.48900127	-0.53066486	-0.42371318	-0.5084014	-0.52755547	-0.47281912	-0.47807562	-0.5009216	-0.4809482	-0.4203746	-0.51226854	-0.47883388	-0.47899887	-0.465585	-0.47600105	-0.49766818	-0.46384177	-0.37922636	-0.47356477	-0.54325897	-0.45164907	-0.52731615	-0.4802515	-0.3975163	-0.45540458	-0.49565795	-0.43671712	-0.48539862
embedding_0236	-0.54684377	-0.4359206	-0.58042043	-0.5026791	-0.5362345	-0.39531353	-0.5366181	-0.47284654	-0.46417418	-0.45182464	-0.5497296	-0.5414477	-0.52767307	-0.39321613	-0.50733197	-0.4778367	-0.51467884	-0.44059333	-0.53523034	-0.4738168	-0.4979071	-0.5428823	-0.4886462	-0.5344592	-0.46403176	-0.4801785	-0.5758658	-0.5110344	-0.5356502	-0.50184184	-0.48795733	-0.4972437	-0.4660309	-0.5241721	-0.4408104	-0.5326856	-0.4644496	-0.48705408	-0.4605988	-0.49314442	-0.4642086	-0.47415334	-0.47860545	-0.44834748	-0.5259176	-0.46101907	-0.47549784	-0.49991545	-0.4890131	-0.4927083	-0.53700614	-0.4880004	-0.5043209	-0.52272767	-0.54402554	-0.5039335	-0.48189586	-0.49888986	-0.5082653	-0.44249117	-0.50370574	-0.44022584	-0.44640625	-0.4971429	-0.5090445	-0.48226655	-0.47829518	-0.5155723	-0.4890251	-0.49916038	-0.46191967	-0.51639277	-0.4802876	-0.46692207	-0.47024885	-0.488328	-0.45646143	-0.4679306	-0.5789834	-0.46150103	-0.518951	-0.4948969	-0.52817786	-0.4866827	-0.501199	-0.50097495	-0.46680388	-0.5557334
embedding_0237	-0.29243845	-0.34429446	-0.23254319	-0.26484033	-0.27208668	-0.28299728	-0.29691178	-0.2680191	-0.26668584	-0.25812122	-0.2530112	-0.24639647	-0.2802884	-0.24159099	-0.27059448	-0.31233072	-0.20325443	-0.2757894	-0.21500546	-0.2395558	-0.21349002	-0.26165742	-0.28707287	-0.33526328	-0.31528047	-0.30477726	-0.29086676	-0.32137892	-0.2930139	-0.2534141	-0.3060768	-0.3042736	-0.3399807	-0.31774378	-0.22688785	-0.29286075	-0.28342354	-0.26694885	-0.19700652	-0.26745662	-0.22841191	-0.13727146	-0.31430915	-0.20377445	-0.22528775	-0.38450056	-0.23288459	-0.21500973	-0.28301594	-0.31612018	-0.2211565	-0.24105895	-0.21132044	-0.27996913	-0.3079523	-0.25549418	-0.29318282	-0.25425488	-0.33130777	-0.23900902	-0.24415874	-0.26040426	-0.27889642	-0.27221426	-0.28112438	-0.22114062	-0.26568356	-0.2765745	-0.25359392	-0.21525647	-0.23038396	-0.33133852	-0.20908625	-0.25442424	-0.23489074	-0.2505077	-0.22789142	-0.2679728	-0.24064247	-0.30730015	-0.21965784	-0.24681327	-0.23547092	-0.25159672	-0.26330745	-0.2932854	-0.2302036	-0.2767382
embedding_0238	0.10444888	0.15370478	0.21971133	0.21913263	0.18734296	0.1685021	0.13404639	0.14719845	0.19736001	0.15311377	0.21023795	0.1336659	0.076875605	0.14663874	0.20231383	0.14139788	0.10952057	0.18124549	0.20492116	0.25674477	0.17622694	0.21146312	0.2295018	0.15589125	0.23352122	0.17642012	0.18047912	0.17677137	0.2381799	0.19430059	0.17334364	0.12287856	0.16801512	0.15112959	0.21764046	0.21114632	0.20949277	0.16814922	0.11698077	0.18180671	0.26434153	0.17583682	0.19440094	0.17356573	0.08054839	0.16107525	0.17473137	0.26834294	0.18296719	0.20476857	0.09065767	0.15975039	0.12383755	0.10724865	0.20150566	0.104985826	0.2565739	0.1774783	0.15874818	0.1899401	0.21584646	0.1713205	0.24236901	0.21536386	0.18884565	0.22023946	0.18139116	0.19932787	0.20864862	0.103536025	0.17186613	0.17143485	0.16505466	0.14249831	0.14951603	0.1777161	0.12949345	0.13911666	0.19957943	0.19922794	0.19295299	0.25238568	0.16327204	0.15828136	0.16301514	0.2049327	0.13272712	0.20751166
embedding_0239	1.0382054	0.9816896	0.96916217	1.0418763	1.0826321	0.85880786	0.9906998	0.93723303	1.0118386	0.96084565	1.0068042	1.0375365	1.0012027	0.93157786	1.0410991	0.9918033	1.014247	1.009577	1.0031022	0.9521971	1.015849	0.98264974	1.0887396	1.1091944	1.0138408	1.0481534	1.0932157	1.1393266	1.0864723	1.0102286	1.0288054	0.9787781	0.97571254	1.047175	0.9545462	1.0628442	1.0008264	0.9412891	0.93916655	0.82861125	0.9893865	0.9711887	0.9664788	0.9941178	0.97482973	1.140259	1.0060096	0.94247216	1.0911001	1.0969445	0.9433857	1.0408202	1.0069927	1.0195915	0.9503139	1.0300953	1.095523	1.0097201	0.95985425	0.974534	1.1055769	1.0261276	1.0460145	1.0073704	1.0490353	0.9921555	1.0169876	1.0507078	1.0073528	0.975803	0.9189354	0.9720625	0.89926505	0.99755394	0.9493519	1.0732435	0.9713017	0.98241585	0.9180162	1.04042	0.96386045	1.0361663	0.98653066	1.0177034	1.0013254	0.9834352	0.9009554	1.0396179
embedding_0240	-0.6333926	-0.77605844	-0.7115454	-0.77836627	-0.6893308	-0.7341944	-0.6662788	-0.7917599	-0.72984797	-0.85150975	-0.7540243	-0.75451463	-0.65976727	-0.75855565	-0.75020385	-0.7433218	-0.6013517	-0.69253516	-0.7152641	-0.7580015	-0.7008459	-0.7563986	-0.74366033	-0.6568089	-0.7344392	-0.68354475	-0.65920913	-0.66635334	-0.7553987	-0.7920977	-0.65725714	-0.6881279	-0.7546228	-0.7149367	-0.73732984	-0.6607354	-0.70279145	-0.7792291	-0.7374046	-0.8141087	-0.7629014	-0.77933437	-0.62430525	-0.70103574	-0.7430994	-0.5397267	-0.6706532	-0.82349694	-0.68140143	-0.7255236	-0.7110799	-0.70154524	-0.70989007	-0.7350758	-0.7565435	-0.7999254	-0.7328073	-0.6760918	-0.7121781	-0.7180386	-0.7461056	-0.70978487	-0.73808986	-0.73431396	-0.8240622	-0.73578125	-0.7546923	-0.6882131	-0.77621883	-0.7743215	-0.76435524	-0.6833048	-0.801522	-0.75950706	-0.7061272	-0.7116822	-0.68876743	-0.7663198	-0.72964644	-0.73786604	-0.7620426	-0.7350583	-0.7721104	-0.6930398	-0.7001739	-0.8265997	-0.7617211	-0.73708427
embedding_0241	-0.88717663	-0.8511619	-0.8403828	-0.84217715	-0.86188596	-0.8764534	-0.9398734	-0.8723054	-0.9332335	-0.8728749	-0.82923484	-0.8345818	-0.9321865	-0.82746625	-0.8812009	-0.88783073	-0.9836253	-0.88769996	-0.8780159	-0.9019676	-0.9212784	-0.88897634	-0.89806783	-0.9281577	-0.8551948	-0.8683852	-0.92870647	-0.7878922	-0.91143787	-0.8481638	-0.920291	-0.89257663	-0.88849413	-0.8255124	-0.87201196	-0.88869053	-0.8527735	-0.9164513	-0.86188346	-0.7980736	-0.8534651	-0.7987956	-0.9052267	-0.88117707	-0.8617502	-0.9618264	-0.90825987	-0.8599226	-0.9832379	-0.8549501	-0.9265493	-0.93663466	-0.8696083	-0.84310585	-0.80509007	-0.9033073	-0.8783751	-0.9099145	-0.73699987	-0.88626647	-0.8952114	-0.8130227	-0.93870443	-0.8541147	-0.85049087	-0.864233	-0.87456214	-0.9127689	-0.888831	-0.94587684	-0.8429244	-0.93257827	-0.83895206	-0.94302934	-0.9182366	-0.879611	-0.92378634	-0.82645255	-0.8298476	-0.8347595	-0.9273586	-0.88765687	-0.91451675	-0.8939841	-0.8984537	-0.8670605	-0.90372294	-0.8595924
embedding_0242	0.14754471	0.103739545	0.1305551	0.17104027	0.2302781	0.19716239	0.16935864	0.12858106	0.16330366	0.1789301	0.21633962	0.10688701	0.09338538	0.18183352	0.15027533	0.18471934	0.12680088	0.14706826	0.14023343	0.244504	0.11487401	0.15774634	0.16736682	0.18173882	0.29059187	0.12237487	0.05557189	0.14587554	0.20102982	0.17050639	0.13649128	0.16957809	0.24511437	0.1817054	0.20736526	0.09782133	0.11598811	0.22923894	0.16680212	0.29132766	0.24906722	0.10145744	0.14663196	0.15121487	0.11955991	0.05986162	0.183341	0.15988837	0.16188535	0.09214233	0.11898018	0.13177016	0.087618716	0.12156165	0.2040754	0.13293219	0.18476212	0.16106264	0.17542322	0.17819366	0.107768446	0.11649941	0.105888836	0.17927217	0.19113746	0.2145445	0.177666	0.18262312	0.22393629	0.18049614	0.25889552	0.20875178	0.21914381	0.11352426	0.15840472	0.20139371	0.15428321	0.08980298	0.2779108	0.16074137	0.18639605	0.12430062	0.19386324	0.17179324	0.19088253	0.24856077	0.22386493	0.19962865
embedding_0243	-0.047360502	-0.09343969	-0.24797428	-0.080440216	-0.22449964	-0.10557818	-0.15836173	-0.1943241	-0.17787957	-0.029798083	-0.16416931	-0.14856768	-0.15900116	-0.19369683	-0.19491816	-0.1533356	-0.12179953	-0.25761086	-0.21810019	-0.17447259	-0.25912124	-0.17958112	-0.19847472	-0.19721985	-0.123016715	-0.21006128	-0.29311395	-0.07567403	-0.16306387	-0.099688746	-0.18714775	-0.09127145	-0.058976974	-0.11621081	-0.10373056	-0.27200314	-0.20572887	-0.05988684	-0.11355131	-0.09144401	-0.18624902	-0.1707012	-0.24707635	-0.24113797	-0.099815845	-0.35274538	-0.16097493	-0.20951258	-0.11550133	-0.17176521	-0.23092327	-0.14421009	-0.20853546	-0.14215465	-0.2473082	0.008236025	-0.1662087	-0.20293003	-0.24783577	-0.11019978	-0.17644255	-0.15949817	-0.24785545	-0.1998011	-0.13753274	-0.19104558	-0.18067782	-0.16054584	-0.17145267	-0.15164015	-0.18140875	-0.1585759	-0.171701	-0.115012474	-0.229277	-0.16735034	-0.113458395	-0.1975781	-0.09554432	-0.12483409	-0.1508333	-0.27659467	-0.13048469	-0.19150746	-0.14409578	-0.06333791	-0.11606168	-0.15880394
embedding_0244	-0.22132184	-0.086507894	-0.13083245	-0.1292374	-0.11407146	-0.15434273	-0.155295	-0.058045078	-0.09448983	-0.1050258	-0.105802685	-0.1578953	-0.2222934	-0.0822991	-0.11263802	-0.12238005	-0.12735045	-0.12733535	-0.0989618	-0.064054	-0.074559346	-0.12019643	-0.106569916	-0.122242294	-0.109768674	-0.15981795	-0.1506443	-0.16031495	-0.108330816	-0.13272557	-0.11028881	-0.12651147	-0.11437174	-0.1490188	-0.11511274	-0.18582897	-0.12132214	-0.07408387	-0.108035915	-0.12554832	-0.047014922	-0.13662978	-0.08748224	-0.074728966	-0.12702951	-0.15200807	-0.12635599	-0.06259476	-0.12336934	-0.15652652	-0.12688105	-0.123340994	-0.12116696	-0.17647666	-0.07652237	-0.11044565	-0.082180604	-0.13179024	-0.086087644	-0.104119256	-0.12567571	-0.1348717	-0.06146996	-0.07368476	-0.121867485	-0.13028425	-0.0940051	-0.09656587	-0.11679181	-0.06647702	-0.07587077	-0.10757797	-0.09559843	-0.06551487	-0.15933207	-0.13237435	-0.12755224	-0.07371438	-0.16354828	-0.10757343	-0.09549476	-0.1505179	-0.09744728	-0.06390595	-0.11336943	-0.106190175	-0.09428023	-0.13572468
embedding_0245	-0.005638551	-0.05030059	-0.04611226	-0.076452926	0.009476483	-0.0174069	-0.016593052	-0.103564925	-0.12776363	-0.13413231	-0.07401616	-0.020281158	0.025395902	-0.13674153	-0.09697038	-0.020801913	0.00661117	-0.06850344	-0.111582525	-0.12449373	-0.11308564	-0.0474109	-0.006736145	-0.04276489	-0.07578269	-0.054504726	-0.048628505	-0.02954765	-0.11509022	-0.1213761	-0.06661121	-0.039574016	-0.044575762	-0.046776637	-0.089673474	-0.05145545	-0.09204047	-0.14671104	-0.07850876	-0.050897628	-0.16393279	-0.15562783	-0.049051423	-0.102681436	-0.12378077	-0.0011600385	-0.10557701	-0.16351746	-0.08148653	-0.028932415	-0.065402195	-0.06292815	-0.026436934	0.017845824	-0.01629119	-0.13231601	-0.043405633	-0.09031073	-0.044994175	-0.08858201	-0.079830416	-0.09049935	-0.08407969	-0.05395208	-0.14926524	-0.05478571	-0.092646636	-0.10593531	-0.09581051	-0.1463939	-0.13241605	-0.1046433	-0.10326781	-0.10254545	-0.04999193	-0.06497735	-0.050400577	-0.12262592	-0.056076854	-0.056818157	-0.12275248	-0.06432846	-0.09937754	-0.06983714	-0.047586463	-0.1193985	-0.114743054	-0.06109486
embedding_0246	-0.920087	-0.77920175	-0.8378391	-0.7923254	-0.8368471	-0.86535436	-0.871898	-0.8249691	-0.81796324	-0.7676652	-0.8194449	-0.8103988	-0.90076077	-0.8018829	-0.79439384	-0.83178174	-0.8622064	-0.8118294	-0.8080518	-0.7844197	-0.7841272	-0.87370753	-0.8579477	-0.8301447	-0.7988211	-0.80190676	-0.8486512	-0.81625086	-0.7605844	-0.81384265	-0.80275625	-0.8317181	-0.8054017	-0.822226	-0.83748025	-0.8630627	-0.7722315	-0.7889355	-0.8256981	-0.7738655	-0.7867332	-0.83477527	-0.80191064	-0.7895245	-0.843388	-0.78423727	-0.81650966	-0.7579741	-0.8009612	-0.8447465	-0.86216724	-0.81973535	-0.8538389	-0.8727165	-0.8105238	-0.7688595	-0.8123293	-0.8426392	-0.7938737	-0.7868849	-0.765476	-0.8265382	-0.780178	-0.80207866	-0.7717359	-0.8519802	-0.79364187	-0.8339847	-0.8110691	-0.8068978	-0.7801399	-0.8246103	-0.8159854	-0.7707169	-0.877656	-0.8181878	-0.80695915	-0.78670716	-0.85005254	-0.7674287	-0.82884	-0.80585325	-0.80314714	-0.8387296	-0.8350988	-0.7667626	-0.824695	-0.84679145
embedding_0247	-0.8502716	-0.9089905	-0.80963886	-0.9445431	-0.86929464	-0.93199354	-0.7774594	-0.99743575	-0.8886118	-1.0291642	-0.8698193	-0.78705037	-0.8024021	-0.8699872	-0.92511624	-0.9116596	-0.842186	-0.8587817	-0.99688065	-0.97893214	-0.94453645	-0.8511694	-0.9034211	-0.83007604	-0.94793487	-0.8613822	-0.7723051	-0.8115909	-0.8538974	-0.9385165	-0.8644103	-0.99430853	-0.88159263	-0.87088466	-0.9829444	-0.74365354	-0.87217814	-0.9555353	-0.8430735	-1.0376872	-1.0123271	-0.8860718	-0.9049005	-0.9461031	-0.91274345	-0.7304253	-0.8659503	-1.0129251	-0.8871269	-0.9101432	-0.8534745	-0.87691915	-0.85007477	-0.88043785	-0.91997975	-0.8621674	-0.9041179	-0.9760017	-0.8683309	-0.9636436	-0.86857665	-0.8731152	-0.9538683	-0.9060297	-0.87862706	-0.91486925	-0.91425437	-0.89854515	-0.86208487	-0.93275434	-0.9134255	-0.92650986	-0.92899287	-0.84091985	-0.92558455	-0.8596251	-0.9234357	-0.87935245	-0.9344671	-0.8667533	-0.95633966	-0.8464555	-0.90554845	-0.92684835	-0.92989546	-0.92163223	-0.9881284	-0.9048374
embedding_0248	0.4569999	0.48417178	0.46893913	0.35617834	0.43342948	0.43893263	0.4823752	0.45297614	0.4039377	0.43884104	0.45233417	0.4759947	0.53780854	0.45062408	0.39936987	0.41594997	0.48658186	0.48062858	0.3910975	0.37786847	0.48132616	0.37487566	0.48308077	0.48026103	0.36167997	0.51750433	0.48258233	0.41488487	0.36806893	0.38821128	0.40671834	0.44000268	0.4580048	0.40772575	0.3848868	0.4183211	0.39272708	0.39249307	0.42468575	0.36931738	0.36621535	0.43347102	0.4584074	0.5059275	0.45717913	0.52444816	0.42090166	0.37062487	0.40491962	0.41984716	0.49311337	0.46032798	0.529433	0.45220476	0.4106578	0.45927277	0.34275517	0.45037684	0.43491453	0.399628	0.42138588	0.44397232	0.40680146	0.39393288	0.29784974	0.38614875	0.41416684	0.40861621	0.39335942	0.38424277	0.36651072	0.42190906	0.39358884	0.44709012	0.49033237	0.43322486	0.47014615	0.46678945	0.38989168	0.37546477	0.42912087	0.41957778	0.3952747	0.3809058	0.42640233	0.37575123	0.33848426	0.45685878
embedding_0249	-0.9303668	-0.90970963	-0.8564351	-0.8966868	-0.8701131	-0.8342284	-0.85817266	-0.8139071	-0.8741293	-0.81852204	-0.8512143	-0.8905636	-0.9060482	-0.8386207	-0.81100994	-0.8238542	-0.9481081	-0.81182325	-0.82262087	-0.8171366	-0.85144883	-0.8823769	-0.8376184	-0.86171997	-0.85038024	-0.9105975	-0.8163237	-0.99378806	-0.9395753	-0.8789866	-0.85358745	-0.8501166	-0.8542117	-0.8513495	-0.8569118	-0.8021521	-0.86334664	-0.89126456	-0.8898217	-0.82395184	-0.82022923	-0.9092905	-0.795036	-0.74570286	-0.8588487	-0.8936046	-0.90107226	-0.8213565	-0.9521583	-0.86385393	-0.8140279	-0.8893586	-0.8166617	-0.8427886	-0.7536553	-0.94519204	-0.8512594	-0.8628813	-0.7432684	-0.8959036	-0.9026209	-0.868214	-0.737326	-0.8638001	-0.9295445	-0.8552916	-0.8593795	-0.82915545	-0.8234492	-0.87322116	-0.8684889	-0.8268416	-0.8098369	-0.9229487	-0.8267433	-0.89450693	-0.9082451	-0.83630854	-0.87012553	-0.89259475	-0.8564894	-0.8809832	-0.88281596	-0.83284515	-0.8421309	-0.8706203	-0.8589878	-0.8587566
embedding_0250	0.11674553	0.13086303	-0.05553572	0.038633123	0.046899702	-0.0033668017	0.014896605	0.053962484	0.023653107	0.113524616	0.0028475411	0.14156784	0.060234312	0.06756593	0.044302337	0.013245479	0.0073202755	0.046935678	0.06912119	0.015031818	0.07537488	-0.018402206	0.10445908	0.1028555	0.03590868	0.04264569	0.035633188	0.0030045756	5.952884e-05	0.08967462	0.04458986	0.033285268	0.10709324	0.05985684	0.051429406	-0.011401078	0.080806	0.03477001	0.030956103	0.0707151	0.04785607	0.10033626	-0.0085765775	0.06213207	0.08969876	0.11126283	0.044534612	0.03776336	0.069912314	0.104565464	0.08197634	0.028265273	0.10918594	0.05840885	0.008209581	0.09922239	0.048142385	0.07647973	0.069301076	0.06309328	0.12017692	0.099741586	0.11273512	0.02462657	0.056985512	0.023969715	0.021470465	0.093814276	0.024659287	0.03768639	0.07296115	-0.0042471485	0.066694334	0.023070997	0.075305514	0.034737963	0.062619954	0.112961896	0.0025208301	-0.005335605	0.020092655	0.05784571	0.013313174	0.07159331	0.0785454	0.02824073	0.07399891	0.025216801
embedding_0251	0.75116533	0.6690726	0.6651693	0.7196884	0.7359125	0.71513623	0.7104694	0.58749765	0.6588227	0.6815076	0.67239016	0.7040016	0.72441584	0.6408064	0.6570474	0.6817098	0.65063554	0.6026871	0.65253115	0.6696321	0.5904158	0.6724509	0.6877596	0.67528206	0.7056945	0.67267674	0.68093425	0.7057633	0.6590621	0.68816715	0.6449031	0.7462869	0.7207744	0.77198327	0.70641094	0.65198696	0.66293305	0.6848397	0.68032104	0.72460407	0.6326502	0.65121853	0.6061882	0.623812	0.6796827	0.6113734	0.67944723	0.6630625	0.68592656	0.6932726	0.6927135	0.69498605	0.62373847	0.6878768	0.7311802	0.66970575	0.7164855	0.7022919	0.69150037	0.6556845	0.5979703	0.62033826	0.66535044	0.6106087	0.6844667	0.7349299	0.6271493	0.6739522	0.68961245	0.63032746	0.6549492	0.69747996	0.67975545	0.57491845	0.65194255	0.73617005	0.70905167	0.6249386	0.7420006	0.6809546	0.7022076	0.6180907	0.71709967	0.6403413	0.7074126	0.71842146	0.7005405	0.7278235
embedding_0252	0.013243845	-0.025313077	-0.10481382	-0.095659986	-0.17111357	0.007672245	-0.062200114	-0.028095204	0.010654258	0.055424437	-0.05055597	0.06627238	-0.03723506	-0.043823525	-0.06369965	-0.11044272	0.02654159	-0.022000344	-0.08232177	-0.16708575	-0.051397942	-0.0914867	-0.008867385	0.004464187	-0.15774901	-0.030210473	-0.13590734	-0.07360849	-0.0848079	-0.07511306	-0.04467637	0.011080307	-0.053507376	-0.06957546	-0.07179198	-0.12109305	-0.1000818	-0.035570513	-0.0026860347	-0.11087141	-0.08389477	0.034274504	-0.061093688	0.0074341274	0.06483927	-0.054729115	-0.08458583	-0.061021104	-0.07973317	-0.011866275	0.04980427	-0.0430496	0.04666512	0.0049514435	-0.14338206	0.05768936	-0.18172842	-0.035737354	-0.05281615	-0.02979508	-0.039141122	0.0046628914	-0.036485255	-0.12575984	-0.1871703	-0.15520662	-0.07295875	-0.10288652	-0.1387842	-0.040261727	-0.09858628	-0.03113009	-0.08393295	0.057976626	-0.040978096	-0.09608047	-0.021850847	0.012203972	-0.11266824	-0.1096565	-0.050128076	-0.114207	-0.06625918	-0.096460685	-0.05495908	-0.1858066	-0.05130587	-0.06148017
embedding_0253	0.43821642	0.35893166	0.28914794	0.4120001	0.3975356	0.36763036	0.3226871	0.3811505	0.32036218	0.3281103	0.3385792	0.3924941	0.36675557	0.3124104	0.40200934	0.35227445	0.30747992	0.28617582	0.39095315	0.3905335	0.34511623	0.38535276	0.38938993	0.40099284	0.3906981	0.363862	0.4546085	0.34171376	0.3990951	0.37235895	0.33359918	0.43397424	0.41151533	0.39772996	0.31544375	0.3143972	0.3545859	0.4085764	0.28879717	0.3686867	0.2946504	0.38000733	0.37665895	0.30707353	0.37405849	0.33253047	0.34322152	0.4111033	0.3390666	0.43036973	0.32720503	0.34534287	0.3542629	0.36540383	0.42591	0.3933147	0.5373409	0.4352378	0.38270652	0.3288062	0.33226493	0.37738365	0.39954948	0.34894174	0.39621186	0.409045	0.3598047	0.41007796	0.40199512	0.36088213	0.2882236	0.3760018	0.36443377	0.3220327	0.35153675	0.3926388	0.37951636	0.31436077	0.41993952	0.3844915	0.33966732	0.39885142	0.37569574	0.3324997	0.3682312	0.41186574	0.3418519	0.38723657
embedding_0254	0.038787782	0.039386164	0.035260633	0.0072381147	-0.028301446	0.032211136	0.091823265	0.014775709	0.15065438	0.03952182	0.07201168	0.120214425	0.06713408	0.04611896	0.077939846	-0.005505318	0.10279341	0.08651292	0.051852223	0.0022429253	0.0943109	0.06503828	0.0012030643	0.044536553	-0.005237642	0.07659862	0.07495528	0.038800366	0.042852044	0.031702895	0.10849452	-0.0071600038	0.013293025	0.03159493	0.059496976	0.11398403	0.074536584	0.009074404	0.12360851	0.0025613098	0.0346012	0.08239126	0.083581865	0.08265761	0.052973066	0.14601497	0.08639102	0.0141507145	0.015194421	0.047007192	0.09368252	0.06766421	0.09245882	0.004305215	-0.08164979	0.12297584	-0.041033436	0.06513281	-0.027908863	0.04838188	0.07049189	0.07200128	0.07233205	-0.023427906	0.008004744	-0.049441904	0.03051305	0.06854321	0.037487548	0.0128179975	0.051393386	0.056995507	0.022415457	0.10051996	0.07313304	0.035514373	0.069239706	0.057632126	-0.0234997	0.05226188	0.06280859	0.09024873	0.059217524	0.018054048	0.030411405	0.0547133	0.032792203	0.056492507
embedding_0255	0.23751044	0.23685339	0.20354614	0.2615672	0.18191566	0.16005899	0.19739506	0.27588046	0.22541377	0.29055634	0.25630677	0.29048452	0.17966117	0.2727407	0.2546335	0.20034863	0.21026535	0.23581234	0.23491906	0.22044358	0.23721312	0.18307075	0.2192012	0.21912096	0.16498348	0.2577202	0.20915225	0.25664404	0.18695833	0.2888738	0.21488848	0.2630291	0.1784462	0.19725747	0.26829454	0.22107483	0.25470895	0.2636569	0.2592566	0.18388133	0.25747818	0.290024	0.1866192	0.26614335	0.29665238	0.14516737	0.21262735	0.27590778	0.19103761	0.25423378	0.2974885	0.2275351	0.29394156	0.23721845	0.19796215	0.3231777	0.23845823	0.22840673	0.2665004	0.23223324	0.28387412	0.24757418	0.25247222	0.19896856	0.24053608	0.17776448	0.23154311	0.25251815	0.22822702	0.2681429	0.20960392	0.2240358	0.25129238	0.26362702	0.204115	0.19576369	0.23670296	0.31669343	0.18225232	0.22700869	0.24519551	0.23969942	0.20267068	0.2589999	0.21735056	0.21970262	0.25129902	0.22418438
embedding_0256	0.45520055	0.29718548	0.37756738	0.33121705	0.36305094	0.40665126	0.44410068	0.36059257	0.41756168	0.33795872	0.39276472	0.39694193	0.44635782	0.33528596	0.33399504	0.41201222	0.36468837	0.39993182	0.34112448	0.3821525	0.34366685	0.40009385	0.3639886	0.33333367	0.38459063	0.40348396	0.42086253	0.4132971	0.31131175	0.32634142	0.33805114	0.34423336	0.36257532	0.383256	0.40814355	0.44535613	0.37988672	0.36168087	0.4016644	0.49322724	0.37583277	0.4534615	0.40605634	0.39925715	0.41441745	0.3872106	0.39492488	0.355564	0.39242417	0.4187614	0.35261995	0.38810393	0.40199596	0.43699896	0.3912254	0.43857348	0.2588919	0.3588024	0.38446885	0.40135846	0.36771736	0.37447447	0.33341828	0.36528772	0.31839302	0.3468207	0.37033412	0.38715267	0.40177858	0.37462655	0.3880515	0.37248707	0.42589456	0.33256155	0.37783575	0.3162514	0.36037332	0.33909643	0.4563166	0.3991532	0.35278633	0.34941638	0.3252516	0.32256234	0.3750325	0.38543212	0.3829389	0.3967211
embedding_0257	0.21796916	0.20540941	0.17342684	0.17954397	0.123506114	0.22030675	0.20660926	0.27195272	0.25972646	0.2636078	0.22348475	0.11726433	0.1604886	0.26359975	0.21200696	0.18845868	0.29166433	0.29243782	0.22753257	0.2513578	0.25040403	0.23805635	0.19308989	0.1801348	0.22136615	0.19679944	0.07436198	0.1488479	0.24226046	0.2098489	0.24220492	0.26995602	0.24584782	0.15897743	0.28258654	0.16876474	0.20510387	0.2209584	0.22848827	0.22939284	0.28258723	0.14810607	0.2660018	0.273659	0.18259045	0.25296137	0.2378955	0.22424187	0.21631208	0.15523912	0.19606748	0.22780205	0.17746566	0.18257348	0.17414856	0.17720793	0.16842955	0.2569342	0.17666836	0.26181462	0.19268158	0.2574744	0.286407	0.23648041	0.092954576	0.18689786	0.23842198	0.2311713	0.20403035	0.27409515	0.23492108	0.2573037	0.217401	0.29213256	0.22728947	0.21421699	0.22656794	0.22224087	0.17449424	0.18867981	0.2566856	0.19577955	0.20206909	0.2570566	0.19962555	0.20785323	0.27325678	0.14110051
embedding_0258	-1.1441203	-1.1540422	-1.162217	-1.1724324	-1.1816232	-1.0715681	-1.196858	-1.2354063	-1.2597655	-1.1822565	-1.2825878	-1.2232001	-1.1289035	-1.2603452	-1.2130479	-1.2075608	-1.195045	-1.280275	-1.2208601	-1.2258364	-1.2710669	-1.2377053	-1.185151	-1.2219311	-1.2252325	-1.1976877	-1.2233844	-1.1999551	-1.2103763	-1.1995238	-1.2344762	-1.121652	-1.1435686	-1.1728493	-1.1725022	-1.2699801	-1.230659	-1.2382226	-1.2345573	-1.1173815	-1.2692724	-1.1489913	-1.250571	-1.2432923	-1.1539518	-1.3150234	-1.2406195	-1.220071	-1.2296091	-1.1819552	-1.2168312	-1.2228974	-1.2147127	-1.1015818	-1.1765472	-1.2440002	-1.1922606	-1.2141281	-1.1834222	-1.185613	-1.2529951	-1.1648386	-1.2703493	-1.2186539	-1.2154729	-1.1658019	-1.159041	-1.2585838	-1.2753737	-1.1957356	-1.2325444	-1.2208444	-1.1808254	-1.2633146	-1.2181511	-1.2355307	-1.2032576	-1.2103772	-1.179747	-1.2019027	-1.2143445	-1.2633017	-1.2143402	-1.1760236	-1.2082868	-1.2293918	-1.1941798	-1.2160097
embedding_0259	-0.5515612	-0.4240268	-0.49327686	-0.4617027	-0.40926582	-0.49785218	-0.5461716	-0.4507902	-0.5366212	-0.44043913	-0.4452883	-0.59752256	-0.55891293	-0.4607993	-0.45338812	-0.43888643	-0.5171062	-0.45441845	-0.41537762	-0.39400077	-0.46317685	-0.4835803	-0.45178798	-0.51796824	-0.42902502	-0.5020333	-0.5462444	-0.50044966	-0.41965675	-0.48339114	-0.5176849	-0.3855472	-0.4578454	-0.462265	-0.44378176	-0.5506811	-0.4650374	-0.44027835	-0.50789356	-0.4541905	-0.36190853	-0.494859	-0.48384982	-0.45357046	-0.53766066	-0.46955293	-0.47440434	-0.41672608	-0.47373605	-0.48676768	-0.5125545	-0.524066	-0.5403899	-0.4704125	-0.44950566	-0.67289746	-0.3694244	-0.5154843	-0.37369138	-0.4490636	-0.49448195	-0.46402353	-0.41241497	-0.39072755	-0.49103346	-0.48907658	-0.41776654	-0.5006817	-0.44257945	-0.4728783	-0.48207906	-0.46602488	-0.45666382	-0.5048485	-0.53595924	-0.4839213	-0.5207857	-0.4510031	-0.45209768	-0.47878343	-0.5034612	-0.47902796	-0.5193715	-0.44077516	-0.4707192	-0.51711035	-0.46361107	-0.48472238
embedding_0260	1.0249766	1.1115755	1.1128405	1.0362893	1.0871524	0.99171287	1.0359615	1.1131842	1.1164974	1.004304	1.0434017	1.0162438	1.0382001	1.0857363	1.0562346	1.0283048	1.0952617	1.1541919	1.1718552	1.0745006	1.18519	1.1091723	1.1227667	1.1034161	1.020473	1.0983499	1.1061776	1.0033588	1.0621512	1.0350868	1.1039975	1.1206825	1.0370636	1.0571104	1.0202514	1.0721905	1.0929404	1.0108107	1.0628179	0.95630413	1.0744432	1.0644604	1.1324506	1.1613085	1.0574782	1.2161818	1.105686	1.0616924	1.0932157	1.089525	1.1540604	1.0804347	1.1394038	1.0504731	1.073365	0.97799355	1.1020706	1.1299239	1.0767637	1.0712223	1.1130074	1.1054482	1.1902564	1.1076951	0.98571706	1.0182333	1.1283748	1.08817	1.0794189	1.1157655	1.0254158	1.0255078	1.0405109	1.1602223	1.1002902	1.0975558	1.093988	1.1490434	1.0238067	1.0230387	1.0685736	1.1840191	1.0812908	1.1482571	1.0836519	0.9438136	1.0651184	1.069077
embedding_0261	0.57475865	0.5144047	0.5370225	0.53593147	0.62136656	0.5009337	0.557963	0.49040014	0.4892065	0.40889314	0.49796245	0.53959644	0.56701076	0.45051324	0.5083821	0.5227962	0.48232117	0.43907756	0.49252087	0.47768363	0.43043503	0.5164668	0.5385535	0.5784809	0.5003719	0.5114751	0.5881925	0.53238624	0.52104604	0.48780861	0.49372536	0.49708533	0.53756315	0.535458	0.45173135	0.5433548	0.515624	0.4428185	0.51071167	0.5366824	0.39539388	0.47156855	0.42290255	0.3703633	0.51611096	0.49114695	0.47692734	0.4602577	0.48555407	0.5480381	0.55037653	0.45563042	0.50503737	0.57422286	0.5344162	0.49083203	0.6061917	0.4768486	0.5815288	0.4767805	0.46365237	0.48195162	0.38236073	0.50218314	0.56115454	0.5100914	0.4970967	0.50054973	0.50991106	0.4669738	0.47162297	0.5133533	0.50939757	0.45870623	0.43886346	0.47761518	0.48135012	0.44803905	0.55025744	0.52621466	0.5015038	0.56929535	0.48649862	0.4927916	0.5139284	0.5013797	0.42224503	0.51387566
embedding_0262	-1.4267536	-1.282064	-1.4030411	-1.3684739	-1.3453715	-1.229253	-1.4133897	-1.3910462	-1.3739363	-1.3441669	-1.3740584	-1.3885461	-1.4520825	-1.3116097	-1.3075851	-1.3421872	-1.383234	-1.372795	-1.3318404	-1.3099163	-1.3311976	-1.3912524	-1.4221696	-1.3281887	-1.3341289	-1.3870723	-1.435547	-1.3856854	-1.2237154	-1.3821205	-1.3291999	-1.3404877	-1.2970392	-1.3355869	-1.3191516	-1.3804338	-1.3327993	-1.3089868	-1.3020606	-1.175676	-1.2957531	-1.3865062	-1.3108947	-1.3581482	-1.3983229	-1.3561949	-1.3491532	-1.3163152	-1.3890156	-1.3498043	-1.4025297	-1.3656765	-1.4181813	-1.4001135	-1.3539597	-1.476348	-1.3138342	-1.3867372	-1.3192377	-1.326166	-1.4228109	-1.3435141	-1.287497	-1.3664045	-1.3272389	-1.373604	-1.3493348	-1.315515	-1.3624605	-1.3239449	-1.2550579	-1.3496668	-1.3195523	-1.3973194	-1.3406569	-1.3573343	-1.2774569	-1.2941228	-1.2936435	-1.3468382	-1.3577809	-1.3826432	-1.365945	-1.3131094	-1.3462636	-1.3194215	-1.265527	-1.3577582
embedding_0263	0.60378844	0.54933065	0.6773852	0.5995327	0.6893617	0.6428232	0.6433166	0.6241203	0.6701944	0.578994	0.64620966	0.5621055	0.62497574	0.68914783	0.6425274	0.64002585	0.60128665	0.7107172	0.6426648	0.69201106	0.6560814	0.66573966	0.67002386	0.5869307	0.6657409	0.6118159	0.686061	0.5845036	0.5661394	0.6150117	0.62763786	0.64361185	0.6456002	0.60989594	0.6620502	0.66369826	0.67228204	0.56761104	0.63774675	0.652363	0.70288396	0.5858016	0.69917697	0.6998098	0.5801862	0.63027406	0.6601117	0.69496983	0.5642894	0.61929846	0.66057223	0.63979185	0.6336526	0.6070238	0.7279352	0.54453796	0.67469144	0.69057256	0.6948678	0.62683946	0.5650034	0.62980306	0.65146124	0.658139	0.570629	0.69255084	0.65545446	0.65492094	0.6900393	0.6114187	0.6521412	0.6802071	0.6967113	0.58753115	0.69857574	0.64849186	0.63481754	0.66805863	0.62079334	0.6353265	0.63993955	0.6576078	0.6207373	0.67393625	0.65851843	0.61229587	0.65776855	0.58834934
embedding_0264	0.48746872	0.46579334	0.5501841	0.5011055	0.4887338	0.45705068	0.43331644	0.46633282	0.45150757	0.5421589	0.47510627	0.45090455	0.4712245	0.5085992	0.5151105	0.49515718	0.46808153	0.48254013	0.5348482	0.4740984	0.5270183	0.49876547	0.5324454	0.47587755	0.50412697	0.4953463	0.44469622	0.48058376	0.44634032	0.52071166	0.51194596	0.49144718	0.47745907	0.4686964	0.5215514	0.5397534	0.5063031	0.4293914	0.469929	0.49685162	0.54525274	0.57405794	0.53154606	0.5967859	0.55400336	0.48357686	0.48440892	0.4924231	0.45148575	0.4925158	0.4837491	0.48638782	0.517038	0.51163536	0.4822128	0.46566015	0.43857214	0.47561386	0.4909727	0.4975741	0.51663494	0.5105244	0.5230924	0.5133111	0.450245	0.47769737	0.4952168	0.53365904	0.48590145	0.5345028	0.49428415	0.49010313	0.49784687	0.4780424	0.5108635	0.46735284	0.4700011	0.53648865	0.48138073	0.46217975	0.47442678	0.45295122	0.5072329	0.50710064	0.5064754	0.4680146	0.5041729	0.48358786
embedding_0265	0.59254676	0.61556095	0.5735256	0.59633195	0.60963875	0.60362434	0.63451123	0.5910561	0.62399846	0.5902902	0.5957399	0.67975867	0.6930988	0.578648	0.6463013	0.6273982	0.5850176	0.6390574	0.610186	0.5933861	0.6028384	0.6401817	0.6101131	0.58524114	0.5908551	0.6483259	0.66608685	0.60313565	0.5454737	0.59381855	0.5776735	0.55043703	0.56633914	0.62052834	0.60632616	0.6179383	0.6133665	0.5886621	0.6119412	0.6506242	0.5587111	0.61759436	0.6049005	0.556199	0.60635966	0.6021047	0.61225706	0.56316876	0.6091372	0.61873394	0.6473428	0.59305227	0.6110073	0.61850464	0.58081114	0.670884	0.62498456	0.58851427	0.6303809	0.6152855	0.58425575	0.6144964	0.5771562	0.56800157	0.6175661	0.5919089	0.5911386	0.60425055	0.62897396	0.63662285	0.5951634	0.6030385	0.6755779	0.6124085	0.5581087	0.60004973	0.55152774	0.56042916	0.576182	0.6414595	0.5661401	0.5942021	0.5826968	0.5194485	0.5965238	0.6308588	0.59729034	0.5903428
embedding_0266	-0.5461509	-0.6247663	-0.41919038	-0.5064774	-0.49902058	-0.63777035	-0.5364888	-0.5334407	-0.5606706	-0.53492445	-0.5674145	-0.5427107	-0.5157631	-0.58504874	-0.58115417	-0.5251692	-0.62340873	-0.5985288	-0.51188296	-0.5512427	-0.5764791	-0.53201365	-0.49430075	-0.60104424	-0.5342534	-0.5660118	-0.4554733	-0.4933431	-0.5775835	-0.50687003	-0.57500124	-0.54296494	-0.644157	-0.4417851	-0.5272144	-0.47822505	-0.5815497	-0.65518564	-0.5829768	-0.60274565	-0.5728576	-0.58572423	-0.57159	-0.5271765	-0.52135813	-0.5839131	-0.5789643	-0.57404435	-0.57020193	-0.5163085	-0.5126384	-0.5585421	-0.5272709	-0.49438745	-0.4534551	-0.5662798	-0.5341566	-0.5722239	-0.57299364	-0.56930554	-0.54257333	-0.6094043	-0.5907702	-0.53610533	-0.52982545	-0.49064976	-0.5785136	-0.5614552	-0.5410497	-0.50910217	-0.5652291	-0.6137609	-0.5383789	-0.5791197	-0.56354064	-0.51979053	-0.5455241	-0.58813256	-0.55711704	-0.48759675	-0.57297766	-0.5543324	-0.4992078	-0.57329714	-0.5406475	-0.55020446	-0.56099737	-0.52400196
embedding_0267	-0.11941898	-0.2970307	-0.21588357	-0.2333895	-0.24628209	-0.28406042	-0.14642674	-0.31490517	-0.23662709	-0.31364736	-0.22023426	-0.1528478	-0.12670615	-0.31429935	-0.26313275	-0.23023643	-0.2233533	-0.28326604	-0.29178464	-0.30350852	-0.33965084	-0.20438305	-0.26224583	-0.21095055	-0.28957117	-0.24276583	-0.17860243	-0.14970732	-0.29248834	-0.24159327	-0.2529349	-0.23796248	-0.25182852	-0.16935998	-0.27859458	-0.18131316	-0.27293417	-0.22476321	-0.23649898	-0.3020493	-0.37558135	-0.21035609	-0.3234944	-0.3086365	-0.18417597	-0.22335295	-0.22857693	-0.31805453	-0.16988958	-0.2206791	-0.24999799	-0.21135582	-0.19561107	-0.17451261	-0.30643082	-0.1604019	-0.22815958	-0.22998795	-0.28242248	-0.26504007	-0.19248904	-0.2636863	-0.35928035	-0.2633247	-0.18794267	-0.23245119	-0.242252	-0.24112628	-0.23031874	-0.226447	-0.26599696	-0.24290767	-0.23102072	-0.24160722	-0.27218255	-0.23788776	-0.2470681	-0.3218188	-0.19929767	-0.21163724	-0.25339046	-0.24355425	-0.19644499	-0.29420698	-0.22541535	-0.2242252	-0.29330745	-0.20579182
embedding_0268	0.4340173	0.41316664	0.41043597	0.43694827	0.41640556	0.4234515	0.49751195	0.43720973	0.42410296	0.3572074	0.46778557	0.46791917	0.53072554	0.42316502	0.39486676	0.4451825	0.53799707	0.4446647	0.485876	0.4128266	0.44715396	0.46711907	0.41671693	0.46815223	0.4666116	0.4191081	0.39249387	0.4637609	0.47578955	0.41671267	0.48845315	0.39162335	0.47935984	0.40363094	0.39171526	0.4556737	0.3450128	0.49178126	0.4447838	0.40857413	0.40615183	0.45900062	0.41655532	0.37187704	0.46812993	0.40142792	0.47118527	0.38691425	0.5198581	0.3986361	0.436612	0.44956544	0.42377907	0.4393793	0.35807192	0.4935145	0.37116572	0.37249875	0.37927914	0.4547743	0.4618206	0.414554	0.34574	0.45694587	0.45070785	0.41692215	0.42408925	0.4046182	0.45072833	0.51233566	0.43390265	0.44811043	0.42552197	0.5143058	0.416178	0.42830074	0.4452666	0.37482426	0.48665297	0.43714327	0.4790544	0.4385015	0.4701686	0.45995516	0.4561341	0.44532314	0.4340885	0.47864118
embedding_0269	0.55236477	0.41273746	0.4906472	0.47107124	0.5331446	0.45913464	0.48020554	0.3592344	0.42733273	0.31472054	0.41789538	0.46219173	0.42040518	0.3996148	0.39910045	0.45067197	0.3913976	0.3971393	0.38150603	0.40914324	0.34228852	0.48642057	0.51947194	0.4610008	0.46166128	0.48024818	0.5327661	0.57915926	0.34363475	0.4673692	0.40711653	0.44466782	0.44906393	0.48711267	0.4131038	0.49183622	0.50928086	0.39493147	0.37817436	0.40382504	0.38908583	0.39394408	0.41780904	0.31413057	0.38576144	0.44939864	0.45438865	0.39798918	0.48967066	0.4649698	0.40781093	0.4288576	0.42588958	0.40927207	0.5487533	0.3930808	0.45262334	0.49762508	0.48510998	0.3870515	0.42465279	0.4441581	0.33674306	0.4355799	0.48224294	0.5330064	0.41163987	0.4552918	0.4218122	0.29429972	0.39264613	0.45656496	0.44180042	0.36390665	0.400845	0.4398325	0.38494948	0.36648014	0.4622674	0.46687627	0.3610645	0.47471124	0.44969147	0.35924923	0.39819312	0.4406654	0.3938853	0.42365363
embedding_0270	0.20626782	0.2626111	0.22074732	0.2802433	0.19952662	0.15677212	0.18681723	0.24614495	0.24278897	0.1917143	0.21930364	0.29202983	0.22385433	0.21753116	0.23658916	0.14245799	0.27182114	0.19280583	0.24423009	0.25862053	0.27099115	0.21626064	0.18474954	0.24977218	0.19634332	0.2679206	0.19929689	0.20969392	0.30985808	0.24764602	0.23180276	0.23349789	0.26117465	0.21518192	0.21790129	0.22965696	0.2576276	0.26368648	0.22739325	0.25509173	0.22138114	0.20023645	0.2057938	0.15088674	0.2291673	0.2543367	0.20901215	0.30761757	0.30347526	0.25741938	0.19136846	0.2535713	0.22415924	0.22521073	0.15802991	0.317684	0.2938751	0.26976916	0.12537523	0.27466655	0.3532066	0.2297018	0.21126795	0.23081394	0.2993876	0.2710268	0.22253783	0.24950169	0.24551354	0.27148578	0.19564961	0.148806	0.21211664	0.3005472	0.22386019	0.27774802	0.2864249	0.2477917	0.25408983	0.26726332	0.3294454	0.3284936	0.30057597	0.25347105	0.24189477	0.26482055	0.19510534	0.24964973
embedding_0271	-0.20803884	-0.13877828	-0.10803754	-0.12798661	-0.10726263	-0.1641664	-0.15978013	-0.15785673	-0.15083283	-0.16397429	-0.13118741	-0.13061671	-0.23142122	-0.12660028	-0.13824488	-0.17462333	-0.20838472	-0.17633218	-0.14488827	-0.15601127	-0.11222911	-0.20903488	-0.12913093	-0.1397827	-0.12765662	-0.12739795	-0.1513008	-0.10220386	-0.14184318	-0.12874706	-0.09693502	-0.13361467	-0.15138431	-0.13778602	-0.15824051	-0.12632217	-0.104854725	-0.1404773	-0.18381427	-0.13568358	-0.10014318	-0.09157707	-0.15958863	-0.16047986	-0.17544015	-0.14544089	-0.13628441	-0.14567517	-0.1542074	-0.08923055	-0.19610754	-0.15873405	-0.19991717	-0.18894458	-0.10884191	-0.16956428	-0.17309788	-0.14101712	-0.11759794	-0.16012275	-0.14108512	-0.17132306	-0.14251286	-0.11104064	-0.0944598	-0.14788844	-0.12543447	-0.14431813	-0.18618976	-0.20859507	-0.10204898	-0.14226696	-0.1585038	-0.16943814	-0.16301815	-0.13157916	-0.17071375	-0.11983993	-0.15046383	-0.11229009	-0.15178497	-0.12928626	-0.13848203	-0.12802736	-0.14779055	-0.13368449	-0.14915504	-0.14663763
embedding_0272	-0.59054065	-0.5153019	-0.50473344	-0.4911903	-0.4955622	-0.43585345	-0.5110499	-0.47630692	-0.5578351	-0.3876402	-0.51411504	-0.5922575	-0.555563	-0.5269731	-0.5157006	-0.53111786	-0.47860283	-0.55924696	-0.5040596	-0.46078417	-0.48322096	-0.52977943	-0.5382772	-0.48126832	-0.5248438	-0.53073686	-0.6026717	-0.5644179	-0.51519024	-0.5120108	-0.5574566	-0.46874055	-0.51597214	-0.5148376	-0.47320554	-0.5640965	-0.5676535	-0.49448058	-0.52815944	-0.5009854	-0.49149522	-0.50140285	-0.49080354	-0.44354585	-0.4732045	-0.5673373	-0.54104024	-0.4935445	-0.5559122	-0.5837783	-0.4459569	-0.5013867	-0.4858958	-0.50343823	-0.43405706	-0.6151324	-0.5000645	-0.5168412	-0.505428	-0.5439894	-0.5245713	-0.50581646	-0.49044666	-0.5490388	-0.55464536	-0.49912834	-0.5283209	-0.49756175	-0.50283235	-0.49632126	-0.4742325	-0.5189292	-0.51037675	-0.49462518	-0.5035201	-0.49113977	-0.47238612	-0.482037	-0.47677588	-0.5799735	-0.4832188	-0.5361005	-0.4788045	-0.5296944	-0.49629664	-0.54084533	-0.46423838	-0.5051802
embedding_0273	-0.30726224	-0.38825738	-0.3870193	-0.35259894	-0.26521245	-0.40897396	-0.30375895	-0.37997583	-0.39118573	-0.4192754	-0.33593974	-0.35396588	-0.3339553	-0.40273082	-0.30694962	-0.26220778	-0.39343083	-0.38250995	-0.360571	-0.36310142	-0.43149188	-0.2837971	-0.31599352	-0.3280912	-0.296973	-0.37638536	-0.2760807	-0.3448066	-0.31487668	-0.3539558	-0.34610963	-0.3424777	-0.35460234	-0.33364356	-0.39313915	-0.33848384	-0.3669549	-0.35288474	-0.36385927	-0.36562464	-0.3946074	-0.4277758	-0.38041413	-0.41650322	-0.39040992	-0.31739908	-0.32678658	-0.38536733	-0.36228025	-0.3244834	-0.35899517	-0.37712988	-0.36497054	-0.31798548	-0.34911323	-0.36043954	-0.25918207	-0.38356754	-0.29434907	-0.37797403	-0.39206928	-0.3896588	-0.3794614	-0.310631	-0.31940347	-0.38874412	-0.34996137	-0.34808606	-0.28645006	-0.3244482	-0.36209884	-0.33095214	-0.3698396	-0.40327635	-0.41072875	-0.3542133	-0.41878086	-0.5275797	-0.30356783	-0.3157171	-0.3815116	-0.35522437	-0.37808257	-0.31865156	-0.3385957	-0.3083039	-0.3937394	-0.32691866
embedding_0274	-0.5330103	-0.4563891	-0.46360725	-0.5131539	-0.548794	-0.54937756	-0.43599486	-0.43391493	-0.3909163	-0.4145483	-0.42143455	-0.4458022	-0.4903095	-0.44905776	-0.44604224	-0.48853976	-0.38056332	-0.37253103	-0.46441907	-0.52651286	-0.41831392	-0.424453	-0.4727489	-0.3969142	-0.48857343	-0.4127522	-0.4677738	-0.43118292	-0.45099697	-0.48328865	-0.35657	-0.55416125	-0.51767224	-0.5034729	-0.48347303	-0.44192702	-0.4731996	-0.52640814	-0.45888636	-0.6595087	-0.459251	-0.48800468	-0.4523968	-0.43481687	-0.468877	-0.38398284	-0.4531167	-0.51067215	-0.38754642	-0.4936341	-0.4760899	-0.40439472	-0.4611389	-0.53364813	-0.6042803	-0.35420424	-0.52928853	-0.46970692	-0.49496895	-0.47711292	-0.3537476	-0.40359762	-0.41200408	-0.45587075	-0.48851123	-0.5657904	-0.4613874	-0.43436936	-0.5116311	-0.48472896	-0.4633164	-0.44281247	-0.5212128	-0.31427324	-0.45506564	-0.47228482	-0.47498003	-0.4815436	-0.59389013	-0.46338966	-0.4340799	-0.458463	-0.4891056	-0.5380504	-0.49057838	-0.517281	-0.5297881	-0.51004094
embedding_0275	0.606809	0.52602667	0.53372353	0.5813677	0.617432	0.5385155	0.5863164	0.5063988	0.54466647	0.4528225	0.6451597	0.57104594	0.5814383	0.54481435	0.5748814	0.6223501	0.46606022	0.5346739	0.5273429	0.5084109	0.39586332	0.5509494	0.5864684	0.5816534	0.5868065	0.5726327	0.5773477	0.70029396	0.49174717	0.56776	0.46939614	0.5243837	0.53391296	0.5894156	0.5737313	0.57199574	0.53690886	0.57801324	0.5635303	0.5779534	0.50264204	0.5774271	0.44630328	0.48186642	0.5614512	0.3939426	0.5218873	0.46059063	0.56044155	0.6155556	0.5145393	0.49765253	0.53848684	0.5883301	0.54383004	0.65163106	0.49419653	0.4908591	0.6918205	0.48146155	0.47106567	0.5474504	0.37307003	0.5320772	0.57203853	0.5119019	0.5152585	0.5374988	0.50386184	0.45548052	0.5743461	0.53610927	0.59334725	0.50011396	0.46526745	0.49985424	0.47879872	0.46214384	0.6703827	0.63715905	0.5128434	0.5766258	0.46741885	0.45113185	0.5469196	0.5205641	0.5237621	0.5636372
embedding_0276	0.45987302	0.40823603	0.5119157	0.43466917	0.4658824	0.4826964	0.45514423	0.44129294	0.48223457	0.34720725	0.39629513	0.4771571	0.46311742	0.4250009	0.44747227	0.4234052	0.41694584	0.4758481	0.47632268	0.4031665	0.50472397	0.49078473	0.5207278	0.45899457	0.3763215	0.4766256	0.56769943	0.44640002	0.38386148	0.47118226	0.45142427	0.3988833	0.4057507	0.42096293	0.44926727	0.50159085	0.47758052	0.35600224	0.39473885	0.3692348	0.46379083	0.5303759	0.4839688	0.47475004	0.43369552	0.5032177	0.48384824	0.48289967	0.39725304	0.51533115	0.4808581	0.40172374	0.514744	0.42565316	0.46889558	0.3826086	0.44550088	0.5144675	0.44277796	0.42881164	0.4496913	0.5119473	0.4178292	0.48296073	0.4103486	0.47154534	0.43788913	0.43515494	0.4379315	0.36912155	0.46136367	0.38898897	0.48348665	0.4050603	0.53611225	0.42075253	0.40451306	0.44583744	0.40910757	0.4237876	0.4254748	0.5160835	0.4306572	0.4456212	0.44206786	0.33384737	0.41907832	0.40207115
embedding_0277	0.016116843	-0.06865991	-0.037461635	-0.034599397	-0.023989448	0.077316605	0.07679727	0.039940853	0.055872664	0.040428646	0.027105898	0.02369009	0.054902263	0.0056906478	-0.00078940025	0.03336321	-0.04505416	0.021750659	-0.07651825	0.027175074	-0.034305807	0.0033698825	-0.06406439	-0.069310695	0.076893434	-0.025699701	-0.00966807	-0.06632133	-0.05906058	0.007985309	0.0072087906	-0.038692597	0.02597773	-0.008775223	0.04912844	0.0106377965	-0.009594072	0.019374603	0.01002451	0.12478683	0.006085002	-0.030511985	-0.0007548415	-0.004110947	-0.015348447	-0.055669513	0.0275172	0.0745264	0.007819931	-0.0036737204	-0.036474418	0.006932551	-0.034647927	-0.03390451	0.027244084	0.0705992	-0.016139593	-0.00084941735	-0.031471662	-0.004392856	-0.09162957	-0.04877009	-0.020105682	-0.02836362	0.020503715	0.04431027	0.002891066	-0.027816268	0.030054498	-0.013334654	0.014814194	0.0703969	0.02146114	-0.057121538	0.03846074	-0.010680967	-0.0015791154	-0.07041987	0.0042145196	-0.0070923143	0.04808144	-0.06688363	0.05015545	0.023340868	0.0041666133	0.084434934	0.033237185	0.0026948121
embedding_0278	-0.15430547	-0.22924788	-0.25697732	-0.23784259	-0.271593	-0.12147034	-0.16760446	-0.23616311	-0.20849633	-0.2277563	-0.23328882	-0.16425158	-0.17878453	-0.24464923	-0.23523293	-0.2230549	-0.15902553	-0.20757678	-0.22149949	-0.25202033	-0.2404049	-0.26805836	-0.23101918	-0.25310716	-0.2534248	-0.2503782	-0.30592692	-0.26088077	-0.2857706	-0.2501829	-0.24727707	-0.23227033	-0.17530568	-0.21015924	-0.18624175	-0.2477208	-0.23322117	-0.22908713	-0.23725244	-0.12921816	-0.24859296	-0.17689341	-0.24485737	-0.22049166	-0.18136448	-0.28921425	-0.23815829	-0.24086069	-0.20743804	-0.23975636	-0.19508904	-0.21009047	-0.19366826	-0.22014426	-0.24672066	-0.18014249	-0.3502266	-0.1966739	-0.23686427	-0.21592142	-0.2201145	-0.1941809	-0.2447336	-0.339572	-0.2999732	-0.19311014	-0.23436293	-0.2413609	-0.28763172	-0.26323852	-0.21336076	-0.20837532	-0.2013548	-0.2437666	-0.23049754	-0.2591604	-0.1959655	-0.2083122	-0.23879595	-0.26352012	-0.19516678	-0.30253756	-0.23662771	-0.29273823	-0.21287404	-0.22477369	-0.19751783	-0.23227212
embedding_0279	0.29920256	0.37958762	0.38188732	0.38489944	0.43723372	0.4469589	0.35187936	0.4021903	0.36717436	0.40444487	0.38221928	0.31520662	0.3290034	0.38086677	0.36963227	0.3703827	0.34536582	0.39149937	0.43221396	0.43682772	0.42574263	0.38095403	0.38547084	0.3707565	0.3798219	0.35210925	0.3412374	0.30788958	0.41439447	0.3701159	0.37243336	0.43181667	0.358404	0.3858148	0.41065297	0.3837156	0.41715953	0.30536622	0.32921147	0.45865506	0.44633356	0.39062774	0.43285498	0.4666816	0.3043644	0.4352456	0.36873776	0.4042781	0.31414288	0.38315457	0.39178255	0.33216932	0.36080384	0.38468355	0.5396867	0.22384152	0.38948515	0.3770408	0.43973154	0.39005956	0.35024008	0.39986864	0.43113342	0.41494355	0.31538993	0.44365755	0.39662787	0.41832316	0.40758246	0.36553714	0.38868347	0.34347305	0.42387968	0.3596213	0.36523402	0.38439175	0.40871817	0.4425508	0.36888227	0.35608622	0.39861113	0.38574827	0.3431968	0.38679692	0.39572737	0.38372278	0.40973964	0.3620346
embedding_0280	0.1389242	0.07939029	0.21827629	0.12841265	0.12796132	-0.010265577	0.10953316	0.063094564	0.0027582715	0.0857426	0.061350767	0.15913853	0.047414187	0.015984418	0.0831266	0.043343656	0.06879299	0.027868472	0.02490166	-0.008844366	0.020615196	0.024008516	0.20933937	0.12976304	0.04787504	0.093054496	0.10183057	0.2422275	0.11018317	0.08277131	0.04852821	0.08234297	0.007817571	0.07925399	0.0071729277	0.11673136	0.034656532	-0.0058846064	-0.0030740614	-0.005160372	0.027119914	0.025153391	0.04024663	0.053555805	0.13008136	0.11794207	-0.0010259745	0.03819319	0.110368386	0.12627219	0.085653946	0.081833184	0.14037283	0.13192253	0.11526124	0.085924275	1.9989118e-06	0.12728393	0.08826814	0.059487227	0.1155746	0.12547465	0.054860074	0.041081127	0.060269102	0.038902365	0.048393127	0.05684408	0.048726797	0.015908709	0.010467418	0.055669677	0.05027902	0.011966716	0.03793584	0.031023277	-0.012599108	0.023469489	0.005169247	0.05340444	0.051553536	0.05838241	0.0949497	0.021003488	0.029071683	0.025194723	-0.02809427	0.089593805
embedding_0281	0.39591318	0.38272393	0.35487422	0.32821566	0.36522353	0.52519214	0.48545626	0.25243965	0.44261554	0.3443219	0.3495844	0.4033261	0.5179003	0.34102106	0.40631893	0.42562124	0.4701407	0.40422583	0.36094654	0.38502938	0.3347727	0.42127714	0.3518964	0.42771196	0.33664078	0.44665667	0.40348497	0.40105838	0.3816112	0.32093588	0.4284663	0.36637914	0.42781436	0.41184196	0.36208707	0.39945608	0.35137382	0.3913444	0.43851447	0.3907649	0.3088627	0.42439345	0.3946658	0.3639138	0.3814498	0.40051973	0.39266735	0.31369832	0.40634793	0.40568206	0.37760288	0.40691292	0.3899328	0.42690745	0.33292904	0.39874366	0.44306642	0.34962392	0.36636752	0.371852	0.3523748	0.37906188	0.32860622	0.33399856	0.37798473	0.37867478	0.3606354	0.37253118	0.37287277	0.37793612	0.3933265	0.43426642	0.37589395	0.41560587	0.43693158	0.40258843	0.42334262	0.3569452	0.3944857	0.40108195	0.42387512	0.37374598	0.34826538	0.41149864	0.42320547	0.3899092	0.40303537	0.41668943
embedding_0282	-0.7485387	-0.7856397	-0.7718387	-0.77397203	-0.75058234	-0.792822	-0.7774622	-0.79306096	-0.7976421	-0.83198595	-0.77327406	-0.7816258	-0.74343735	-0.8226213	-0.77187574	-0.7126915	-0.8065699	-0.80602163	-0.7933769	-0.7870446	-0.8255483	-0.73557603	-0.77323794	-0.8009518	-0.7608886	-0.775195	-0.69177383	-0.7074542	-0.7733923	-0.7991035	-0.7957445	-0.8069906	-0.7815047	-0.74953836	-0.77969825	-0.7367285	-0.77420616	-0.80370957	-0.8085737	-0.82474804	-0.8171474	-0.89063096	-0.78453076	-0.8129732	-0.7986514	-0.8115017	-0.8071434	-0.80662596	-0.7361207	-0.73049414	-0.8586812	-0.77079237	-0.8056175	-0.74867463	-0.7792803	-0.78614926	-0.7447823	-0.7891005	-0.78266895	-0.80837	-0.76066226	-0.8401041	-0.8272157	-0.78193146	-0.7475501	-0.7689955	-0.7771582	-0.78742516	-0.7952509	-0.79059106	-0.8351029	-0.7560743	-0.8056704	-0.8649068	-0.7916992	-0.8035584	-0.86073184	-0.8533858	-0.7918866	-0.7004644	-0.831432	-0.80440867	-0.8106303	-0.8178522	-0.80543	-0.73261714	-0.84390855	-0.7725165
embedding_0283	0.46714365	0.43270817	0.50994563	0.42979112	0.41576892	0.55436164	0.4367532	0.54208475	0.5155797	0.47934675	0.4965511	0.4465116	0.47354403	0.5206752	0.49585542	0.44553876	0.480511	0.5377135	0.5068052	0.54477626	0.54561716	0.4929599	0.48446193	0.46494195	0.47844616	0.48836246	0.5020104	0.40234798	0.55103093	0.46421355	0.46410322	0.47958142	0.49804088	0.41906434	0.4918723	0.5406934	0.5034661	0.5082297	0.5361071	0.5857149	0.5547552	0.45237014	0.5171046	0.53919995	0.5030926	0.44591218	0.5037101	0.5667533	0.49513987	0.43812454	0.5186236	0.48920435	0.4749212	0.46495703	0.46087414	0.47107542	0.47161326	0.5091034	0.47464028	0.5214454	0.48127162	0.4345924	0.5320684	0.5104471	0.46732974	0.47903946	0.4813382	0.49035114	0.5451561	0.56154895	0.47636408	0.5327328	0.53889775	0.48468035	0.51148224	0.45684546	0.4455888	0.517998	0.54883265	0.4532685	0.5351141	0.49644873	0.5269759	0.53553295	0.4624267	0.52041847	0.54820096	0.4770276
embedding_0284	-0.38617033	-0.34609133	-0.2739603	-0.2994887	-0.27995962	-0.2855465	-0.31378296	-0.34458244	-0.33482385	-0.39063802	-0.36169025	-0.31057483	-0.39707196	-0.33658913	-0.31146935	-0.34635633	-0.37728217	-0.3238959	-0.2611351	-0.3104522	-0.33239222	-0.31856132	-0.2766788	-0.3159479	-0.34799743	-0.29360074	-0.29928073	-0.3009432	-0.2866042	-0.31047463	-0.33864188	-0.31987754	-0.41726232	-0.33164117	-0.33519456	-0.28436843	-0.31262714	-0.3686413	-0.3534064	-0.27255514	-0.30471852	-0.27793798	-0.29434237	-0.37042925	-0.33076245	-0.3186603	-0.34465605	-0.30044192	-0.32218763	-0.30136803	-0.32786185	-0.33370125	-0.31311575	-0.35430336	-0.21003821	-0.39771625	-0.37280956	-0.3165019	-0.24811938	-0.34040475	-0.31420368	-0.29270664	-0.33755788	-0.3059871	-0.3110008	-0.29187024	-0.30025196	-0.34784654	-0.34048045	-0.38813415	-0.30926618	-0.37223813	-0.32463056	-0.30805108	-0.3206119	-0.32792434	-0.34879768	-0.35990936	-0.33058855	-0.33935264	-0.31522208	-0.21268006	-0.334184	-0.29764733	-0.32794565	-0.35636106	-0.35262656	-0.32299745
embedding_0285	0.34541753	0.47412705	0.36866477	0.48011148	0.4488098	0.41251066	0.30039024	0.38850105	0.44619477	0.4562282	0.3964825	0.30835947	0.3040934	0.45411044	0.42133504	0.43229344	0.39919296	0.38250786	0.472189	0.5232664	0.42338464	0.42536822	0.33838218	0.42742664	0.49892035	0.42158616	0.3348778	0.41632774	0.5166625	0.4502177	0.46925753	0.5450712	0.45278165	0.46371922	0.503299	0.33859214	0.4603826	0.54152995	0.42424816	0.49913186	0.5425018	0.4188822	0.46807864	0.41204962	0.38407958	0.3830368	0.45201445	0.45011654	0.47807327	0.3940786	0.3274401	0.42698914	0.31213778	0.41177732	0.44392437	0.39136502	0.5602326	0.41943395	0.42846504	0.48531875	0.44349003	0.37738955	0.42282423	0.47945222	0.54815423	0.4976747	0.48058072	0.49376166	0.44542125	0.53131616	0.4942233	0.41018692	0.4365497	0.46825686	0.37248972	0.51369685	0.45708376	0.43250996	0.51161253	0.46738827	0.463162	0.41630498	0.4565095	0.5125584	0.43788302	0.50000316	0.48513937	0.41171026
embedding_0286	0.102634646	0.031603068	0.055364866	0.09482122	0.0039703907	0.2006228	0.095416114	0.13635927	0.10202795	0.20360243	0.041677263	0.0042722565	0.103388056	0.09522458	0.076853834	0.10401557	0.17146991	0.066888794	0.09051352	0.13049692	0.15895517	0.123230524	0.07264506	0.06305038	0.12750928	0.03594787	-0.10762854	0.09494606	0.109723456	0.11529546	0.092827484	0.17510949	0.14405482	0.09694743	0.16224392	-0.027172836	0.030702347	0.15669997	0.11225465	0.1541077	0.124239035	0.14647038	0.059305217	0.1437166	0.17449917	0.0148989875	0.11753263	0.08771626	0.14298788	0.0055112382	0.06558457	0.14063449	0.11605394	0.11327936	0.067485034	0.13524736	0.055884816	0.10436454	0.0014420898	0.11887452	0.060400605	0.11022599	0.08952238	0.07330569	0.08114453	0.071760006	0.0914379	0.10640369	0.068003915	0.16249794	0.12657624	0.07758225	0.07030456	0.12635909	0.15484853	0.08531321	0.15671836	0.05371992	0.13266426	0.060140822	0.14377835	-0.004831437	0.12695912	0.14118977	0.11077784	0.08293276	0.18446073	0.06643955
embedding_0287	0.12389407	0.14454335	0.1314524	0.14174034	0.118325636	0.21183516	0.09236262	0.09971031	0.17592539	0.2123076	0.110079795	0.1567085	0.1087747	0.16069503	0.09937197	0.119726196	0.16243604	0.13523534	0.17244376	0.15309666	0.17569792	0.12214956	0.14330645	0.11287761	0.06478005	0.15401793	0.13963379	0.07544466	0.12592448	0.15852582	0.113062076	0.120165415	0.10921861	0.123899184	0.23235403	0.14274561	0.13229793	0.0709676	0.18059224	0.16544986	0.17805018	0.17125274	0.13629466	0.16033521	0.15938017	0.043977756	0.14625973	0.1378365	0.103726804	0.15856276	0.18684018	0.14946324	0.15174393	0.13824013	0.13767178	0.17255121	0.06027746	0.15618537	0.083701596	0.16505131	0.1933041	0.12454192	0.0688	0.13142416	0.11753435	0.16466762	0.14345881	0.10710273	0.11437362	0.15971088	0.16841538	0.09962688	0.17329888	0.21126898	0.18180728	0.1416151	0.17216441	0.1860137	0.14087081	0.10892219	0.18525688	0.16960959	0.1678588	0.14149956	0.14779112	0.15114166	0.14756557	0.12796062
embedding_0288	0.48880884	0.5366869	0.5077745	0.49589896	0.5280141	0.635229	0.5157917	0.59413296	0.4924879	0.49964166	0.5665645	0.48196527	0.54050344	0.5700479	0.5267847	0.5132863	0.5584634	0.6057772	0.59823334	0.56789446	0.6173987	0.4934213	0.4939103	0.5434302	0.5177724	0.5160435	0.5477628	0.4454443	0.46823496	0.5030745	0.5201427	0.55698115	0.5027068	0.48337966	0.519736	0.5084529	0.56204003	0.5909967	0.56926024	0.54361236	0.57504714	0.63875645	0.66116357	0.67348725	0.56415415	0.5474633	0.56223613	0.5907331	0.49035853	0.51865196	0.56502956	0.5585509	0.59696287	0.5148771	0.55699885	0.41839582	0.47882202	0.5913604	0.5463539	0.53544676	0.5536567	0.61159676	0.5883696	0.5531226	0.46440348	0.59978604	0.5809866	0.59530723	0.58060426	0.57076454	0.55823165	0.55201435	0.58830535	0.48695666	0.6159352	0.56846863	0.6038195	0.64685863	0.5685263	0.5084221	0.52860844	0.57736915	0.547107	0.5981796	0.56513524	0.5045661	0.6140036	0.5634056
embedding_0289	0.5478269	0.5592489	0.5708895	0.5827784	0.5031427	0.6142259	0.5578363	0.6160004	0.5522296	0.59379685	0.515554	0.61314166	0.5924337	0.5424916	0.5580989	0.5618435	0.58464247	0.56429094	0.62639946	0.5106635	0.6125179	0.58531475	0.5140739	0.5216794	0.49642634	0.57877064	0.51265	0.5842773	0.5299749	0.58621234	0.5637508	0.52373385	0.50471973	0.56870455	0.56629866	0.57625264	0.5337578	0.5362902	0.54308397	0.6155412	0.55854315	0.6796273	0.61815876	0.5422988	0.63913083	0.5508134	0.5373091	0.62451094	0.53475714	0.632412	0.5932353	0.5574765	0.6224904	0.61722183	0.59358037	0.5587646	0.56603646	0.5186304	0.5567896	0.6233738	0.6241798	0.59785587	0.55388665	0.59333986	0.605889	0.5923044	0.56520045	0.5307201	0.55222106	0.6682789	0.6690391	0.46674412	0.6297131	0.6313508	0.60177356	0.53537804	0.5379057	0.5892399	0.5859663	0.5610012	0.57254505	0.57320195	0.59830076	0.56556517	0.58410394	0.49683654	0.61051995	0.5678027
embedding_0290	0.36255065	0.30007353	0.32081047	0.30554333	0.38269582	0.26566526	0.3792825	0.3810067	0.31369907	0.2436902	0.29762915	0.3079457	0.3520205	0.30136782	0.32583234	0.34474108	0.33564976	0.35502964	0.33695674	0.31926137	0.35005647	0.34044597	0.37150124	0.31033647	0.24218598	0.35693818	0.43443075	0.33343267	0.21374421	0.32727942	0.331086	0.30656418	0.23301235	0.3030938	0.31201962	0.37360406	0.3483664	0.2955249	0.31652644	0.26579532	0.25380415	0.30662903	0.33561316	0.34719914	0.34220743	0.34624326	0.33354872	0.32112947	0.31901124	0.3701594	0.36319742	0.34182087	0.37705272	0.347136	0.3861665	0.33985	0.325578	0.3856911	0.3405597	0.30670282	0.32689112	0.35547513	0.31234393	0.32565242	0.2725341	0.2993991	0.34033358	0.3467663	0.33539224	0.30568928	0.28649247	0.29165974	0.36901405	0.32633117	0.35459742	0.33186698	0.33286476	0.35387495	0.2685854	0.357649	0.32327428	0.39072022	0.3254381	0.36924136	0.33216494	0.27465388	0.32717586	0.29104814
embedding_0291	0.7213706	0.68666404	0.8132711	0.74676335	0.8310445	0.6187183	0.6561054	0.58867955	0.6523691	0.5792851	0.6203634	0.71555126	0.723136	0.6154388	0.68598163	0.6932702	0.69140077	0.64059407	0.6780183	0.6472681	0.6926291	0.7756452	0.76240665	0.7451397	0.654198	0.72942775	0.8137625	0.7204538	0.72236675	0.67050093	0.7410756	0.6576248	0.67335135	0.7100661	0.62309533	0.77169037	0.69683284	0.55478925	0.67337465	0.5978539	0.6005967	0.6702058	0.74672985	0.6851036	0.65516853	0.76769215	0.7085056	0.63515776	0.67162937	0.7687182	0.73006403	0.70589066	0.6930422	0.73503876	0.72570765	0.648396	0.7607328	0.7308601	0.65379083	0.6785439	0.7393848	0.71091884	0.68327624	0.70054805	0.73667496	0.7500198	0.67670894	0.76030856	0.7024965	0.67830086	0.6217747	0.6510822	0.6454394	0.6949936	0.73774695	0.75444686	0.71735674	0.6785628	0.68903124	0.70281595	0.67514837	0.7907182	0.73139095	0.7247706	0.7166239	0.6729751	0.59079295	0.6982742
embedding_0292	-0.22366554	-0.23071687	-0.22477573	-0.19681245	-0.22831194	-0.33004797	-0.16536856	-0.31648833	-0.24483782	-0.30421278	-0.19960994	-0.184064	-0.21615249	-0.24824013	-0.24004695	-0.25066194	-0.23037626	-0.28071135	-0.2533459	-0.2839181	-0.33432412	-0.25312415	-0.24928908	-0.18119906	-0.1984686	-0.23884997	-0.23651265	-0.11999313	-0.18612187	-0.2357936	-0.21393448	-0.22604196	-0.22316784	-0.19005084	-0.29299003	-0.21217199	-0.24657923	-0.23392479	-0.24647065	-0.23493668	-0.30362493	-0.25023383	-0.2903017	-0.36214364	-0.25123996	-0.18462834	-0.2534395	-0.3121001	-0.22741832	-0.22923934	-0.30017418	-0.26169652	-0.2559058	-0.21309094	-0.2659547	-0.21878685	-0.22406146	-0.29169178	-0.20382185	-0.2745005	-0.22684157	-0.22962876	-0.3402026	-0.24834181	-0.18664199	-0.27014673	-0.25867015	-0.2515105	-0.2421748	-0.2633632	-0.2434574	-0.22596367	-0.2689714	-0.20647754	-0.31987473	-0.25477472	-0.29774833	-0.32775408	-0.237226	-0.19470766	-0.22781353	-0.27940914	-0.24348462	-0.21921153	-0.26076636	-0.2103422	-0.31700194	-0.20531316
embedding_0293	0.15233421	0.024237774	0.0923539	0.023575692	0.043658245	0.09411042	0.036218893	0.069595024	0.09062327	0.005439238	0.01656638	0.088289134	0.031064553	0.06626205	0.01886064	0.024397573	0.09521772	0.06693201	0.061278835	-0.023595233	0.09907494	0.06370333	0.16049613	0.13056113	-0.03775209	0.086635366	0.10146771	0.064265035	0.046902947	0.05474364	0.025452703	0.07938832	0.049733367	0.06056966	0.045128684	0.081026845	0.053451646	0.00784236	0.088366635	0.041902073	0.07235357	0.15505676	0.032030445	0.0651193	0.14181156	0.13036682	0.052379653	0.050008293	0.003152599	0.087506786	0.111457676	0.005768265	0.19692719	0.10180576	0.08988093	0.04676602	0.019032601	0.09692722	0.09828084	0.06898849	0.11136661	0.14300969	0.07129631	0.056466214	-0.021221377	-0.0029832544	0.09530564	0.049189277	-0.004147964	0.0718951	-0.0395517	0.0059372913	0.03943545	0.09854236	0.06785124	-0.0014272487	0.065908596	0.17417762	0.048724398	-0.0058817524	0.039626587	0.12708434	0.02283459	0.0944264	0.0065438347	-0.048728656	0.012157581	0.041325077
embedding_0294	-0.22991587	-0.27778655	-0.19198215	-0.22034071	-0.19137035	-0.29981387	-0.23234658	-0.3109394	-0.25039548	-0.3571689	-0.24716784	-0.2702163	-0.20062548	-0.25560895	-0.25181487	-0.24607165	-0.27372244	-0.3090455	-0.24559167	-0.18494707	-0.25985843	-0.19891639	-0.25518882	-0.20149194	-0.20729105	-0.26450887	-0.20876345	-0.21814436	-0.16233478	-0.243837	-0.2535926	-0.2855578	-0.21990396	-0.2289025	-0.22772166	-0.22162846	-0.23387575	-0.28302035	-0.23830615	-0.21287714	-0.24982628	-0.3141736	-0.30794019	-0.32810313	-0.3148439	-0.21673921	-0.22061665	-0.24592698	-0.19100662	-0.28622398	-0.27017242	-0.25933218	-0.3202495	-0.23851103	-0.24687065	-0.26649293	-0.15044692	-0.20538498	-0.2787195	-0.2600204	-0.25136507	-0.3087676	-0.28397617	-0.22291704	-0.14344631	-0.1995763	-0.23942392	-0.2120885	-0.2135077	-0.20710757	-0.26951975	-0.2442126	-0.24762645	-0.27343097	-0.28375944	-0.20892099	-0.21348904	-0.27361783	-0.20479128	-0.2212087	-0.22410458	-0.21145506	-0.24634726	-0.14253679	-0.23049885	-0.20380858	-0.25462204	-0.2021945
embedding_0295	-0.54084826	-0.5597461	-0.5931775	-0.52512926	-0.4825404	-0.54342026	-0.62171274	-0.58576995	-0.5506081	-0.6271741	-0.5644343	-0.61023015	-0.6319208	-0.57854277	-0.5005587	-0.5462228	-0.6075163	-0.6174348	-0.49111092	-0.4950441	-0.5751606	-0.47193798	-0.5670625	-0.57841694	-0.44499975	-0.56006366	-0.56922174	-0.5217168	-0.45004916	-0.55198115	-0.5424697	-0.485261	-0.5337324	-0.50700784	-0.5619115	-0.60236406	-0.49732405	-0.5057629	-0.5310549	-0.47915754	-0.4795194	-0.5918309	-0.5775289	-0.5801236	-0.61285996	-0.52747554	-0.5133836	-0.55904233	-0.5011537	-0.551446	-0.62815374	-0.5720505	-0.6581965	-0.56836116	-0.46886995	-0.57726204	-0.4129127	-0.54683423	-0.5107522	-0.525956	-0.5673743	-0.5805215	-0.49140197	-0.5088574	-0.46056724	-0.5241114	-0.53888357	-0.5248623	-0.5266294	-0.5178379	-0.54066753	-0.56907964	-0.56315213	-0.5947852	-0.5854417	-0.5292882	-0.6176782	-0.6175632	-0.48707178	-0.53531975	-0.5525147	-0.52263653	-0.5911247	-0.5222071	-0.5790467	-0.45100147	-0.5059739	-0.5786772
embedding_0296	0.51207906	0.39014965	0.42592016	0.46237537	0.4384436	0.54748267	0.47881654	0.42918682	0.4520854	0.4863987	0.41689286	0.48496345	0.54716676	0.47467288	0.4447434	0.44412822	0.47979772	0.44210804	0.47468117	0.45367348	0.4589501	0.4094434	0.4266234	0.4178795	0.4801734	0.45795754	0.4379457	0.49774945	0.3882554	0.46710506	0.4550976	0.49904707	0.48715362	0.48650786	0.4621897	0.40868127	0.40516612	0.50501996	0.4965152	0.4943383	0.43476847	0.52713805	0.40417263	0.47754243	0.5262107	0.34892637	0.478521	0.4843515	0.51467645	0.47365165	0.45003974	0.49070305	0.4451595	0.48787203	0.45811164	0.49826327	0.4504382	0.48028827	0.44340426	0.4686395	0.40543747	0.4407412	0.35525605	0.40867177	0.46291336	0.52106726	0.44202596	0.45828104	0.46296576	0.5097257	0.49664074	0.48432285	0.47584873	0.4194199	0.5241074	0.47649968	0.4920775	0.47855353	0.53007615	0.46412674	0.4947619	0.37758833	0.50853384	0.49796712	0.50639945	0.46546462	0.5284255	0.49051338
embedding_0297	0.30185583	0.20391558	0.25943333	0.23384775	0.24131776	0.33213335	0.28534657	0.22914833	0.24100035	0.1819777	0.24775985	0.23228568	0.30843934	0.20425026	0.21342392	0.26283857	0.29502213	0.19428435	0.2217425	0.20694953	0.20633213	0.2547105	0.26602978	0.2585119	0.23511384	0.27438012	0.20940608	0.3026519	0.2242598	0.22832221	0.21284291	0.2962144	0.3395938	0.26943138	0.25243932	0.22459987	0.17215057	0.3022621	0.22821788	0.3133383	0.17714374	0.27764666	0.19600442	0.17059642	0.28778103	0.13941541	0.24504384	0.18674071	0.27771753	0.19616775	0.2115161	0.25005382	0.27805763	0.27718297	0.25998116	0.24947968	0.20661105	0.22449225	0.23052675	0.22617295	0.22273695	0.20538853	0.10162481	0.2671646	0.20588805	0.2884522	0.23318411	0.17910424	0.22509328	0.26191854	0.23048744	0.23431854	0.25497895	0.25797138	0.25164497	0.23013192	0.2501531	0.1835347	0.34379667	0.2171336	0.2630785	0.21643455	0.2876185	0.25200668	0.25243697	0.25210047	0.2343905	0.29905432
embedding_0298	-0.50970274	-0.5125917	-0.45011222	-0.5133932	-0.576001	-0.44491366	-0.48597342	-0.66097623	-0.5156065	-0.6188168	-0.5393043	-0.4920418	-0.5244939	-0.60069674	-0.5200299	-0.58799046	-0.49505195	-0.59388447	-0.57633823	-0.5636963	-0.6026105	-0.55834913	-0.49424914	-0.5221177	-0.60855144	-0.48792097	-0.6017165	-0.44747344	-0.49279726	-0.57409877	-0.5610802	-0.5422734	-0.4657159	-0.5324403	-0.58547914	-0.5668471	-0.55773133	-0.5868834	-0.5504337	-0.5367422	-0.5894495	-0.49377584	-0.6018334	-0.6118205	-0.5154858	-0.5390565	-0.57152194	-0.60198617	-0.49854708	-0.6101267	-0.56607425	-0.5440793	-0.5293653	-0.54657817	-0.58640534	-0.53188324	-0.5679526	-0.56230366	-0.531688	-0.5546378	-0.5107955	-0.49593222	-0.61711323	-0.5661809	-0.53644776	-0.5299384	-0.5989276	-0.591734	-0.5832387	-0.6327984	-0.56968933	-0.5595965	-0.5535579	-0.52418786	-0.56301606	-0.59029263	-0.5733496	-0.6120824	-0.5560756	-0.6093977	-0.5694747	-0.5601204	-0.55847055	-0.5935993	-0.56621313	-0.56908125	-0.56911427	-0.51525164
embedding_0299	-1.1318874	-1.0470976	-1.1097519	-1.1113245	-1.1419483	-1.1369681	-1.1214126	-1.119655	-1.0853008	-1.0417503	-1.0866387	-1.0962614	-1.095367	-1.074502	-1.0988966	-1.0872858	-1.1736054	-1.0601293	-1.1058129	-1.1030008	-1.117798	-1.1040124	-1.145401	-1.1593772	-1.0588914	-1.1018727	-1.1330974	-1.0891947	-1.1380912	-1.0897474	-1.1155087	-1.1659132	-1.1618227	-1.0986172	-1.0301261	-1.0815694	-1.0945723	-1.1769705	-1.089619	-1.0497893	-1.108704	-1.1263245	-1.1142299	-1.0832174	-1.1446134	-1.1402874	-1.1321033	-1.1198045	-1.1023685	-1.0842004	-1.0958886	-1.1236563	-1.1404492	-1.0895015	-1.1459157	-1.0414244	-1.181607	-1.1474991	-1.0690901	-1.1097792	-1.1083709	-1.1013634	-1.1249005	-1.1155958	-1.0747772	-1.1579617	-1.1156137	-1.1381686	-1.1292064	-1.1242489	-1.0880619	-1.1592449	-1.0945599	-1.080381	-1.1397518	-1.1242412	-1.1525233	-1.1067665	-1.1413509	-1.0585846	-1.1274143	-1.1115909	-1.1262082	-1.1369922	-1.1140376	-1.0654942	-1.1184905	-1.1221448
embedding_0300	0.25779474	0.2990685	0.31139964	0.24844547	0.29564235	0.2480833	0.2251559	0.1367853	0.20468068	0.23290518	0.23746833	0.27074185	0.30458158	0.20070061	0.2543611	0.20885003	0.27087006	0.21211836	0.223208	0.22759806	0.22858997	0.28949937	0.22974384	0.2592568	0.2317837	0.23055187	0.20238626	0.22122651	0.26085246	0.25713348	0.25871998	0.23669071	0.2642957	0.24047893	0.1930785	0.23183383	0.23228551	0.18214522	0.24058715	0.18424954	0.2083271	0.22965544	0.26595336	0.21025153	0.17574231	0.28602055	0.24813648	0.23283054	0.25204638	0.23251103	0.24307469	0.22904153	0.17972293	0.2084697	0.17890781	0.16025555	0.35953254	0.27330133	0.18495342	0.24381378	0.23311931	0.3053498	0.2746535	0.23875876	0.25310692	0.29258445	0.21156946	0.26457846	0.26585147	0.20380624	0.22658363	0.2127226	0.17551196	0.22314155	0.25967306	0.31284827	0.27306232	0.22608383	0.19043127	0.21352771	0.2085807	0.2692155	0.2617434	0.21766603	0.255238	0.24444331	0.21404213	0.21534124
embedding_0301	-0.36264387	-0.27543002	-0.34912142	-0.27228355	-0.27677238	-0.29923734	-0.3508722	-0.23100278	-0.36343333	-0.24880815	-0.22892453	-0.36036986	-0.3011974	-0.23506743	-0.2752317	-0.25960824	-0.33652103	-0.25993183	-0.2595113	-0.24642898	-0.3075626	-0.35757676	-0.37866125	-0.3235605	-0.22021472	-0.320302	-0.28626233	-0.32360992	-0.2581998	-0.32664678	-0.34955812	-0.30403292	-0.29150423	-0.2922038	-0.31567007	-0.34461713	-0.31566364	-0.21788761	-0.26385683	-0.30533683	-0.2872622	-0.33981663	-0.2594962	-0.25705373	-0.32601163	-0.3216495	-0.29400194	-0.26023656	-0.33821052	-0.28819627	-0.33099025	-0.3075596	-0.33741403	-0.31354806	-0.26905268	-0.35790405	-0.29126123	-0.3562945	-0.25447088	-0.31318584	-0.33318695	-0.37224883	-0.31502816	-0.25038266	-0.28919104	-0.24448204	-0.31966513	-0.31614393	-0.23223665	-0.26155254	-0.23798193	-0.28481734	-0.27984527	-0.34473276	-0.27983612	-0.25599107	-0.30887684	-0.34832874	-0.26114574	-0.29523864	-0.31691194	-0.37736586	-0.2972077	-0.28176486	-0.29428115	-0.22629339	-0.25329772	-0.25573105
embedding_0302	0.156252	0.087539546	-0.045516577	0.08202054	0.07242594	0.2628485	0.038194627	0.039438352	0.049931712	0.07797799	0.022563806	0.041154854	0.09805468	0.078412324	0.03151957	0.12325341	0.11255878	-0.039133202	0.10928853	0.10960064	0.017338498	0.09195893	0.059473176	0.040581554	0.042475127	0.022802679	0.033938847	-2.8730763e-05	0.0075914953	0.04166606	0.03549621	0.19619066	0.177548	0.07761599	0.11947119	-0.06176319	0.010068291	0.1259524	0.14259689	0.24284141	0.048756078	0.14915214	0.028946923	0.039769053	0.2200674	-0.15209754	0.04366509	0.11420831	-0.054786477	0.103605874	0.14170387	0.052084185	0.12778994	0.18687484	0.12771	0.043138452	0.07611492	0.056840956	0.16475846	0.11745198	-0.0042062295	0.08231764	0.012099607	-0.0027785976	0.043808162	0.07869746	0.068738274	0.06204302	0.05453827	0.18954219	0.070308745	0.102554135	0.21737401	0.034975454	0.14433585	0.015814023	0.15198952	0.119982384	0.25100377	0.028992744	0.09702064	-0.02559814	0.03827628	0.14982767	0.11974572	0.023377867	0.16952042	0.09618395
embedding_0303	0.13282451	0.21271005	0.25299588	0.22867209	0.16000187	0.2256168	0.2529015	0.28253093	0.2899361	0.27442816	0.19780461	0.22405444	0.21078314	0.2687357	0.22968113	0.22310181	0.21914789	0.27851295	0.24460772	0.21701348	0.26373702	0.15008508	0.20914458	0.24335656	0.15468656	0.26622647	0.2641224	0.17476037	0.2461121	0.20240766	0.22603619	0.1676832	0.20189805	0.23254235	0.23780613	0.26725957	0.24306206	0.20147566	0.19098328	0.20414338	0.22107774	0.22882405	0.258662	0.2512481	0.21352673	0.23050652	0.20382714	0.2715545	0.24505003	0.22407754	0.21919078	0.24740739	0.25566247	0.1981834	0.20980634	0.21007732	0.18318494	0.21598968	0.15699668	0.20372997	0.23249635	0.22172418	0.21101663	0.18266693	0.2261744	0.2380654	0.2641808	0.18469091	0.18123528	0.211363	0.25350878	0.2217763	0.20645314	0.24017239	0.26076058	0.23571716	0.26572827	0.2993513	0.13279259	0.23583408	0.29928073	0.22291926	0.22831596	0.19709069	0.22030982	0.1918986	0.22547281	0.24259388
embedding_0304	-0.009111404	-0.057474792	0.06390413	-0.034998078	0.001775838	-0.016575031	0.03237952	-0.048898283	0.039830007	-0.08005392	-0.026023747	-0.015874099	-0.002384109	-0.00015371766	-0.057615545	-0.060058694	0.07172591	0.032206357	0.047253232	0.001245015	0.066186264	0.022879459	0.02112384	0.03325653	-0.08489906	0.007508488	0.06926588	-0.096830204	-0.010395855	-0.022847086	-0.024639253	0.009564108	-0.019696908	-0.022257436	-0.0129020065	0.015845047	-0.0047093094	-0.057699222	-0.02038424	-0.07390235	-0.017820578	0.035873283	0.04252644	0.034650862	0.024034996	0.090721406	0.03985904	0.019723775	-0.033669457	-0.0052017584	0.055099174	0.01630962	0.035599608	-0.02241797	-0.013908772	-0.13823926	-0.013112923	0.0491812	-0.058772143	-0.003238639	0.05242959	-0.0077323685	0.041710827	-0.0006066454	-0.073149696	0.023409579	0.04684657	-0.0030042757	0.008969942	0.06275231	-0.02228735	-0.004420175	-0.020148728	0.025479143	0.049558908	0.0084277475	0.027467636	0.033949375	-0.051203623	-0.05886733	0.0178881	0.06569026	0.028871143	0.021164097	-0.012625881	-0.14299247	-0.02165001	-0.046466872
embedding_0305	-0.22192672	-0.21449667	-0.16725975	-0.20728725	-0.17510468	-0.3814655	-0.14767405	-0.23946677	-0.17348391	-0.23901063	-0.12441775	-0.15463485	-0.15260649	-0.21236736	-0.14541873	-0.19638658	-0.20673728	-0.14420536	-0.21691608	-0.23169018	-0.20914616	-0.26659802	-0.21002506	-0.12354716	-0.22603387	-0.16374338	-0.16818787	-0.14123741	-0.10446103	-0.19674528	-0.12609592	-0.29488724	-0.24859443	-0.18412006	-0.24128577	-0.083675355	-0.18488179	-0.28635603	-0.25008234	-0.34176898	-0.22349831	-0.26013863	-0.22681062	-0.17191434	-0.24674754	-0.03605656	-0.18036926	-0.26913926	-0.11012578	-0.18011086	-0.26019368	-0.19334042	-0.20684879	-0.1978309	-0.31441945	-0.14326206	-0.2011612	-0.22905655	-0.27581427	-0.24177893	-0.12588547	-0.19282596	-0.19462846	-0.19528806	-0.18906358	-0.26851046	-0.21867374	-0.19401816	-0.19376661	-0.24820738	-0.22735316	-0.24397784	-0.30333194	-0.18410131	-0.23392874	-0.19631544	-0.24515884	-0.28889096	-0.3010554	-0.16128968	-0.19355677	-0.20570631	-0.22567563	-0.19853905	-0.21129154	-0.22146337	-0.27692464	-0.1638953
embedding_0306	0.16014694	0.0909841	0.15885042	0.08257389	0.03115155	0.087946	0.09642331	0.040751487	0.09882003	0.09945492	-0.002274785	0.16331315	0.12780628	0.061103232	0.078497365	0.037712004	0.15015495	0.06197912	0.10210764	0.05529357	0.15854657	0.12884608	0.030030636	0.038231928	0.0924192	0.11492806	0.029211089	0.03395298	0.058209848	0.11292832	0.09495628	0.05957441	0.11457901	0.034759026	0.11324211	0.13540328	0.07834862	0.07225894	0.059565943	0.14795645	0.10914372	0.15216868	0.077847436	0.083680905	0.1208524	0.09184521	0.10387381	0.07440965	0.14534749	0.06740188	0.11526859	0.13503481	0.11154868	0.06519909	0.013768671	0.15150318	0.047614895	0.12593752	-0.031907883	0.1219347	0.119031444	0.10171085	0.114046924	0.069071576	0.07121179	0.07879663	0.08285988	0.08391882	0.038033687	0.13882743	0.06798177	0.048395243	0.03333216	0.12584752	0.15831317	0.044429384	0.11501305	0.12484421	0.09967824	0.051663417	0.11687652	0.1191689	0.111058086	0.054592535	0.085254125	0.056724116	0.035737056	0.039970763
embedding_0307	-0.16484353	-0.14570577	-0.13445574	-0.15605837	-0.15277418	-0.038964804	-0.12480761	-0.019462643	-0.09875315	-0.1475267	-0.1415862	-0.19679174	-0.09023127	-0.079128124	-0.14587569	-0.113681145	-0.10405143	-0.06349128	-0.083946146	-0.10022506	-0.078129165	-0.07969585	-0.069669895	-0.1477493	-0.12304487	-0.08953933	-0.07198875	-0.17406505	-0.20613968	-0.168048	-0.14358997	-0.12608187	-0.10397322	-0.1417492	-0.11048789	-0.13750799	-0.12078678	-0.1479088	-0.10778729	-0.12766635	-0.14241917	-0.12718324	-0.054088168	-0.042318244	-0.10721142	-0.107055515	-0.12785858	-0.108376004	-0.15449944	-0.12506622	-0.07734048	-0.11344321	-0.06823359	-0.09668026	-0.08797285	-0.14434278	-0.17541236	-0.16286895	-0.055514302	-0.13491444	-0.11844614	-0.10990142	-0.112367615	-0.102594756	-0.22036071	-0.13727573	-0.1183059	-0.1370136	-0.10621828	-0.105758324	-0.15841055	-0.15574697	-0.09473388	-0.10667434	-0.07736931	-0.13998331	-0.12480899	-0.06470504	-0.13949797	-0.1372398	-0.1332207	-0.113066494	-0.16795574	-0.11016402	-0.12545092	-0.20902874	-0.115435064	-0.14431195
embedding_0308	-0.30538428	-0.24979718	-0.3680928	-0.31650883	-0.33011144	-0.3611863	-0.37061805	-0.29750735	-0.3949295	-0.22786495	-0.3123337	-0.26300183	-0.3316408	-0.33060697	-0.2721403	-0.27559412	-0.33037332	-0.2872074	-0.25292897	-0.2921845	-0.30530638	-0.36516753	-0.38234296	-0.3115227	-0.2681075	-0.2573809	-0.38126862	-0.30120355	-0.26982096	-0.3328148	-0.33678097	-0.32547545	-0.34125805	-0.31137344	-0.32684046	-0.30976313	-0.32920414	-0.3285449	-0.36008656	-0.23748702	-0.25145027	-0.30033827	-0.29169366	-0.29091397	-0.33398354	-0.31062266	-0.35366833	-0.29172847	-0.28637564	-0.24035133	-0.39013994	-0.32808894	-0.32115978	-0.31361198	-0.32963344	-0.3242759	-0.27554682	-0.3186179	-0.28029785	-0.2707514	-0.2938994	-0.2843952	-0.24297684	-0.2970871	-0.36230823	-0.37299395	-0.26093763	-0.34165952	-0.3583184	-0.31809574	-0.2800789	-0.26580563	-0.34354112	-0.32275563	-0.3552139	-0.3844201	-0.40786284	-0.37831506	-0.3507008	-0.29902735	-0.3474348	-0.36681935	-0.36676323	-0.39436474	-0.35231066	-0.35082796	-0.35212964	-0.30847526
embedding_0309	-0.21738027	-0.247621	-0.25068653	-0.20426913	-0.2574109	-0.30052277	-0.19293457	-0.13143551	-0.24590448	-0.24845	-0.1585787	-0.18951803	-0.2178856	-0.2389909	-0.28865457	-0.2348935	-0.19776854	-0.20510004	-0.27456954	-0.2560342	-0.3062318	-0.27701637	-0.24631684	-0.28044415	-0.19513291	-0.22062638	-0.22185068	-0.20500909	-0.25384146	-0.24367802	-0.29208454	-0.2502095	-0.18869247	-0.2926953	-0.2330017	-0.2548349	-0.2669395	-0.19205405	-0.2807465	-0.25520274	-0.26334786	-0.29060522	-0.29852238	-0.3520157	-0.25068027	-0.35087463	-0.24813612	-0.2171321	-0.19052595	-0.26456693	-0.21871878	-0.23961365	-0.24015936	-0.29914832	-0.28402126	-0.15836132	-0.2943983	-0.25211498	-0.2601838	-0.24916597	-0.26195642	-0.2739667	-0.33909824	-0.21756487	-0.22734602	-0.20712112	-0.23930204	-0.32056713	-0.24780288	-0.2608327	-0.25040737	-0.20717232	-0.23732924	-0.21583809	-0.2608695	-0.27219462	-0.25330514	-0.31738293	-0.18759425	-0.24938567	-0.20592996	-0.21016693	-0.21867527	-0.30757564	-0.2706202	-0.23287894	-0.27077425	-0.20545167
embedding_0310	0.13287967	0.14454073	0.16971633	0.19942589	0.23703934	0.21578762	0.19335492	0.14320214	0.15105459	0.17638645	0.2073802	0.19249803	0.14601041	0.25382364	0.1829613	0.16129604	0.14746544	0.16636546	0.1840466	0.19532299	0.16976257	0.10165769	0.11949747	0.15892802	0.221408	0.17612877	0.19231115	0.2798847	0.2030626	0.20936723	0.18188961	0.19369154	0.13743478	0.17814127	0.17835952	0.22535072	0.2270642	0.23456046	0.18914786	0.21075377	0.22200187	0.29309592	0.17162135	0.21708103	0.18406218	0.19485545	0.20104793	0.21125732	0.18074824	0.20280257	0.09377306	0.16082372	0.14675672	0.1667562	0.23226516	0.15485714	0.17076883	0.15186758	0.16661403	0.16259395	0.16637935	0.20208308	0.118828334	0.1469925	0.23533987	0.22908144	0.21183798	0.18587749	0.19735436	0.1629287	0.22470301	0.2390599	0.17204563	0.07558002	0.16842523	0.19108036	0.1861859	0.20661725	0.22243088	0.23600478	0.17291836	0.16572788	0.20052186	0.21400608	0.18793362	0.18568936	0.25135347	0.19895123
embedding_0311	0.6250504	0.66114134	0.60789627	0.670636	0.71002555	0.58491397	0.6215551	0.6715092	0.61845917	0.6452732	0.70172936	0.6193142	0.64696705	0.66729385	0.6544662	0.6797832	0.6950624	0.6786697	0.6506943	0.7069593	0.6785303	0.6341671	0.62282795	0.687245	0.7094514	0.59672594	0.6574156	0.6105259	0.6788137	0.6643783	0.7009369	0.6817165	0.66926	0.61691064	0.6624415	0.5872339	0.66282713	0.7720259	0.7160444	0.62594813	0.6599464	0.58183914	0.6902912	0.6775839	0.6250713	0.6555228	0.6962649	0.63542855	0.6909452	0.62963635	0.6779619	0.6736952	0.5921397	0.6431373	0.64159596	0.6869226	0.6753207	0.642668	0.6699237	0.6503309	0.6380549	0.6047561	0.6848205	0.64837366	0.6652756	0.6616021	0.63832396	0.722931	0.7094683	0.74187416	0.68278444	0.66784734	0.673334	0.6641141	0.64748925	0.7387529	0.6883802	0.64536613	0.70633996	0.6773504	0.69216293	0.6824819	0.6596746	0.7280455	0.68468744	0.6916445	0.66876584	0.64786047
embedding_0312	-0.4675937	-0.49870515	-0.5484775	-0.5383789	-0.56582314	-0.44185475	-0.47554848	-0.55345154	-0.43565953	-0.53679067	-0.50887924	-0.504162	-0.4566692	-0.57190776	-0.4928256	-0.48245797	-0.46989524	-0.5382979	-0.521012	-0.52622867	-0.53458315	-0.4696025	-0.53176296	-0.5391104	-0.53605825	-0.51125556	-0.462428	-0.5347245	-0.48745707	-0.54465437	-0.44259268	-0.52985626	-0.4699395	-0.4993827	-0.49292076	-0.4721633	-0.52838886	-0.5367152	-0.49746144	-0.43977672	-0.5333296	-0.54220927	-0.5343707	-0.5557662	-0.49235418	-0.5388307	-0.52659094	-0.5538612	-0.45249695	-0.5050423	-0.53530014	-0.4802159	-0.5478436	-0.5226655	-0.6079901	-0.40871593	-0.54029274	-0.49380964	-0.6071206	-0.49438024	-0.5029976	-0.5370524	-0.53186685	-0.52787775	-0.49677798	-0.5224203	-0.5460321	-0.50587404	-0.5399012	-0.47920933	-0.56814003	-0.45515826	-0.53200704	-0.49876252	-0.50206745	-0.5479074	-0.49773324	-0.57841396	-0.49302897	-0.49066988	-0.46761256	-0.5667954	-0.50643325	-0.5669271	-0.50209606	-0.4580701	-0.48675767	-0.47987846
embedding_0313	-0.8375321	-0.64399266	-0.64867806	-0.6836059	-0.78982013	-0.76999366	-0.69507986	-0.69969094	-0.6391451	-0.60080266	-0.6814957	-0.6200783	-0.7347286	-0.66775364	-0.66500086	-0.7027118	-0.7476582	-0.6585281	-0.6567331	-0.71880364	-0.6615888	-0.6997505	-0.7257736	-0.73423153	-0.6917205	-0.7025195	-0.7628794	-0.67794126	-0.6452755	-0.64826155	-0.66619635	-0.795407	-0.7805057	-0.71061444	-0.70459384	-0.61826354	-0.6890317	-0.7379797	-0.7282179	-0.74344957	-0.68670547	-0.64467436	-0.69648117	-0.69631326	-0.716261	-0.6765139	-0.73121685	-0.706454	-0.69497937	-0.699778	-0.6756669	-0.71381205	-0.70081663	-0.75871783	-0.7821385	-0.63831943	-0.7382227	-0.7646538	-0.71517485	-0.7041927	-0.6283416	-0.67358106	-0.6712151	-0.68537784	-0.63133323	-0.7765321	-0.71281296	-0.71381724	-0.69647914	-0.7068456	-0.63204277	-0.7203021	-0.7589543	-0.5753595	-0.74302506	-0.73009205	-0.78762686	-0.7237523	-0.824767	-0.6786847	-0.6990223	-0.6163081	-0.7073177	-0.7369179	-0.71811473	-0.71275747	-0.7508756	-0.71256745
embedding_0314	0.036199383	-0.04417685	0.16937064	-0.063230045	-0.097392075	-0.13590015	0.048934285	-0.045348372	0.08168174	-0.1386237	0.016500236	0.076739274	-0.011825531	-0.04815044	-0.096373536	-0.057323243	0.046555836	0.014662196	0.0056788516	-0.12086573	0.011860843	-0.053774577	0.0493155	0.049224768	-0.09887695	0.044170793	0.06326443	-0.008274049	-0.051003758	-0.06334801	0.02368239	-0.040812124	-0.021280047	-0.0069432333	-0.066443875	0.085501544	-0.034049965	-0.14040114	-0.09708428	-0.20576549	-0.040671833	-0.05637872	-0.042772338	-0.016124373	0.04294155	0.056295358	-0.043918945	-0.14160018	0.0025002568	-0.07758344	0.07013162	-0.015297111	0.077368975	-0.011961423	-0.109505236	-0.011612612	-0.13870648	-0.043519575	-0.070288695	-0.0397446	0.06103662	-0.027099172	-0.07071373	-0.017788557	-0.07870169	-0.10002236	-0.018061839	-0.098597996	-0.12735575	-0.07675019	-0.11713998	-0.0015644651	-0.13215418	0.113405325	-0.019390559	-0.06681979	-0.053354837	0.018925002	-0.12702006	-0.01836134	-0.0074437605	0.031787325	-0.023953069	-0.039431076	-0.05708329	-0.1543139	-0.17774962	0.013213174
embedding_0315	0.13816518	0.082866855	0.095569134	0.13462389	0.09688888	0.01038566	0.10953132	0.063538484	0.0803244	0.040074658	0.11404692	0.15553299	0.08560929	0.069949	0.07658223	0.058002014	0.08557844	0.05680954	0.110436454	0.06602183	0.05247671	0.106580585	0.110600695	0.09798493	0.077844635	0.09982602	0.08941854	0.1548196	0.13526921	0.09708246	0.099455826	0.08553703	0.09612577	0.08862238	0.03233873	0.08374055	0.083739616	0.106747545	0.05940768	0.09914775	0.044782814	0.06195363	0.02160904	0.01376331	0.083727196	0.11500614	0.075586826	0.11136758	0.13751307	0.08399589	0.10328815	0.08143992	0.06225159	0.1124398	0.04100869	0.15680745	0.064898245	0.07507196	0.1008306	0.08215341	0.08927203	0.106037736	0.06284234	0.10127778	0.1481605	0.07293735	0.09746582	0.08569003	0.09851898	0.08784299	0.06744779	0.09001156	0.08113738	0.08909569	0.03687858	0.075669646	0.07099608	0.05614777	0.13250399	0.11676601	0.107604586	0.112231195	0.0870671	0.122192614	0.09440429	0.119253956	0.045260213	0.11839619
embedding_0316	0.7917609	0.6890356	0.7380489	0.7481019	0.7778036	0.8801076	0.8464528	0.72281945	0.8399431	0.7404778	0.771832	0.7860797	0.7232386	0.779743	0.8027468	0.79631513	0.76576596	0.79445595	0.7660561	0.75475764	0.775646	0.7662238	0.80873394	0.7492314	0.73191667	0.8132318	0.7955997	0.71408856	0.73064506	0.79351014	0.79938334	0.80271286	0.81901985	0.7457904	0.8718216	0.82045376	0.7693419	0.6920404	0.7819241	0.8286792	0.8074924	0.82511604	0.77937835	0.772419	0.80630946	0.7472279	0.7529977	0.82271427	0.74708503	0.80239564	0.7995598	0.76297206	0.7847201	0.78395724	0.76483727	0.7455287	0.7721918	0.78678733	0.7764632	0.7895205	0.7388401	0.803553	0.8680331	0.7709322	0.72792876	0.75534177	0.78541404	0.73102725	0.74489	0.75729835	0.77133036	0.79379797	0.79256636	0.7624451	0.8338475	0.7269664	0.7664044	0.77309924	0.761856	0.75912094	0.8074112	0.72399294	0.71738875	0.75249153	0.77539843	0.69641334	0.8473745	0.71139866
embedding_0317	-0.013073477	-0.08434384	-0.112705216	-0.111961715	-0.036845032	-0.063385375	-0.0659525	-0.09671414	-0.08644312	-0.07176165	-0.06716956	-0.062170494	-0.10849112	-0.0789502	-0.07457079	-0.072180755	-0.08600466	-0.1017258	-0.10024786	-0.076944344	-0.08975207	-0.12953569	-0.13968515	-0.082022	-0.09578692	-0.11334169	-0.120986596	-0.12740648	-0.032236047	-0.032263156	-0.11117262	-0.021941653	-0.0417331	-0.060290888	-0.08409861	-0.078753725	-0.06884154	0.029205292	-0.10922605	-0.021647204	-0.044767037	0.018126868	-0.1314685	-0.081396006	-0.072974734	-0.07818421	-0.0539266	-0.014067972	-0.06290794	-0.041913394	-0.13819109	-0.10837003	-0.03852406	-0.081141084	-0.12898146	-0.15760137	0.00784247	-0.05953072	-0.13466854	-0.09887994	-0.08593525	-0.07335208	-0.08771889	-0.08494379	-0.0920694	-0.098839015	-0.016363354	-0.045696955	-0.10593264	-0.09040033	-0.03181425	-0.04174047	-0.10060871	-0.18371743	-0.0867384	-0.106225275	-0.042576093	-0.0579301	-0.009389297	-0.10033278	-0.07387364	-0.110609524	-0.07063066	-0.09965166	-0.07304503	-0.10373868	-0.050068397	-0.069123685
embedding_0318	0.33434317	0.18256247	0.19906683	0.28700113	0.29913187	0.22416642	0.22422157	0.22830129	0.19500706	0.17863488	0.16081682	0.1303382	0.23949619	0.1618621	0.19561747	0.30910224	0.1837442	0.16036083	0.23412253	0.27850795	0.10664156	0.2849317	0.24825267	0.16329971	0.32045996	0.16308664	0.29204005	0.26873976	0.26921517	0.24873847	0.18748519	0.3114291	0.24849902	0.2671329	0.25378793	0.21153744	0.21262278	0.24903896	0.19910796	0.31109554	0.20819405	0.16927718	0.17658451	0.13376822	0.23035201	0.15195897	0.22236802	0.19939658	0.19932209	0.26000726	0.19027914	0.16564035	0.17609641	0.2881757	0.29019117	0.19615403	0.3196628	0.21081279	0.25129288	0.24060419	0.12722948	0.18815577	0.16355905	0.24633327	0.30307674	0.28489688	0.24331751	0.21562505	0.22744498	0.27355567	0.19519342	0.27458188	0.25378686	0.15660088	0.18464369	0.18731101	0.16341105	0.10121698	0.36503977	0.28469208	0.20778604	0.17769474	0.19592352	0.26450396	0.2174953	0.26597172	0.2629581	0.23912652
embedding_0319	-0.5322621	-0.53562826	-0.4129136	-0.48294598	-0.52808255	-0.36787608	-0.45449045	-0.40011233	-0.3846115	-0.2904945	-0.44055632	-0.4292651	-0.47019207	-0.42087242	-0.37601307	-0.4621144	-0.4758606	-0.39857885	-0.35446972	-0.38302284	-0.34220907	-0.46698508	-0.46203643	-0.49272788	-0.50259876	-0.40980533	-0.4981761	-0.512436	-0.41498366	-0.39127907	-0.46191588	-0.41775313	-0.5416115	-0.42283928	-0.34860024	-0.39460933	-0.43873805	-0.5270609	-0.434156	-0.38259947	-0.3131991	-0.28195855	-0.45892906	-0.31122705	-0.39948368	-0.5123411	-0.45148253	-0.370795	-0.4139454	-0.44841915	-0.35697287	-0.42064127	-0.40616277	-0.4779563	-0.3883002	-0.39516845	-0.5226454	-0.38278893	-0.4327768	-0.40260243	-0.41721657	-0.44478247	-0.35777864	-0.4035566	-0.47256112	-0.49170396	-0.41852036	-0.48128682	-0.46239537	-0.4385258	-0.37729853	-0.44096017	-0.37658575	-0.41325977	-0.3811601	-0.48196825	-0.451309	-0.3854898	-0.4897085	-0.4899052	-0.37280273	-0.4091567	-0.4832264	-0.48208368	-0.41664907	-0.46547922	-0.35729623	-0.4660252
embedding_0320	0.5848658	0.53443944	0.661627	0.5370193	0.5818792	0.48905528	0.6220477	0.50946265	0.5698636	0.50852966	0.5710572	0.5879564	0.5801849	0.5521639	0.5724677	0.53919953	0.58788687	0.62359995	0.55367625	0.54616433	0.5793024	0.57310057	0.6035735	0.6401787	0.60058916	0.61958826	0.6230034	0.5959214	0.61311644	0.53496444	0.61577183	0.48656434	0.53923297	0.58253187	0.50456506	0.6651258	0.5793612	0.505408	0.5102842	0.4459726	0.5901533	0.5248763	0.60866266	0.59362465	0.49521193	0.70635986	0.6020174	0.4996841	0.6311547	0.5911417	0.551691	0.57317	0.5436613	0.5271242	0.5935398	0.54602784	0.5218456	0.60375834	0.5420045	0.5384105	0.57290643	0.56753457	0.58868754	0.59697443	0.57323533	0.536222	0.5822619	0.6068704	0.5407076	0.5167107	0.525536	0.57115114	0.4913127	0.5667902	0.5750371	0.5874793	0.5533176	0.5536309	0.4978815	0.57729876	0.5558221	0.6172742	0.5586487	0.54007	0.5422847	0.5418217	0.5068255	0.5575831
embedding_0321	0.015030226	0.016672833	-0.015718635	0.04217875	0.08341547	-0.02385227	-0.027479546	-0.015325409	-0.003908751	-0.08275563	0.00071308867	-0.072056346	-0.021955702	0.010460432	-0.004437234	0.031161597	-0.01012493	-0.028725514	0.025945839	0.05473736	-0.036098868	-0.028428037	0.023265816	0.04351428	0.036176644	-0.057613704	0.08113229	0.046153873	0.04860867	-0.011111479	0.025469916	0.037233558	-0.004057376	0.034187797	-0.0035860913	-0.013804228	0.029265575	0.037561037	0.04923274	-0.016547143	-0.018785734	-0.061977588	-0.023572633	-0.050410487	-0.017690523	0.029604068	0.039907675	0.012033276	-0.013795289	0.033422064	-0.013071569	-0.010857188	-0.047293548	0.011680382	0.057829663	-0.06063713	0.12065218	0.027967254	0.023306329	-0.03819692	-0.033610523	-0.025376815	-0.032352608	0.0025622766	0.09615167	0.04735914	0.006148268	0.06890647	0.04654946	0.05672261	0.015638668	0.037627283	0.026632657	-0.06606177	-0.014590315	0.055887192	0.020792097	0.0028158394	0.05166898	0.07009878	0.007930934	0.010474196	0.019489704	0.087340556	0.010698865	0.03993685	0.05231282	0.039796427
embedding_0322	-0.22036333	-0.35035023	-0.3099464	-0.31982228	-0.2856301	-0.3012673	-0.2938119	-0.34069526	-0.32266584	-0.39427727	-0.29631206	-0.34670717	-0.2750298	-0.32785085	-0.32116088	-0.26942536	-0.33826572	-0.3386062	-0.34509504	-0.34021047	-0.40906256	-0.2854709	-0.2862953	-0.31321913	-0.2637909	-0.31636155	-0.3122758	-0.30525362	-0.3583458	-0.33190185	-0.33181152	-0.2903319	-0.23958234	-0.31333753	-0.3012941	-0.29447383	-0.3338868	-0.32385728	-0.28860265	-0.2674698	-0.3660017	-0.391929	-0.35174316	-0.38250437	-0.33870003	-0.33064502	-0.3203922	-0.38836256	-0.3479135	-0.3456749	-0.34811282	-0.36137265	-0.3084096	-0.31872946	-0.33676365	-0.29480934	-0.29681402	-0.3280015	-0.27975738	-0.3139686	-0.3427206	-0.3103797	-0.37720743	-0.28994378	-0.3461201	-0.34082484	-0.3525804	-0.35960263	-0.3388427	-0.3626927	-0.32049295	-0.27030313	-0.29652658	-0.3267366	-0.35130832	-0.3507106	-0.34984842	-0.4297268	-0.2573177	-0.28263992	-0.35278672	-0.3448992	-0.36170313	-0.35485047	-0.34358826	-0.30609345	-0.3582945	-0.32372105
embedding_0323	1.4149641	1.3578281	1.4599946	1.4248853	1.4188476	1.3715751	1.436374	1.453491	1.4448892	1.3796027	1.4658254	1.3611106	1.3607807	1.4076833	1.417603	1.3675275	1.3814417	1.4113865	1.395818	1.4440368	1.3779403	1.4246104	1.4539908	1.3838087	1.4580451	1.4117955	1.4198095	1.4842452	1.3889275	1.4332119	1.3658307	1.4416006	1.3776562	1.4157017	1.4143095	1.3961405	1.4031807	1.4571115	1.4219255	1.3699853	1.432062	1.3498591	1.346844	1.3974005	1.4131309	1.3705858	1.4150901	1.4545233	1.450975	1.3908303	1.3948952	1.3910854	1.4209447	1.4214844	1.4749753	1.4045976	1.4467175	1.4337564	1.407942	1.366159	1.3949125	1.3882511	1.3802153	1.4225912	1.484485	1.4316874	1.4031171	1.4195566	1.4552879	1.374774	1.3525038	1.4672968	1.413847	1.3908331	1.3935974	1.4107065	1.4068182	1.3995844	1.4821513	1.4399334	1.4249227	1.4238288	1.4063812	1.4173689	1.3864663	1.4223943	1.4748745	1.4405235
embedding_0324	0.1755143	0.15800306	0.12991416	0.14255476	0.17290041	0.20448582	0.13255154	0.1600174	0.14562279	0.13488068	0.1265088	0.13518724	0.11751767	0.15893142	0.13224635	0.122928865	0.15713379	0.13670786	0.13942166	0.1342481	0.13502325	0.12144778	0.20587999	0.14972681	0.11605577	0.17121261	0.16938882	0.13378347	0.078927636	0.10525746	0.14041273	0.1967717	0.1605636	0.12109494	0.1346369	0.11837102	0.15929945	0.17379223	0.1746392	0.1611406	0.11785725	0.14452428	0.18827352	0.17550485	0.141478	0.1711893	0.14224349	0.14642964	0.10213379	0.15343767	0.18936643	0.1427126	0.18794125	0.18003353	0.15520228	0.09645616	0.14459787	0.14900827	0.20978343	0.14935434	0.1531288	0.17448233	0.19788653	0.118909344	0.10179404	0.15976568	0.16109782	0.14165473	0.1657926	0.1078622	0.09322366	0.13891104	0.13238598	0.13147688	0.14351176	0.14977597	0.21488406	0.2548692	0.15396972	0.08356019	0.11597792	0.14985682	0.16542922	0.17507479	0.16240576	0.14832382	0.11489027	0.17072378
embedding_0325	0.5552557	0.4953572	0.5369975	0.50958616	0.49863568	0.509401	0.50635827	0.5473972	0.51403433	0.5427633	0.49613097	0.47779414	0.5348627	0.51118755	0.47638866	0.49160913	0.56042004	0.51471573	0.5207261	0.54981405	0.59324634	0.5712706	0.5242709	0.49496493	0.5182415	0.5181835	0.5045421	0.4483029	0.5508999	0.5041154	0.5207561	0.5442264	0.5650891	0.5328504	0.52174634	0.52152884	0.53051937	0.5343835	0.52184844	0.5058974	0.53827304	0.46558073	0.5464195	0.54579055	0.500879	0.6107933	0.5373522	0.53779864	0.55647165	0.4903722	0.53862804	0.53676623	0.5151893	0.5048049	0.53247285	0.4801076	0.5235182	0.5522748	0.42708117	0.54182285	0.5614444	0.48661324	0.5744412	0.53413063	0.503369	0.5464604	0.52669406	0.5583897	0.54042083	0.5617856	0.44704434	0.5089475	0.4687961	0.5515851	0.5601954	0.5500419	0.55566543	0.56579006	0.54704183	0.46750095	0.52710146	0.56265694	0.5709708	0.53398895	0.50993377	0.54065555	0.51664674	0.53786
embedding_0326	0.028962025	0.06667518	0.10338298	0.115649	0.114400946	0.058873378	-0.010232553	0.0025657692	0.015529902	0.04510176	0.0473084	-0.0129354345	-0.035691503	0.020204905	0.096383646	0.026273452	-0.009740321	-0.013984735	0.0590272	0.09770566	0.050909374	-0.0022877436	0.050286636	0.023896318	0.083784685	-0.005813793	0.0436401	0.024800543	0.10641579	0.048944183	0.04148803	0.023395987	-0.020191442	0.07890504	0.055354018	0.049608946	0.120959885	0.05392109	0.04509049	0.077585	0.09504995	-0.017952558	0.09374416	0.08094446	-0.025997994	0.115170576	0.062095486	0.09907011	0.04483092	0.066995226	0.022668859	0.032198645	-0.048818987	0.02007693	0.14046979	-0.054477587	0.027947702	0.03744023	0.013787561	0.058418825	0.006113068	0.041813165	0.12967493	0.010970671	0.12443565	0.086779304	0.052843086	0.10683166	0.048457988	-0.051509306	0.077853404	0.10470165	0.06888978	-0.11111101	0.0439608	0.07303971	0.103753656	0.1080887	0.069366306	0.07355494	0.020426963	0.088661775	0.069212124	0.031743173	0.06401105	0.092397355	0.11939366	0.01966081
embedding_0327	-0.7258558	-0.72762716	-0.6857027	-0.6791817	-0.69003165	-0.6387912	-0.66605574	-0.7542651	-0.6460902	-0.7045047	-0.78103995	-0.7365366	-0.65550184	-0.7217761	-0.6478906	-0.65546745	-0.6801785	-0.71333253	-0.62000394	-0.69253165	-0.6336308	-0.6360404	-0.7304017	-0.71268797	-0.73921156	-0.70938414	-0.6591175	-0.74705446	-0.72723085	-0.6922309	-0.6246016	-0.6926469	-0.7112229	-0.67687845	-0.63513607	-0.681119	-0.7100275	-0.77767736	-0.67457217	-0.6160798	-0.7161803	-0.653965	-0.6901363	-0.67459744	-0.676654	-0.72233903	-0.67898935	-0.69372284	-0.68642765	-0.6951183	-0.6680579	-0.657489	-0.6995845	-0.66679436	-0.6264011	-0.70589274	-0.68790317	-0.6584684	-0.7441113	-0.6899431	-0.7010795	-0.6818792	-0.6921195	-0.72832716	-0.6578678	-0.666146	-0.6992179	-0.6468305	-0.7217236	-0.6171165	-0.63182145	-0.7261436	-0.6387867	-0.67990845	-0.6502117	-0.6903103	-0.6281264	-0.7102026	-0.75148445	-0.6995131	-0.62665427	-0.6829619	-0.6792254	-0.64428884	-0.6680009	-0.7295232	-0.61738074	-0.74366856
embedding_0328	0.6567586	0.7761698	0.651308	0.6876821	0.60365987	0.59907544	0.6742514	0.85584736	0.67779785	0.72359204	0.7476085	0.69066995	0.66591173	0.6829444	0.6719025	0.72702336	0.718275	0.7183897	0.65285933	0.6250892	0.70451736	0.6404058	0.7107509	0.62287	0.65613544	0.6777568	0.72219884	0.66006213	0.56109506	0.65326095	0.675131	0.6542419	0.6608494	0.6549394	0.7359915	0.67473	0.67736334	0.6713455	0.6531566	0.6378811	0.6428159	0.6216653	0.71706146	0.7074039	0.7106624	0.6266694	0.64211833	0.67144185	0.68524617	0.699766	0.74647474	0.7185644	0.70979923	0.73598504	0.6381847	0.76031387	0.571453	0.66573524	0.6607083	0.69531626	0.7079774	0.6754617	0.67982477	0.6949245	0.65513307	0.69447833	0.67559683	0.6633267	0.6488753	0.69622195	0.63882107	0.6656527	0.7194856	0.75318336	0.67637813	0.670213	0.6803942	0.76031363	0.6597378	0.7218634	0.68828964	0.68568885	0.69292784	0.6263374	0.68838954	0.6425792	0.67354596	0.7145171
embedding_0329	-0.023838203	-0.0430356	0.046469934	-0.06035248	0.016134748	-0.01785963	-0.064153075	0.0022935232	-0.049687896	-0.08716987	-0.048510395	-0.1458706	-0.01050248	-0.040816467	-0.028106678	-0.024624081	-0.029656198	-0.07077385	-0.03653813	0.029162444	0.00904776	-0.022976767	-0.009716846	-0.021392284	-0.054946832	-0.03719029	0.055116393	-0.11352382	0.03331881	-0.07843751	-0.04648413	0.030452516	0.026615681	-0.01969242	-0.06833425	-0.072648555	-0.07214352	-0.018535972	-0.029815327	-0.05080331	-0.0752639	-0.17019776	0.0049150684	-0.019193813	-0.08606881	-0.045589212	-0.053738546	-0.012008901	-0.036435798	-0.05961866	-0.04519217	-0.025915325	-0.046547685	-0.026231261	0.017757034	-0.16094147	0.037167303	-0.0005890402	-0.08491987	-0.067887865	-0.09224018	-0.10852696	-0.028136032	-0.031167435	-0.04477937	0.040331587	-0.03189124	-0.029029941	-0.026147122	-0.012946182	-0.114433676	0.022085883	-0.07810575	-0.11053603	0.013999811	-0.003968806	0.0131131355	-0.0173607	-0.023086898	-0.02171351	0.0025500276	-0.08476968	0.023471357	0.03364866	-0.011155337	0.026549913	-0.029944925	0.017827816
embedding_0330	-0.17769673	-0.27476275	-0.16523749	-0.23789838	-0.18790561	-0.1534728	-0.12700507	-0.34428757	-0.17996828	-0.2725142	-0.24382187	-0.2278903	-0.11641022	-0.28299987	-0.21739908	-0.20180158	-0.14802045	-0.25293368	-0.1763066	-0.23210454	-0.21399076	-0.11131097	-0.21998599	-0.2002886	-0.21161883	-0.19887304	-0.24217455	-0.18190816	-0.20837791	-0.23361444	-0.2045878	-0.20405345	-0.20205608	-0.16286556	-0.18778832	-0.18988183	-0.23422113	-0.2128699	-0.21335346	-0.15820375	-0.20003252	-0.14532927	-0.19733737	-0.21700667	-0.17807409	-0.19372623	-0.14987646	-0.28684062	-0.19220819	-0.2176428	-0.19993979	-0.2009758	-0.20742656	-0.18078119	-0.21159676	-0.22081833	-0.1748439	-0.26505554	-0.25385156	-0.16606568	-0.23144946	-0.21039477	-0.23909223	-0.1938775	-0.22927813	-0.22357967	-0.19728468	-0.21674758	-0.23429184	-0.14409202	-0.17544983	-0.22214098	-0.2418937	-0.1783101	-0.20369345	-0.20638749	-0.21107283	-0.22540888	-0.19357084	-0.21089491	-0.23942536	-0.19635174	-0.19338451	-0.20592983	-0.1918336	-0.2322688	-0.22519258	-0.24982354
embedding_0331	0.1763403	0.25044143	0.105780594	0.20956065	0.2741793	0.18214363	0.1990628	0.2652349	0.15379661	0.24224763	0.2450577	0.19524224	0.23751971	0.24758121	0.19173595	0.25709677	0.1783971	0.2130047	0.21627091	0.2280378	0.17617002	0.1717974	0.24548279	0.21898039	0.22809441	0.19204955	0.22345057	0.21600053	0.16430445	0.22373798	0.15861686	0.21227334	0.2578049	0.21680021	0.21050428	0.15415525	0.17740342	0.22341782	0.21016648	0.24277161	0.15774298	0.18483606	0.16724212	0.18284239	0.25046042	0.07492888	0.17766592	0.23202907	0.17249131	0.20399764	0.23433091	0.19923331	0.24139535	0.22791913	0.26481783	0.2605913	0.1902763	0.19739881	0.35848296	0.18099411	0.13181928	0.20654762	0.12115163	0.18479724	0.20163438	0.17879935	0.1817548	0.20777683	0.2394067	0.21673357	0.2541093	0.17719981	0.33467776	0.17453168	0.20591454	0.22884668	0.18806982	0.20081367	0.28570393	0.20294726	0.17735785	0.17771254	0.1798595	0.23363118	0.22610772	0.22578283	0.22223535	0.25481692
embedding_0332	-0.14446747	-0.13640931	-0.2076973	-0.12828015	-0.25253606	-0.08782522	-0.21531308	-0.077661544	-0.12792619	-0.060378876	-0.2368124	-0.19195822	-0.21337646	-0.19965257	-0.15323772	-0.17776754	-0.098123886	-0.18805994	-0.10047274	-0.17185938	-0.12644567	-0.18257257	-0.1818297	-0.21085225	-0.20957476	-0.17189461	-0.26006293	-0.19894245	-0.17106526	-0.15050238	-0.1708067	-0.083513945	-0.12640381	-0.17531042	-0.09634268	-0.2221933	-0.22023956	-0.09525006	-0.16732447	-0.09642955	-0.1134556	-0.020458685	-0.19681837	-0.14979842	-0.04039091	-0.33088967	-0.1689332	-0.10459346	-0.111605406	-0.112341225	-0.13390426	-0.12584251	-0.1159731	-0.14826652	-0.1976215	-0.13323845	-0.19587183	-0.10410104	-0.21401069	-0.11870253	-0.121930294	-0.13953269	-0.17070733	-0.21329571	-0.21563648	-0.19270639	-0.15360156	-0.17360274	-0.24759267	-0.12606856	-0.13034183	-0.19025986	-0.14064056	-0.11504298	-0.11313029	-0.20898856	-0.14393766	-0.13331746	-0.07829595	-0.20510487	-0.08918256	-0.18971373	-0.15667477	-0.22022928	-0.15497123	-0.2138837	-0.08925445	-0.19324885
embedding_0333	0.05904599	-0.011681599	0.074642435	0.006825267	0.03381551	0.11808931	0.044377994	0.07215237	0.014493794	0.023897069	0.046531852	-0.06947129	0.05102417	0.044186715	-0.015439559	0.014955499	0.09534854	0.057293054	0.05921087	0.044474654	0.06403284	-0.020971395	0.079385474	0.058205754	0.0060255397	0.037241753	0.006973966	0.0046335547	-0.04784429	-0.006389744	1.5918227e-05	0.12225928	0.067457	-0.0009897784	0.0075514033	-0.036328796	-0.0071611092	0.06411105	0.07104378	0.021977345	0.029773649	0.030482242	0.052038677	0.12524496	0.09748564	0.00712076	0.012689852	0.009510257	-0.020991022	-0.018785479	0.046437625	0.04225821	0.12625168	0.059047498	0.073424965	-0.090791576	-0.06173952	0.042449534	0.06300268	0.018171433	0.0035744698	0.06481081	-0.00065221044	0.019352386	-0.1022445	0.020451548	0.052575935	0.020670794	0.032927763	0.01495827	0.005853534	0.062147226	0.069013074	-0.05345536	0.09016367	0.018656343	0.07454928	0.0719577	0.05336854	-0.039097298	0.03349214	-0.0104384655	0.010830983	0.018075299	0.039284725	-0.058958124	0.07864245	0.041902777
embedding_0334	-0.87459546	-0.7649747	-0.7856876	-0.7717018	-0.78090453	-0.8131508	-0.8260729	-0.6959061	-0.7834638	-0.69763935	-0.7333862	-0.79091036	-0.83459216	-0.7572722	-0.76449597	-0.7426146	-0.8269456	-0.74415535	-0.71788645	-0.70326257	-0.7226301	-0.6962639	-0.80381995	-0.81188536	-0.684777	-0.8106761	-0.8701136	-0.7852726	-0.7026707	-0.71651983	-0.76676035	-0.7776371	-0.80683637	-0.7492288	-0.7314113	-0.7684434	-0.75806445	-0.72941935	-0.759312	-0.7156576	-0.65832937	-0.79336476	-0.7236823	-0.7300612	-0.7713257	-0.80213946	-0.7820213	-0.73048884	-0.7831256	-0.81188464	-0.7311726	-0.7800333	-0.7907744	-0.76941055	-0.71790767	-0.7748086	-0.74938726	-0.82410836	-0.66872007	-0.7119807	-0.74696136	-0.764775	-0.6894948	-0.70465434	-0.6845178	-0.7644058	-0.73591197	-0.7250058	-0.702538	-0.68243474	-0.7143604	-0.7828611	-0.7305347	-0.7142541	-0.81615645	-0.7431659	-0.807481	-0.71892035	-0.69066054	-0.74264646	-0.7959434	-0.75546217	-0.7606422	-0.7787359	-0.7470986	-0.7172267	-0.7242161	-0.73480934
embedding_0335	0.13295212	0.1196875	0.15145743	0.095512055	0.09428692	0.1435526	0.19248492	0.11712692	0.16166793	0.10785738	0.116031736	0.1746249	0.15568902	0.12499496	0.16899085	0.08081246	0.195783	0.17137437	0.13881063	0.100270994	0.21089013	0.14839673	0.09760248	0.19529837	0.067822516	0.16809124	0.13097994	0.12300611	0.15806167	0.11176981	0.20676135	0.083384514	0.1295264	0.15591569	0.08183115	0.19783062	0.16535334	0.10367691	0.114162795	0.058539003	0.107770585	0.1623692	0.20910761	0.15127844	0.12991032	0.29706988	0.15581308	0.164656	0.12872645	0.14759353	0.13754615	0.1644759	0.16950184	0.07931268	0.08224247	0.10343096	0.15600519	0.16954929	0.051635303	0.10959453	0.14514185	0.14000113	0.17916262	0.16576146	0.100025184	0.091696426	0.12174392	0.1653337	0.122019246	0.07997241	0.15645964	0.18008733	0.062148523	0.15762131	0.20109959	0.15760069	0.20365022	0.12348444	0.058265977	0.14699745	0.13352723	0.14112553	0.16670379	0.12792599	0.16699551	0.06276106	0.14727694	0.071957305
embedding_0336	0.65902215	0.6267829	0.72428757	0.639193	0.68371785	0.5986392	0.61223745	0.72257465	0.6264448	0.64047235	0.69538146	0.6333319	0.65921086	0.690182	0.6261683	0.6210208	0.67362493	0.6498059	0.66669154	0.6406616	0.6730423	0.6841267	0.6320573	0.628896	0.63506305	0.64723825	0.6802236	0.66066486	0.5905689	0.6556049	0.61864126	0.6442779	0.5832558	0.6407473	0.6322962	0.64880514	0.6379629	0.60767937	0.6548852	0.54718596	0.6275509	0.6666166	0.6270048	0.679333	0.6431926	0.6086484	0.6694732	0.6624189	0.630419	0.63397336	0.67867523	0.6247716	0.6790762	0.6389419	0.6705786	0.62581724	0.6925811	0.69607866	0.6060669	0.6430865	0.6414838	0.63914293	0.63483787	0.71162707	0.64023286	0.7068025	0.6376096	0.63987184	0.6733282	0.65876466	0.61757743	0.64575267	0.62807447	0.67445123	0.6653419	0.69606984	0.69079006	0.68515235	0.65222317	0.6516411	0.63214684	0.67388356	0.67915547	0.6642387	0.66911864	0.6326574	0.6231474	0.66086835
embedding_0337	-0.67301846	-0.7555244	-0.6590109	-0.767162	-0.71072394	-0.6682086	-0.7553214	-0.76117104	-0.6818328	-0.76069444	-0.85785496	-0.75467086	-0.7537743	-0.809169	-0.71503305	-0.7608821	-0.72628105	-0.7770898	-0.7547122	-0.6741412	-0.70902514	-0.6819202	-0.69133717	-0.7616487	-0.71113324	-0.7254334	-0.61588496	-0.79938835	-0.7134362	-0.7427417	-0.69713384	-0.7272936	-0.6821543	-0.7285304	-0.78592753	-0.76751035	-0.64796317	-0.8073134	-0.75092775	-0.7443588	-0.68834955	-0.8364574	-0.6988252	-0.7806249	-0.8358312	-0.6509436	-0.7264368	-0.67374563	-0.73096937	-0.709937	-0.7308942	-0.71734756	-0.7864532	-0.7914944	-0.68026406	-0.7674323	-0.5509798	-0.6420192	-0.7936808	-0.75048125	-0.78676456	-0.775746	-0.6000781	-0.741786	-0.6962025	-0.7406275	-0.7557026	-0.70190185	-0.7826913	-0.83264875	-0.7830126	-0.6369921	-0.7759353	-0.83188695	-0.6348035	-0.74115247	-0.72190344	-0.746557	-0.78743625	-0.7540693	-0.75097835	-0.6863224	-0.7678001	-0.7292789	-0.75298065	-0.7522552	-0.6821618	-0.8110949
embedding_0338	0.29673764	0.31668425	0.3575494	0.29108116	0.19969809	0.28329045	0.22688381	0.36134654	0.29867682	0.34340942	0.22614059	0.2922592	0.29491568	0.28878218	0.25232396	0.22599031	0.3433047	0.25973374	0.28955433	0.24221167	0.2984864	0.27295476	0.3552794	0.26152593	0.16720757	0.29654136	0.30475184	0.25600958	0.16368352	0.26969394	0.2532346	0.32448044	0.27693963	0.28512406	0.27965394	0.20033666	0.25728408	0.28494564	0.30135632	0.1982392	0.18679036	0.29956937	0.2795271	0.30669388	0.39047715	0.22023162	0.25808594	0.27430093	0.31100836	0.2575371	0.36985105	0.32406038	0.34875968	0.34213907	0.29862306	0.3650355	0.27610362	0.29859105	0.2336766	0.301348	0.33238557	0.24118158	0.25174472	0.27339897	0.2933261	0.3091049	0.2920374	0.23950022	0.23009536	0.37214294	0.22046418	0.26371455	0.26797542	0.38510042	0.3160991	0.29756853	0.35174233	0.3850898	0.2988523	0.26734498	0.28084812	0.33752736	0.33162615	0.32939872	0.28786895	0.23569727	0.32648647	0.28057498
embedding_0339	0.12691201	0.12623857	0.20898929	0.102763206	0.098584495	0.06375195	0.15979809	0.19613083	0.14298859	0.114547014	0.13665746	0.20323151	0.1162974	0.14229359	0.119345255	0.061470244	0.12871698	0.19529301	0.114461444	0.08042292	0.17666662	0.15528724	0.1931905	0.1590918	0.025971469	0.14939873	0.20978972	0.14498356	0.1741663	0.12857234	0.10412016	0.08333184	0.060523853	0.14544654	0.08515762	0.18127327	0.17142016	0.033254396	0.11868857	-0.052910384	0.052115526	0.06018075	0.1539285	0.14265159	0.13141666	0.25702235	0.11553491	0.15983063	0.107630335	0.101769574	0.22278717	0.124019474	0.22524302	0.11216284	0.13117996	0.14958656	0.12662832	0.17676629	0.12541336	0.09484811	0.15323561	0.1590932	0.14956675	0.11001596	0.15233825	0.114758804	0.1310417	0.14696966	0.1387788	0.07514249	0.07270256	0.109115645	0.10086455	0.19087955	0.122260995	0.12175571	0.15271726	0.23782471	0.059957504	0.16762453	0.11784012	0.21482572	0.14506218	0.103180714	0.1092056	0.08208448	0.083125845	0.13718225
embedding_0340	-0.2668675	-0.22596714	-0.22914243	-0.25830668	-0.20102611	-0.2533812	-0.21340734	-0.2093975	-0.23850459	-0.22257373	-0.23677011	-0.28722864	-0.19588616	-0.24921498	-0.2039361	-0.19424878	-0.23063377	-0.21043044	-0.21195053	-0.17422827	-0.19114517	-0.19654852	-0.2586667	-0.24414833	-0.2707913	-0.24201116	-0.17659052	-0.26178518	-0.19947928	-0.24200878	-0.21063727	-0.21016623	-0.26901925	-0.2454113	-0.20436773	-0.17574951	-0.23441501	-0.23425278	-0.19295228	-0.20999537	-0.25259206	-0.21214537	-0.18109064	-0.1617929	-0.21663895	-0.16855052	-0.23494422	-0.22421034	-0.24886678	-0.22994919	-0.24476543	-0.22007512	-0.18893895	-0.188981	-0.17180073	-0.25974956	-0.21528785	-0.23738258	-0.2304505	-0.2160915	-0.21024436	-0.23955595	-0.25118276	-0.17778997	-0.2511824	-0.23382719	-0.2211711	-0.19975209	-0.20175608	-0.18928246	-0.2376647	-0.24385379	-0.2085946	-0.25287604	-0.19996834	-0.23563825	-0.18111995	-0.2330294	-0.21463627	-0.19025867	-0.22958364	-0.19354738	-0.24163888	-0.15284556	-0.20665967	-0.22342284	-0.24423614	-0.22037546
embedding_0341	-0.9388542	-0.88168216	-1.0226572	-0.93086725	-0.95662165	-0.86457145	-0.9887892	-0.87877774	-0.95147604	-0.86362183	-0.939773	-0.8602571	-0.9540217	-0.8586398	-0.9491806	-0.9062911	-0.9420551	-0.9069319	-0.943721	-0.9590718	-0.96961826	-1.0115503	-0.96299595	-0.93056154	-0.93374634	-0.85775375	-0.934537	-0.92763203	-0.9564271	-0.9190829	-0.90874904	-0.877889	-0.9055327	-0.9527847	-0.92982644	-0.9943331	-0.9035711	-0.83055687	-0.9062608	-0.89050776	-0.9126852	-0.8404947	-0.93925655	-0.918546	-0.9100883	-1.024119	-0.9443033	-0.9303193	-1.0232561	-0.8652586	-0.9204694	-0.94761986	-0.8915128	-0.93208504	-0.8660907	-0.86201626	-0.98628014	-0.94775003	-0.77164423	-0.9176878	-0.9833628	-0.90098685	-0.93491066	-0.94758236	-0.93432057	-0.9767948	-0.9211282	-0.974025	-0.9715426	-0.97426814	-0.9156984	-0.9350455	-0.898061	-0.9231605	-0.8985939	-0.964332	-0.954159	-0.8948233	-0.90765816	-0.92582256	-0.9280866	-0.99943525	-0.98505896	-0.97367907	-0.95260817	-0.9388916	-0.9645504	-0.96301925
embedding_0342	0.65155894	0.5770182	0.65199554	0.64542806	0.7027069	0.6252095	0.64565134	0.6490015	0.6281708	0.6574094	0.64534545	0.57684755	0.63719124	0.644197	0.6154383	0.6666337	0.5923652	0.61767584	0.65445685	0.69145393	0.60734844	0.67734563	0.6421627	0.59625936	0.7284622	0.59205437	0.66487145	0.6481328	0.59397566	0.67111325	0.6384088	0.67263544	0.6819925	0.64535415	0.67443776	0.6503521	0.6492646	0.7130485	0.6226593	0.70002806	0.72220564	0.6561367	0.63768715	0.6428237	0.6009557	0.5830072	0.6649212	0.65616596	0.59620935	0.63639873	0.60325783	0.6351005	0.6231915	0.6062359	0.6632339	0.6160039	0.6054216	0.68064713	0.6596018	0.6418663	0.5894416	0.58839595	0.5752105	0.7066907	0.660931	0.7019649	0.64459616	0.64734656	0.66924495	0.6368828	0.6489331	0.6849848	0.63560325	0.5894648	0.6632859	0.66319585	0.66563076	0.6183953	0.7114242	0.6628354	0.61776865	0.63095516	0.65422136	0.680796	0.67598253	0.70395225	0.6825176	0.67532396
embedding_0343	-0.56731254	-0.4968212	-0.5892344	-0.50796854	-0.55784184	-0.56836486	-0.5676722	-0.5424225	-0.5553367	-0.49593034	-0.48924908	-0.5392226	-0.5886212	-0.57355976	-0.56068295	-0.49655795	-0.5230207	-0.5907984	-0.5550725	-0.5498521	-0.57948273	-0.57273597	-0.5730206	-0.54834384	-0.49551108	-0.58674175	-0.65707636	-0.49581805	-0.49575034	-0.5379983	-0.5370914	-0.49282587	-0.5415926	-0.52750784	-0.49414483	-0.58366895	-0.5680762	-0.48276973	-0.519701	-0.49144718	-0.5359584	-0.5652751	-0.58851725	-0.591436	-0.52594393	-0.65025526	-0.5450584	-0.5804125	-0.53267896	-0.5391376	-0.5722227	-0.52927554	-0.5754646	-0.5019206	-0.57207733	-0.5156145	-0.60116875	-0.5708208	-0.54211247	-0.5197258	-0.53656125	-0.6056501	-0.5690698	-0.5240629	-0.48795176	-0.5450649	-0.550828	-0.54226255	-0.5570946	-0.50888664	-0.5003025	-0.54584366	-0.5296825	-0.4996493	-0.58976597	-0.53953546	-0.5422861	-0.5872644	-0.48290887	-0.5205904	-0.50375134	-0.61728704	-0.523321	-0.5195326	-0.55045706	-0.48326236	-0.5072874	-0.5158166
embedding_0344	-0.7568709	-0.7708378	-0.7137013	-0.8158776	-0.77936137	-0.8879564	-0.68961036	-0.73978776	-0.734603	-0.799123	-0.732845	-0.69377583	-0.65616184	-0.729725	-0.72727805	-0.7512768	-0.7440439	-0.7015311	-0.8008878	-0.79915273	-0.75355	-0.7219845	-0.74329925	-0.7553711	-0.838416	-0.73731065	-0.64206076	-0.83266467	-0.8179969	-0.79675794	-0.7681626	-0.8594255	-0.83196104	-0.75045496	-0.84900206	-0.68466073	-0.7775392	-0.81573904	-0.73729074	-0.8893598	-0.8621429	-0.8166452	-0.7403477	-0.7655639	-0.7925419	-0.70643693	-0.7463373	-0.79898673	-0.7663224	-0.7536214	-0.65417063	-0.72912025	-0.68145496	-0.75370383	-0.77457905	-0.6921423	-0.73755515	-0.7695096	-0.76772	-0.8276852	-0.77886844	-0.7882336	-0.7795224	-0.77127635	-0.76750314	-0.7769413	-0.7745828	-0.77439374	-0.71139705	-0.76328737	-0.80348265	-0.7667332	-0.76921576	-0.6751943	-0.7376972	-0.7375999	-0.78135985	-0.75012493	-0.83729047	-0.77468675	-0.7831607	-0.73389035	-0.72351694	-0.75659746	-0.7901056	-0.735262	-0.83972085	-0.7146106
embedding_0345	-0.21552204	-0.32314137	-0.2549714	-0.21106817	-0.18067886	-0.23457645	-0.27542806	-0.33253762	-0.27597064	-0.3356302	-0.35845274	-0.29876187	-0.28617454	-0.28090373	-0.30336243	-0.29236606	-0.23419067	-0.3418889	-0.22007638	-0.2573797	-0.28000578	-0.20918448	-0.23848853	-0.29031464	-0.23833784	-0.28796956	-0.25372514	-0.24715842	-0.2997504	-0.26711854	-0.29102042	-0.20628479	-0.24211438	-0.24444015	-0.24569784	-0.2752778	-0.2718112	-0.28020084	-0.27505258	-0.2679798	-0.3152751	-0.21393257	-0.2950022	-0.26529792	-0.2638944	-0.26942137	-0.2010678	-0.2786025	-0.22476283	-0.2741513	-0.28837606	-0.2495473	-0.26809093	-0.27128828	-0.23533033	-0.34481615	-0.16174401	-0.2242398	-0.31248385	-0.25938314	-0.26756543	-0.2832344	-0.3217332	-0.26227492	-0.27689692	-0.18176356	-0.25851864	-0.28643236	-0.25567517	-0.25103626	-0.24707502	-0.31098676	-0.27898186	-0.2481525	-0.23090246	-0.22755244	-0.26950517	-0.32263136	-0.25807732	-0.28091154	-0.24908587	-0.24774024	-0.19885182	-0.22099787	-0.2557421	-0.25176787	-0.2779958	-0.2897399
embedding_0346	0.6798099	0.8365446	0.80391574	0.82749945	0.79759467	0.83389574	0.81761634	0.8658451	0.92393416	0.876079	0.8670299	0.79509825	0.80144155	0.9005681	0.8773948	0.867195	0.79998827	0.9120525	0.8925251	0.8758877	0.85880595	0.87399477	0.8025243	0.8144952	0.8816453	0.8272754	0.8515822	0.79792356	0.8571837	0.8202498	0.90265197	0.8256636	0.79637563	0.8033851	0.8705676	0.8574092	0.8455846	0.8429054	0.8643978	0.82315016	0.93932813	0.8753222	0.8729144	0.9044839	0.7705407	0.88026655	0.8381738	0.87910753	0.8877507	0.82688147	0.83764654	0.86552805	0.77492315	0.73884535	0.83015823	0.8784286	0.84480965	0.85145646	0.8218574	0.8496189	0.8768261	0.82191074	0.89781123	0.85988116	0.89108914	0.8683108	0.8437701	0.83375186	0.86686784	0.86158025	0.8299557	0.90199065	0.8153368	0.89496833	0.85545474	0.8756765	0.84364367	0.8048497	0.7687904	0.83180106	0.8898164	0.86871165	0.845652	0.81631887	0.85482824	0.88009894	0.8641572	0.8320527
embedding_0347	0.071561575	-0.008984591	-0.013563277	0.0172336	0.07181743	0.010443896	-0.021590257	-0.060037628	-0.07136313	-0.035247084	-0.030055188	-0.09428559	0.09548367	-0.020355139	-0.015719958	0.05497663	-0.013777087	-0.061449114	-0.04199497	0.06238201	-0.09949591	0.0648501	-0.041568704	-0.04378812	0.07362209	-0.06388223	0.11185619	-0.0059459433	0.0011126843	0.007305876	-0.051720385	0.0037159014	0.00072561234	-0.005803624	-0.0611117	-0.07858966	-0.04190059	0.10737649	0.042109057	-0.056921918	-0.080987684	-0.0793308	-0.007111688	-0.033291817	-0.09716021	-0.008219128	0.032537114	-0.012802424	-0.01784083	-0.019472657	-0.07415505	-0.0152334785	-0.08709746	-0.0016981169	0.012157211	-0.03607884	0.10506391	-0.0010347472	-0.04153727	-0.05920114	-0.08646117	-0.044847906	-0.120352745	-0.016574435	0.042081174	0.12272718	0.038045976	0.049029324	0.085146226	0.05986198	-0.0124355275	0.04755268	-0.029915962	-0.11976256	-0.016485862	0.04936413	0.007647637	-0.090000734	0.074051365	0.020160852	0.007327015	0.016564762	0.05549497	0.06360985	0.030053247	0.14758456	-0.025372738	0.023088068
embedding_0348	-0.6001569	-0.48249128	-0.5557881	-0.53727394	-0.529058	-0.47441995	-0.60495126	-0.5794357	-0.6124801	-0.52750266	-0.5935628	-0.65734386	-0.57767606	-0.5918418	-0.55289376	-0.5599168	-0.5333537	-0.6232588	-0.50375956	-0.50662136	-0.5455479	-0.552907	-0.6024627	-0.6166073	-0.48593053	-0.6002967	-0.64928067	-0.60351795	-0.5580073	-0.57032764	-0.54730046	-0.49744546	-0.4800154	-0.6289382	-0.56742734	-0.6243957	-0.58545464	-0.5222172	-0.588096	-0.42547068	-0.50049144	-0.5290963	-0.5281454	-0.5259544	-0.5289764	-0.64446825	-0.587364	-0.52921504	-0.57506335	-0.57346976	-0.6139639	-0.56540495	-0.61252785	-0.5698197	-0.5395732	-0.6336111	-0.56943595	-0.58694315	-0.5643462	-0.50650793	-0.5975811	-0.48287058	-0.62730986	-0.52762645	-0.61274034	-0.55774516	-0.50429815	-0.5753543	-0.589713	-0.5125182	-0.53766847	-0.52749306	-0.5543155	-0.5693229	-0.57067376	-0.5546464	-0.55345523	-0.5435694	-0.52375346	-0.5602378	-0.5997808	-0.6225879	-0.5606161	-0.5224831	-0.55724686	-0.523911	-0.5388905	-0.5464097
embedding_0349	0.21262185	0.0764164	0.09172852	0.059206102	0.15820988	0.061160937	0.17490806	0.13312913	0.15309341	0.031200564	0.09715783	0.15892476	0.14467773	0.09187075	0.08323182	0.11504898	0.2097939	0.16139042	0.07757337	0.039037827	0.160016	0.117432736	0.12732053	0.15085196	0.046037067	0.11312587	0.23902242	0.07076174	0.012266762	0.07069202	0.15055317	0.10677218	0.09793174	0.107869335	0.07018597	0.2186693	0.1449919	0.05533407	0.142133	-0.035752792	0.003477666	0.0969642	0.16558789	0.121341586	0.190245	0.21986733	0.14729351	0.059731755	0.11354779	0.14427356	0.19514793	0.16355948	0.19133809	0.11719035	0.09136038	0.12124069	0.07453027	0.13531789	0.13674678	0.13587607	0.1866413	0.13837476	0.12394882	0.081165925	-0.019558981	0.080234826	0.10267903	0.12598296	0.14629102	0.14664638	0.04089142	0.058974527	0.12016806	0.14381026	0.18309796	0.14907174	0.109059565	0.090498336	0.060675655	0.09155774	0.10249437	0.15917523	0.12828341	0.12073924	0.12907661	0.009826724	0.03741434	0.07435285
embedding_0350	0.21053638	0.18246838	0.26371327	0.21041667	0.19996585	0.17344454	0.233774	0.16708946	0.25255525	0.19294469	0.22635807	0.30229288	0.20397714	0.21271244	0.1737294	0.17563191	0.26345953	0.20132087	0.28574154	0.15304823	0.2901018	0.2174383	0.17397065	0.25055107	0.061924778	0.24764822	0.20463096	0.25791875	0.23240687	0.23346248	0.21561483	0.2449914	0.109936826	0.25617996	0.19374476	0.2632587	0.22851379	0.16333297	0.2653501	0.19997227	0.17208935	0.3699705	0.18059134	0.2083574	0.31697714	0.19861044	0.22427893	0.21224938	0.18851419	0.24749307	0.29999602	0.22638492	0.3094497	0.24669462	0.25512773	0.22538364	0.16099077	0.22337388	0.22650401	0.21737006	0.28097177	0.2409439	0.13642383	0.17292637	0.22169417	0.20635799	0.24834786	0.22963375	0.15969074	0.24619615	0.24768943	0.19039142	0.23932064	0.3105473	0.22663364	0.21044564	0.2632487	0.31128743	0.2164661	0.1943546	0.23163247	0.29622	0.2217801	0.18699595	0.2115157	0.09231159	0.22092508	0.1978906
embedding_0351	0.29825288	0.36090982	0.30158556	0.36839136	0.32737947	0.37623537	0.31646505	0.41902143	0.33739617	0.44238147	0.32094347	0.28360507	0.28474957	0.34300548	0.38328764	0.31737366	0.34473032	0.3561209	0.47686353	0.3745319	0.40969142	0.29626992	0.36918962	0.31699798	0.3021309	0.3342912	0.23393016	0.28214025	0.35624295	0.3641034	0.3117672	0.4156073	0.2985525	0.3279374	0.4133803	0.23951505	0.3107735	0.37786373	0.31372872	0.43443125	0.42502758	0.4002741	0.3455481	0.40614358	0.3772986	0.28648853	0.33359477	0.38282877	0.28358904	0.33468476	0.38501328	0.35792413	0.3648852	0.37211838	0.3726816	0.25200784	0.3204248	0.3721763	0.40281886	0.37662223	0.3131669	0.364624	0.41157526	0.31959593	0.2960546	0.32901558	0.372365	0.34508482	0.3286592	0.40846294	0.3747557	0.33461362	0.37289187	0.34501722	0.3232348	0.34245542	0.36194298	0.40291688	0.36403233	0.2976106	0.3837029	0.301601	0.3099522	0.37687427	0.37150657	0.28372547	0.4563868	0.3451413
embedding_0352	0.90833336	0.84622216	0.94545114	0.915888	0.92758954	0.78815156	0.8616228	0.8641673	0.8664305	0.809707	0.9252215	0.83319867	0.9115759	0.82266444	0.87312907	0.87781227	0.8799173	0.8630189	0.9654092	0.93854403	0.90147483	0.9158202	0.8469905	0.8642875	0.9308923	0.85627216	0.88122374	0.93121856	0.9117427	0.8841361	0.8738515	0.88132566	0.8573325	0.90960985	0.8863291	0.9459468	0.8668985	0.90278435	0.8922269	0.9702622	0.89191157	0.90770376	0.87720853	0.85983586	0.8788109	0.86872286	0.92153126	0.8561918	0.9386739	0.8749487	0.85303015	0.8584844	0.8261749	0.8872369	0.9413723	0.86280566	0.9486722	0.8890285	0.82460314	0.8885947	0.89536077	0.8511396	0.8092277	0.93240035	0.97982216	0.9624086	0.92050797	0.93279654	0.92585206	0.93416995	0.89466214	0.8983237	0.91383576	0.85438806	0.8424303	0.9272183	0.8534622	0.84293485	0.9976336	0.91678756	0.90475863	0.95301193	0.9520214	0.8954268	0.9083919	0.9405491	0.8991772	0.9056497
embedding_0353	0.1346784	0.15598533	0.048511658	0.14312896	0.1670977	0.058189347	0.12368536	0.1414682	0.12542161	0.06452196	0.041804917	0.15582347	0.083833754	0.08778074	0.14454259	0.11341122	0.11044207	0.11466681	0.200613	0.11220166	0.1861097	0.11732777	0.16839443	0.20776248	0.02895339	0.13044235	0.21729487	0.06836335	0.15795472	0.1144453	0.14410724	0.1988668	0.0784708	0.14306639	0.12180583	0.14952265	0.16109915	0.09572453	0.089803986	0.029289452	0.10975213	0.13061094	0.11302644	0.14706449	0.17253497	0.18049067	0.1318274	0.14867514	0.12460811	0.22710072	0.23342876	0.17361496	0.20505252	0.14528714	0.13616374	0.103088774	0.23118906	0.14636996	0.15610391	0.11782946	0.2160306	0.1187877	0.24945496	0.09836863	0.1333156	0.048639163	0.1485263	0.19090691	0.09069175	0.17694764	0.051386524	0.083242364	0.09691813	0.16412216	0.1406814	0.16541371	0.18904983	0.22900324	0.08183649	0.13940187	0.12170325	0.2005116	0.15360266	0.19432136	0.14614467	0.037174843	0.11154438	0.16017407
embedding_0354	-0.37277785	-0.36679837	-0.3517921	-0.33165392	-0.3231466	-0.35364082	-0.3684761	-0.29400396	-0.3826952	-0.29438066	-0.34155253	-0.3120352	-0.34817648	-0.33083367	-0.2952236	-0.3294578	-0.34943748	-0.3459528	-0.29890326	-0.3190104	-0.32310975	-0.32849434	-0.34574434	-0.3266395	-0.3799813	-0.36552933	-0.28723475	-0.37715405	-0.27797383	-0.27568105	-0.31831005	-0.35511994	-0.38819724	-0.38131118	-0.35060814	-0.31187356	-0.3412897	-0.2875536	-0.33065456	-0.41947854	-0.29897535	-0.22543402	-0.32509646	-0.29936883	-0.2973272	-0.35780355	-0.32552415	-0.24204044	-0.39403492	-0.24591933	-0.26727393	-0.30992624	-0.2698578	-0.34116116	-0.33274433	-0.33897242	-0.2755474	-0.30340862	-0.34704158	-0.36332685	-0.33642238	-0.3432936	-0.27359024	-0.2910821	-0.30309755	-0.32613924	-0.31932372	-0.31823885	-0.30933544	-0.3024396	-0.2860148	-0.3432927	-0.3197931	-0.30114654	-0.28873503	-0.2983192	-0.35538432	-0.31450137	-0.3387647	-0.33271107	-0.33031034	-0.32721964	-0.27562433	-0.3077339	-0.2989954	-0.33478963	-0.31065542	-0.30698425
embedding_0355	0.5272262	0.54831976	0.55657375	0.54239357	0.565015	0.39900142	0.48115772	0.52381825	0.49838656	0.4424464	0.55889726	0.55479425	0.4999148	0.48566252	0.5366912	0.5049618	0.46276975	0.50070727	0.5013448	0.5130168	0.45913363	0.5544261	0.5935365	0.564658	0.602687	0.5838487	0.5762176	0.6180888	0.5654875	0.53126127	0.48666927	0.47860408	0.55942166	0.5480335	0.45940077	0.5603814	0.53163856	0.4484216	0.45193803	0.43218452	0.50537926	0.43629944	0.4929957	0.44968686	0.44174933	0.62383974	0.50263804	0.48856834	0.56478167	0.5626909	0.4491212	0.4713019	0.46873966	0.5076113	0.50350404	0.52099	0.6483211	0.52893835	0.53909874	0.4734372	0.5463652	0.5120828	0.49652824	0.61507684	0.5594059	0.5026814	0.49928805	0.49108812	0.5379962	0.4228143	0.4572536	0.4894743	0.47602156	0.5216556	0.46045384	0.5625105	0.42376435	0.43353832	0.53854746	0.5508773	0.44054	0.5734852	0.5091102	0.47234914	0.47214073	0.56395984	0.41715792	0.5724366
embedding_0356	0.066733	-0.020019684	0.059671998	0.04305918	0.053319223	0.0027803776	0.080690965	0.010585538	0.1018033	0.07867245	0.031486344	0.12080468	0.06768197	0.01684386	0.083735794	0.055644304	-0.009960329	0.03208776	0.038796112	0.042423647	0.052183475	0.034219254	0.08410878	0.01926231	-0.019707266	0.07116503	0.13008088	0.03403238	0.01537852	0.069268376	0.049612682	0.064098895	0.021244261	0.07682836	0.06725045	0.10249425	0.059297476	-0.027771745	0.028770007	0.024028629	0.054844167	0.1394395	0.0013548259	0.025148105	0.09584993	0.025589142	0.043906853	0.0759459	0.0062389914	0.14121644	0.11712133	0.034308124	0.09195872	0.08119304	0.045755085	0.10541779	0.08003648	0.06825238	0.101339534	0.063287154	0.05522174	0.007623995	0.09082237	0.051551044	0.03860024	-0.00685868	0.047859326	0.038618937	0.03860441	0.06662588	0.04510816	0.043515924	0.0383007	0.08674972	0.048842244	0.043515105	0.019806106	0.061450716	0.005587044	0.07015793	0.060550917	0.0684134	0.008487154	0.06643171	0.07633346	0.0041220374	0.014554373	0.042919364
embedding_0357	-0.00705005	0.04152039	-0.00054138224	-0.018776268	-0.04981157	-0.077208586	-0.031826988	-0.022112312	-0.015876405	0.030848518	-0.02584815	-0.06484944	-0.036850046	-0.020821853	0.0053012525	-0.03583905	-0.034280166	0.022983685	-0.04876222	-0.033094503	-0.08141808	-0.05197428	-0.017932797	-0.015221629	-0.065591715	0.059031688	-0.05997345	0.039467644	-0.068079576	-0.035758816	-0.023410898	0.017563552	-0.05115077	0.036083817	-0.034794357	-0.0715274	0.023467721	-0.045736138	-0.012088956	-0.100605406	-0.0721679	-0.09439859	-0.05873847	-0.028635716	-0.08839311	-0.0075168754	-0.018485028	-0.09739522	0.00055343617	-0.044255704	-0.08510734	-0.042520165	-0.045274727	-0.007764287	-0.0020955063	0.00261164	-0.014918508	-0.006711641	0.031524837	-0.040595222	-0.018459683	0.017595874	-0.03984372	-0.034858674	-0.009683616	-0.06125866	-0.042545184	-0.069416106	-0.06745727	-0.107683025	-0.053261347	-0.029358974	-0.03911955	-0.006085484	-0.06712218	-0.020290641	-0.06239024	-0.039427474	-0.10494509	0.0038480922	-0.04128255	0.002231107	-0.080409124	-0.07338036	-0.061453465	-0.039802328	-0.039177377	-0.039317824
embedding_0358	0.30076545	0.33575505	0.27517584	0.30444926	0.31868163	0.26405513	0.26831612	0.4006051	0.23838423	0.3543551	0.3088493	0.20061572	0.2836553	0.31581363	0.27849007	0.3014439	0.29780555	0.28836802	0.26222137	0.30923456	0.2807723	0.31629878	0.3115598	0.30942076	0.29485685	0.28641427	0.32259572	0.35965	0.28500602	0.30988103	0.30955037	0.345009	0.32455814	0.31724423	0.31301743	0.28717512	0.28570825	0.31786266	0.29044202	0.1899376	0.27600458	0.24323793	0.30825892	0.34882957	0.2941907	0.29542276	0.3040895	0.28898627	0.29923028	0.32247734	0.28716114	0.30177915	0.30738205	0.345034	0.33167326	0.2360391	0.32364756	0.31045264	0.26542425	0.29407987	0.32973155	0.30081543	0.30204633	0.3395293	0.25254923	0.30504718	0.308607	0.29810697	0.3204117	0.31530693	0.20305553	0.28431293	0.29361933	0.29731733	0.28629827	0.31423005	0.33505508	0.3572465	0.28061083	0.32205597	0.2703975	0.26595742	0.29518473	0.3184246	0.29805478	0.33580554	0.28264815	0.3231676
embedding_0359	-0.18551244	-0.015933761	-0.16265386	-0.09103884	-0.12515564	-0.11803183	-0.1634041	-0.02657043	-0.10387117	0.007403482	-0.07587949	-0.115018375	-0.15838625	-0.013392053	-0.11894792	-0.10327871	-0.084681556	-0.05373588	-0.114631735	-0.103682816	-0.08592842	-0.14454815	-0.090567365	-0.094752416	-0.05991409	-0.08301003	-0.19936149	-0.17461167	-0.15848601	-0.0866202	-0.123624414	-0.1150585	-0.07528562	-0.16146201	-0.09823511	-0.2275934	-0.12194303	-0.054236066	-0.12568873	-0.14517586	-0.020953966	-0.1332703	-0.13172542	-0.07013597	-0.1041212	-0.17353836	-0.09478962	-0.11694048	-0.123763025	-0.17797974	-0.123617366	-0.075541854	-0.11596509	-0.13704823	-0.1343524	-0.05448428	-0.18402782	-0.14413595	-0.06227767	-0.09138852	-0.12132574	-0.04119208	-0.0788949	-0.114937134	-0.15875778	-0.123076454	-0.09871015	-0.124584936	-0.0844388	-0.0857686	-0.07474977	-0.15041709	-0.08061571	-0.017177535	-0.12308442	-0.09028801	-0.13996401	-0.11488618	-0.17871	-0.18930387	-0.092812784	-0.19318658	-0.12037513	-0.105441734	-0.14754838	-0.09260429	-0.092465416	-0.11093281
embedding_0360	-0.4085955	-0.392329	-0.2697894	-0.37654763	-0.3671365	-0.41602403	-0.30235192	-0.30913925	-0.36407852	-0.2807526	-0.2900961	-0.2918058	-0.31586337	-0.2771088	-0.39050964	-0.3692646	-0.3566586	-0.32480747	-0.40263695	-0.36614066	-0.33846027	-0.3647756	-0.3771966	-0.33365935	-0.32766494	-0.37324786	-0.41107926	-0.36058477	-0.38009328	-0.36097088	-0.34284556	-0.37470075	-0.34115756	-0.35081416	-0.35510617	-0.29621702	-0.38048372	-0.35394835	-0.31363457	-0.3511967	-0.34330332	-0.3720144	-0.40389124	-0.33596602	-0.3430758	-0.33737868	-0.35971406	-0.359683	-0.316873	-0.41356346	-0.34696034	-0.34514627	-0.33582127	-0.35153636	-0.3021157	-0.28822744	-0.45213893	-0.37244	-0.32056665	-0.37524632	-0.3231567	-0.40366036	-0.39757335	-0.33747554	-0.37056968	-0.37359923	-0.3594338	-0.38943988	-0.33892196	-0.35285184	-0.29564416	-0.36446717	-0.344999	-0.29014596	-0.36988932	-0.34498215	-0.35518187	-0.3534204	-0.3827341	-0.3652366	-0.32692343	-0.43422988	-0.32104304	-0.3605383	-0.35496402	-0.38638973	-0.36540934	-0.33132496
embedding_0361	-0.39093274	-0.27808788	-0.3818417	-0.3281454	-0.36898458	-0.3070692	-0.41296968	-0.2710852	-0.3591144	-0.28084812	-0.36632866	-0.34675163	-0.38044164	-0.29011646	-0.33552846	-0.2970281	-0.34803462	-0.3141335	-0.35066098	-0.2973578	-0.28322944	-0.35005388	-0.3608585	-0.36445805	-0.33500728	-0.35464984	-0.36655012	-0.4388666	-0.32260174	-0.3050713	-0.33223844	-0.31363338	-0.31610465	-0.36900726	-0.3103665	-0.4010715	-0.32019728	-0.3233521	-0.31691766	-0.28948233	-0.28245667	-0.3826589	-0.28485143	-0.2942014	-0.35452902	-0.35276315	-0.34692404	-0.24455598	-0.40380883	-0.36534137	-0.3075584	-0.3304687	-0.32466418	-0.34039202	-0.3217214	-0.32890004	-0.27103972	-0.32159248	-0.3309432	-0.2988022	-0.37791026	-0.31787255	-0.24059126	-0.30638298	-0.3633185	-0.32230252	-0.3500229	-0.3356116	-0.31887358	-0.31705153	-0.30721173	-0.38055584	-0.30551603	-0.33864984	-0.27393168	-0.31053796	-0.31266683	-0.28545576	-0.38683203	-0.34412813	-0.3171417	-0.3701587	-0.33103195	-0.31724483	-0.321942	-0.33026528	-0.30434883	-0.3802729
embedding_0362	-0.19579285	-0.19757994	-0.17623591	-0.18297479	-0.1614805	-0.13597423	-0.24162725	-0.27451715	-0.17000233	-0.22795996	-0.18884669	-0.20795116	-0.24234772	-0.18599115	-0.18200584	-0.25383395	-0.16687614	-0.19197774	-0.23126675	-0.17222025	-0.19326496	-0.20223397	-0.15044652	-0.17717579	-0.1651152	-0.18823054	-0.21603054	-0.13075776	-0.08422955	-0.22064288	-0.18351589	-0.19027449	-0.21264401	-0.1992788	-0.21318106	-0.25160113	-0.15822415	-0.1732718	-0.16267839	-0.21921994	-0.15669385	-0.26079178	-0.21666682	-0.22895066	-0.28788412	-0.13742487	-0.17308643	-0.17225939	-0.17567359	-0.17701794	-0.25792554	-0.183584	-0.24802054	-0.2467749	-0.18495299	-0.21789353	-0.14254585	-0.11717436	-0.20181064	-0.20008309	-0.23256639	-0.19692409	-0.20724843	-0.1841493	-0.1649283	-0.16581427	-0.20877753	-0.17802304	-0.18810192	-0.27033624	-0.20376664	-0.14723855	-0.2232402	-0.21121365	-0.19252546	-0.16380677	-0.17821921	-0.2207202	-0.18568711	-0.19176131	-0.19529542	-0.18263155	-0.19916238	-0.16667747	-0.22392635	-0.1380355	-0.18115434	-0.21220654
embedding_0363	-0.015437166	-0.07301646	-0.018499939	-0.021426631	-0.0200713	-0.09744435	-0.058352247	0.06247405	-0.10010419	0.0049384143	-0.013934881	-0.08600431	-0.08368543	-0.061215907	-0.039579365	-0.0070836945	-0.059054032	-0.03245368	-0.050071277	-0.023165992	-0.035540268	-0.010445986	-0.027895179	-0.05892914	0.005760664	-0.04791959	-0.024225509	0.012979514	-0.0014120307	-0.016825316	-0.07203263	-0.064859286	-0.0817551	-0.02560334	-0.03384725	-0.017128643	-0.06745775	-0.041109655	-0.06289397	-0.10047259	-0.044845384	-0.18990596	-0.039132144	-0.08413354	-0.0744814	-0.053085286	-0.050256178	-0.0036538916	-0.040033028	-0.046783622	-0.07297012	-0.02628837	-0.042157408	-0.035233583	-0.011738206	-0.07929883	-0.012973205	-0.019421125	-0.06494731	-0.050547507	-0.033331625	-0.044817533	-0.02482164	0.004395991	-0.047863826	-0.019016303	-0.04018476	-0.047509253	0.0010531861	-0.063074715	-0.03189202	-0.03502852	-0.024212342	-0.06467531	-0.052337147	-0.034949683	-0.07980763	-0.08949981	-0.046254672	-0.018256929	-0.05806792	-0.04660188	-0.0026426872	-0.10702589	-0.081502326	-0.015267357	-0.07150486	-0.027504865
embedding_0364	-0.8099773	-0.75443566	-0.79663056	-0.81616575	-0.73839355	-0.8007959	-0.8032104	-0.818708	-0.82481503	-0.8126436	-0.7995585	-0.7930775	-0.7577519	-0.76195556	-0.7446841	-0.7863559	-0.79887176	-0.7702447	-0.79606706	-0.760993	-0.74155056	-0.82201487	-0.82154715	-0.7342798	-0.8105581	-0.79514277	-0.7580762	-0.8123028	-0.68807256	-0.77537197	-0.7665399	-0.7737266	-0.7966423	-0.7782862	-0.80877715	-0.7430624	-0.74871445	-0.7887837	-0.80463743	-0.84934324	-0.75199693	-0.8431968	-0.70064175	-0.7398004	-0.8402244	-0.6429283	-0.7664756	-0.7543617	-0.82925564	-0.7679156	-0.7975987	-0.78574234	-0.78322184	-0.83523494	-0.7942657	-0.89133245	-0.69689286	-0.73824275	-0.82024413	-0.80378157	-0.80146736	-0.8144843	-0.6906604	-0.757163	-0.809006	-0.7811148	-0.7827605	-0.73760766	-0.7689438	-0.80703384	-0.72675884	-0.7661982	-0.83112556	-0.85290563	-0.73550975	-0.75361025	-0.7853267	-0.75011396	-0.84142196	-0.76838267	-0.8157693	-0.7711318	-0.7551947	-0.77075607	-0.76695436	-0.7811313	-0.77463037	-0.79196835
embedding_0365	0.09669721	0.1812945	0.14112027	0.14860076	0.10606795	0.18223873	0.14707987	0.19510993	0.16242462	0.22075549	0.20560347	0.16538253	0.121009305	0.19925614	0.18322782	0.18197088	0.1647588	0.17729548	0.18715371	0.1792672	0.2241498	0.1404641	0.10298274	0.09662879	0.20877223	0.15419297	0.060686834	0.10978851	0.113374434	0.17994271	0.19777489	0.17688136	0.18803309	0.1304195	0.17454056	0.14943595	0.15308198	0.30115765	0.19033329	0.24026948	0.2492748	0.28298545	0.20508952	0.23967722	0.22591719	0.02225187	0.15540978	0.21494025	0.16907898	0.13518293	0.13782524	0.17056519	0.17150368	0.14929101	0.11049693	0.18233517	0.11168319	0.08909711	0.16332321	0.20520131	0.14645495	0.15692838	0.2165228	0.18056035	0.1566545	0.14874032	0.17339623	0.15002203	0.17431135	0.18820216	0.2657684	0.1700456	0.20272005	0.24311994	0.1677361	0.13907671	0.16722578	0.17658156	0.23235723	0.14241064	0.19165826	0.07212737	0.16193214	0.160557	0.18250825	0.20201091	0.22919884	0.17596374
embedding_0366	0.41325796	0.42090285	0.50291866	0.40882084	0.41447487	0.41859376	0.4864734	0.47386077	0.48643318	0.43695906	0.44032827	0.4484325	0.43905503	0.42639506	0.45374987	0.4803645	0.44511694	0.48049912	0.45522386	0.41555557	0.44031304	0.49043697	0.4948669	0.45561203	0.43448034	0.4886888	0.51395243	0.36252078	0.41812587	0.44142377	0.4462391	0.4149087	0.46254066	0.42612326	0.4431261	0.47835895	0.42361778	0.3968555	0.38533375	0.42306006	0.4532414	0.3823491	0.44672275	0.43578717	0.40674174	0.42583102	0.46110308	0.43024528	0.4966367	0.42275447	0.50975066	0.43716294	0.44414145	0.43823	0.3767448	0.444512	0.39790455	0.41200033	0.45360616	0.43820432	0.4528246	0.41993678	0.4937739	0.47171745	0.4236592	0.42105547	0.47445697	0.3986676	0.4108837	0.45682365	0.46537182	0.47364262	0.45584035	0.48135835	0.4892492	0.40757197	0.41495222	0.43852097	0.39953706	0.4093475	0.48562655	0.4793297	0.4099044	0.384535	0.42239892	0.4024014	0.40662026	0.4285078
embedding_0367	-0.7698407	-0.7703413	-0.7371834	-0.7360243	-0.80485433	-0.8022569	-0.8017406	-0.7678655	-0.75359994	-0.75319135	-0.7802605	-0.74463415	-0.8396506	-0.7665133	-0.7642097	-0.8282251	-0.76784116	-0.8215715	-0.75263315	-0.77919084	-0.7784909	-0.82587945	-0.74951744	-0.7232575	-0.8813368	-0.74784374	-0.725322	-0.7520561	-0.76842266	-0.75931966	-0.77477366	-0.7275345	-0.82638836	-0.7584699	-0.79342365	-0.81882566	-0.764628	-0.7666801	-0.7722471	-0.8048417	-0.79929686	-0.71982884	-0.8005651	-0.7809802	-0.7039487	-0.79095817	-0.7870706	-0.74312866	-0.7768673	-0.7767826	-0.748104	-0.77050954	-0.7569812	-0.7448433	-0.7823287	-0.7067092	-0.7430408	-0.7810638	-0.76750696	-0.77326065	-0.74586797	-0.7867435	-0.75614566	-0.77751714	-0.71692306	-0.7821143	-0.74769574	-0.7627521	-0.81230754	-0.736594	-0.8054762	-0.7437376	-0.8008959	-0.7504325	-0.79772836	-0.7842161	-0.7352119	-0.66631454	-0.80782163	-0.76573485	-0.7708415	-0.73531926	-0.74175274	-0.71649075	-0.7890045	-0.8109277	-0.7607779	-0.7828376
embedding_0368	0.22042929	0.3775394	0.27082822	0.26758656	0.20030214	0.32642218	0.20018661	0.36989683	0.22636597	0.40304506	0.21350423	0.23544644	0.22461624	0.3306702	0.279721	0.2440103	0.32966873	0.3144691	0.31101188	0.24384636	0.36151424	0.27190018	0.29182896	0.29624882	0.2647923	0.25840652	0.14209622	0.22163607	0.29459321	0.28140834	0.30280095	0.27407673	0.32389978	0.24715352	0.28719097	0.2322163	0.26774848	0.23959571	0.29122344	0.2716805	0.3162396	0.32517448	0.34959206	0.36922404	0.3143587	0.2833142	0.2277089	0.3046237	0.23135257	0.23219001	0.32811835	0.27592564	0.30735764	0.29022276	0.27093464	0.28131884	0.21642359	0.25530204	0.25872827	0.33319196	0.32247326	0.38561368	0.3885458	0.31772065	0.22267872	0.2348172	0.3008559	0.2792729	0.22909409	0.33629113	0.29740655	0.23662236	0.264191	0.35796782	0.33035573	0.25147057	0.33741674	0.40636238	0.21703985	0.21491021	0.24037756	0.2676192	0.23401701	0.31117055	0.2886949	0.20166232	0.3201566	0.21978033
embedding_0369	0.38305214	0.3270252	0.2788377	0.28185907	0.29404986	0.38919362	0.35316816	0.26497275	0.31668347	0.35838893	0.2931702	0.34434748	0.40050468	0.36763194	0.32214814	0.3244348	0.35246804	0.34121406	0.33277366	0.30638888	0.3072198	0.35865453	0.33499244	0.3289522	0.29920885	0.33594692	0.33848947	0.26673514	0.22483535	0.35100466	0.33060408	0.3203304	0.3756244	0.31954396	0.30411378	0.317016	0.32040253	0.3355608	0.32796055	0.34328553	0.3319356	0.34365723	0.3643585	0.38839686	0.35194117	0.31762	0.32023194	0.32587868	0.2866847	0.30544624	0.35822532	0.32745793	0.3925679	0.35685524	0.31715295	0.35192615	0.28459927	0.3103056	0.34657177	0.3324669	0.31234267	0.36677465	0.36185482	0.28782463	0.24406467	0.29259068	0.34707865	0.31520975	0.32833526	0.32840136	0.31029174	0.32755417	0.346255	0.32374164	0.394133	0.29583165	0.35331672	0.37985104	0.3067323	0.2862931	0.2546397	0.25345957	0.36994463	0.33164343	0.33080453	0.32684067	0.3237285	0.32788736
embedding_0370	-0.3676508	-0.2893899	-0.29872945	-0.33870342	-0.33012244	-0.39328787	-0.32277548	-0.32333517	-0.33458015	-0.37972566	-0.34252268	-0.2923474	-0.30145392	-0.3826647	-0.29468068	-0.32766527	-0.33648026	-0.36556265	-0.38145962	-0.3321922	-0.34221286	-0.25896755	-0.34634474	-0.30210188	-0.3521204	-0.32463154	-0.2544967	-0.39345846	-0.28835562	-0.34033182	-0.2915548	-0.3833517	-0.30756402	-0.3217554	-0.38628393	-0.2776978	-0.31337145	-0.3618822	-0.33110976	-0.3333814	-0.40017852	-0.43034348	-0.2853271	-0.37583745	-0.32310006	-0.29851773	-0.3654257	-0.29639694	-0.3716743	-0.3068741	-0.31193295	-0.34410015	-0.32154766	-0.3198746	-0.35280588	-0.33233374	-0.21365769	-0.34094357	-0.36291716	-0.33124712	-0.33499932	-0.32682198	-0.281896	-0.32303888	-0.30170637	-0.3112321	-0.33701572	-0.29289678	-0.2952066	-0.30288365	-0.342603	-0.31831235	-0.30852208	-0.28617185	-0.34335306	-0.3243812	-0.30890015	-0.32881778	-0.35963392	-0.28945425	-0.3332083	-0.2980259	-0.27011105	-0.31297818	-0.32427493	-0.30213684	-0.3955002	-0.32967004
embedding_0371	-0.7659525	-0.8699709	-0.7723799	-0.8274493	-0.901523	-0.7884193	-0.8356404	-0.8315081	-0.76992685	-0.7349968	-0.7979558	-0.74359584	-0.7500344	-0.7698412	-0.845112	-0.87698954	-0.7094048	-0.8346679	-0.7849827	-0.82871634	-0.78534275	-0.8140839	-0.8762439	-0.8228529	-0.87814224	-0.77687347	-0.8690278	-0.8453706	-0.81041914	-0.8062815	-0.80425406	-0.7679318	-0.8150427	-0.8245368	-0.81462216	-0.8426509	-0.8815785	-0.78558147	-0.7372812	-0.7793353	-0.7908025	-0.6928565	-0.80610013	-0.725471	-0.6851441	-0.81907207	-0.80999374	-0.80338645	-0.84415346	-0.835635	-0.7503138	-0.78424585	-0.75361764	-0.72255814	-0.8815717	-0.7071392	-0.89497876	-0.81371135	-0.87970877	-0.7693836	-0.7454652	-0.8027847	-0.84162986	-0.8498683	-0.88734627	-0.8218892	-0.811985	-0.8248979	-0.8257498	-0.6496148	-0.7817446	-0.807024	-0.8255579	-0.7163728	-0.7696966	-0.8163236	-0.74904823	-0.7341837	-0.8070204	-0.85606784	-0.72415197	-0.872156	-0.7703511	-0.73780143	-0.7905196	-0.8213063	-0.8032806	-0.77793896
embedding_0372	0.12083004	0.15934236	0.09904493	0.09414349	0.096755244	0.19521566	0.13732034	0.23347113	0.1369332	0.2105078	0.19425604	0.11054752	0.113545895	0.13387683	0.17428154	0.19434997	0.17820783	0.17168275	0.15779777	0.16728291	0.17444727	0.115446426	0.09882722	0.120205976	0.1387379	0.09297351	0.08570731	0.099829145	0.1421389	0.1447279	0.1321142	0.19607383	0.14965941	0.14511251	0.22607692	0.13786507	0.11273903	0.18374398	0.1782922	0.24560091	0.20249818	0.16865802	0.18029256	0.21657889	0.22327238	-0.0009715743	0.10697818	0.1805057	0.10355918	0.12241394	0.19952044	0.16983745	0.18568806	0.1889946	0.17436692	0.13253066	0.073877	0.15406778	0.11144372	0.18534787	0.13879248	0.12330175	0.15532532	0.15637802	0.08712063	0.15835054	0.15124391	0.1495537	0.12795964	0.20634288	0.13725331	0.18549258	0.1954363	0.14071976	0.17072272	0.13018356	0.20914064	0.20551923	0.20361702	0.120526716	0.19085506	0.05898747	0.14743511	0.1521225	0.18855393	0.10353329	0.25571057	0.16328986
embedding_0373	-0.43409672	-0.5681915	-0.5046194	-0.5676948	-0.4877869	-0.54550856	-0.4245319	-0.5904834	-0.5761874	-0.68361455	-0.5047207	-0.502481	-0.40549284	-0.5567354	-0.51745194	-0.47249377	-0.54341304	-0.54278713	-0.6133601	-0.56989795	-0.6167255	-0.54903466	-0.5632346	-0.5002661	-0.51915234	-0.50103086	-0.37579367	-0.44854033	-0.54439104	-0.5693198	-0.55101305	-0.5615583	-0.5730599	-0.4937207	-0.61279434	-0.4616311	-0.5051315	-0.53001404	-0.540982	-0.5713107	-0.6439851	-0.5754885	-0.5524268	-0.5766172	-0.537858	-0.51689476	-0.5367911	-0.61554456	-0.5085074	-0.5124012	-0.6025309	-0.5381822	-0.5484025	-0.53768635	-0.48847902	-0.5151032	-0.536352	-0.4984643	-0.5496926	-0.60838443	-0.6049822	-0.5768749	-0.643741	-0.57012004	-0.5501027	-0.55062264	-0.54178447	-0.537521	-0.5724293	-0.623791	-0.55988896	-0.46249706	-0.5618814	-0.6644084	-0.5589746	-0.5447442	-0.5688832	-0.6506868	-0.56592506	-0.45774776	-0.5571391	-0.5671745	-0.5274958	-0.575424	-0.556204	-0.5041741	-0.5497832	-0.50607413
embedding_0374	1.1914531	1.1351794	1.1651077	1.1798412	1.2042221	1.1710181	1.1555911	1.1643171	1.0747428	1.1188104	1.1880941	1.0756184	1.1132705	1.1005402	1.1439818	1.1719544	1.1480827	1.0961236	1.1561042	1.1479777	1.0875456	1.121123	1.1535316	1.1438061	1.1739597	1.1479145	1.1587497	1.1779114	1.087387	1.1356298	1.1144795	1.2225277	1.1786137	1.1607177	1.1498642	1.1263245	1.1314551	1.1808745	1.1292114	1.1844437	1.1078587	1.1224146	1.179797	1.1234964	1.1649386	1.0728565	1.1373518	1.138809	1.1126928	1.1748961	1.149086	1.1157255	1.118133	1.1881043	1.1878433	1.0862052	1.114163	1.1297959	1.1570551	1.1501576	1.091659	1.1513927	1.1020126	1.1617362	1.1269873	1.2039324	1.1567882	1.1529397	1.1419833	1.1576748	1.1023751	1.2122349	1.1519892	1.0824713	1.1461611	1.1618806	1.1823529	1.1350356	1.2259145	1.1523551	1.1075091	1.1600628	1.1470437	1.1144818	1.1502761	1.1438787	1.1713572	1.151298
embedding_0375	-0.354844	-0.23581538	-0.2970416	-0.25668138	-0.2941062	-0.34007812	-0.29934984	-0.13157164	-0.32794565	-0.21592169	-0.2920984	-0.35632658	-0.2677031	-0.2246896	-0.25915337	-0.21497107	-0.25083962	-0.25092468	-0.24226862	-0.22407806	-0.25219503	-0.30765036	-0.33702263	-0.2695577	-0.234512	-0.27086833	-0.24221514	-0.2366397	-0.21729192	-0.22581045	-0.2521837	-0.23914194	-0.21211036	-0.3048169	-0.26111197	-0.27855766	-0.30633086	-0.12520996	-0.2599651	-0.31956232	-0.24706909	-0.2834794	-0.26348835	-0.2557289	-0.23459435	-0.27251598	-0.2677533	-0.20818278	-0.23317467	-0.26842925	-0.31871018	-0.26112038	-0.26111692	-0.27939186	-0.271665	-0.21447344	-0.2375904	-0.27376175	-0.29362983	-0.28955474	-0.2294171	-0.30429742	-0.28975877	-0.18105108	-0.21275952	-0.26598802	-0.2276693	-0.27898675	-0.24568386	-0.14449011	-0.20554951	-0.2929972	-0.25855958	-0.22311245	-0.29685232	-0.25347656	-0.27246246	-0.25890225	-0.26635334	-0.21221247	-0.25610098	-0.29400113	-0.23241553	-0.17927274	-0.24817769	-0.21878624	-0.2220734	-0.2540928
embedding_0376	0.45611328	0.60186565	0.5218585	0.57997483	0.58437335	0.6058201	0.5811722	0.5926687	0.6235506	0.6025875	0.7025404	0.55902773	0.4746451	0.6690304	0.6003938	0.6283855	0.48512655	0.65044755	0.58824074	0.6739499	0.57408434	0.5913546	0.5413651	0.5480897	0.6515609	0.54973185	0.47663772	0.5415337	0.5945789	0.58043915	0.5674715	0.5964067	0.6045621	0.5870725	0.6970283	0.59155303	0.6220493	0.61242217	0.64690644	0.74802417	0.7180688	0.59752446	0.5872916	0.6087654	0.53310376	0.53062505	0.6155638	0.61225843	0.55123115	0.5159994	0.5848047	0.54346234	0.52838373	0.580162	0.61090285	0.5741984	0.58382213	0.5220614	0.7186749	0.62628126	0.5845225	0.60516286	0.61172825	0.6129423	0.62734866	0.6318348	0.6327677	0.59529364	0.6691208	0.61548215	0.6783406	0.5959162	0.6970908	0.6250405	0.5204048	0.595987	0.5417334	0.62334293	0.6278289	0.61490136	0.5981451	0.6135926	0.5421338	0.5908548	0.58879197	0.6540044	0.6531863	0.59803647
embedding_0377	-0.39539734	-0.4548433	-0.45134518	-0.43384776	-0.43396154	-0.4173498	-0.46485114	-0.47601238	-0.45721528	-0.34627914	-0.50676346	-0.4397672	-0.3976877	-0.42755094	-0.40073788	-0.43765944	-0.419218	-0.46970558	-0.4492488	-0.37595478	-0.40766376	-0.4462973	-0.43374562	-0.41903403	-0.4143259	-0.43169513	-0.42350766	-0.4621421	-0.2758871	-0.3734588	-0.39434072	-0.3996561	-0.3974331	-0.42447665	-0.4225902	-0.431095	-0.42689553	-0.44623291	-0.43744406	-0.40502986	-0.37455305	-0.44209763	-0.43424726	-0.43701714	-0.42694196	-0.37480545	-0.43908656	-0.39807355	-0.4005636	-0.40838137	-0.42474926	-0.39707285	-0.4986353	-0.45656556	-0.45620757	-0.38491797	-0.36070013	-0.37373748	-0.4701691	-0.41815013	-0.4348436	-0.48187655	-0.3401342	-0.44262192	-0.38163963	-0.48530513	-0.39913446	-0.39523098	-0.42411032	-0.3693039	-0.44505152	-0.3630659	-0.46195585	-0.4444368	-0.43064412	-0.41002762	-0.42968094	-0.42853644	-0.44819394	-0.44564423	-0.42870584	-0.44373932	-0.4166968	-0.35641363	-0.4132322	-0.3777548	-0.4045884	-0.44428474
embedding_0378	0.04311073	0.019655194	-0.025433308	0.04950261	0.032869153	0.14058505	0.029307837	0.058718313	0.018456258	0.10082572	0.033330876	0.0011610896	0.0053858953	0.0061036604	0.063386746	0.05366941	0.0125357015	-0.012624094	0.050049536	0.05002418	0.014164305	0.00095984194	-0.044891115	-0.014141011	0.10171207	0.03410475	-0.012346409	0.026694017	0.029905966	0.03599685	0.053049322	0.09957824	0.12592696	0.043908853	0.053660214	-0.0348894	0.024783382	0.11042324	-0.041018937	0.13421553	0.10876139	0.13793206	0.04581921	0.07135234	0.069635354	-0.06716642	0.0014910949	0.069608524	0.031030478	0.0063244784	-0.02667941	0.022031434	-0.0029125663	0.009906979	0.09279755	0.021411607	0.06259383	0.026391063	0.08649382	0.045171537	-0.015783267	0.056939	0.07773929	0.022374699	0.024055678	0.05489271	0.06411762	0.01022454	-0.026738334	-0.0034853278	0.08446848	0.09929114	0.027690949	-0.012383052	0.027854031	-0.004720392	0.002721004	0.019006897	0.084579915	-0.009758926	0.041182294	-0.011716634	-0.018333238	0.0011883195	0.04385935	0.06187119	0.09023873	0.014720372
embedding_0379	-0.3632799	-0.30895343	-0.42553705	-0.3103013	-0.3925351	-0.48964518	-0.37288886	-0.34182262	-0.37378088	-0.31235367	-0.37549195	-0.39140958	-0.39287156	-0.45386267	-0.35966402	-0.39392385	-0.40181231	-0.4379176	-0.39296332	-0.42986503	-0.5114469	-0.38411474	-0.34421366	-0.3427713	-0.3546614	-0.34448528	-0.3936431	-0.25632378	-0.365454	-0.3429245	-0.40477172	-0.37173536	-0.36928633	-0.31538182	-0.38526818	-0.36816022	-0.41689527	-0.4240665	-0.49633735	-0.44479686	-0.45820588	-0.4854145	-0.44866487	-0.5152186	-0.4000142	-0.43582276	-0.4297871	-0.41335836	-0.30840278	-0.34176514	-0.42632705	-0.35424924	-0.451778	-0.33299118	-0.41431028	-0.2950391	-0.3716801	-0.3973754	-0.4125388	-0.38214248	-0.35073298	-0.3704539	-0.40619883	-0.38005006	-0.31550875	-0.39495763	-0.4204978	-0.4127688	-0.40686283	-0.44881478	-0.44888696	-0.40853438	-0.41622457	-0.29928118	-0.46636012	-0.36127958	-0.42984813	-0.46092832	-0.38869572	-0.32968	-0.40791497	-0.40381572	-0.37328997	-0.4977149	-0.4082024	-0.34281042	-0.43764108	-0.336772
embedding_0380	0.27431744	0.33735064	0.32726523	0.2432138	0.29358742	0.3096918	0.25678933	0.21778442	0.23769255	0.25519127	0.25767866	0.23137501	0.20707603	0.28148663	0.25693843	0.20994066	0.33480278	0.27360827	0.24218124	0.19426523	0.33151895	0.23118418	0.3030902	0.33513424	0.17733912	0.2967009	0.23515294	0.28349897	0.22446314	0.25719383	0.2745602	0.24477307	0.2368605	0.23670353	0.18831111	0.24710426	0.28402293	0.20140329	0.24578129	0.15441597	0.25601745	0.3158363	0.30089858	0.27996728	0.24584801	0.32505742	0.2797625	0.23153675	0.21931036	0.24198185	0.24283044	0.2469729	0.29679242	0.22659528	0.29274464	0.1399359	0.17966585	0.2869314	0.22344987	0.22038546	0.2740086	0.35839692	0.2279256	0.25109306	0.16418108	0.26062903	0.26929435	0.29511887	0.22041984	0.14121416	0.2773301	0.23391576	0.24161045	0.27091837	0.28929323	0.26288748	0.30748558	0.31144235	0.18158318	0.19979349	0.2274723	0.2885626	0.25703102	0.22295082	0.24980775	0.15083043	0.25331363	0.19179931
embedding_0381	0.073869035	0.17181624	0.18074289	0.26645327	0.26113394	0.2075041	0.23592062	0.25265926	0.2867834	0.3064344	0.32149443	0.12545562	0.1335741	0.29879662	0.287034	0.31838626	0.15485083	0.27313456	0.25036865	0.34958926	0.23242512	0.25293228	0.21921454	0.17099251	0.28260857	0.1673476	0.120248996	0.28421327	0.27727556	0.25791705	0.26308817	0.21822217	0.15788871	0.2720441	0.31845817	0.21467932	0.2578502	0.32726997	0.30351788	0.3546086	0.34346634	0.27554595	0.23219027	0.27662316	0.20919459	0.16748784	0.26903364	0.26989713	0.29625636	0.21646531	0.1755819	0.23970513	0.14602257	0.24724193	0.28386578	0.24082804	0.26615953	0.17644262	0.31612763	0.26279104	0.23290949	0.18601722	0.25736758	0.28006712	0.39378375	0.2652825	0.28212753	0.30914766	0.28956679	0.32231116	0.39933202	0.23708634	0.35659984	0.2696931	0.17716973	0.26384723	0.18474352	0.26169062	0.28935713	0.31616005	0.25942686	0.2534775	0.2185514	0.29548332	0.2449589	0.3484586	0.40037736	0.252419
embedding_0382	0.105638295	0.116991855	0.07772245	0.10493963	0.1092422	0.06278199	0.14400409	0.11737274	0.07470099	0.067253545	0.10467849	0.17230128	0.18617074	0.12280763	0.10945595	0.12726551	0.05480781	0.13995993	0.06356608	0.06135371	0.09679703	0.08403222	0.09766871	0.115855046	0.080348365	0.11325153	0.11365734	0.17158821	0.06572109	0.12165571	0.1184449	-0.006451095	0.046961028	0.11611378	0.10182335	0.21376736	0.14292459	0.037387352	0.05528295	0.050490778	0.042405464	0.104275055	0.13559496	0.10816823	0.10383742	0.16140597	0.07349397	0.08472514	0.11715341	0.12912595	0.100594096	0.1232345	0.15605631	0.09295777	0.06449234	0.1956603	0.11750393	0.100286536	0.08120267	0.09201637	0.14343514	0.16340692	0.10577542	0.092688985	0.1045182	0.086581126	0.08991256	0.11641826	0.1080441	0.02748772	0.10610205	0.046595074	0.13252796	0.07615788	0.0911248	0.11239252	0.10544188	0.17373501	0.046787094	0.15279943	0.055840444	0.11451304	0.11332619	0.051597375	0.12618718	0.1264897	0.08180952	0.14413561
embedding_0383	0.14610274	0.1723708	0.19628106	0.16534626	0.13572046	0.2050315	0.21768126	0.14546636	0.22761615	0.2364667	0.22793858	0.25410008	0.16514099	0.22581914	0.16962287	0.112721056	0.24047884	0.22258477	0.19720194	0.14728148	0.24804384	0.13814776	0.17095962	0.22807564	0.15775086	0.1828755	0.048413362	0.16942212	0.22823775	0.19400352	0.21539006	0.1838385	0.1906064	0.1663974	0.16648823	0.13962872	0.19263388	0.18775341	0.19741862	0.18981162	0.20283087	0.23712993	0.1617993	0.20987114	0.22283368	0.21045013	0.20850012	0.21740536	0.22526313	0.16886185	0.21230097	0.23804282	0.20469843	0.15265228	0.12454212	0.18768169	0.10197488	0.21797103	0.14145614	0.18581955	0.24869308	0.17723662	0.20951256	0.14928432	0.17482452	0.14200816	0.20539638	0.18197796	0.16112664	0.20044032	0.22997391	0.19098477	0.18477154	0.2633867	0.2091179	0.19181286	0.22768243	0.21935871	0.13850053	0.12432928	0.25796458	0.17017286	0.227166	0.20865585	0.19426411	0.13168426	0.18828768	0.1518148
embedding_0384	-0.93690217	-0.9016218	-0.8552726	-0.9026441	-0.86045885	-1.0413914	-0.8152076	-0.94274074	-0.8908495	-0.958234	-0.8493537	-0.7897111	-0.86244214	-0.9705162	-0.8105129	-0.84308785	-0.98922	-0.85055476	-0.8770057	-0.90524924	-0.9270431	-0.8693766	-0.91179544	-0.8374174	-0.90674067	-0.7923346	-0.80322975	-0.86932486	-0.7594688	-0.87460876	-0.8314725	-1.0209161	-0.9684966	-0.8697946	-0.9367469	-0.7370957	-0.86515415	-0.9677239	-0.9814004	-0.94670045	-0.89979476	-1.0089463	-0.86963093	-0.97238415	-0.9989721	-0.78038824	-0.9219412	-0.9440845	-0.87056464	-0.81058544	-0.92608464	-0.93537855	-0.9727998	-0.90338516	-0.91366476	-0.83712256	-0.7829442	-0.9577671	-0.8593244	-0.9207137	-0.8537014	-0.96216244	-0.8821779	-0.7936053	-0.75577134	-0.98482955	-0.89771736	-0.9078749	-0.89306647	-0.93475515	-0.8731646	-0.8586893	-0.9683781	-0.8363833	-0.9440241	-0.9049903	-1.0176538	-0.9899371	-0.9364418	-0.76788646	-0.91311014	-0.8120117	-0.9299163	-0.9495713	-0.90719354	-0.82885224	-0.9830658	-0.8785256
embedding_0385	-0.32007176	-0.28917205	-0.2747895	-0.27915555	-0.25019744	-0.40936574	-0.35188976	-0.31878132	-0.3632772	-0.42182365	-0.27089596	-0.3898127	-0.36108312	-0.32923773	-0.3499781	-0.3119364	-0.38928193	-0.32000685	-0.33961135	-0.3312908	-0.37014034	-0.37353447	-0.28749195	-0.32153127	-0.31061417	-0.27727288	-0.24064274	-0.23373607	-0.35326153	-0.30974215	-0.33176723	-0.3465967	-0.34455335	-0.3313418	-0.3346026	-0.3135502	-0.2939295	-0.35882306	-0.35950547	-0.34067425	-0.36868045	-0.4470179	-0.30283406	-0.38072672	-0.4149202	-0.29298887	-0.34329543	-0.3713909	-0.34109846	-0.32339975	-0.39246908	-0.38616756	-0.38509554	-0.34441718	-0.31369665	-0.36287	-0.3326314	-0.37040505	-0.3049606	-0.33458778	-0.34077576	-0.3281966	-0.3970773	-0.29198968	-0.28422245	-0.29812303	-0.33810318	-0.35601357	-0.34346005	-0.34333032	-0.3623518	-0.34369862	-0.3304373	-0.38496438	-0.37542638	-0.3280768	-0.37901223	-0.36045048	-0.34827316	-0.2647321	-0.39828733	-0.25446135	-0.36290574	-0.33580425	-0.3675004	-0.28191122	-0.38310125	-0.30138856
embedding_0386	-0.027688308	0.006224277	-0.0108216945	-0.04633233	-0.025771853	-0.014185264	-0.081327766	-0.0020437804	0.003984631	-0.075685956	-0.057437964	-0.04455485	-0.04783874	-0.023919951	-0.052003715	-0.07487838	-0.012478012	-0.072192624	0.04454346	-0.0353484	0.008304236	0.0053356	0.03719158	0.02974317	-0.05229016	-0.03769355	-0.00019851432	-0.08457884	-0.033508465	-0.036157865	0.0002883365	0.0711731	0.026683941	-0.01844343	-0.03758513	-0.054330263	-0.03850027	-0.020377802	-0.0338742	0.045091163	-0.03138645	-0.045123883	0.0030116984	-0.045278557	0.0139571065	-0.055263475	-0.04871758	-0.010198038	-0.1059713	-0.005906909	0.08436287	-0.046912316	0.02133214	0.033615813	0.017460348	-0.07668939	-0.00056250487	-0.025246436	0.023309138	0.0003001539	-0.015320529	-0.06567764	0.0016190998	0.005792969	0.013574726	-0.011937626	-0.0067509557	-0.004366659	-0.039524864	0.09667498	-0.099223375	-0.018428212	-0.014167	0.03244433	-0.016396157	-0.0031109175	0.034790497	0.105504476	0.05808569	-0.06359957	-0.015191778	0.05265155	0.025937105	0.09759891	-0.016401026	-0.05575818	-0.0013012147	0.041170806
embedding_0387	-1.2259144	-1.3159654	-1.2856523	-1.3248506	-1.3562613	-1.2412621	-1.3029162	-1.3546804	-1.3069991	-1.2837336	-1.3295739	-1.2806016	-1.2734389	-1.3097807	-1.3531044	-1.3742934	-1.3279469	-1.3438525	-1.3968542	-1.3435049	-1.3151504	-1.3597678	-1.3302991	-1.3016288	-1.4035479	-1.2986482	-1.3147938	-1.3235826	-1.3363962	-1.2953722	-1.3682978	-1.3263344	-1.3310739	-1.2920744	-1.3161802	-1.343214	-1.3118483	-1.3321444	-1.2617923	-1.3193187	-1.3567005	-1.3000666	-1.3661953	-1.3654517	-1.2715335	-1.3276824	-1.3186647	-1.33166	-1.3278723	-1.3761241	-1.2594532	-1.3164939	-1.2962681	-1.3004158	-1.3457339	-1.2630041	-1.4437543	-1.2990245	-1.337407	-1.334967	-1.2688425	-1.2928948	-1.3641167	-1.3925698	-1.277252	-1.2941109	-1.3413361	-1.3251022	-1.3302374	-1.3781666	-1.3038099	-1.3489795	-1.2787257	-1.3410105	-1.313294	-1.3270012	-1.2899507	-1.2736295	-1.283238	-1.3865024	-1.2965921	-1.2727183	-1.2967403	-1.3306164	-1.330609	-1.3126531	-1.2948958	-1.3148391
embedding_0388	0.29645604	0.32491294	0.40331456	0.31938696	0.39693436	0.31204423	0.2920536	0.31786913	0.27066603	0.388985	0.3967983	0.29826424	0.28661045	0.38051477	0.31746474	0.31195915	0.39745274	0.39758915	0.37667257	0.4116669	0.40287536	0.28904393	0.33497092	0.35834464	0.42257133	0.3080634	0.24036516	0.28929666	0.446319	0.33129823	0.35568568	0.3936459	0.394083	0.2926832	0.34765735	0.3040587	0.33314958	0.34095567	0.33392507	0.35916623	0.45040205	0.33474225	0.4148552	0.46007052	0.314791	0.39630726	0.3826235	0.37064785	0.29645947	0.25581655	0.32442173	0.33111504	0.3008911	0.29923669	0.3679952	0.19582576	0.302975	0.40494832	0.35250974	0.3712067	0.31074408	0.3882022	0.4284765	0.36765927	0.21148619	0.33602193	0.39333147	0.3647562	0.4017804	0.36341932	0.41231534	0.37402937	0.36082283	0.27703282	0.32155997	0.37756175	0.37514275	0.3338214	0.3541902	0.2616121	0.3817858	0.2799511	0.34797832	0.36869565	0.35719973	0.34037742	0.3467967	0.32968742
embedding_0389	0.81083596	0.7154443	0.7338419	0.7685886	0.71924347	0.6164098	0.76140946	0.7252209	0.68517226	0.7157041	0.68317425	0.7604602	0.80090857	0.6799202	0.7334222	0.7411298	0.68212885	0.679411	0.72842276	0.6999299	0.6673114	0.78642124	0.7694787	0.68748516	0.75475574	0.73668516	0.77479386	0.7899699	0.69547844	0.75254947	0.6550218	0.71014625	0.7189235	0.766552	0.72576565	0.7504296	0.71121466	0.6909245	0.6498024	0.67481124	0.64546514	0.689783	0.63483304	0.6451156	0.717115	0.7707389	0.70458996	0.67289656	0.730242	0.78599393	0.7045664	0.7218353	0.7440527	0.77789736	0.7105145	0.8123885	0.80328953	0.7074268	0.71996295	0.70381874	0.6860398	0.71956354	0.7133309	0.73305094	0.76869756	0.7068327	0.700594	0.6796826	0.7128381	0.6681874	0.6528952	0.69199157	0.6805631	0.72892416	0.6537505	0.7190156	0.65180975	0.65170205	0.6998843	0.7845251	0.70515853	0.7465795	0.7027945	0.6991013	0.6931878	0.7695066	0.6133978	0.736933
embedding_0390	-0.47748095	-0.55728656	-0.50430787	-0.5054176	-0.4218919	-0.5093241	-0.5360506	-0.47579795	-0.5431964	-0.5015121	-0.46791723	-0.5418432	-0.5553874	-0.49643362	-0.49969846	-0.48532945	-0.5531503	-0.55376226	-0.48017603	-0.4589807	-0.54782176	-0.5496347	-0.49564224	-0.50692385	-0.41167846	-0.5526107	-0.5828088	-0.49700472	-0.4290359	-0.47110227	-0.5512352	-0.45989388	-0.41497675	-0.4835307	-0.49995944	-0.54587716	-0.5546878	-0.43873507	-0.52139586	-0.37857825	-0.42259377	-0.55125684	-0.5737617	-0.5488727	-0.49188846	-0.5730984	-0.48835462	-0.50249213	-0.50540495	-0.54043955	-0.5379148	-0.5553641	-0.558309	-0.50870615	-0.50171363	-0.53863645	-0.5283859	-0.52326024	-0.4372196	-0.49028274	-0.5813069	-0.56082535	-0.56485665	-0.49240783	-0.5064635	-0.52689326	-0.49196443	-0.5231907	-0.5016351	-0.47811177	-0.44672635	-0.47269443	-0.47919768	-0.59622705	-0.562166	-0.513709	-0.53063446	-0.5488894	-0.39386407	-0.5188994	-0.5050435	-0.5771874	-0.5115994	-0.47643042	-0.5057027	-0.46007925	-0.45513156	-0.46252954
embedding_0391	-0.40776893	-0.41941774	-0.45050457	-0.41406482	-0.4225316	-0.43512064	-0.46450794	-0.43737042	-0.47697288	-0.434261	-0.46194044	-0.4032167	-0.42481697	-0.44074655	-0.42360035	-0.42590195	-0.50442404	-0.4996698	-0.43390688	-0.4479901	-0.47673583	-0.42724252	-0.46039164	-0.45256793	-0.42693862	-0.4608367	-0.38406175	-0.4893046	-0.489416	-0.39606488	-0.48556012	-0.42793444	-0.41940832	-0.40768483	-0.4863708	-0.46795878	-0.45947945	-0.4390027	-0.45767456	-0.45605698	-0.4922468	-0.3954875	-0.47504574	-0.46972847	-0.43100175	-0.520065	-0.46959254	-0.4198628	-0.47054562	-0.41861203	-0.43379337	-0.48775408	-0.40032202	-0.40088528	-0.3998557	-0.4290996	-0.3415245	-0.46195582	-0.39451534	-0.43887752	-0.481962	-0.44958922	-0.44469643	-0.47081202	-0.43644714	-0.42695796	-0.4125459	-0.46343517	-0.43581498	-0.476972	-0.468225	-0.4655403	-0.43524113	-0.49002433	-0.4455573	-0.4434355	-0.4357837	-0.44501647	-0.4107798	-0.473197	-0.46542984	-0.41121367	-0.43700594	-0.45926294	-0.43683332	-0.44590268	-0.49766526	-0.4302253
embedding_0392	0.106931634	-0.021348972	0.083533205	0.009908215	0.096390694	-0.013145321	0.089841194	-0.0103246495	0.026815383	-0.066523395	0.10715186	0.062093727	0.09172492	0.04724384	0.038451035	0.06211844	0.01623213	0.051861998	0.018193085	-0.0006260977	-0.001621593	0.08858112	0.029831944	0.055955265	0.062028866	0.08774085	0.072220296	0.11312328	0.022285169	0.044731636	0.009477572	0.020949965	-0.0102662565	0.071933754	0.019629557	0.092487164	0.032996975	0.032820936	0.026898334	0.038117766	0.004017212	0.048920274	0.026798634	0.019371934	0.037924048	0.036890417	0.058812432	-0.0076051755	0.04114296	0.055046428	-0.0167368	-0.004949093	0.064726375	0.053705372	0.07258375	0.05280605	0.05919164	0.039207894	0.07554575	-0.016223859	0.02560506	0.020732213	-0.073022746	0.07672133	0.04274147	0.048479307	0.05771698	0.034791313	0.039468385	-0.033404715	0.057263676	0.025171759	0.028949257	0.0020297167	0.017138252	0.029549457	-0.017720416	-0.062271025	0.084882	0.060946107	0.020068834	0.047850877	0.048608717	0.013046896	0.024715697	0.025176091	-0.013622038	0.040865596
embedding_0393	1.5643141	1.5671958	1.5431566	1.5659212	1.564375	1.5813814	1.6101495	1.5310907	1.6281666	1.5203424	1.631528	1.6059225	1.6527598	1.6160823	1.575188	1.5525842	1.5808045	1.6219407	1.596491	1.5814253	1.5661916	1.6279747	1.5817093	1.5658644	1.562108	1.6125444	1.5944661	1.6024472	1.4603382	1.5782995	1.5556737	1.5218244	1.5539149	1.5825766	1.5885962	1.609091	1.5817899	1.5580888	1.5505632	1.5269935	1.5664861	1.6700224	1.5682621	1.5452876	1.571377	1.5448472	1.6129285	1.561654	1.5716246	1.5426279	1.6054091	1.5681311	1.5849391	1.5556569	1.53774	1.6092626	1.5712495	1.5902478	1.5898917	1.5939947	1.5383384	1.6181374	1.5092841	1.5649385	1.570817	1.6262817	1.5694419	1.5779048	1.6212848	1.5343634	1.5442573	1.5721061	1.6227324	1.5854057	1.573372	1.6131387	1.5740231	1.5937364	1.5851718	1.5691692	1.5425369	1.6206473	1.5628991	1.5181963	1.6032243	1.5859851	1.531885	1.6067406
embedding_0394	-0.129666	-0.09780306	-0.16707608	-0.10361827	-0.10941155	-0.14165603	-0.22550625	-0.01190924	-0.11853185	-0.043497194	-0.14268236	-0.19820374	-0.1392618	-0.08824149	-0.11480913	-0.110841036	-0.079960465	-0.06429064	-0.08126541	-0.041435193	-0.08345743	-0.03696716	-0.10188021	-0.07493667	-0.06909531	-0.11316071	-0.09531767	-0.15244162	-0.042918935	-0.13509426	-0.105709925	-0.06606701	-0.14720407	-0.14793208	-0.082639374	-0.16084968	-0.10336746	-0.07820962	-0.08129047	-0.16049823	-0.04042383	-0.17443533	-0.033041805	-0.07297867	-0.16780157	-0.08622073	-0.07030859	-0.084204845	-0.07218358	-0.12954175	-0.091176316	-0.07087413	-0.13551158	-0.12770501	-0.0896276	-0.107087746	-0.03518834	-0.03510637	-0.07568088	-0.05803323	-0.035556152	-0.10674081	-0.051872075	-0.105581395	-0.08480736	-0.045104317	-0.09179671	-0.07286842	-0.055839937	-0.053061172	-0.15824743	-0.10690611	-0.10295427	-0.04155815	-0.103126466	-0.042293068	-0.10364578	-0.14983667	-0.07618497	-0.13554631	-0.059480667	-0.06573525	-0.072733864	-0.07546879	-0.13343433	-0.054837625	-0.11783178	-0.11734931
embedding_0395	1.6354456	1.5666654	1.5996604	1.6034361	1.6346041	1.6142627	1.6568047	1.5154151	1.5797855	1.5737214	1.6047494	1.5317199	1.6387833	1.5087651	1.5699636	1.6009895	1.599064	1.6027157	1.5809046	1.6115674	1.515709	1.6086926	1.586038	1.5789075	1.5523374	1.6016251	1.5959923	1.6417516	1.5830451	1.5940204	1.5167866	1.6086017	1.5388274	1.6558783	1.6388177	1.628045	1.6017545	1.5832971	1.5363039	1.5575254	1.582559	1.5740745	1.5651604	1.5318251	1.5270337	1.559767	1.608342	1.5663471	1.5968432	1.5807549	1.5763587	1.5867609	1.5759434	1.6041486	1.6354885	1.5190026	1.5660226	1.6046036	1.5579156	1.5647242	1.5758858	1.573988	1.4845741	1.6123616	1.5740945	1.6395304	1.598585	1.6028632	1.5898014	1.4868132	1.5777075	1.5860034	1.5977134	1.5131514	1.5644162	1.6062062	1.597606	1.5651395	1.6525091	1.5831378	1.5661976	1.6451694	1.5727715	1.5350302	1.5825609	1.5565518	1.6096431	1.6432431
embedding_0396	-0.028081294	-0.077604175	-0.1232752	-0.12795441	-0.21153232	-0.009020514	-0.099535964	-0.04019105	-0.19022813	-0.024714807	-0.10768563	-0.045078438	-0.046323534	-0.12758204	-0.22781818	-0.17914337	-0.05086609	-0.12752324	-0.15223096	-0.20594025	-0.19749132	-0.28311706	-0.12897323	-0.14070052	-0.21674292	-0.07869111	-0.24824618	-0.18899019	-0.25950983	-0.12771441	-0.29341596	-0.10467529	-0.04698991	-0.16827746	-0.115883544	-0.23341385	-0.18385682	-0.1809652	-0.182816	-0.081798114	-0.20388596	-0.061017163	-0.20268352	-0.15464519	-0.030814752	-0.19185404	-0.19897766	-0.13366422	-0.20044303	-0.18668295	-0.045437917	-0.13258184	-0.024352515	-0.057405576	-0.16663682	-0.11754372	-0.36069122	-0.15488733	-0.09954677	-0.12291835	-0.11923434	-0.06369241	-0.25377846	-0.20003591	-0.3131382	-0.13659109	-0.13835506	-0.2662523	-0.2144505	-0.17927113	-0.11251651	-0.1918582	-0.07377502	-0.11642154	-0.113706976	-0.1995666	-0.14645182	-0.08708904	-0.09371568	-0.26350495	-0.10691833	-0.20108077	-0.14838451	-0.25026506	-0.15602231	-0.22671282	-0.14352556	-0.092806235
embedding_0397	-0.06620566	-0.041960355	-0.08118933	-0.11725578	-0.025015457	0.080392085	-0.09036049	0.032380093	-0.03615726	-0.07419616	-0.054046046	-0.13951305	-0.09117528	0.022357194	-0.06809019	-0.050052103	-0.015608953	-0.005447288	-0.07799982	-0.0053362087	-0.054550014	-0.052067943	-0.02658514	-0.044199653	-0.06601295	-0.04730227	-0.006608206	-0.13052842	-0.15156908	-0.090047985	-0.12888186	0.017460877	-0.028328478	-0.096892506	-0.061848175	-0.11988867	-0.04359859	-0.008963808	-0.053386647	-0.068126164	-0.045303375	-0.03553794	-0.011615374	0.009534111	-0.062553436	-0.09387066	-0.03704378	-0.013842573	-0.10027345	-0.09352312	-0.05837808	-0.06754822	0.022304745	-0.05063383	0.014563116	-0.1962217	-0.025969617	-0.018726615	0.016841928	-0.07862289	-0.13990659	-0.04858061	0.005644903	-0.029562231	-0.202637	-0.003929949	-0.0077651897	-0.08470614	-0.042435765	-0.060885984	-0.076124795	-0.03249926	-0.016874893	-0.09617756	-0.0063633886	-0.048723195	-0.026616469	-0.02594066	-0.038968038	-0.11453921	-0.095939286	-0.10014831	-0.07500543	-0.03147719	-0.07052524	-0.10892196	-0.029771797	-0.038267273
embedding_0398	-0.07001409	0.05853509	-0.0032361536	0.03629518	0.040710397	-0.06583116	0.0024902674	0.03863923	0.0014618308	0.03581233	0.05089958	0.08608982	-0.012981227	0.07363662	0.037920814	-0.006207594	-0.01404834	0.052132264	0.07124353	0.004341197	0.07135097	0.027202673	0.009888607	0.0804225	-0.011058667	0.014288383	-0.020404506	0.027437082	0.049788706	0.05146684	0.014589134	-0.034529366	-0.008803555	0.0004753762	-0.016621992	0.063101545	0.016446222	0.02471392	0.000545874	0.030391231	0.032278143	0.07265988	0.03925793	0.019794157	0.042423133	0.071786895	-0.0015212401	0.06800007	-0.0037935807	0.044292666	0.044413045	0.026904317	0.049312003	0.008988793	-0.0038526931	0.042233113	0.005476524	0.008153305	0.0463885	0.014970458	0.08541428	0.073739864	0.024778882	0.043542713	0.04177802	-0.008463215	0.023737943	0.06386569	0.083515465	0.06798781	0.075084895	-0.042711847	0.08454423	0.103717074	-0.029475061	0.060864594	0.019340117	0.09202759	0.0060939575	0.036371075	-0.01090401	0.057160255	0.041554663	0.031857032	0.039776105	0.053134456	-0.0040417146	0.044397105
embedding_0399	-0.42888117	-0.5004656	-0.48892125	-0.429763	-0.43794003	-0.47596	-0.46462503	-0.4798592	-0.42723855	-0.49886453	-0.4315872	-0.48131815	-0.48929867	-0.4175021	-0.37765765	-0.42960185	-0.49153125	-0.47263795	-0.42418024	-0.39932284	-0.44309923	-0.44541997	-0.50546366	-0.42662367	-0.35151982	-0.4481166	-0.39551222	-0.4468657	-0.35811776	-0.40647465	-0.41203102	-0.39686236	-0.42019123	-0.42990908	-0.4356483	-0.4111392	-0.40202197	-0.3511422	-0.42645577	-0.36878422	-0.36558133	-0.42970765	-0.4613199	-0.44224972	-0.4399105	-0.47488302	-0.39627054	-0.39289078	-0.4258859	-0.40788934	-0.5210777	-0.46691877	-0.46333367	-0.47990996	-0.4737888	-0.40972048	-0.3378845	-0.44578975	-0.46240318	-0.4278477	-0.43721557	-0.50672865	-0.4157431	-0.38110033	-0.3679713	-0.46429402	-0.42732504	-0.42084053	-0.4219323	-0.37466568	-0.40379232	-0.40540427	-0.48916402	-0.48264623	-0.45010048	-0.44960526	-0.485824	-0.5143057	-0.3879338	-0.39174655	-0.44784445	-0.45594093	-0.3831161	-0.363624	-0.47441912	-0.35271686	-0.43324363	-0.440137
embedding_0400	-0.014171332	0.0733929	-0.06762304	0.034638062	-0.006894382	0.065727435	0.049745496	0.067847446	0.09060896	0.10151427	0.037209958	0.028579792	0.09115284	0.06413441	0.097275905	0.09048021	0.060113475	0.05577568	-0.0020646416	0.053348556	0.020534156	0.08474674	-0.004255213	0.06691436	0.092982285	0.10541262	0.07897354	0.12135867	0.08146119	0.035218865	0.06786039	-0.007902194	0.021883363	0.10350467	0.02879877	0.056175202	0.054963227	0.07630536	0.06391948	0.028252594	0.0335491	0.053994257	0.065410905	0.019170398	-0.0046627247	0.099337734	0.06148897	0.010769479	0.055101875	0.07777463	-0.022230918	0.06761208	-0.0024760538	0.06598509	0.061738513	0.16446522	0.07586761	0.01661963	0.046916913	0.04349552	0.026149651	0.026874939	0.016907027	0.06221263	0.08880361	0.01897718	0.0037556952	0.03349128	0.05171419	0.02220597	0.0728637	0.039488	0.045885902	0.071994156	0.070910536	0.06467241	-0.005100009	-0.034179505	-0.004224483	0.101694256	0.027793553	-0.0026649083	0.024690997	0.011739261	0.045617063	0.12671037	0.058534294	0.07844596
embedding_0401	0.7649486	0.73060477	0.7721808	0.7208989	0.7317737	0.665186	0.7589777	0.7245859	0.7402048	0.79025275	0.7558393	0.8175685	0.80442864	0.70732826	0.7325535	0.71458626	0.7148204	0.7353262	0.69629747	0.7104005	0.7363535	0.7135221	0.78086305	0.7797023	0.6792806	0.760003	0.7736712	0.76047826	0.76153	0.7616348	0.73846954	0.6934473	0.7018362	0.7338678	0.74377614	0.7579861	0.72261906	0.6620642	0.71390146	0.6878761	0.7219685	0.71187997	0.69659734	0.68575126	0.74345213	0.77715385	0.72701395	0.71599567	0.7491989	0.7556855	0.75693053	0.7665212	0.733079	0.75366116	0.68541044	0.8513755	0.71061844	0.74933094	0.7151304	0.70745784	0.7402456	0.68365026	0.726863	0.7330996	0.76769257	0.6729739	0.70692766	0.77613914	0.7539423	0.7469027	0.6955258	0.7347366	0.6847395	0.77533525	0.70247287	0.7692249	0.76246417	0.74926645	0.73381907	0.75220543	0.7513534	0.76336193	0.7218205	0.7164234	0.75109875	0.7346582	0.6922773	0.77889967
embedding_0402	-0.53904283	-0.5564308	-0.51729	-0.5659564	-0.49652645	-0.54601026	-0.5470458	-0.53418815	-0.6013464	-0.606021	-0.54630005	-0.53417563	-0.568551	-0.54106367	-0.57986534	-0.57387215	-0.5549159	-0.5011355	-0.5610334	-0.5584738	-0.508791	-0.5365984	-0.5283257	-0.5097561	-0.55177027	-0.55751395	-0.46923932	-0.5233537	-0.5427147	-0.5502664	-0.51046914	-0.5751735	-0.57306796	-0.5820175	-0.5602358	-0.47176462	-0.5172154	-0.59005845	-0.56730115	-0.58242375	-0.5657383	-0.6108117	-0.47674066	-0.53958726	-0.61364716	-0.41296738	-0.50947165	-0.5315527	-0.59678805	-0.5248575	-0.5415724	-0.5693988	-0.55491453	-0.56947577	-0.52929395	-0.62670994	-0.5574785	-0.5074978	-0.52919245	-0.57113314	-0.55368704	-0.49376404	-0.493079	-0.5253535	-0.60182524	-0.5377204	-0.5505118	-0.5016619	-0.5017911	-0.624533	-0.59579057	-0.53465015	-0.57511425	-0.5786412	-0.52511925	-0.5267435	-0.52091384	-0.5198668	-0.5580141	-0.5725052	-0.59963036	-0.49050465	-0.54652804	-0.54280514	-0.53707594	-0.5084407	-0.6206838	-0.55797493
embedding_0403	0.22674009	0.27841952	0.34171775	0.34886962	0.27523613	0.2170796	0.2529896	0.32545274	0.28710902	0.34771174	0.39071906	0.30069947	0.24802564	0.31957924	0.267504	0.26779956	0.20604213	0.2650745	0.25343752	0.2903068	0.24426647	0.21986783	0.2883495	0.23803861	0.26730013	0.25713181	0.25595087	0.3127205	0.29505256	0.33339173	0.24625236	0.28626394	0.29062507	0.27378556	0.24890275	0.23420766	0.27075064	0.35401958	0.30046704	0.28487226	0.29859534	0.31841362	0.21426906	0.28317785	0.3563417	0.12106903	0.27710754	0.3282221	0.23040403	0.22957684	0.3302939	0.27661222	0.28078386	0.29259482	0.25783715	0.32923663	0.28787252	0.23925193	0.33342698	0.2794895	0.25058064	0.2414762	0.21055381	0.27653265	0.3435215	0.30159107	0.27913085	0.25305468	0.34985366	0.31761253	0.3049942	0.30478048	0.34311217	0.31584448	0.22521299	0.30888188	0.28945386	0.35013723	0.3512975	0.30331755	0.30095476	0.2461557	0.34210557	0.3248968	0.2898046	0.33868286	0.2956875	0.37898922
embedding_0404	0.30931553	0.43308133	0.4075189	0.35687467	0.36016214	0.35970905	0.33162597	0.36471933	0.42736033	0.3306178	0.42982128	0.4088236	0.2889588	0.4623752	0.38128597	0.36853215	0.3648892	0.43589118	0.40036157	0.3809338	0.48747808	0.47790042	0.34304833	0.4068644	0.40560123	0.3770905	0.3745898	0.32191962	0.3965844	0.3958053	0.42875683	0.30257922	0.33731672	0.34652287	0.373752	0.44104514	0.46814024	0.3072114	0.41872224	0.32678935	0.44467708	0.45871064	0.4665641	0.4104144	0.3099246	0.50375116	0.4132147	0.4001632	0.33803096	0.38815722	0.4203966	0.33206737	0.38052496	0.30635446	0.37599865	0.28125444	0.37107676	0.4065083	0.4075663	0.37587884	0.37719843	0.437318	0.46471325	0.43030435	0.39030245	0.38431218	0.39914733	0.44504192	0.39751753	0.30778554	0.42823353	0.3444068	0.36282465	0.43392986	0.41548875	0.40599793	0.38613227	0.45519775	0.3450261	0.39202458	0.3579913	0.4662989	0.3701358	0.37857497	0.39054945	0.38887566	0.3611756	0.31555572
embedding_0405	0.41903946	0.42191923	0.32797253	0.42285058	0.3802057	0.49786204	0.42690063	0.3880786	0.4126957	0.45451146	0.41164032	0.3992622	0.48269555	0.4438701	0.424476	0.42500606	0.41900554	0.38379997	0.37736037	0.4058757	0.34079117	0.3973452	0.38446558	0.4086563	0.43342066	0.40445742	0.36126727	0.454047	0.44486156	0.41050595	0.40057477	0.40731248	0.45153785	0.43042153	0.35998085	0.37770376	0.4074167	0.48798877	0.47165284	0.43206483	0.37877065	0.41999042	0.35003808	0.40081373	0.45003033	0.37849566	0.3992824	0.4346339	0.41390043	0.43305755	0.3594871	0.41174302	0.39824218	0.44902968	0.40583643	0.48165244	0.38584876	0.3634501	0.4283998	0.4235278	0.38889763	0.40953088	0.36087233	0.39041916	0.407221	0.37500843	0.38524497	0.38088974	0.44203952	0.448006	0.42283538	0.41443852	0.41123384	0.40323722	0.41510227	0.40591803	0.37124822	0.3908271	0.41356593	0.4343223	0.40701464	0.3444325	0.42086667	0.43953738	0.39105594	0.46539462	0.42305073	0.4734556
embedding_0406	-1.021096	-1.0417564	-1.0710542	-1.1507219	-1.1556394	-1.035925	-1.0367756	-1.0123837	-1.097254	-1.0706859	-1.1458048	-1.1105983	-1.0151864	-1.0946363	-1.1198256	-1.0996559	-1.0064489	-1.0694734	-1.1184341	-1.1534362	-1.0982223	-1.1078416	-1.0752383	-1.0690935	-1.2205725	-1.039485	-1.027715	-1.1655511	-1.1902561	-1.104154	-1.0916834	-1.0499259	-1.0477842	-1.1066675	-1.0803282	-1.0790018	-1.1453618	-1.0983585	-1.071081	-1.1597937	-1.1838759	-1.0922118	-1.0770448	-1.0400121	-1.007242	-1.1403168	-1.1315839	-1.1339253	-1.11308	-1.1023467	-1.0287753	-1.0827959	-0.9726318	-1.0517775	-1.1292155	-1.0432966	-1.2119801	-1.0788904	-1.1332543	-1.1070659	-1.108049	-1.0861053	-1.1207906	-1.0845404	-1.2379881	-1.1599084	-1.1017767	-1.1601477	-1.1643014	-1.0998133	-1.159792	-1.0928175	-1.1366522	-1.0297021	-1.0542929	-1.1525263	-1.0148839	-1.0451231	-1.1227762	-1.1375145	-1.0899799	-1.1377777	-1.086298	-1.1216605	-1.0977262	-1.1769229	-1.1054777	-1.0832094
embedding_0407	0.44637847	0.49613988	0.512903	0.4748493	0.5175656	0.39009264	0.46217814	0.5554505	0.4808008	0.4861245	0.4856397	0.40657973	0.44895914	0.49246016	0.4008579	0.4601783	0.5066026	0.54448646	0.4703848	0.5219408	0.56269515	0.5200833	0.54691195	0.53119534	0.45168185	0.49009886	0.5769586	0.45937723	0.46611303	0.46150073	0.4869558	0.45223957	0.4722997	0.46999186	0.5354645	0.50858724	0.52113014	0.44686136	0.45993808	0.3631773	0.5011412	0.4112209	0.5681926	0.5267958	0.4347875	0.55431795	0.51802	0.49072072	0.48152515	0.46758544	0.53296226	0.51541036	0.48923075	0.43560532	0.5270502	0.4316573	0.5031599	0.5645049	0.47559577	0.4924283	0.5664414	0.5007783	0.5128571	0.5075599	0.47566777	0.58133656	0.5043525	0.53405	0.5426163	0.49152002	0.4382171	0.43779707	0.5054062	0.54075044	0.5132422	0.5703195	0.5359486	0.56390953	0.48427713	0.46527135	0.48017728	0.5576146	0.5215739	0.5344666	0.48966277	0.51019937	0.43767458	0.5023399
embedding_0408	0.8541799	0.90082496	0.9577878	0.91753197	0.9126521	0.7915787	0.866576	0.9624656	0.93538976	0.863984	0.9268412	0.83306277	0.8330193	0.9011592	0.8796996	0.9119095	0.8858642	0.95117646	0.98581487	0.87969834	0.91722286	0.908323	0.97841465	0.8746335	0.9183677	0.9000426	0.9567606	0.90454316	0.868942	0.86138046	0.89321053	0.9055617	0.8765518	0.9106864	0.9058266	0.9291339	0.89175236	0.8140406	0.84123784	0.83917063	0.9044727	0.83626974	0.9170996	0.92844653	0.82845706	0.9685567	0.8968828	0.8722489	0.87758565	0.9017024	0.91603905	0.88390106	0.90947324	0.9162233	0.944293	0.82060397	0.9366873	0.8854692	0.9416552	0.8690055	0.90294456	0.8970164	0.9194056	0.94609624	0.8475806	0.8996116	0.91126764	0.8510825	0.9155008	0.9051669	0.82256156	0.8574935	0.86687064	0.93171173	0.90308493	0.9089227	0.85294384	0.8868225	0.86563534	0.9118127	0.8931292	0.95468986	0.83312154	0.8989594	0.8867476	0.84126145	0.8520092	0.89085907
embedding_0409	0.16716675	0.11654534	0.14519498	0.09689965	0.12793836	0.024639973	0.14589462	0.11122845	0.15024823	0.025859453	0.09705147	0.114252955	0.1642746	0.10584775	0.09028037	0.11325341	0.13559581	0.12991555	0.07616261	0.10341217	0.07453841	0.22298981	0.18170224	0.13536869	0.115307115	0.1545419	0.2142705	0.15440798	0.13003385	0.1236602	0.07527206	0.0990992	0.17158131	0.116426975	0.09421499	0.19249968	0.13907127	0.07028245	0.09266874	0.025015503	0.085284166	0.024590652	0.10055892	0.06303203	0.07361963	0.20316616	0.145072	0.08239161	0.16876693	0.0976211	0.13830887	0.12586823	0.15307274	0.105866455	0.10399287	0.15619645	0.16219227	0.12512088	0.09117698	0.10430498	0.12924376	0.09309388	0.07695188	0.16658139	0.11410275	0.118699595	0.102179684	0.09689726	0.13226585	0.10129262	0.00687388	0.08646134	0.033576243	0.18394823	0.12123068	0.14060631	0.1123755	0.098075524	0.10176007	0.12149952	0.10597638	0.1647193	0.13433099	0.14076704	0.07570947	0.13454053	-0.0379814	0.14153989
embedding_0410	-0.27566588	-0.34040976	-0.37907767	-0.33853525	-0.35131007	-0.3445358	-0.3482334	-0.34191653	-0.44299555	-0.3306337	-0.4084945	-0.35233688	-0.3032592	-0.4380006	-0.37317562	-0.37038144	-0.34968722	-0.4130081	-0.45478046	-0.41160604	-0.39741203	-0.36210346	-0.36193794	-0.38336757	-0.36150408	-0.3803567	-0.3377812	-0.4244738	-0.4107242	-0.38566908	-0.3846484	-0.3792617	-0.30722412	-0.40494022	-0.37797973	-0.37458822	-0.4086437	-0.37288395	-0.38058975	-0.33791393	-0.47151908	-0.50345194	-0.3210711	-0.4187614	-0.38271105	-0.38118976	-0.3777503	-0.38131955	-0.37584707	-0.3480296	-0.34742734	-0.35598856	-0.3814383	-0.3701257	-0.39334428	-0.3491044	-0.3694518	-0.34818956	-0.46155876	-0.37055123	-0.35304415	-0.40718862	-0.36973095	-0.38990745	-0.39118814	-0.33748952	-0.4245898	-0.39469272	-0.35778314	-0.37557453	-0.4135076	-0.37246895	-0.365662	-0.3993691	-0.33966333	-0.3624737	-0.35392004	-0.45668483	-0.35119817	-0.39098725	-0.38971817	-0.39114606	-0.32018247	-0.4282682	-0.3670807	-0.29345253	-0.3846655	-0.396828
embedding_0411	-0.5251451	-0.57754886	-0.6389359	-0.58082086	-0.5837133	-0.4737164	-0.57390654	-0.5321526	-0.607413	-0.61405474	-0.57477653	-0.5747789	-0.5399087	-0.60352325	-0.553837	-0.5388863	-0.5905148	-0.6054832	-0.60621166	-0.5895666	-0.61119807	-0.63041073	-0.60036856	-0.627936	-0.6023278	-0.59268725	-0.61033076	-0.6167367	-0.6764522	-0.6107872	-0.61206275	-0.581541	-0.593541	-0.594707	-0.5635917	-0.62173116	-0.57315636	-0.5371396	-0.5600109	-0.44006592	-0.59559155	-0.59263474	-0.5615619	-0.6140331	-0.5586338	-0.63715035	-0.6119849	-0.58042806	-0.63688684	-0.55511135	-0.56989855	-0.6017664	-0.5775546	-0.5378372	-0.5702992	-0.5843421	-0.6368055	-0.61180615	-0.54673785	-0.57010335	-0.638891	-0.5841501	-0.5752312	-0.6471401	-0.61485386	-0.5618013	-0.61775774	-0.59807676	-0.60547405	-0.61878073	-0.5518358	-0.58084387	-0.5076041	-0.65886706	-0.5598082	-0.6215609	-0.5963125	-0.5899371	-0.5135211	-0.59351397	-0.59894073	-0.6337543	-0.5944933	-0.6534237	-0.5799165	-0.5910172	-0.54141694	-0.5970668
embedding_0412	0.7227334	0.66056526	0.7621027	0.7328516	0.7006968	0.6930768	0.6965131	0.7687453	0.73510855	0.66132635	0.6817187	0.6929078	0.6904499	0.7097487	0.74388564	0.72705525	0.7279217	0.75843316	0.819161	0.6888339	0.78245026	0.6904388	0.792262	0.72610635	0.65767443	0.7610987	0.81442535	0.7310664	0.68945944	0.6911003	0.71811146	0.7657907	0.67429066	0.75542325	0.7146961	0.7639205	0.73628736	0.68782413	0.6773912	0.6377423	0.7046832	0.6981367	0.7925614	0.75883967	0.76120734	0.755791	0.7041443	0.7067097	0.6923799	0.782657	0.73229283	0.7354548	0.80055666	0.7654399	0.73703796	0.6615274	0.79204214	0.7585227	0.72916555	0.71611714	0.7411359	0.7139068	0.7497021	0.71350086	0.70678604	0.7195112	0.7577736	0.6759633	0.69770265	0.71487886	0.67558527	0.7370536	0.7023684	0.7397381	0.75441283	0.7066662	0.70740294	0.76841587	0.67433155	0.7395606	0.71867925	0.73560274	0.7010521	0.7280606	0.7185108	0.66409236	0.7037399	0.7378989
embedding_0413	0.07003183	-0.01322547	0.0060975887	0.02154746	0.045285165	-0.0078245755	0.06976941	-0.03550866	-0.016569842	-0.011767431	0.019076511	0.1050475	0.046391763	-0.012312884	-0.015610817	0.05315105	-0.02765184	-0.013408688	0.0015419392	-0.010995201	-0.07158581	-0.05055551	0.041254636	0.01590453	0.008726204	0.006861572	0.07151542	0.06922628	0.009708528	0.0049922867	-0.037023876	0.0027762104	-0.036017407	0.05710654	-0.0031979184	0.019286055	0.0034288664	-0.023331739	-0.053704325	0.0019549478	0.026044598	0.058025666	-0.08726491	-0.061881647	-0.006117945	0.015115286	-0.0038181904	-0.028020969	0.0466158	0.062988505	0.019735508	0.011363029	0.0017804919	0.060849354	0.04545028	0.06915834	-0.039108645	0.017033016	0.040729214	-0.011972174	0.019114532	-0.008148466	-0.070158154	-0.009615497	0.054671038	0.0148629695	0.028360298	-0.027996855	-0.008182133	-0.009881251	-0.011326512	0.0036617478	0.020588921	-0.046001367	-0.026319284	-0.004536918	-0.056617584	-0.05091892	0.012911871	0.009189694	-0.0036674782	0.005249261	-0.030138347	-0.017955268	0.015392378	0.012091948	-0.04115937	0.062247284
embedding_0414	-0.71120924	-0.6264473	-0.56225264	-0.61171037	-0.5747247	-0.510696	-0.5988026	-0.54355854	-0.5709529	-0.5555328	-0.61511475	-0.6336596	-0.6744928	-0.5598133	-0.6072074	-0.56650496	-0.6406777	-0.55351615	-0.57475555	-0.5732525	-0.5422118	-0.6117052	-0.5733926	-0.622862	-0.55507135	-0.62291956	-0.62391245	-0.64831406	-0.56055945	-0.5827256	-0.55685663	-0.65593684	-0.5492499	-0.6348271	-0.5778018	-0.597287	-0.5781654	-0.62635195	-0.6213298	-0.51390815	-0.48588482	-0.6051113	-0.51710045	-0.5241683	-0.6217565	-0.6173658	-0.6100643	-0.4928604	-0.6361786	-0.6365504	-0.6335537	-0.6204928	-0.5856468	-0.6498418	-0.54875755	-0.67470235	-0.65666294	-0.61347383	-0.57333535	-0.5534293	-0.6577123	-0.5713314	-0.49867052	-0.56025773	-0.6203925	-0.5789864	-0.58550584	-0.61958295	-0.5825745	-0.63493645	-0.52676046	-0.5473711	-0.5446806	-0.62917155	-0.5248038	-0.6431944	-0.613613	-0.55684537	-0.6714298	-0.6192325	-0.5936499	-0.66200244	-0.6114204	-0.6031707	-0.5960992	-0.6025567	-0.53454447	-0.6048877
embedding_0415	0.64361995	0.71121335	0.71638894	0.5808376	0.6134401	0.69202095	0.7605679	0.6263096	0.7811426	0.63560337	0.7243363	0.7931799	0.73640543	0.71802527	0.6866007	0.6248389	0.77052724	0.81651783	0.6985157	0.6448097	0.7815011	0.665762	0.6791012	0.74131125	0.5884397	0.7515793	0.66973734	0.62325096	0.666471	0.6219329	0.68926525	0.6329851	0.6617375	0.6624529	0.6625881	0.74707043	0.72132564	0.5519543	0.725976	0.5876871	0.6949699	0.7513417	0.7048617	0.75372994	0.6629011	0.8892402	0.73059547	0.6626551	0.72304	0.66534007	0.7822441	0.7228544	0.7769018	0.6724408	0.61001766	0.6800005	0.62114775	0.76625526	0.67098475	0.6591578	0.7607277	0.76941586	0.77039266	0.6493131	0.5882068	0.60213494	0.69177294	0.70832694	0.67191494	0.65837634	0.6575169	0.6377841	0.66319495	0.74491686	0.7488316	0.6860185	0.7287068	0.7536246	0.56898224	0.6153802	0.7415283	0.7836068	0.6169452	0.6542593	0.66980124	0.5708083	0.6532264	0.6611678
embedding_0416	0.5819376	0.49237353	0.48609903	0.43827453	0.47265255	0.59709626	0.46062174	0.52659446	0.43684953	0.46946558	0.45462796	0.49894324	0.4932858	0.51073074	0.45033666	0.44810084	0.4928768	0.4892325	0.42673376	0.47120163	0.48261985	0.45255896	0.49117354	0.45542154	0.44153005	0.50066096	0.4805835	0.45915663	0.4296664	0.47150165	0.4159135	0.52254426	0.52728504	0.41183436	0.45292395	0.461106	0.47610646	0.5205646	0.52446294	0.5638883	0.46702403	0.5532179	0.47207752	0.4770472	0.5111286	0.4925542	0.47624257	0.5546385	0.4454136	0.51750565	0.4974236	0.4474752	0.5416024	0.49244982	0.48874825	0.45736426	0.40286723	0.5075128	0.5137334	0.5032143	0.4578452	0.52593136	0.46627194	0.44840676	0.39902222	0.49328738	0.49056637	0.41557884	0.47804013	0.4248526	0.43115154	0.49157715	0.5312432	0.41244942	0.5343694	0.41431862	0.4895458	0.5447262	0.57916814	0.3834192	0.45343083	0.506412	0.44515082	0.4770827	0.4417974	0.41385362	0.4828877	0.4969809
embedding_0417	-0.011945092	-0.0059142527	-0.071369156	0.0038807173	-0.10461641	0.048421733	-0.035800416	-0.16045518	-0.07823111	-0.025523942	-0.15454182	0.008394148	-0.051444583	-0.1123227	-0.0033865033	-0.056852195	-0.039702885	-0.11085533	-0.040751666	-0.11117901	-0.11940444	-0.057910763	-0.099256724	-0.10762416	-0.072579004	-0.0673562	-0.13413262	-0.06400218	-0.077874005	-0.03774235	-0.033779997	-0.025748378	-0.05412853	-0.035450548	-0.037776735	-0.05212129	-0.09374794	-0.08260259	-0.09267596	0.019639919	-0.098842345	0.077757545	-0.11818861	-0.10523098	-0.0070705847	-0.12584597	-0.081565276	-0.05120385	-0.045177452	-0.026932405	-0.13117982	-0.07464178	-0.06704453	-0.026224999	-0.08894249	-0.08672608	0.030476658	-0.08586209	-0.099931836	-0.031105854	-0.09500367	0.043189332	-0.055011664	-0.102543235	-0.058942307	-0.044569176	-0.028719027	-0.14381738	-0.10728789	-0.10751131	-0.029451007	-0.06425571	-0.07109894	-0.09768762	-0.039409682	-0.13051912	-0.08097415	-0.14384656	-0.017253311	-0.08849444	-0.05811218	-0.07730011	-0.058552038	-0.11103252	-0.057746112	-0.12654859	-0.05618951	-0.05686793
embedding_0418	-0.06139786	0.026845109	-0.031149937	0.0006949933	0.0028696717	0.107298866	-0.05494912	-0.009656504	0.0476148	0.093786225	0.0035084803	-0.025989797	-0.016327245	0.031965163	0.012640109	-0.004795838	0.03768704	0.01350412	0.03219252	0.03318722	0.06001976	0.004678894	-0.038878545	-0.041732874	0.06375812	-0.0072512217	-0.123334736	-0.03664785	-0.0071196645	-0.0051348708	0.059257608	0.03686359	0.0023894638	-0.013678779	0.02693706	-0.0731564	0.006502168	0.05634101	0.02389265	0.09590786	0.09113569	0.10206851	0.0660423	0.07267535	0.0047949613	-0.066911794	0.024054823	0.06731401	0.023134395	0.009996086	-0.034574725	0.03582911	-0.04090164	-0.017294684	0.037337177	-0.03645659	5.6314828e-05	0.0301324	-0.022216538	0.071135186	0.012427861	0.065831006	0.070724644	0.024019897	-0.019603437	0.06387572	0.035392776	0.03200164	0.011546992	0.05749997	0.10334477	0.034930415	0.061806668	0.038563862	0.043592066	0.03438334	0.055978924	0.0334595	0.006156729	-0.026940223	0.03362576	-0.038667146	0.018864293	0.028976472	0.036785096	0.028555186	0.10002224	-0.00078003015
embedding_0419	0.005194439	0.11051655	0.17253579	0.10824456	0.03777498	0.022402627	0.08404062	0.102949366	0.048103776	0.0025124426	0.0435276	0.041429717	0.08066169	0.03939529	0.022566605	0.018075684	0.14624459	0.07588641	0.07207324	0.046597343	0.12024083	0.07411281	0.05129087	0.08126352	0.08517095	0.042780343	0.052501433	0.08470085	0.1280926	0.0679879	0.09567107	0.0419095	0.059184328	-0.014510304	-0.0019816756	0.05500808	0.04193794	0.13081297	0.020869289	-0.04036375	0.029842144	0.023883171	0.07369911	0.023948075	0.033078328	0.15566304	0.0627659	0.044694684	0.11437553	-0.015853312	0.017499533	0.07215031	0.059874255	-0.020161862	0.04328405	-0.004967443	0.11384947	0.07604756	-0.033452746	0.027224965	0.09237884	0.10558292	-0.0134444935	0.123159155	0.08075349	0.08160292	0.09385338	0.048908368	0.07191936	0.05926391	0.074303694	0.039716788	-0.027997142	0.11893052	0.025195206	0.062082935	0.034077246	0.0074894894	0.04187986	0.048820645	0.07334858	0.15356307	0.13824865	0.086310074	0.061364256	0.017982442	0.043779936	0.07020656
embedding_0420	0.7339867	0.7577638	0.67651635	0.7830414	0.7056497	0.8748715	0.6925955	0.82370156	0.7576466	0.8303566	0.79558265	0.7567446	0.6556572	0.79745096	0.7387765	0.7363159	0.7661206	0.7513002	0.7846928	0.78895575	0.7632151	0.682046	0.77317023	0.7338674	0.7753255	0.6976922	0.58412856	0.7309872	0.7611534	0.780533	0.6990103	0.8371094	0.7855109	0.72053826	0.8221015	0.6225529	0.75862527	0.85149086	0.7641397	0.8490832	0.8691693	0.81589943	0.7121501	0.75727546	0.80824494	0.65210587	0.73453885	0.85159785	0.73795116	0.7220424	0.7497562	0.7213372	0.764295	0.7287167	0.77955353	0.7519299	0.7213614	0.77329195	0.7600997	0.78254116	0.7052547	0.81197816	0.7621955	0.7535473	0.73791754	0.80746907	0.75809836	0.77791715	0.7472923	0.7427783	0.7762685	0.78439236	0.7883475	0.73563313	0.7429347	0.7474478	0.7902847	0.82311356	0.8182334	0.6793877	0.80453634	0.7586975	0.71580106	0.71999407	0.7717312	0.7030317	0.84478897	0.74012595
embedding_0421	0.10245895	0.2141345	0.1913445	0.18984598	0.19511472	0.17945652	0.13527377	0.2786506	0.19508328	0.21848343	0.186561	0.08633211	0.18600494	0.18564403	0.21642788	0.20950484	0.1494176	0.2348019	0.24543779	0.25497687	0.22609167	0.24733068	0.14596625	0.15349284	0.18686283	0.20537522	0.2402428	0.09651951	0.1796369	0.20049885	0.19999637	0.18079181	0.16022757	0.15251827	0.20847884	0.18976885	0.2060284	0.17940862	0.20557357	0.1885834	0.19267064	0.16230386	0.24585108	0.26730067	0.17371716	0.15163313	0.17711201	0.2504572	0.16159408	0.14722005	0.23337883	0.17333876	0.17267524	0.16368832	0.2400713	0.14988409	0.21343948	0.19744423	0.21877815	0.18731487	0.1784206	0.15777776	0.24134657	0.25544527	0.19327764	0.19622146	0.18586166	0.19848764	0.2351552	0.2605813	0.21951063	0.13220012	0.2472599	0.22914045	0.22451186	0.22421464	0.18594344	0.19871572	0.2082372	0.18667182	0.1967789	0.24198075	0.2123733	0.21262144	0.19441277	0.20607668	0.24079336	0.21297842
embedding_0422	0.06829713	0.15416288	0.04684335	0.07164408	0.040739626	0.15338366	0.0955701	0.20462282	0.11126379	0.19982146	0.14502354	0.091604725	0.06102957	0.13935801	0.110800244	0.1338539	0.09196566	0.15203795	0.07357967	0.10206578	0.10508569	0.05580189	0.13067514	0.08000759	0.11084155	0.12419549	0.03812928	0.09791154	0.025432026	0.10268018	0.08022477	0.09222764	0.13256982	0.034883298	0.097276695	0.037326694	0.10997116	0.14122638	0.10294338	0.11270671	0.13775106	0.14131409	0.09102424	0.15798791	0.13157214	0.017196072	0.07057055	0.11932987	0.10327952	0.05152244	0.13034673	0.10674046	0.10615341	0.080335304	0.08831581	0.16325589	-0.0032345029	0.09104342	0.18057513	0.1162681	0.08757597	0.12665267	0.08236556	0.15945493	0.058174707	0.06458731	0.10679796	0.055980347	0.096818075	0.023237279	0.11240723	0.123165354	0.14901233	0.1546181	0.10473555	0.06899128	0.07156843	0.11636076	0.06640359	0.06911707	0.10482145	0.053147342	0.06979063	0.07069538	0.11232276	0.10234972	0.116985895	0.09125668
embedding_0423	0.2677549	0.26586905	0.18118702	0.17941897	0.14242686	0.22168623	0.23398997	0.16379364	0.19603246	0.11182346	0.21253598	0.1544627	0.217797	0.13144107	0.15179226	0.1915347	0.22462837	0.12728429	0.12183336	0.12075503	0.11008627	0.21546103	0.21833515	0.22803812	0.18683316	0.21370457	0.1754023	0.31740505	0.21008343	0.14198841	0.17236754	0.17222431	0.2177455	0.19499849	0.15051161	0.19193049	0.14698955	0.15772048	0.18129505	0.13314308	0.08886787	0.13682343	0.1321479	0.078041084	0.17602889	0.23340231	0.1649086	0.07233509	0.22905202	0.17979424	0.12175732	0.1694221	0.17421238	0.22039807	0.09724179	0.19467929	0.16307111	0.143635	0.12768811	0.18641464	0.20329338	0.23154193	0.11291248	0.1911612	0.16667394	0.17350763	0.15668353	0.1496718	0.13412763	0.1245275	0.1366423	0.18807648	0.11453027	0.17664313	0.13209397	0.12430429	0.16604812	0.13543412	0.16978589	0.18419468	0.16881967	0.18501455	0.14940216	0.13582498	0.15567884	0.1595984	0.11425901	0.21449105
embedding_0424	0.0670626	0.057392135	0.07172995	0.024715707	0.10774146	0.080299035	0.01900856	0.036163718	0.03403309	-0.0491902	0.07957375	-0.08881284	0.02742888	0.043734718	0.06149983	0.010571206	0.09011734	0.04991587	0.06292896	0.11021812	0.08927292	0.049818996	0.034362383	0.06529415	0.071103014	-0.008093373	0.12293221	0.043197017	0.14244542	0.025672186	0.08512879	0.075261295	0.07693101	0.03687696	0.039579276	0.09249898	0.10727038	0.071792394	0.07753308	0.10319469	0.11605064	-0.024898997	0.13393492	0.081555076	-0.036966573	0.12983501	0.1001945	0.047912735	-9.887031e-05	0.03424279	0.049246944	0.035443854	0.004817836	0.027118554	0.12536937	-0.11192457	0.057055857	0.10386233	0.0039437097	0.058249712	0.021275666	0.043524403	0.11790697	0.047153126	0.026374621	0.13262081	0.060307425	0.10391765	0.10685473	0.043922562	0.004239207	0.11245367	0.033630032	-0.0851991	0.07060248	0.077651285	0.11439973	0.0916076	0.10097333	0.061027743	0.0409214	0.07303195	0.09112055	0.1347704	0.047605567	0.12237729	0.0925311	0.054312292
embedding_0425	0.028364789	0.055225633	0.00092785223	0.06044453	-0.02216581	0.017219568	0.062106494	0.098772176	0.07019232	0.11895073	0.07285638	0.058188297	0.06866919	0.06025159	0.03175391	0.0455098	0.05798429	0.06379306	0.037249174	0.040158395	0.026838854	0.07878794	0.029028993	0.030116161	0.050947733	0.006170349	-0.033807885	0.05089113	0.043033093	0.06266445	0.04812611	-0.03378606	0.048231427	0.05836963	0.08557953	0.019620238	0.025092505	0.024920389	0.055779196	-0.017037474	0.017263323	-0.0510617	-0.017593397	-0.01568974	-0.0036886847	0.003747183	0.016103445	0.022693833	0.078349985	0.0067341393	0.087672345	0.07323593	-0.005218687	0.022098009	0.002544573	0.13709784	1.8571614e-05	0.01010628	0.049151734	0.022288682	0.053310685	0.0060562575	-0.011673566	0.047322627	0.09048134	0.01873729	0.0022033497	0.040936723	0.032529846	0.012115247	0.027984366	0.007596844	0.030745307	0.1059123	0.02403086	0.073204614	0.036650386	0.03783112	-0.033703618	0.050549544	0.057737555	0.0030483305	0.044566706	-0.0027633798	0.051929437	0.07852341	0.017509112	0.0588617
embedding_0426	0.79609984	0.70764124	0.76942545	0.668082	0.71615416	0.7679885	0.67376995	0.6890367	0.7084727	0.64912295	0.6534523	0.7035765	0.7455059	0.69525534	0.7173457	0.6706418	0.7468606	0.7443494	0.73304266	0.7397155	0.8025456	0.72243357	0.73947644	0.750056	0.69874555	0.73195213	0.8091122	0.6349904	0.72526467	0.6810601	0.69391245	0.7365659	0.7652173	0.71884716	0.69278115	0.7514058	0.72634184	0.65724653	0.7239353	0.72761524	0.72330093	0.7269085	0.7703202	0.7707392	0.7422576	0.79834616	0.7395422	0.751021	0.6655554	0.7170582	0.73434067	0.7040725	0.7642064	0.77106583	0.7277568	0.631344	0.7338853	0.7788129	0.6502722	0.6986748	0.7275296	0.7675928	0.7623332	0.71761256	0.6782511	0.74787277	0.7245746	0.73780197	0.72031385	0.74438363	0.6366722	0.72261596	0.6767486	0.642132	0.8092452	0.67907876	0.745851	0.77159756	0.7299096	0.67195576	0.7043574	0.76850945	0.7242432	0.7820601	0.71931124	0.65955573	0.70919156	0.69413775
embedding_0427	-0.037781887	-0.15536265	0.006678623	-0.047485266	0.022846147	-0.07061438	-0.0809818	-0.17198478	-0.13108021	-0.12663561	-0.02399901	-0.13685666	-0.06509127	-0.11469993	-0.0921126	-0.043850534	-0.15194297	-0.14191471	-0.11201469	-0.06148139	-0.15763862	-0.027820619	-0.03521934	-0.07629474	-0.029237574	-0.1014138	-0.0664478	-0.0022825287	-0.08647058	-0.033782423	-0.12998383	-0.07973387	-0.076725915	-0.024007872	-0.08651437	-0.07255532	-0.059497863	-0.06921631	-0.06876148	-0.023292538	-0.08517639	-0.11518926	-0.096746966	-0.1177144	-0.14549682	-0.09571612	-0.061473437	-0.11079772	-0.10981434	-0.0863944	-0.12880048	-0.11797649	-0.106980965	-0.080811724	0.045497373	-0.14269643	-0.078933194	-0.10487593	0.024220781	-0.131775	-0.14342228	-0.13138288	-0.15385565	-0.035614874	-0.059256528	-0.04073856	-0.090022795	-0.054161604	-0.07150599	-0.16376634	-0.0523791	-0.0802484	-0.035229336	-0.16568336	-0.14750665	-0.05680137	-0.13081428	-0.11172631	-0.032439247	-0.04612794	-0.13690135	-0.07831105	-0.06477899	-0.14038749	-0.08838431	-0.044135507	-0.08974265	-0.06924567
embedding_0428	-0.443999	-0.35744953	-0.47298715	-0.40017933	-0.39438325	-0.45179173	-0.40895063	-0.36486465	-0.42515776	-0.3773122	-0.36670932	-0.39345422	-0.39594665	-0.4061011	-0.4061662	-0.3269799	-0.41627005	-0.4144429	-0.5171739	-0.38613692	-0.45867434	-0.3967925	-0.45169756	-0.36401635	-0.34659678	-0.4237739	-0.3804616	-0.36115673	-0.35811275	-0.4036905	-0.36665374	-0.401515	-0.37489086	-0.40765643	-0.439391	-0.42491743	-0.37039044	-0.34446877	-0.328573	-0.38305354	-0.4104252	-0.5105147	-0.44622117	-0.42028302	-0.4159386	-0.4074056	-0.4328129	-0.39687273	-0.41998821	-0.38888234	-0.3829205	-0.4192507	-0.42430434	-0.36452672	-0.4403858	-0.30678248	-0.2889979	-0.41543198	-0.34264684	-0.3987283	-0.4096312	-0.412709	-0.3676688	-0.39292195	-0.29413933	-0.40516168	-0.43163908	-0.3787289	-0.38002434	-0.37540445	-0.3833579	-0.3650215	-0.35519886	-0.3740485	-0.42286667	-0.39965862	-0.42357448	-0.4185381	-0.39369988	-0.3295114	-0.4193811	-0.46878064	-0.40797296	-0.35191315	-0.41753095	-0.34880978	-0.40372086	-0.398756
embedding_0429	-0.80489343	-0.76821196	-0.87190187	-0.79662484	-0.82736284	-0.79915744	-0.77027535	-0.75490063	-0.8158977	-0.762072	-0.79535836	-0.80326647	-0.815432	-0.86290336	-0.8118282	-0.83143014	-0.7442532	-0.82449436	-0.88437843	-0.846291	-0.8087541	-0.8122453	-0.81566554	-0.77154475	-0.7542735	-0.81281614	-0.91894704	-0.76242095	-0.78356445	-0.83480734	-0.7821818	-0.8247551	-0.8094476	-0.84731764	-0.85362905	-0.8420488	-0.8384188	-0.77069795	-0.83670914	-0.8508155	-0.823991	-0.915998	-0.8063703	-0.81314355	-0.82053703	-0.73849076	-0.8246587	-0.83166605	-0.75179225	-0.8464381	-0.858492	-0.78127044	-0.8477858	-0.8333796	-0.79986006	-0.7403513	-0.80744433	-0.8091904	-0.88295805	-0.8145546	-0.79286486	-0.780896	-0.7902116	-0.8537082	-0.83371806	-0.83606374	-0.8395029	-0.80465287	-0.79353344	-0.8506739	-0.8306296	-0.81849736	-0.8836444	-0.77196294	-0.8308722	-0.7911405	-0.82431465	-0.8853233	-0.85574174	-0.818291	-0.8086201	-0.8579139	-0.76544476	-0.86900115	-0.81806755	-0.7913215	-0.851063	-0.80774415
embedding_0430	-0.60918427	-0.57141894	-0.5328265	-0.4956134	-0.55332047	-0.55869174	-0.6415001	-0.5608103	-0.50315523	-0.44726005	-0.5979826	-0.6394602	-0.6528474	-0.6019289	-0.5488042	-0.5312408	-0.6165076	-0.6065052	-0.5200324	-0.5158159	-0.5310995	-0.534142	-0.49359426	-0.6328079	-0.4610592	-0.5797602	-0.6305177	-0.53208804	-0.60832304	-0.53578144	-0.5446242	-0.5110461	-0.5738852	-0.4970584	-0.44668934	-0.59003276	-0.5465099	-0.566759	-0.537215	-0.50153494	-0.4531931	-0.58593285	-0.5679355	-0.5176009	-0.56916404	-0.63583755	-0.5754442	-0.52638584	-0.52760625	-0.5435627	-0.5810199	-0.558108	-0.61727667	-0.5734848	-0.5217598	-0.53753096	-0.5554791	-0.53671277	-0.5556146	-0.5035281	-0.5434282	-0.5737325	-0.5094938	-0.5594939	-0.5074093	-0.53649175	-0.5780669	-0.53523684	-0.58810234	-0.5715054	-0.5402005	-0.54306525	-0.54809326	-0.5264188	-0.5940087	-0.5581781	-0.566785	-0.56935203	-0.5727394	-0.54575145	-0.54785377	-0.5710564	-0.5673394	-0.5720315	-0.55152833	-0.52041155	-0.49353606	-0.58889556
embedding_0431	-0.9026637	-0.8852317	-0.8793315	-0.7955852	-0.76041305	-0.81582206	-0.9343005	-0.81983584	-0.950053	-0.9324919	-0.8966286	-1.00008	-0.92419297	-0.8842596	-0.8298818	-0.852164	-0.9065474	-0.9029451	-0.8546479	-0.8356192	-0.9326111	-0.9204404	-0.79168004	-0.8973221	-0.8663629	-0.8809956	-0.7684658	-0.8113642	-0.8215444	-0.8604993	-0.8923828	-0.8189946	-0.8249846	-0.87679243	-0.8276213	-0.8841547	-0.8569347	-0.84762603	-0.8721141	-0.956465	-0.89537394	-0.9801568	-0.85371494	-0.9263863	-0.9326885	-0.8993162	-0.88819283	-0.8493277	-0.90606856	-0.8429836	-0.93665665	-0.88657856	-0.9021553	-0.8682533	-0.8215483	-1.0237951	-0.81298065	-0.88026565	-0.8560366	-0.89646065	-0.88678175	-0.9302288	-0.9004802	-0.8585972	-0.83485126	-0.7743461	-0.9081548	-0.8961104	-0.8546049	-0.899445	-0.9351741	-0.8440282	-0.86510867	-0.9989956	-0.8865635	-0.863788	-0.8999326	-0.930866	-0.82906955	-0.8451099	-0.9126068	-0.87322354	-0.8881482	-0.86821353	-0.8848399	-0.85082924	-0.8489212	-0.8606323
embedding_0432	-0.35833773	-0.31882787	-0.34889233	-0.40629628	-0.473472	-0.3433415	-0.38590616	-0.38393062	-0.40362945	-0.2991763	-0.35852772	-0.32978404	-0.34392053	-0.4209824	-0.36651185	-0.40688	-0.3755697	-0.35991058	-0.40418994	-0.43611905	-0.42431927	-0.44670147	-0.3639968	-0.38190594	-0.49005935	-0.3213552	-0.46152675	-0.3506598	-0.44177327	-0.41776428	-0.4637405	-0.43556488	-0.44291282	-0.3654468	-0.35849908	-0.3832277	-0.40269038	-0.49617594	-0.38873675	-0.38764614	-0.41423887	-0.3372992	-0.42090532	-0.36374316	-0.3354175	-0.47314546	-0.4598696	-0.4415437	-0.4139555	-0.3547742	-0.3499256	-0.38214514	-0.3354771	-0.33345273	-0.43117082	-0.35823458	-0.54642653	-0.3979904	-0.30757385	-0.37194633	-0.3641593	-0.3443075	-0.39958176	-0.43653473	-0.44775063	-0.43548182	-0.41834214	-0.41621044	-0.48015028	-0.4533353	-0.40871346	-0.42920986	-0.35839868	-0.3696814	-0.4301359	-0.43133736	-0.39050448	-0.29333255	-0.42640755	-0.39801925	-0.3926907	-0.39183694	-0.47618032	-0.5116438	-0.40438145	-0.46490535	-0.39738038	-0.39515734
embedding_0433	0.6185629	0.71454555	0.613664	0.67436206	0.67889524	0.6930043	0.6570548	0.69253844	0.7280046	0.6964312	0.7456606	0.6079832	0.60289395	0.69188684	0.72157633	0.74341613	0.63478285	0.7003676	0.69446456	0.74219847	0.641196	0.7781013	0.6659911	0.621586	0.7904195	0.665244	0.6553058	0.67679733	0.6567729	0.68317163	0.6740185	0.6918279	0.7202112	0.70173883	0.74809504	0.65795755	0.69053924	0.7349657	0.6650169	0.73006773	0.72958374	0.6644302	0.6805694	0.6773547	0.6043167	0.65332544	0.70064014	0.68913573	0.72418	0.7053791	0.5981813	0.6542811	0.5964767	0.68895006	0.6606607	0.6457018	0.7543847	0.6051553	0.6947218	0.69573134	0.6447853	0.6752295	0.76926094	0.7405946	0.69462365	0.6982761	0.70377403	0.6791937	0.708499	0.6834795	0.6681307	0.6957397	0.68244326	0.673355	0.6277995	0.68364406	0.6225835	0.6228417	0.68498254	0.7134866	0.697167	0.6496025	0.64152795	0.63005483	0.66656286	0.71890455	0.701802	0.6759868
embedding_0434	-0.114960544	-0.16954403	-0.12996677	-0.14596131	-0.11887667	-0.022842232	-0.16242756	-0.0930314	-0.10194742	-0.049629577	-0.13503355	-0.20294285	-0.082522616	-0.08962335	-0.13612154	-0.08982587	-0.06477418	-0.08100911	0.0017694011	-0.012173253	0.005802801	-0.02842826	-0.16025622	-0.16614556	-0.053520452	-0.14836447	-0.17987777	-0.23034777	-0.15728574	-0.089285195	-0.13920972	0.0063925064	-0.06785105	-0.105275944	-0.030163575	-0.15748794	-0.13927825	-0.008108776	-0.07280357	0.04142812	0.017130636	-0.015325842	-0.04757493	0.039399154	-0.058102064	-0.18619731	-0.021993507	-0.031530794	-0.0788291	-0.14801812	-0.07731382	-0.08482391	-0.08119552	-0.09290615	-0.036698785	-0.16989136	-0.08657079	-0.097102545	-0.11986437	-0.041555304	-0.12525061	-0.13586016	-0.04023732	-0.07251199	-0.1845332	-0.07835897	-0.03709626	-0.049382586	-0.0458836	0.034843482	-0.107634604	-0.098372534	-0.09057094	-0.117065	-0.053990837	-0.075927034	-0.046324015	-0.04032738	-0.009840437	-0.15927114	-0.06762693	-0.07507624	-0.09168173	-0.019155655	-0.062477984	-0.15204561	-0.023240387	-0.113358535
embedding_0435	0.24896449	0.1893622	0.2439732	0.18460196	0.22524296	0.17916372	0.18075354	0.22977577	0.121670306	0.11833006	0.21554397	0.15689063	0.25607008	0.16495119	0.18280767	0.22262344	0.20644034	0.17626555	0.19495855	0.17434075	0.18256967	0.23388164	0.20365876	0.16258676	0.16260478	0.20092888	0.29452348	0.19457975	0.13697268	0.16687252	0.19009823	0.22651272	0.18397574	0.14664444	0.18181305	0.24283347	0.16522154	0.17276195	0.22481935	0.17892572	0.11715916	0.18393403	0.23091914	0.23552412	0.2507949	0.14844331	0.20221852	0.13310218	0.1178359	0.19786677	0.25083044	0.18482155	0.2598349	0.26778615	0.22832145	0.16635485	0.17780364	0.19442634	0.24250066	0.21641082	0.18909858	0.2089516	0.18018036	0.22830547	0.14712322	0.18708365	0.20430224	0.17260525	0.21950042	0.27179545	0.09943757	0.18760383	0.23096675	0.16899027	0.20392433	0.1934416	0.17072889	0.22954589	0.22713752	0.18833649	0.16516489	0.21464396	0.21637042	0.24837439	0.19668451	0.22741716	0.13410915	0.24967727
embedding_0436	0.010662588	0.0017598249	0.09337578	-0.043710995	-0.086697094	-0.007202817	0.03779218	0.025097406	0.079366304	0.089929104	0.06063737	0.002021803	0.035016216	0.04315403	-0.010722001	-0.03209494	0.08163729	0.121787034	0.022875063	0.043849308	0.054806046	0.048324954	-0.049681637	-0.0059389924	0.03169157	0.03372152	-0.062210973	-0.027384669	0.050458778	0.020289421	0.04258775	-0.03468947	0.04571378	-0.005878284	0.036464445	0.062170856	-0.0051780427	0.05538135	0.07022796	0.01605658	0.10758816	-0.03915342	0.05192215	0.09119651	0.009502448	0.07037403	0.046250265	0.028117325	0.052173696	-0.08882444	0.021158835	0.05105209	0.027336033	-0.05162095	-0.08957782	0.069076926	-0.068241686	-0.020941079	-0.095416926	0.017881379	0.055355392	0.022955608	0.012083765	0.029622417	-0.032961532	0.0041086446	0.0034432888	0.023231115	0.061310083	0.018486453	0.03237612	0.046224654	-0.046435174	0.08781562	0.053618185	0.04012647	0.05393624	0.055538695	0.018500715	0.0015434108	0.04264647	-0.004413962	0.019587047	-0.0396531	-0.011297884	0.06163804	0.043175783	0.022463424
embedding_0437	-0.95480037	-0.8751104	-0.96648073	-0.91001266	-0.96066415	-0.9197348	-0.94084257	-0.94517845	-0.94831455	-0.8645495	-0.8842457	-0.9049771	-0.89021945	-0.9042785	-0.9134711	-0.9132379	-0.9134031	-0.95875615	-0.9256386	-0.91933775	-0.9050167	-0.93396246	-0.988197	-0.89198685	-0.85910434	-0.96969205	-1.0184689	-0.9594674	-0.934059	-0.9050452	-0.8725645	-0.89938384	-0.86772555	-0.959032	-0.91888046	-0.9523634	-0.93766975	-0.8733423	-0.9139472	-0.8305706	-0.89855474	-0.86538196	-0.88789237	-0.8935333	-0.8879655	-0.9757679	-0.9171408	-0.94750726	-0.9241849	-0.98467803	-0.89750904	-0.89738446	-0.95514905	-0.9308266	-0.9494883	-0.86242545	-0.9174928	-0.92714536	-0.968136	-0.8857665	-0.91805285	-0.9167744	-0.8972844	-0.9214145	-0.8808271	-0.90218914	-0.9637047	-0.8919749	-0.8971053	-0.86494005	-0.8700334	-0.9025041	-0.91073316	-0.8644914	-0.9069118	-0.85739243	-0.8657933	-0.8929546	-0.8823751	-0.9162106	-0.8702102	-0.96896255	-0.8620626	-0.8993514	-0.8814094	-0.8243643	-0.86009586	-0.9149036
embedding_0438	0.4814245	0.41601565	0.3869647	0.43180862	0.3932974	0.4372766	0.40557042	0.3220246	0.4275256	0.39850983	0.37458923	0.49530718	0.41791525	0.37091357	0.39529508	0.4046621	0.35403097	0.3537586	0.36330438	0.36942163	0.34110153	0.40214086	0.38183817	0.4104632	0.4539129	0.41513485	0.4297585	0.46746892	0.43173632	0.44319835	0.39491606	0.37140316	0.4325265	0.39828598	0.4124	0.40266186	0.40187666	0.40865174	0.38449237	0.42271933	0.38965163	0.42669728	0.3375937	0.32321563	0.39056012	0.35896263	0.41362318	0.42516744	0.44598228	0.44799483	0.34619826	0.3997392	0.36898926	0.3850904	0.33578366	0.50994885	0.45002362	0.40666798	0.31860772	0.39447862	0.3788587	0.37044623	0.35279888	0.3955623	0.48039603	0.42187712	0.37992975	0.36344138	0.38095987	0.33661133	0.437893	0.43611735	0.36590314	0.36603883	0.43255112	0.3862841	0.38604137	0.3185227	0.421157	0.43532538	0.41983342	0.38622466	0.4282279	0.33296365	0.40717605	0.4179372	0.3781418	0.41594133
embedding_0439	0.6174831	0.61304665	0.611799	0.561407	0.5532371	0.585728	0.6119528	0.5706834	0.5742344	0.5283792	0.5813074	0.6025879	0.64037585	0.5119665	0.55609334	0.59231895	0.60237557	0.59980917	0.5298535	0.5104521	0.5351245	0.53636086	0.6087853	0.6041212	0.5001888	0.60863733	0.59264743	0.6094922	0.5298225	0.5510604	0.5400369	0.50709283	0.6136909	0.59038454	0.5626699	0.6055626	0.5520127	0.50925916	0.5257079	0.5128588	0.48939905	0.5655329	0.5607109	0.50069475	0.5670496	0.53957725	0.5919725	0.47730947	0.58463615	0.57304424	0.598554	0.55363876	0.6009234	0.57709193	0.5474798	0.5959781	0.5106368	0.5751661	0.5750715	0.5575408	0.5366556	0.5743187	0.47590178	0.57278144	0.5449872	0.5829236	0.525967	0.5158463	0.5157935	0.44144115	0.5207087	0.56867343	0.58356595	0.58928025	0.5850319	0.5563487	0.54516906	0.568295	0.5764724	0.55087626	0.55547315	0.6207128	0.5451037	0.4421144	0.5826584	0.52622926	0.4880648	0.5860411
embedding_0440	-0.33131975	-0.37699598	-0.36646372	-0.35852486	-0.297279	-0.3475689	-0.35420883	-0.39079532	-0.38840628	-0.45529523	-0.34092784	-0.2964167	-0.3509293	-0.3296781	-0.35019743	-0.39084202	-0.4232707	-0.36803833	-0.3585761	-0.38525683	-0.384378	-0.352646	-0.31615207	-0.31157303	-0.3896938	-0.3483146	-0.31704417	-0.35109073	-0.34176806	-0.34426412	-0.3814391	-0.3857355	-0.33677277	-0.3626169	-0.39771804	-0.34059122	-0.33488688	-0.35694465	-0.39045998	-0.34970713	-0.3807605	-0.31263813	-0.36506456	-0.39071667	-0.35223252	-0.3244312	-0.38927472	-0.34536546	-0.39842957	-0.3391046	-0.3645128	-0.40172544	-0.32740116	-0.37158164	-0.36038965	-0.43570367	-0.31209958	-0.40551868	-0.25665495	-0.40988052	-0.32723385	-0.36478937	-0.3529854	-0.36498362	-0.34285358	-0.355514	-0.35927078	-0.35277006	-0.35002714	-0.38473314	-0.3758687	-0.4240297	-0.37003332	-0.39705697	-0.39040622	-0.37361357	-0.37310752	-0.3174816	-0.32802662	-0.35767514	-0.401202	-0.29563266	-0.36167088	-0.35580358	-0.3775847	-0.35572144	-0.40557143	-0.36097255
embedding_0441	-0.17499223	-0.08720373	-0.21004404	-0.1299722	-0.1293301	-0.25304723	-0.13423866	-0.09316505	-0.14745753	-0.12699984	-0.0896385	-0.074912794	-0.17870422	-0.1254952	-0.10854262	-0.099943824	-0.18009695	-0.11075225	-0.11123552	-0.17392519	-0.1442369	-0.15751046	-0.104438595	-0.09281958	-0.13070235	-0.1490318	-0.17705852	-0.13312058	-0.15157014	-0.13779333	-0.10312119	-0.16795209	-0.17665426	-0.13601826	-0.16456756	-0.12503037	-0.14029771	-0.16192164	-0.19026384	-0.130808	-0.15841664	-0.109336354	-0.12318112	-0.14712197	-0.13676928	-0.09052269	-0.17887178	-0.19373275	-0.1758449	-0.08874947	-0.112618014	-0.14038877	-0.115641005	-0.10493565	-0.17792082	-0.10902233	-0.1668205	-0.20770691	-0.06290319	-0.117714144	-0.16084577	-0.095197216	-0.07602735	-0.13123481	-0.170548	-0.20526144	-0.16570793	-0.10278723	-0.11742094	-0.12684314	-0.15336818	-0.19219749	-0.115958035	-0.101063386	-0.18734808	-0.11534074	-0.12964025	-0.14730346	-0.17736766	-0.117474124	-0.1436125	-0.1666258	-0.20230757	-0.14373879	-0.11545572	-0.15968926	-0.18976362	-0.12868553
embedding_0442	0.12705895	0.014747382	0.053532187	0.08849855	0.084607065	0.054314446	0.066728115	0.08664409	0.08084107	0.013610983	0.047097825	0.0066510937	0.07454505	0.10440178	0.05782651	0.0945337	0.083114535	0.043266546	0.067847334	0.08880996	-0.0026509676	0.16666284	0.1417185	0.03726309	0.15327822	0.06378215	0.110325694	0.04218077	0.0010436111	0.07725833	0.040042087	0.116211906	0.15128446	0.03417768	0.075825796	0.0474923	0.006888819	0.12641165	0.054165002	0.058029525	0.050191607	0.017208213	0.0063875793	0.011283399	0.079500265	-0.032069493	0.09116185	0.032002784	0.11595438	0.0016255449	0.04940011	0.058208484	0.0837128	0.048213758	0.05742597	0.09199167	0.16477636	0.0526565	0.040668946	0.06551604	0.02514429	0.030207373	0.001734758	0.11510298	0.053679124	0.10434777	0.05520971	0.026898278	0.12572327	0.10874681	0.026868729	0.06930321	0.056944158	0.09662616	0.0828794	0.058194667	0.01751119	-0.067263424	0.14640197	0.040311437	0.07712758	0.098542176	0.12730657	0.062027633	0.05439899	0.1393394	0.0013116188	0.07337602
embedding_0443	0.06733019	0.087294824	0.018472897	0.09543411	0.11928423	0.11671565	0.05222568	0.089665264	0.03540464	0.0548655	0.08231315	-0.026192755	0.19856015	0.059376787	0.0093404325	0.12924643	0.109464265	0.034138627	0.07238423	0.089162834	0.057378273	0.10331231	0.022467941	0.05746981	0.13757823	0.083898686	0.10700469	0.10618481	0.07024383	0.05213951	0.10130446	0.07255119	0.12314378	0.077092476	0.08825573	0.04087514	0.031968374	0.1234745	0.13184123	0.07950472	0.038375445	0.04229389	0.10224252	0.06147714	0.057774708	0.04986277	0.07850897	0.06232799	0.086453	0.10841671	0.0430456	0.08298884	0.004346289	0.11741705	0.081046544	0.1078051	0.0606125	0.042872656	0.063520044	0.0999602	0.0845505	0.010978859	0.017329745	0.12990783	0.11394703	0.11973661	0.05104221	0.07143871	0.09404922	0.13811636	0.11199956	0.07766571	0.106289975	0.040183153	0.10057683	0.12339283	0.12787145	0.039168652	0.14014147	0.09118557	0.060179017	0.024721384	0.09343809	0.12164689	0.14063512	0.11947795	0.090935506	0.106739074
embedding_0444	0.29758683	0.15192012	0.3013558	0.18804668	0.23950654	0.27757567	0.17944282	0.13473588	0.14649045	0.13097441	0.043209337	0.15763576	0.17081818	0.0832053	0.1887117	0.15520695	0.20062788	0.051772285	0.2209663	0.15584254	0.18640581	0.19503233	0.29006276	0.16630924	0.08850314	0.18459235	0.23230316	0.13967013	0.10672927	0.16032602	0.15096073	0.2647288	0.2318889	0.17510347	0.15593088	0.14344093	0.13163717	0.086641304	0.1368542	0.23444413	0.16160381	0.2016966	0.14713834	0.16196752	0.29009083	0.17949694	0.1468319	0.18456204	0.15007433	0.19721258	0.19958073	0.1617965	0.22325203	0.23476471	0.23626125	0.0768619	0.15669923	0.23440522	0.17902946	0.19263835	0.17266123	0.21706353	0.20855957	0.12480969	0.109655656	0.18057306	0.17859903	0.14911154	0.11387759	0.20619014	0.11155104	0.20428702	0.16133656	0.032283142	0.2068771	0.10309942	0.19380882	0.20514444	0.17063272	0.114110455	0.16015396	0.15336588	0.16971369	0.19786333	0.19143538	0.03175156	0.20367782	0.14360361
embedding_0445	-0.07985103	-0.035487715	-0.11169995	-0.09761995	-0.23471493	-0.09393845	-0.106542334	-0.037045393	-0.1296312	-0.022098765	-0.067956716	-0.015692437	-0.09266882	-0.056636903	-0.13570459	-0.14258854	-0.06556526	-0.07623405	-0.10694055	-0.1366526	-0.11288688	-0.1831023	-0.07208082	-0.117256224	-0.18528613	-0.06219281	-0.2012571	-0.08601414	-0.13205889	-0.09021592	-0.11843272	-0.13664936	-0.099429384	-0.14011446	-0.12905528	-0.16093491	-0.12043231	-0.04591666	-0.10346753	-0.14993209	-0.107133	-0.09459692	-0.13986523	-0.07045592	-0.03215836	-0.09255674	-0.15746893	-0.08319084	-0.10511974	-0.14403309	-0.054490715	-0.08428499	-0.01075885	-0.06908106	-0.1838042	-0.0069403863	-0.20162682	-0.09805105	-0.07642375	-0.08156833	-0.03667502	-0.034672074	-0.07430892	-0.12861654	-0.138659	-0.16447659	-0.09123129	-0.15727533	-0.107154615	-0.119926594	-0.14056794	-0.14921576	-0.088271126	-0.06043991	-0.1323292	-0.13566853	-0.0968389	0.03094232	-0.12531863	-0.15657072	-0.087723255	-0.12292642	-0.11275827	-0.13937545	-0.11134768	-0.119733825	-0.12141208	-0.042946734
embedding_0446	0.6209253	0.6357674	0.53903466	0.55467546	0.53504276	0.6001887	0.5431195	0.5473716	0.5510621	0.5058241	0.48265836	0.57619613	0.6557353	0.5126675	0.5599971	0.55123925	0.6168028	0.5228184	0.58536184	0.531733	0.5999559	0.591901	0.5371774	0.59733254	0.5122942	0.5524695	0.6072466	0.49627188	0.5030178	0.54770434	0.59423447	0.5336863	0.5812868	0.5044349	0.5122639	0.54976094	0.5505735	0.54310083	0.5807131	0.55799127	0.47542492	0.5976308	0.6075047	0.55224115	0.58694685	0.627498	0.58187556	0.53896683	0.5489719	0.5743869	0.6326012	0.57469094	0.573504	0.5557717	0.4806054	0.6161703	0.60699356	0.57561934	0.4690403	0.59920996	0.6097182	0.61668026	0.551353	0.56423783	0.59956086	0.5576764	0.5469097	0.5764596	0.5659526	0.6539283	0.5715167	0.5467792	0.57492584	0.60271263	0.6413623	0.5786869	0.62031746	0.60152006	0.57494366	0.52503806	0.5383638	0.63478726	0.5998888	0.6242584	0.59383047	0.5367228	0.5374736	0.5513825
embedding_0447	0.037638843	0.013581875	0.086559474	0.039730202	0.09690409	0.063849166	0.05831646	0.048211467	0.053796586	0.060508203	0.060079962	0.03675326	0.031131687	0.04768361	0.03378534	0.05388021	0.03229405	0.065750204	0.07176472	0.10282188	0.10846511	0.048431043	0.067122445	0.02078668	0.056950018	0.043205027	0.054906346	-0.021182097	0.035317976	0.071125545	0.05171268	0.05564061	0.08278946	0.017368834	0.069910504	0.033147767	0.080734245	0.096300066	0.06444734	0.15142557	0.112231426	0.09175916	0.044772472	0.090697534	0.049788423	0.05225252	0.0769144	0.089454226	0.083330676	0.033439003	0.046138015	0.03448401	0.035083976	0.018077902	0.10571262	0.002396177	-0.0010119493	0.040269878	0.08092697	0.058864523	0.061282568	0.055081867	0.101881355	0.039678264	0.04002093	0.09985841	0.064160794	0.102089316	0.065299205	0.07385929	0.06705613	0.068784505	0.08651219	-0.006597711	0.049013846	0.029854337	0.10778102	0.09347335	0.10640143	0.0018419276	0.091344796	0.06564958	0.03786782	0.06061915	0.07461384	0.033501927	0.11339805	0.043976333
embedding_0448	0.031276777	-0.051302377	-0.016621051	-0.04503187	-0.054644845	-0.03843689	-0.05381908	-0.0007681078	-0.0668435	-0.008601227	-0.08945797	0.033268914	-0.045747228	-0.02408843	-0.07415781	-0.08625666	-0.038030397	-0.021377362	0.005297415	-0.071033396	-0.002694034	-0.09629121	-0.0010173952	-0.02354011	-0.0551145	-0.041345317	0.007080101	-0.06626912	-0.08114268	-0.060026385	-0.021255953	-0.019219894	-0.058957424	-0.046236258	-0.059559565	-0.026914774	-0.041434668	-0.11656497	-0.09051822	-0.08642811	-0.030555679	-0.0012541731	0.0012959384	-0.003859616	0.00047831796	0.004990918	-0.041676115	-0.05187012	-0.11867592	-0.011723011	0.038714767	-0.018042386	0.046557747	-0.033619225	0.01662008	-0.065454885	-0.08163936	0.018521657	0.005794994	-0.047844872	-0.025840312	0.0077401544	-0.012261906	-0.055598486	-0.11913092	-0.06452412	-0.03872164	-0.025360024	-0.042729918	-0.08616963	-0.07730309	-0.035278477	-0.044285093	-0.06184492	-0.011853278	-0.053249646	-0.04613695	0.009038127	-0.06312723	-0.09396336	-0.03548283	-0.0043265014	-0.051997818	-0.02968227	-0.02594106	-0.11480158	-0.06716947	-0.07390615
embedding_0449	0.60251594	0.59380096	0.5935515	0.6587592	0.626523	0.5252379	0.62941074	0.67580646	0.6129542	0.58874387	0.6701019	0.65705305	0.5879072	0.6043029	0.6298126	0.60406077	0.60440266	0.6461509	0.65690887	0.6152606	0.60466194	0.49790153	0.6169761	0.6582876	0.6026292	0.6123688	0.57466286	0.66360795	0.70197445	0.61401004	0.62076515	0.6201276	0.5978083	0.63427854	0.5515676	0.5985906	0.6248659	0.6410679	0.57118005	0.5715605	0.6309698	0.5764203	0.60802144	0.6043285	0.6305521	0.67850184	0.61232007	0.6444633	0.6575504	0.59938747	0.6139282	0.6266693	0.633743	0.6447767	0.62994903	0.6065397	0.6444465	0.60574937	0.66026384	0.56915885	0.64487803	0.6210861	0.58890957	0.59234524	0.68164307	0.5999914	0.6452886	0.61819327	0.6258579	0.6136212	0.6305671	0.62476534	0.6088004	0.5910938	0.57033014	0.60543793	0.6020465	0.5889793	0.62823766	0.64707065	0.6272357	0.62809676	0.59328336	0.63456327	0.6178997	0.57293004	0.6139512	0.6610162
embedding_0450	-1.2422752	-1.209563	-1.2310854	-1.1915808	-1.203161	-1.2251961	-1.2973139	-1.273812	-1.2923285	-1.2319738	-1.3105729	-1.3247505	-1.3140405	-1.3237276	-1.2306832	-1.2303915	-1.3192631	-1.32635	-1.2094845	-1.1761541	-1.2558362	-1.2216136	-1.221615	-1.2521323	-1.1785059	-1.2676706	-1.2966753	-1.2501466	-1.2465686	-1.2343274	-1.2658687	-1.2077286	-1.2415928	-1.2387279	-1.1990801	-1.2929772	-1.2273475	-1.2953508	-1.2388122	-1.14229	-1.211492	-1.3290097	-1.2820903	-1.2962248	-1.2809738	-1.2999039	-1.2788473	-1.2146997	-1.2248217	-1.2063831	-1.2670692	-1.2689797	-1.3045015	-1.231663	-1.1949272	-1.2654253	-1.1639764	-1.2227755	-1.229392	-1.2123146	-1.2147063	-1.2298399	-1.1958328	-1.221185	-1.1626358	-1.2260736	-1.2598261	-1.2154653	-1.2542702	-1.2721496	-1.251918	-1.2476276	-1.1935129	-1.2791536	-1.3111897	-1.2575629	-1.2525576	-1.2757748	-1.1892784	-1.2321966	-1.244759	-1.2196935	-1.2473745	-1.2424505	-1.245339	-1.2432368	-1.2300823	-1.2767463
embedding_0451	-1.3726745	-1.3872724	-1.4054306	-1.3646948	-1.3897432	-1.4340019	-1.4102144	-1.3452562	-1.3956431	-1.3265084	-1.4351864	-1.299242	-1.4390458	-1.3800827	-1.3467034	-1.3803251	-1.4137677	-1.3633499	-1.3297622	-1.3911746	-1.3399158	-1.4171569	-1.3715961	-1.3528931	-1.364535	-1.340901	-1.3766023	-1.3556812	-1.3184758	-1.3332775	-1.3465798	-1.3793076	-1.4329661	-1.3848602	-1.3943743	-1.3673269	-1.3818502	-1.3650379	-1.3730664	-1.3948163	-1.3215697	-1.3562404	-1.3802274	-1.330629	-1.3533682	-1.3333969	-1.388582	-1.3816361	-1.3656036	-1.3305924	-1.3352785	-1.3925059	-1.3396893	-1.4033433	-1.3610326	-1.3098139	-1.3417367	-1.4067268	-1.3296312	-1.3785172	-1.3503567	-1.4089671	-1.3562789	-1.3356289	-1.3547945	-1.479864	-1.3957806	-1.4064095	-1.3919374	-1.4036789	-1.3400253	-1.4055823	-1.3921759	-1.336032	-1.3483093	-1.4175086	-1.4574124	-1.416988	-1.4238715	-1.3352965	-1.3983225	-1.4145162	-1.4054908	-1.3766024	-1.3954189	-1.4082265	-1.3862699	-1.4415582
embedding_0452	1.0099766	1.0102085	0.9038958	0.92473	0.9289629	0.82955813	1.0170573	1.0079376	0.9777336	1.000815	1.073374	1.025901	1.004968	0.9898237	0.96362084	0.9814196	0.9190551	1.0376358	0.85689545	0.9230681	0.8827745	0.98837525	1.0148419	0.9563207	0.94435966	1.0537872	1.036561	0.96588874	0.8396894	0.92866987	0.9346292	0.94163775	0.9330789	0.996183	0.9278246	0.99130416	0.99308574	0.96130794	0.9821459	0.81120205	0.8677427	0.88125753	0.9707514	0.96705997	0.9535471	0.9990161	0.94792813	0.9243818	0.95653796	0.9788386	1.0189785	0.9633574	1.0066724	1.0225469	0.9056428	1.0752008	0.9910903	0.94567025	1.0473503	0.9398378	0.9738739	0.98157465	0.995655	0.9338732	0.95235926	0.92169785	0.9601515	0.9220922	1.030218	0.8748384	0.8731063	0.9766815	0.98218006	0.99555624	0.927492	0.97781223	0.9303035	0.9656026	0.96305937	1.0009265	0.92837167	0.95241183	0.90476733	0.87607414	0.9616137	0.9996853	0.8608851	1.0025363
embedding_0453	0.36717716	0.2346171	0.39017534	0.30429024	0.3122566	0.1728376	0.3723431	0.2385249	0.3095128	0.16209403	0.29168326	0.2473075	0.31161854	0.17028432	0.23281881	0.31690425	0.27612826	0.25277632	0.22246581	0.23831888	0.18808834	0.3125345	0.3550065	0.29842213	0.26514718	0.33101207	0.39238027	0.3732718	0.22703914	0.22702098	0.25010163	0.23091947	0.25488934	0.32252455	0.22490472	0.34945098	0.2702074	0.21372007	0.24306086	0.15730336	0.1610189	0.1399719	0.20679262	0.18504038	0.24783263	0.3349108	0.26814565	0.20207794	0.38416982	0.29343188	0.23289058	0.28475183	0.23582755	0.31890664	0.28524905	0.32233664	0.27173144	0.23689544	0.2422586	0.21808548	0.32304844	0.19935004	0.20215824	0.28964254	0.297259	0.24786131	0.257174	0.2485668	0.2471803	0.24049112	0.16461746	0.311137	0.21450137	0.26579455	0.22095095	0.24252991	0.21824868	0.19158833	0.2852189	0.30227044	0.25443274	0.28374127	0.2411523	0.19661184	0.23360725	0.26732615	0.15524079	0.28777346
embedding_0454	-0.3009635	-0.32398373	-0.17025478	-0.3022239	-0.23300181	-0.3982015	-0.20317493	-0.23991154	-0.21779554	-0.26836634	-0.22233836	-0.18911602	-0.26921466	-0.21020794	-0.26336986	-0.2636166	-0.33572462	-0.17712982	-0.2920181	-0.2043914	-0.1927624	-0.2900942	-0.21420129	-0.21730478	-0.24380809	-0.20524837	-0.1454892	-0.28420982	-0.22722624	-0.24433875	-0.25026208	-0.2867105	-0.2692874	-0.23549184	-0.306339	-0.1252204	-0.19058008	-0.34545863	-0.3371901	-0.32897165	-0.21673742	-0.36065286	-0.25713894	-0.20086294	-0.2901047	-0.07062622	-0.20865482	-0.20789243	-0.20565611	-0.26391593	-0.22092736	-0.23876464	-0.22480367	-0.2790826	-0.21326375	-0.24055983	-0.20091215	-0.2497689	-0.20854782	-0.2738285	-0.2289349	-0.35082883	-0.14722751	-0.21774468	-0.21931314	-0.3031258	-0.22092639	-0.24126495	-0.20862804	-0.2588003	-0.31709048	-0.24258511	-0.30927527	-0.25041458	-0.27726537	-0.2548243	-0.2980007	-0.20361477	-0.36037526	-0.19298059	-0.25749248	-0.20695987	-0.24223307	-0.21245016	-0.2750376	-0.27535582	-0.363085	-0.25184348
embedding_0455	-0.51451784	-0.47724143	-0.44225955	-0.49721992	-0.52033097	-0.4713154	-0.50648904	-0.5227695	-0.5049658	-0.52951634	-0.48887	-0.46580553	-0.50382054	-0.50796586	-0.49858332	-0.5090188	-0.5080227	-0.49099857	-0.49652016	-0.518906	-0.5118662	-0.42764464	-0.5697213	-0.54009825	-0.49420005	-0.4934803	-0.49993423	-0.5195233	-0.5033817	-0.50659823	-0.4855476	-0.553627	-0.5084341	-0.50467867	-0.52728546	-0.5021951	-0.50376654	-0.46508226	-0.4678203	-0.49765646	-0.5369898	-0.47434407	-0.46517995	-0.5540775	-0.5325059	-0.5622653	-0.49406657	-0.49734935	-0.56121445	-0.5402732	-0.5447545	-0.54581535	-0.49972698	-0.55633533	-0.5440054	-0.52481383	-0.44510242	-0.49559253	-0.49921176	-0.50553787	-0.52970946	-0.48333842	-0.5853383	-0.47380415	-0.48716736	-0.44995037	-0.4854136	-0.54713434	-0.50228447	-0.55483776	-0.39779317	-0.49685413	-0.48562005	-0.47376484	-0.5244513	-0.50200737	-0.49434614	-0.544422	-0.47420824	-0.47002527	-0.5237174	-0.43936506	-0.46477976	-0.56649065	-0.5179076	-0.45883733	-0.49918306	-0.53182197
embedding_0456	-0.5572404	-0.46555424	-0.5839735	-0.5381467	-0.44795012	-0.6794769	-0.5520034	-0.56445885	-0.5876485	-0.61573064	-0.5837694	-0.6079964	-0.5829062	-0.57796127	-0.53892744	-0.5171533	-0.55235636	-0.5167485	-0.57059395	-0.5855328	-0.59727716	-0.554238	-0.56081325	-0.47269407	-0.5653732	-0.52548265	-0.45775923	-0.48942408	-0.5099008	-0.58124495	-0.48142496	-0.57704645	-0.5871539	-0.5052165	-0.57730865	-0.46283278	-0.526785	-0.66033167	-0.54319334	-0.7198861	-0.62702006	-0.7088798	-0.50014526	-0.59293103	-0.6641798	-0.42177796	-0.57812905	-0.63732314	-0.5587577	-0.5050331	-0.57288533	-0.5784032	-0.5690591	-0.5650053	-0.5869784	-0.62001765	-0.46726266	-0.5864962	-0.5713287	-0.5581054	-0.5046488	-0.5626258	-0.5285507	-0.47937277	-0.5218847	-0.5484468	-0.58107054	-0.52695477	-0.5421082	-0.6109811	-0.59957755	-0.5633183	-0.6084123	-0.5417914	-0.57170564	-0.5283713	-0.5452771	-0.58780885	-0.57115495	-0.49372423	-0.63565016	-0.53215176	-0.58890855	-0.5423719	-0.5578147	-0.53386736	-0.61283815	-0.55050427
embedding_0457	-0.4996392	-0.41593146	-0.396122	-0.47097692	-0.50726926	-0.49374393	-0.39257178	-0.31740227	-0.39009866	-0.33523738	-0.36287153	-0.36100045	-0.4842435	-0.34130087	-0.41815197	-0.4910719	-0.37635905	-0.29079965	-0.4425033	-0.47503945	-0.36772773	-0.55825686	-0.40304694	-0.3563275	-0.48446882	-0.39853087	-0.45303673	-0.4246232	-0.39453372	-0.43504506	-0.3964139	-0.47962004	-0.49844295	-0.40702283	-0.48431134	-0.39595738	-0.428029	-0.47926745	-0.48110387	-0.60703844	-0.39053753	-0.44254905	-0.39199075	-0.32363626	-0.44071978	-0.2502732	-0.43850967	-0.43277135	-0.43979332	-0.4413671	-0.41185176	-0.39003345	-0.36197948	-0.447433	-0.4201685	-0.3866565	-0.536749	-0.39984944	-0.41660878	-0.47962323	-0.3638127	-0.37247828	-0.3668042	-0.45152074	-0.50911534	-0.54473066	-0.41640958	-0.43126026	-0.4501103	-0.51081073	-0.4481304	-0.43294638	-0.49243692	-0.3585235	-0.44269273	-0.40633127	-0.41737765	-0.34416455	-0.6117034	-0.45153657	-0.41607466	-0.45496565	-0.4547839	-0.47278327	-0.4688214	-0.48832178	-0.43469152	-0.42456195
embedding_0458	-0.06536011	-0.032286786	-0.013629777	-0.06639999	-0.12881789	0.04184231	-0.047074683	-0.055806585	0.016554873	0.015456381	0.006384316	0.016961517	-0.048134316	-0.01984015	-0.048161518	-0.094576895	0.022154355	-0.009060636	-0.00978968	-0.022180263	0.038227994	-0.027776191	-0.08950009	-0.019722665	-0.102579586	-0.024961807	-0.14409618	-0.09620386	-0.018168448	-0.03321382	-0.0290657	-0.00781458	-0.03558191	-0.06416274	-0.03683113	-0.047907643	-0.03575661	-0.019141426	-0.0010992934	0.024601055	-0.015293029	0.11967079	-0.030742493	0.034002542	0.02952586	-0.0026039777	-0.039246526	-0.0033506467	-0.055488557	-0.06758881	0.0013056349	-0.016478712	0.012541685	-0.04368159	-0.0454351	-0.034097962	-0.13082325	-0.03161995	0.0022094229	-0.03485108	0.024614384	-0.0012633404	-0.024655493	-0.033598132	-0.075288974	-0.05829976	-0.014187961	-0.04680556	-0.04638547	-0.017154668	-0.002609771	-0.06528198	-0.007609157	0.035216592	-0.020747606	-0.036397602	-0.011015444	0.018436745	-0.017909242	-0.080482386	0.018616112	-0.022537645	-0.026013674	-0.027531335	-0.025990674	-0.062191628	-0.0029718687	-0.06673335
embedding_0459	-0.16196395	-0.26083186	-0.2932735	-0.17165609	-0.1798912	-0.2811455	-0.2426009	-0.3080058	-0.3212629	-0.29590577	-0.35155377	-0.314057	-0.19580023	-0.34978968	-0.2531167	-0.25002718	-0.28258246	-0.37728783	-0.24816687	-0.250038	-0.3360108	-0.24568288	-0.28590062	-0.27495855	-0.19818056	-0.304242	-0.23831937	-0.16201064	-0.2431388	-0.23477094	-0.24780284	-0.2479898	-0.20856862	-0.24333961	-0.23612711	-0.2593355	-0.29032576	-0.22571228	-0.26996732	-0.19881316	-0.30261666	-0.3512851	-0.33528173	-0.38484424	-0.31259045	-0.34123644	-0.24340102	-0.28120628	-0.16859736	-0.21603069	-0.33371088	-0.2800821	-0.3536444	-0.23344274	-0.28696412	-0.20519572	-0.17804691	-0.27143222	-0.3538396	-0.24774711	-0.28453386	-0.31634575	-0.34080407	-0.24020001	-0.13289472	-0.23627655	-0.30136228	-0.2305859	-0.2775948	-0.24188116	-0.28762785	-0.2523373	-0.29023167	-0.33859575	-0.29492503	-0.26100907	-0.26122472	-0.36048675	-0.17093065	-0.21353823	-0.285804	-0.2725039	-0.2394493	-0.22596005	-0.25432402	-0.18765001	-0.21445143	-0.24381654
embedding_0460	0.07150918	0.108776934	0.11108147	0.10864096	0.11346458	0.12942332	0.09011779	0.13552941	0.10049013	0.115294166	0.122809716	0.032223895	0.055199087	0.08519772	0.08650833	0.115611725	0.06879717	0.06981427	0.06872646	0.15903877	0.07706644	0.122154616	0.116745934	0.07181576	0.1826145	0.06126961	0.09661383	0.026894456	0.061695404	0.084939644	0.09894344	0.15525913	0.1582997	0.12617555	0.11243071	0.049437974	0.1213081	0.118670225	0.0763123	0.13449411	0.12473759	-0.047261905	0.13026416	0.08026716	0.050993316	0.030334199	0.07408941	0.137677	0.110881105	0.049030088	0.13854598	0.09138039	0.007855429	0.06292417	0.14591753	0.037376817	0.18312922	0.09189221	0.10150738	0.11090736	0.06315045	0.059532095	0.19119437	0.10892874	0.15339862	0.1507209	0.08480417	0.13935426	0.121551745	0.03816714	0.05583529	0.19041112	0.11721239	0.045125894	0.10626759	0.123276055	0.12033517	0.13548063	0.12857054	0.103178486	0.10806453	0.11525342	0.11234583	0.051169064	0.124558605	0.13581109	0.12817699	0.07143975
embedding_0461	-0.096006624	-0.039888103	-0.11146909	-0.08876378	-0.050289277	-0.066653796	-0.08474645	-0.07981789	-0.12536144	-0.059530616	-0.08135253	-0.10189027	-0.06608599	-0.07764748	-0.04906113	-0.035283923	-0.100802004	-0.054251425	-0.09271398	-0.043121606	-0.061299108	-0.04411329	-0.09804629	-0.08779446	-0.0043642605	-0.108119525	-0.032464877	-0.15306129	-0.08080028	-0.108425766	-0.065960295	-0.10220527	-0.110643394	-0.116643436	-0.08566763	-0.055767734	-0.064468905	-0.078551896	-0.07860438	-0.09654263	-0.081678584	-0.1188327	-0.023189925	-0.018338766	-0.15028256	-0.061304186	-0.08431262	-0.034849074	-0.10272566	-0.04447921	-0.08481116	-0.076959014	-0.11855886	-0.13725314	-0.032972068	-0.14279686	0.0058711506	-0.03955673	-0.070279434	-0.05689061	-0.06941698	-0.0915896	-0.04168381	-0.03259073	-0.094809115	-0.026350547	-0.079691835	-0.060061123	-0.019527016	-0.115493014	-0.0650066	-0.058934193	-0.080700755	-0.08973066	-0.054395676	-0.061852682	-0.10965057	-0.12864189	-0.10303462	-0.08022909	-0.062087733	-0.03985045	-0.06255021	-0.022141915	-0.061741926	-0.08161771	-0.10180623	-0.11042901
embedding_0462	-0.18994378	-0.112047754	-0.206882	-0.15645745	-0.13141377	-0.17397355	-0.18996668	-0.09551769	-0.17238122	-0.032088663	-0.16561334	-0.18248284	-0.18317778	-0.14398213	-0.086664476	-0.10596009	-0.21469292	-0.1435677	-0.14764038	-0.079207085	-0.13174467	-0.13068962	-0.16936684	-0.15832394	-0.08509817	-0.15231861	-0.17549355	-0.26033297	-0.10837687	-0.113034025	-0.13950507	-0.10934251	-0.105337605	-0.14565249	-0.08117363	-0.1326877	-0.119167954	-0.12811612	-0.17112505	-0.023489492	-0.040417347	-0.17336605	-0.11321967	-0.09301661	-0.17713682	-0.15143426	-0.13828509	-0.09363388	-0.15234262	-0.10159031	-0.11604722	-0.17478375	-0.18717475	-0.14669807	-0.07917597	-0.12027253	-0.13171701	-0.14332482	-0.12884617	-0.11886607	-0.15504734	-0.18064223	-0.04975264	-0.1297723	-0.09938678	-0.11582421	-0.1224655	-0.12838922	-0.121707715	-0.09834619	-0.12155582	-0.12387891	-0.111076154	-0.1498426	-0.14086065	-0.12664875	-0.17452396	-0.1709805	-0.1339937	-0.15582949	-0.13823009	-0.1907993	-0.13595985	-0.14522262	-0.119175486	-0.08654331	-0.10984161	-0.14942323
embedding_0463	-0.85876405	-0.8049418	-0.84053266	-0.8076201	-0.80256474	-0.9034649	-0.8156978	-0.8753763	-0.8558228	-0.8914436	-0.8110063	-0.8298249	-0.8180435	-0.79836005	-0.8389886	-0.8016911	-0.8503757	-0.8118301	-0.8425689	-0.85171574	-0.85902274	-0.8695843	-0.8105938	-0.76791877	-0.8046215	-0.84605193	-0.76770264	-0.78274685	-0.8020624	-0.82070816	-0.7607629	-0.8877943	-0.82121027	-0.8160677	-0.849897	-0.78168875	-0.8391116	-0.8790768	-0.81611824	-0.8892318	-0.8732739	-0.9028903	-0.84466946	-0.852976	-0.85307986	-0.77775586	-0.8434715	-0.8588145	-0.7904324	-0.7817699	-0.8732217	-0.8062613	-0.8451316	-0.82060117	-0.8747082	-0.79104906	-0.7931479	-0.8183066	-0.86337733	-0.85753614	-0.773653	-0.8287816	-0.8352986	-0.7961345	-0.7879452	-0.8315299	-0.8519988	-0.8100496	-0.839314	-0.8288231	-0.8146721	-0.8317079	-0.8567337	-0.83803856	-0.82208747	-0.80114794	-0.8594061	-0.833492	-0.9080125	-0.77457356	-0.8021202	-0.8385852	-0.81698495	-0.7710344	-0.8210134	-0.8014109	-0.842407	-0.8178722
embedding_0464	-0.262113	-0.27360478	-0.2979956	-0.2856214	-0.29297432	-0.22467004	-0.33585522	-0.40750992	-0.3065313	-0.19899356	-0.29507768	-0.31355512	-0.28139675	-0.28160927	-0.34085643	-0.33655646	-0.22606903	-0.32948545	-0.2906858	-0.2746566	-0.27943283	-0.2714399	-0.32799235	-0.29145047	-0.27744666	-0.29159203	-0.46249306	-0.35396707	-0.28203964	-0.25668582	-0.2708964	-0.23731488	-0.2236584	-0.30128837	-0.26375213	-0.3849798	-0.32353142	-0.29082757	-0.24327348	-0.1846417	-0.2651332	-0.2690964	-0.29989526	-0.24489298	-0.27285185	-0.33388495	-0.29474682	-0.3214615	-0.30460414	-0.36657357	-0.26868737	-0.27076483	-0.34100202	-0.28783357	-0.3392852	-0.3094332	-0.39035088	-0.30739233	-0.27221578	-0.26495972	-0.2956795	-0.25912717	-0.28931722	-0.35690972	-0.32116643	-0.30181432	-0.28612897	-0.27018312	-0.2935305	-0.2557283	-0.23622383	-0.2834232	-0.3129767	-0.2767393	-0.28720757	-0.2644919	-0.2670277	-0.27430934	-0.23586148	-0.35219967	-0.25761306	-0.30138242	-0.26211363	-0.25940683	-0.28981143	-0.2854415	-0.2755399	-0.30486745
embedding_0465	0.3809211	0.40171248	0.50931495	0.43761966	0.40016407	0.3883073	0.35377893	0.26272744	0.38076097	0.26505437	0.32239038	0.40697291	0.3834915	0.29352933	0.4251264	0.33961377	0.42516193	0.3216674	0.45895138	0.3512043	0.38399127	0.3868715	0.3925707	0.42052507	0.33991945	0.395067	0.41451618	0.41413495	0.46957257	0.3638095	0.46188357	0.41653565	0.38048872	0.3723792	0.33727613	0.4138622	0.41661406	0.35480458	0.3215195	0.32513392	0.3815985	0.40452763	0.38271415	0.31455842	0.37308708	0.4667181	0.36837026	0.3391112	0.404161	0.43941855	0.36647588	0.36383688	0.34923136	0.34067234	0.3676187	0.30564138	0.48682967	0.40524593	0.32783496	0.41397065	0.44038674	0.4293201	0.386034	0.41454822	0.45365727	0.38735333	0.41112754	0.36141387	0.29586107	0.34520715	0.37443316	0.44348088	0.29781538	0.37056243	0.34345153	0.3458277	0.3513552	0.36200804	0.34208605	0.3906537	0.36908558	0.50461483	0.40207127	0.38965464	0.35910404	0.32842004	0.34134367	0.3422752
embedding_0466	-0.45406264	-0.46554026	-0.44182333	-0.50159854	-0.42107442	-0.45568642	-0.46969637	-0.49611259	-0.41660535	-0.5608121	-0.4651859	-0.4444647	-0.53104794	-0.5166946	-0.38806695	-0.4972127	-0.48190653	-0.45423633	-0.39916146	-0.48251522	-0.39341807	-0.5161139	-0.46285295	-0.45160484	-0.49323666	-0.46543056	-0.4279677	-0.49627304	-0.43268538	-0.50566286	-0.4562569	-0.4390412	-0.5450511	-0.438111	-0.47771466	-0.4273894	-0.3799079	-0.50349736	-0.5561491	-0.5054229	-0.41035718	-0.43809047	-0.41803887	-0.46401995	-0.50757056	-0.3067154	-0.42618397	-0.4530332	-0.4854024	-0.38544267	-0.4869206	-0.49231854	-0.46762472	-0.53219855	-0.45073405	-0.6309853	-0.354241	-0.41595006	-0.43858695	-0.44716087	-0.48991436	-0.43309143	-0.33214977	-0.47461265	-0.48848423	-0.5014843	-0.4387193	-0.45410544	-0.49749455	-0.59590846	-0.4976606	-0.4304603	-0.548009	-0.5908646	-0.4737899	-0.48150313	-0.50007653	-0.45624295	-0.49857092	-0.50124604	-0.5169793	-0.37435257	-0.5060733	-0.50651747	-0.4822134	-0.5726029	-0.47974175	-0.50380397
embedding_0467	-0.16742945	-0.27546686	-0.25695977	-0.16003324	-0.13623606	-0.16614462	-0.21122824	-0.30273852	-0.16145037	-0.2420048	-0.12832244	-0.19194993	-0.23503877	-0.23347974	-0.21746618	-0.17382084	-0.251224	-0.2466358	-0.24915405	-0.17720564	-0.2959829	-0.18730776	-0.16169201	-0.18508574	-0.0966336	-0.20397934	-0.2430379	-0.08406085	-0.09548407	-0.15934724	-0.22566094	-0.22473389	-0.18254	-0.19044478	-0.21540213	-0.22395922	-0.14542882	-0.15994981	-0.23387404	-0.12998532	-0.12858528	-0.21375777	-0.28830463	-0.30677953	-0.28599834	-0.20312133	-0.18193738	-0.20078102	-0.15127485	-0.23305081	-0.28575936	-0.22424266	-0.27652878	-0.2055272	-0.1967636	-0.16388133	-0.13970889	-0.21801233	-0.14924228	-0.20716093	-0.17135082	-0.212322	-0.20379394	-0.20335513	-0.088268526	-0.1709657	-0.21866745	-0.18551506	-0.17538285	-0.2767468	-0.18484831	-0.19505197	-0.20283277	-0.22177884	-0.26961845	-0.21032049	-0.28958872	-0.30897024	-0.15121453	-0.20532298	-0.2049563	-0.19815561	-0.21836063	-0.22475944	-0.20993498	-0.12516767	-0.24725194	-0.18573277
embedding_0468	0.47519273	0.53250444	0.5615357	0.5426963	0.61310583	0.58550996	0.5347628	0.5606435	0.4957764	0.5788782	0.54453856	0.521696	0.5820678	0.61892724	0.56595397	0.5705583	0.46655324	0.58573675	0.50668883	0.61624825	0.58492255	0.55105555	0.5294804	0.5343224	0.5775134	0.5544617	0.5921155	0.5033304	0.56561285	0.5819344	0.52601904	0.5108716	0.53463304	0.5273601	0.5224718	0.5529599	0.5775359	0.55239785	0.56453776	0.50343853	0.5731292	0.55409145	0.59072757	0.63086873	0.49023005	0.6293648	0.56399	0.6364887	0.48292258	0.5503771	0.56591135	0.5115562	0.5447982	0.4843613	0.62923384	0.4542597	0.6273838	0.58383113	0.56995046	0.50208527	0.4710099	0.53205675	0.60157764	0.58643204	0.5348641	0.5739827	0.5591767	0.57288456	0.6034517	0.49618405	0.6258194	0.546029	0.5621759	0.46932107	0.5895082	0.6012753	0.5743392	0.5698773	0.49648106	0.5782547	0.5230078	0.5705125	0.5542475	0.5568605	0.5837342	0.5686089	0.5542089	0.5526952
embedding_0469	0.21327628	0.18663268	0.2837795	0.21812637	0.1953244	0.22705324	0.27515933	0.26532593	0.34968826	0.23401545	0.28026125	0.2634823	0.2900715	0.28467467	0.2977105	0.26401994	0.26551393	0.26431504	0.2476519	0.28123292	0.31848025	0.2966679	0.24659334	0.2572465	0.23471862	0.2520448	0.33026853	0.25001398	0.3135475	0.26243055	0.33576766	0.22634569	0.21254204	0.26686442	0.26996136	0.32378656	0.26730502	0.27813584	0.34609708	0.20363127	0.30705944	0.2593612	0.24381416	0.2583245	0.27260593	0.34361744	0.30363408	0.25572714	0.3171256	0.26937416	0.26843485	0.29481107	0.2509967	0.24222033	0.20538412	0.41737944	0.2681942	0.30793378	0.2088559	0.25591245	0.30933598	0.19142973	0.30141044	0.27622488	0.32684222	0.20553187	0.22715564	0.2647331	0.2806653	0.37186724	0.27600768	0.26428562	0.24038826	0.3399488	0.24685153	0.29402462	0.23625563	0.24815981	0.2178428	0.29799637	0.33258313	0.27175486	0.29041117	0.26706526	0.27542385	0.32563096	0.29234037	0.29830545
embedding_0470	0.64164996	0.6926228	0.576495	0.6763888	0.64504784	0.6278891	0.67152464	0.7036611	0.66820085	0.68231285	0.64945567	0.6250697	0.60217863	0.6393731	0.6749561	0.6562809	0.6572458	0.6581704	0.6655101	0.64981174	0.6491767	0.5701552	0.6245548	0.6121126	0.6771601	0.6047224	0.59242463	0.63874865	0.6291528	0.6443438	0.70499206	0.6623023	0.6345717	0.64043903	0.6964149	0.6193592	0.67324054	0.6777669	0.6312688	0.63899225	0.6583521	0.58860713	0.6693919	0.6204597	0.65896666	0.6546067	0.64289653	0.68904793	0.68331486	0.67322063	0.6485591	0.7048642	0.6195943	0.6647092	0.5750973	0.63901573	0.6902739	0.6868749	0.56231487	0.69093645	0.66268736	0.64129496	0.6897207	0.60572344	0.7156098	0.6570522	0.6491233	0.68987113	0.6625727	0.6872986	0.64908105	0.66335976	0.6480105	0.633566	0.6347127	0.6745104	0.70022833	0.6322846	0.64070207	0.66732657	0.6961995	0.6117724	0.69772863	0.6853102	0.7057331	0.65962416	0.6862627	0.6385617
embedding_0471	0.9551057	0.98254603	0.9251444	0.8825477	0.8393377	0.88936955	0.92492473	0.9391297	0.9421032	0.8613634	0.9170526	1.0356227	0.95464325	0.88275313	0.93796957	0.8846291	0.91779655	0.92555934	0.8692346	0.82828635	0.9091355	0.8946601	0.87633234	0.90919167	0.83338326	0.9329579	1.0239403	0.8890367	0.8935204	0.86496997	0.9319637	0.8751065	0.8367362	0.88805044	0.8729614	0.94915116	0.95927763	0.85592014	0.92417824	0.8283631	0.8398694	0.9032891	0.97725725	0.885659	0.9233801	0.9552431	0.8745003	0.8904535	0.8774208	0.94935507	0.94627166	0.91549575	0.92914283	0.9281243	0.8210764	1.0064839	0.9313361	0.9340013	0.83675945	0.90220374	0.94841397	0.94990766	0.93887645	0.8527667	0.91833377	0.8896631	0.91162384	0.87532693	0.84939355	0.8486401	0.86039025	0.90640515	0.8754844	0.9386733	0.92897576	0.8810786	0.930355	0.9453084	0.8490881	0.9620526	0.92755944	0.96984905	0.87575585	0.88168865	0.8976618	0.9045466	0.8660268	0.88005006
embedding_0472	0.28168935	0.3144673	0.207373	0.30606744	0.18315537	0.2183234	0.1654889	0.25202885	0.19906005	0.3331404	0.20530102	0.28304738	0.20995891	0.24253178	0.2338756	0.20365518	0.2602876	0.2086168	0.276753	0.26103714	0.27575547	0.21335033	0.21907419	0.23681635	0.25939873	0.22444655	0.20566726	0.26769337	0.2553164	0.28753567	0.26245713	0.27607888	0.24850681	0.21069984	0.2399048	0.13182533	0.19919084	0.32707706	0.2481153	0.24236839	0.27158567	0.31228006	0.19290325	0.21638128	0.31043229	0.16714668	0.19983405	0.27354568	0.22222333	0.24748805	0.22632404	0.23875698	0.26416227	0.24582073	0.16624372	0.33302447	0.2647857	0.25057313	0.20798062	0.28265953	0.26168704	0.32958335	0.23309058	0.23543993	0.28286412	0.2009731	0.27535382	0.27218968	0.21151899	0.26034048	0.2250604	0.2456153	0.2347968	0.25232902	0.20885302	0.22103517	0.26604185	0.2799212	0.1997978	0.26305437	0.2589419	0.24756047	0.27110574	0.26960373	0.2659669	0.23613639	0.267531	0.20291448
embedding_0473	-0.114282995	-0.056421485	0.04863379	-0.03503855	0.005172672	0.041268956	-0.013327154	-0.051303163	-0.053788874	0.058493763	0.06303209	-0.09615752	0.008214056	0.017767351	-0.04547994	0.02442362	-0.007885187	-0.026780631	-0.017324846	-0.001697969	0.0052687097	0.023496201	-0.041445594	-0.06370212	0.027841264	-0.032891806	-0.11954993	0.012925846	-0.053736586	-0.049640115	-0.03721731	0.038994063	-0.04723698	-0.013965584	0.026878368	-0.059006535	-0.016555566	-0.016090663	0.02262324	0.019131673	0.0055042757	0.014278915	-0.0024181202	0.05797074	-0.04078542	-0.04516423	-0.007503708	-0.033515554	-0.021408727	-0.07473848	-0.03516752	-0.01232893	-0.052641395	0.006414877	0.049904242	-0.071833566	-0.05953113	-0.07522141	-0.015995555	-0.0010287239	-0.04919739	-0.054106146	-0.024570178	0.04538812	-0.04153503	0.04049432	-0.005146987	-0.05742264	0.01640491	0.015019453	0.0540812	-0.030623775	0.042893264	-0.01901902	-0.010170439	0.00089713326	-0.023586653	-0.016979495	-0.00057122635	-0.008766504	-0.034333535	-0.05390822	-0.041723665	-0.0036936002	-0.0061543216	-0.003031535	-0.0033595727	-0.012809785
embedding_0474	-0.2521725	-0.1901977	-0.18217611	-0.20541418	-0.12638023	-0.06049033	-0.2587659	-0.18103836	-0.19337828	-0.2221641	-0.22592358	-0.3519109	-0.24384245	-0.13309224	-0.2375269	-0.18913008	-0.18977533	-0.23933448	-0.1826467	-0.09266605	-0.12828192	-0.19735964	-0.1634698	-0.17557782	-0.18191376	-0.1991871	-0.17388844	-0.25434145	-0.18751338	-0.21388857	-0.24146286	-0.08438165	-0.074058644	-0.2076854	-0.1400147	-0.29050645	-0.19809452	-0.14604461	-0.17453212	-0.10405311	-0.14386272	-0.23417985	-0.12425975	-0.1965587	-0.21741116	-0.23237388	-0.17807771	-0.1468294	-0.306374	-0.26296234	-0.16038002	-0.20887256	-0.19062407	-0.18141115	-0.07773169	-0.41918105	-0.09078513	-0.14685385	-0.16379891	-0.21315527	-0.25795424	-0.22322695	-0.14938454	-0.164819	-0.2031013	-0.118709244	-0.19655226	-0.18247923	-0.16010173	-0.15325269	-0.17778525	-0.18187565	-0.138672	-0.25424966	-0.13508445	-0.13279976	-0.08419864	-0.09212327	-0.1229112	-0.24248897	-0.195388	-0.21225911	-0.1698751	-0.08060238	-0.14762172	-0.21472088	-0.10634438	-0.1683566
embedding_0475	-0.36376598	-0.25159207	-0.2564854	-0.23078305	-0.15007819	-0.25182277	-0.36835188	-0.22409195	-0.30175486	-0.22911574	-0.26140887	-0.3422108	-0.37126416	-0.19346593	-0.23994896	-0.2532193	-0.33631527	-0.2955493	-0.22926007	-0.15466562	-0.23134315	-0.20556735	-0.22214572	-0.2592071	-0.2510293	-0.2922301	-0.19850923	-0.28847975	-0.08513913	-0.21451789	-0.27844524	-0.24583936	-0.25231478	-0.24190249	-0.23209336	-0.29075256	-0.19048819	-0.2455468	-0.255296	-0.25066692	-0.1778177	-0.24436522	-0.23929563	-0.26879573	-0.29568556	-0.30494985	-0.2422635	-0.15152268	-0.3428433	-0.22079216	-0.28123084	-0.29902413	-0.312517	-0.3181238	-0.120914474	-0.33096558	-0.1785036	-0.20465274	-0.15384443	-0.25397643	-0.34491548	-0.30651492	-0.22743943	-0.19105816	-0.19021244	-0.2241643	-0.22628199	-0.2057961	-0.2162373	-0.28303128	-0.22086835	-0.26956224	-0.20280305	-0.27220958	-0.26343033	-0.23568437	-0.2804939	-0.20992525	-0.23216082	-0.22983159	-0.28066018	-0.26959652	-0.2760534	-0.2256909	-0.27749076	-0.1829147	-0.18333195	-0.30188552
embedding_0476	-0.06229265	-0.021905841	-0.05364639	-0.00504914	0.011544296	0.08706679	0.0676098	-0.031782273	-0.0065588597	-0.026937848	0.03329115	0.031433135	-0.034453455	0.0433471	0.04899979	-0.0037676906	0.019357016	0.02380654	-0.010274628	-0.017417498	0.020093845	-0.09308375	-0.08717667	0.01337075	-0.06858149	0.013677354	-0.06391443	-0.07546271	0.031743705	-0.01970802	0.0032336367	0.08257959	0.007260859	-0.017276373	-0.03143651	-0.035554167	-0.021154273	0.09843291	0.011516658	0.07060333	0.0015494432	0.083085746	-0.0061687017	0.07891179	0.08442342	-0.033112206	-0.008474622	0.035695955	0.012529823	-0.048537076	-0.01983418	-0.0011094162	0.021845037	-0.002853355	0.04657617	-0.02347706	-0.06177311	-0.06280168	0.076532066	-0.015045944	-0.040312003	0.025403595	0.03381519	-0.0844121	-0.07946549	-0.0631159	0.08504241	-0.05381813	-0.022631582	0.0018802055	0.005122146	0.010705087	-0.038419053	0.008354082	-0.04755216	-0.0326552	0.0046506566	0.044978626	-0.042237703	-0.02096528	0.010293256	-0.042145524	-0.019518202	0.030161373	-0.024640273	-0.056096595	0.046748452	-0.043485377
embedding_0477	-0.34726012	-0.21527751	-0.31589934	-0.3220955	-0.38520536	-0.33314866	-0.40485695	-0.3200506	-0.3715747	-0.2566946	-0.3346586	-0.34877434	-0.33498675	-0.314156	-0.35155675	-0.37740123	-0.29512498	-0.34464708	-0.3224618	-0.38807586	-0.37628952	-0.314745	-0.3259588	-0.32005602	-0.36126405	-0.32003114	-0.4156753	-0.35470295	-0.3886317	-0.34472778	-0.35000685	-0.32371184	-0.3459181	-0.388588	-0.3420338	-0.4187663	-0.35237125	-0.3398253	-0.31699258	-0.36161122	-0.32898635	-0.30531847	-0.31912544	-0.29700214	-0.2969612	-0.36934844	-0.40212098	-0.3418886	-0.41365126	-0.35648036	-0.31323448	-0.33175865	-0.2986803	-0.32051742	-0.30909505	-0.3057513	-0.42712706	-0.31165934	-0.29291672	-0.32176715	-0.31924066	-0.24466477	-0.36857215	-0.32465965	-0.43564004	-0.34345874	-0.3134196	-0.37509996	-0.36819518	-0.2875218	-0.34972447	-0.3760171	-0.3092152	-0.24563806	-0.35567796	-0.34409326	-0.29864302	-0.26864278	-0.37027028	-0.41039765	-0.32534215	-0.3786558	-0.35090446	-0.3642698	-0.35676625	-0.3981549	-0.33806536	-0.35446635
embedding_0478	0.0322822	0.056899782	0.09804626	0.034864355	0.02857125	-0.018966425	0.04797205	0.036117513	0.07506503	0.03658953	0.088596985	0.18019557	0.01292754	0.06657511	0.051597767	-0.01408776	0.032603983	0.049223248	0.030290583	-0.014387953	0.10016478	0.08754641	0.076332964	0.0756134	-0.05920975	0.08124592	0.08314036	0.003994287	0.05534575	0.04671056	0.026146868	-0.017941445	-0.025373472	0.016342495	7.374944e-05	0.07695971	0.07916278	-0.06267537	0.01441041	-0.05932734	0.014448029	0.081832066	0.037720364	0.044627305	0.08379588	0.072982974	0.01932668	0.05293987	-0.0010780026	0.027581366	0.17754541	0.027835516	0.09002072	0.0044532306	0.011443266	0.028774252	-0.016773557	0.048112236	0.09810139	0.021474376	0.060556352	0.10847858	0.101248704	-0.012370135	0.020124113	-0.0008498607	0.021420708	0.032357838	0.025506882	-0.03840448	0.00061603583	-0.0029874516	0.050338395	0.08577661	0.023215575	0.027753863	0.046921015	0.14086412	-0.039298456	-0.01597083	0.03975036	0.111462034	0.023744715	-0.04131244	0.006897658	-0.036385424	-0.06575417	-0.000863635
embedding_0479	-0.5420275	-0.42419988	-0.4157687	-0.4248461	-0.30013633	-0.41302016	-0.42413983	-0.38268322	-0.40555236	-0.44701272	-0.32864377	-0.47345012	-0.46996382	-0.3823418	-0.35521027	-0.34242165	-0.44605824	-0.36534333	-0.36175942	-0.33931744	-0.38039166	-0.37579834	-0.42129096	-0.40009987	-0.32883868	-0.43577474	-0.40591234	-0.41674012	-0.35207346	-0.39552945	-0.37218478	-0.43000156	-0.44805574	-0.40910727	-0.3823683	-0.37247682	-0.35574073	-0.4025305	-0.38110453	-0.3695967	-0.31486166	-0.4089233	-0.38490015	-0.37663767	-0.48638457	-0.3791386	-0.3907349	-0.38597277	-0.45290205	-0.40996018	-0.42872754	-0.43648776	-0.4749809	-0.444784	-0.31775987	-0.49522364	-0.34951928	-0.43144837	-0.3095173	-0.43489793	-0.46533355	-0.44772828	-0.39754203	-0.30506235	-0.37168267	-0.3661894	-0.38081464	-0.36833787	-0.33677727	-0.4567701	-0.3077339	-0.38308284	-0.36496046	-0.41559803	-0.43596458	-0.3542158	-0.46748704	-0.45272723	-0.4044907	-0.38156745	-0.39462072	-0.40117064	-0.42714176	-0.41618493	-0.39076722	-0.41579497	-0.3311989	-0.39925197
embedding_0480	-0.3398198	-0.20111099	-0.2828373	-0.19917612	-0.22801138	-0.3211825	-0.24748039	-0.12506106	-0.22835793	-0.16521166	-0.21460064	-0.17955287	-0.34184718	-0.1825962	-0.20968525	-0.24155267	-0.25562617	-0.16871543	-0.18237157	-0.21752973	-0.17906787	-0.27435964	-0.20920542	-0.20291515	-0.28269467	-0.23198402	-0.24570179	-0.25571558	-0.15066995	-0.20491913	-0.21785675	-0.24329181	-0.2913445	-0.23571187	-0.23804748	-0.25692326	-0.17604895	-0.22044036	-0.23049684	-0.28722897	-0.17105165	-0.26338288	-0.19524139	-0.20680752	-0.21823095	-0.18932205	-0.25125605	-0.1486365	-0.2403713	-0.21808329	-0.19553033	-0.20181789	-0.18322466	-0.26324812	-0.19088286	-0.23501842	-0.21626352	-0.23421313	-0.12654708	-0.22007325	-0.18871465	-0.21616541	-0.17076099	-0.22983615	-0.20309044	-0.28199783	-0.18095121	-0.20099308	-0.21560125	-0.21606947	-0.21576978	-0.2612071	-0.21713422	-0.1344255	-0.26957887	-0.22437988	-0.24155934	-0.14196339	-0.30065957	-0.20581855	-0.2302055	-0.22153415	-0.2479058	-0.22988714	-0.2651267	-0.2592282	-0.22140081	-0.25368375
embedding_0481	-0.93495685	-0.8650275	-0.93271184	-0.9317222	-0.9654777	-0.8938812	-0.92498004	-0.91541135	-0.8826119	-0.89031523	-0.9452258	-0.92501825	-0.9232329	-0.91990566	-0.9032786	-0.89322394	-0.9181786	-0.9548681	-0.9660337	-0.9228357	-0.99690324	-0.8978782	-0.921596	-0.8778345	-1.0045073	-0.89201623	-0.8984984	-0.9244955	-0.8676155	-0.96700746	-0.8886684	-0.894497	-0.90562034	-0.86942196	-0.9209596	-0.92604476	-0.9370306	-0.95239097	-0.89666426	-0.8904255	-0.9531314	-0.90991944	-0.97417223	-0.98501056	-0.86325985	-0.987074	-0.97240204	-0.9425857	-0.90596	-0.8919138	-0.89944917	-0.930666	-0.9298756	-0.85255235	-0.98167187	-0.78221595	-0.94875216	-0.9813589	-0.85994434	-0.89436984	-0.8917765	-0.936673	-0.94863707	-0.9036391	-0.91105133	-1.0169376	-0.91931474	-0.9461117	-0.9700209	-0.87917715	-0.9439237	-0.95201576	-0.87766665	-0.81028694	-0.9627531	-0.96624434	-0.91239643	-0.902724	-0.93731266	-0.8947991	-0.9013646	-0.94593966	-0.96494204	-0.9286237	-0.9245054	-0.9585654	-0.9376427	-0.90743387
embedding_0482	0.63927907	0.57051706	0.7058845	0.6033685	0.58120984	0.735556	0.6801952	0.58110005	0.64447415	0.60907114	0.6026608	0.70416373	0.67690784	0.6082388	0.6024794	0.56966114	0.67346865	0.64100826	0.6389484	0.6172755	0.6927383	0.6350528	0.6120084	0.6078345	0.63815206	0.64825505	0.58940434	0.5904514	0.6743578	0.59723616	0.6236797	0.593174	0.6330906	0.6417803	0.5948698	0.6677751	0.61764765	0.6040271	0.5680744	0.67877394	0.6298015	0.6916641	0.6512642	0.6235652	0.63739395	0.6462606	0.65087295	0.6676802	0.6210626	0.61010534	0.6386476	0.6360802	0.62420124	0.57260877	0.63515997	0.63178766	0.53503454	0.65834135	0.54889	0.6221575	0.6136535	0.63840586	0.5667122	0.6188582	0.61935604	0.6595196	0.64713514	0.61507785	0.5878263	0.6015423	0.6546414	0.6599446	0.60389686	0.6509914	0.67356735	0.61684614	0.5990065	0.6073318	0.6270014	0.60731137	0.6534821	0.68026274	0.6712808	0.5978317	0.6179131	0.64258754	0.60783744	0.6217364
embedding_0483	-0.014379085	-0.041434392	-0.06270815	-0.05400679	-0.048065666	-0.17781559	-0.07127886	-0.05915853	-0.039699826	-0.06499583	-0.046236895	-0.036167294	-0.07018042	-0.010049696	-0.06651219	-0.05494072	-0.0033315266	-0.03236858	-0.09430683	-0.07907683	-0.056457758	-0.055359088	-0.010801939	-0.028873539	-0.096043594	-0.030412393	-0.0017940737	-0.07245227	0.0011793594	-0.04040431	-0.058343448	-0.058017682	-0.07273108	-0.057913903	-0.118338875	-0.06573708	-0.052267715	-0.054836467	-0.06764423	-0.22680989	-0.0724331	-0.039621983	-0.08350005	-0.04662255	-0.057870775	0.028674258	-0.014324171	-0.07390372	-0.008113038	-0.04110339	-0.053958166	-0.03657057	-0.014761331	-0.07835836	-0.10587491	-0.0065828525	-0.03936962	-0.022900483	-0.05589628	-0.07515132	0.025609763	-0.05330746	-0.0369859	-0.012422831	-0.07021215	-0.10437028	-0.037330966	-0.040530067	-0.026612284	-0.002298523	-0.07513057	-0.06836639	-0.106588505	0.03136782	-0.051073465	-0.05022305	-0.0846709	-0.07265117	-0.11057068	-0.062098972	-0.055927504	-0.01239016	-0.04980532	-0.03695012	-0.07697599	-0.048676584	-0.08950517	-0.03889425
embedding_0484	-0.15625633	-0.17661092	-0.1865176	-0.18643446	-0.13753831	-0.22661793	-0.13826458	-0.13966145	-0.16630995	-0.1996695	-0.0951768	-0.13941985	-0.13318162	-0.1614889	-0.13507473	-0.13901938	-0.21334341	-0.13902426	-0.18043633	-0.13829191	-0.2222782	-0.16170134	-0.18277374	-0.13450654	-0.07318298	-0.1721213	-0.1390097	-0.12378881	-0.111460246	-0.1411756	-0.17443559	-0.17778243	-0.14696619	-0.12952495	-0.13640496	-0.12064667	-0.14401254	-0.118143804	-0.14365995	-0.13506283	-0.14401239	-0.18109645	-0.22187723	-0.21585046	-0.1736502	-0.14173889	-0.15233232	-0.18204421	-0.11929508	-0.16829342	-0.19426106	-0.18488352	-0.20267878	-0.15262522	-0.17299443	-0.09815479	-0.13005939	-0.17135851	-0.13371582	-0.1826778	-0.14781621	-0.2055737	-0.19040433	-0.11991624	-0.086987086	-0.16003688	-0.18126084	-0.17285852	-0.12675221	-0.17327778	-0.12573285	-0.1583376	-0.15441418	-0.18402092	-0.20578657	-0.13993979	-0.2307078	-0.24652489	-0.10245278	-0.1470194	-0.15239288	-0.1441103	-0.1611862	-0.19685647	-0.15721856	-0.10778647	-0.13669117	-0.14348233
embedding_0485	-0.17217195	-0.065236844	-0.19714564	-0.1433837	-0.15804236	-0.22236632	-0.1453527	-0.042234544	-0.099510424	-0.048505984	-0.17073816	-0.09381327	-0.1750749	-0.065794185	-0.11726569	-0.13095227	-0.1299101	-0.062135696	-0.06957056	-0.12254244	-0.045539573	-0.15169425	-0.1335869	-0.089355856	-0.18110014	-0.099213146	-0.13285136	-0.20451869	-0.15408073	-0.13268937	-0.10568008	-0.16533501	-0.116229095	-0.10310956	-0.09970827	-0.1088978	-0.1161008	-0.17593093	-0.09716363	-0.12078937	-0.1366985	-0.12089786	-0.12345148	-0.057761285	-0.093638614	-0.06014603	-0.11371178	-0.09763739	-0.100303374	-0.12343081	-0.052748185	-0.11210794	-0.056121472	-0.09775323	-0.16008015	-0.074744284	-0.14103188	-0.16586745	-0.08030309	-0.09883105	-0.029455353	-0.09357484	-0.04372526	-0.13656268	-0.17343265	-0.20016555	-0.124817714	-0.12402927	-0.09957674	-0.03567189	-0.11148793	-0.21549623	-0.10377701	-0.007937834	-0.08551118	-0.13169451	-0.11941945	-0.04549285	-0.20088285	-0.16509329	-0.13535084	-0.14308281	-0.10355383	-0.08576549	-0.13364609	-0.17491396	-0.121175736	-0.1143452
embedding_0486	-0.9134615	-0.9049939	-0.8536966	-0.9120488	-0.8950994	-0.9748473	-0.90713197	-0.9264269	-0.95207894	-0.9083653	-0.9513321	-0.95698637	-0.9434247	-0.94049823	-0.91547954	-0.95375896	-0.8862567	-0.9271934	-0.9423941	-0.91636926	-0.8996745	-0.93115443	-0.85411966	-0.8575118	-1.0124195	-0.87518877	-0.8692695	-0.90827876	-0.95610225	-0.9690451	-0.95904636	-0.9033617	-0.97304547	-0.91997033	-0.95863545	-0.9432451	-0.9433207	-0.9425195	-0.9013256	-1.0053219	-0.9800106	-0.932097	-0.924287	-0.86261654	-0.90018886	-0.9308621	-0.92705303	-0.9511749	-0.93065524	-0.92300594	-0.8829424	-0.91283	-0.85520744	-0.8932874	-0.87150985	-0.9624879	-0.9099925	-0.9477915	-0.8815356	-0.947738	-0.87702185	-0.9206192	-0.91248834	-0.93513465	-0.9817755	-0.93151116	-0.9308676	-0.8895042	-0.9281626	-0.8622573	-0.96365285	-0.95356405	-0.94197524	-0.9004384	-0.95013285	-0.91623837	-0.8751684	-0.8817951	-0.9720453	-0.95577484	-0.93185765	-0.9067675	-0.93548644	-0.8588498	-0.9586173	-1.0100131	-0.9494222	-0.9410772
embedding_0487	1.4789183	1.3929001	1.4285218	1.4498595	1.4090171	1.2964218	1.4287535	1.4075226	1.3974712	1.3242378	1.4033117	1.3370382	1.4790609	1.3224258	1.4164557	1.4183786	1.4359672	1.3625889	1.4066448	1.3384078	1.3218383	1.4384575	1.3935884	1.362421	1.3753192	1.3932546	1.4358668	1.4976053	1.3608509	1.405095	1.4037127	1.4049498	1.3529867	1.4144771	1.374138	1.4082274	1.3624197	1.4049703	1.3759862	1.2864199	1.2768642	1.3801901	1.361611	1.3070796	1.384503	1.3934748	1.4187721	1.3172207	1.4601562	1.4038769	1.3440889	1.3850924	1.367433	1.4335089	1.3424952	1.4297851	1.3520689	1.3758553	1.3201503	1.3606877	1.3759142	1.4170132	1.2386833	1.4121966	1.4253973	1.3937719	1.3809645	1.3745283	1.3775187	1.3835164	1.3511659	1.3668369	1.3766739	1.4098897	1.3310573	1.3872788	1.3559668	1.2427667	1.3986506	1.447144	1.3905102	1.407619	1.3878392	1.354674	1.368234	1.3979286	1.3454889	1.4015993
embedding_0488	-0.059481386	-0.034593053	0.034540877	-0.03260599	0.030947126	0.02731426	0.014851694	-0.030038087	0.011194174	-0.08415946	-0.050366458	-0.18859063	-0.004081919	-0.025012543	0.010250543	0.024679419	0.010821284	0.0008925798	0.021507746	0.075473	0.02488934	0.05617981	-0.04212954	-0.053265575	0.069231085	-0.04240404	-0.0048041046	-0.057717536	0.06525247	-0.04722683	0.046427432	-0.052211538	0.027354313	-0.013582438	0.0046086023	0.0251092	0.04407438	-0.03803957	0.027437527	0.066713974	0.042644713	-0.14612715	0.07016299	-0.037854888	-0.16199867	0.098356284	0.050663974	-0.006283292	0.00811475	-0.0779555	-0.070241734	-0.023937171	-0.15329964	-0.054292396	0.035841797	-0.12703589	0.07126555	-0.06320155	-0.043781936	0.007671414	-0.07538945	-0.048616275	0.060700994	0.043636624	0.05358648	0.031282887	0.0027584287	0.032547425	0.04049621	0.025556812	0.015041704	0.0727149	-0.0325091	-0.034659043	-0.0069308947	0.015967233	-0.02806471	-0.019370725	0.00071624055	0.027747601	-0.013349142	0.025193738	-0.036886707	0.060480975	-0.0044092517	0.07490739	0.03944612	-0.039311074
embedding_0489	-0.11710881	-0.20136519	-0.06810262	-0.14290419	-0.10934589	-0.12501268	-0.15576363	-0.16552824	-0.19085658	-0.24408565	-0.18077928	-0.20508903	-0.11047337	-0.14571108	-0.17960519	-0.15591364	-0.15639743	-0.18400781	-0.09957636	-0.10236619	-0.1432008	-0.08616635	-0.13903095	-0.22802702	-0.05869955	-0.23679668	-0.08208508	-0.15613855	-0.19501677	-0.16227317	-0.17753403	-0.14944234	-0.100468166	-0.1738418	-0.11483189	-0.12302553	-0.17035489	-0.15772237	-0.122336976	-0.0922591	-0.13857593	-0.23183395	-0.11137869	-0.1912941	-0.19321066	-0.12667635	-0.11020994	-0.11764392	-0.18441507	-0.15466756	-0.15759376	-0.15890062	-0.18373284	-0.16920461	-0.14774367	-0.30109575	-0.09932379	-0.12317606	-0.20129369	-0.10581587	-0.21430695	-0.1972798	-0.1852341	-0.110186435	-0.11874688	-0.041702032	-0.13347456	-0.16536443	-0.09483523	-0.096474044	-0.12285521	-0.115796395	-0.13846791	-0.26080614	-0.1342551	-0.12978016	-0.12312537	-0.16796136	-0.099642955	-0.10535929	-0.1759497	-0.14604001	-0.10078781	-0.10410624	-0.12908112	-0.12059904	-0.11282558	-0.1426261
embedding_0490	-0.24795805	-0.19740357	-0.2086361	-0.2064395	-0.13966271	-0.17434964	-0.2579273	-0.11204939	-0.17042023	-0.17909013	-0.21131426	-0.26654422	-0.2278572	-0.10831985	-0.17797875	-0.14446694	-0.23567568	-0.16478625	-0.19021054	-0.041270554	-0.1310932	-0.10388106	-0.20792216	-0.23882835	-0.10815404	-0.21727103	-0.1516044	-0.31358156	-0.12814201	-0.16733763	-0.16931364	-0.132276	-0.1226532	-0.2360701	-0.10806644	-0.18973091	-0.12417463	-0.097850256	-0.11283543	-0.092616774	-0.051539563	-0.26923156	-0.117734306	-0.16631171	-0.23997729	-0.22423273	-0.13498458	-0.05656234	-0.17139563	-0.21796569	-0.1469436	-0.19695108	-0.23553066	-0.2445798	-0.13301128	-0.19615059	-0.06024277	-0.12714559	-0.17147833	-0.11673209	-0.23808984	-0.25179443	-0.03939179	-0.13076136	-0.113001585	-0.08705442	-0.14043687	-0.14582056	-0.08305625	-0.099994354	-0.15543912	-0.13710059	-0.11361956	-0.16935028	-0.18991308	-0.14488025	-0.15077041	-0.11487916	-0.12612185	-0.17455146	-0.1315216	-0.14477178	-0.15960272	-0.114424035	-0.15554811	-0.07858905	-0.1252704	-0.20694977
embedding_0491	-0.4281795	-0.54184127	-0.49050033	-0.524035	-0.5215682	-0.50213337	-0.53897387	-0.6050793	-0.58038604	-0.5391538	-0.57373077	-0.42088026	-0.52853423	-0.5591887	-0.546615	-0.57935315	-0.5487509	-0.6038415	-0.5283941	-0.5832612	-0.51578605	-0.5417895	-0.5241529	-0.51062334	-0.60070026	-0.54220635	-0.48041913	-0.47631118	-0.5389805	-0.4883368	-0.553693	-0.5198263	-0.58155215	-0.5127673	-0.55914634	-0.5360711	-0.5290981	-0.56021214	-0.5412091	-0.5814089	-0.5436877	-0.46039712	-0.62608254	-0.54724973	-0.44176778	-0.6095349	-0.5630708	-0.48949045	-0.5600699	-0.4676678	-0.49039584	-0.5350279	-0.48029366	-0.5174298	-0.5259085	-0.48559484	-0.57757306	-0.4983576	-0.53021055	-0.5599847	-0.5202523	-0.55238634	-0.5191208	-0.55826676	-0.47949606	-0.5831819	-0.55906844	-0.5247032	-0.575177	-0.594449	-0.5642584	-0.51076454	-0.57056636	-0.63179517	-0.500894	-0.5961185	-0.5102882	-0.46707523	-0.5609117	-0.5483945	-0.568288	-0.5615851	-0.53168136	-0.5157485	-0.5478486	-0.6244574	-0.5303944	-0.5478645
embedding_0492	0.0026899197	-0.025111727	0.025895467	-0.01799838	0.0325466	-0.066444434	-0.04757291	0.014501212	-0.0033884486	-0.073247306	-0.022523856	0.0018848289	-0.07862783	-0.055841878	0.04389765	-0.042121112	0.062507905	-0.011929222	0.025257114	-0.057176914	0.054680713	-0.036730677	0.020071179	0.0032529067	-0.08564255	-0.0075803013	0.011482246	-0.036713395	-0.0035932616	-0.034966517	-0.009424976	0.016219135	-0.024782527	-0.06394527	-0.010777071	0.033358537	0.016275581	-0.05600451	-0.049303684	-0.06821859	0.014413531	0.03673484	0.0098917335	0.057072803	0.046658196	0.0073218313	-0.020397205	0.0019242859	-0.008058525	0.021400927	0.04870186	0.004128527	0.09422058	-0.0027528547	-0.0275624	-0.05496487	-0.023944905	0.070607044	-0.046954513	0.028814089	0.0768215	0.024940647	0.0070150495	0.013158224	-0.046905585	0.008408352	0.01660342	-0.022477036	-0.052958783	-0.01780381	-0.06692544	-0.05506527	-0.05346051	0.034889173	0.017617607	-0.03757426	-0.022467712	0.034544468	-0.05760048	-0.06071279	0.00418251	0.053264603	0.021279784	0.012243393	-0.030235061	-0.059758883	-0.07322239	-0.05195317
embedding_0493	-0.2933963	-0.2975394	-0.28238463	-0.3273267	-0.3298956	-0.34704152	-0.30815178	-0.32446358	-0.34701458	-0.28921574	-0.3182432	-0.332253	-0.30432534	-0.32942775	-0.3010986	-0.30855954	-0.346151	-0.3467212	-0.30314636	-0.30605295	-0.34362882	-0.41393915	-0.3379268	-0.34014037	-0.3361222	-0.31592616	-0.31926757	-0.33259496	-0.33153242	-0.32675558	-0.37406406	-0.26130736	-0.31018755	-0.297249	-0.3302286	-0.36106914	-0.37837037	-0.28755385	-0.33182693	-0.28411826	-0.3638207	-0.30437228	-0.3473533	-0.31554988	-0.24942069	-0.36564595	-0.36022055	-0.30884337	-0.32366696	-0.3167903	-0.326147	-0.31453434	-0.29737195	-0.28971654	-0.3199819	-0.32793257	-0.2875423	-0.34120283	-0.32870978	-0.3469828	-0.37571844	-0.38835603	-0.34693667	-0.31887355	-0.36156029	-0.39500862	-0.32834452	-0.35905662	-0.35310858	-0.29569846	-0.33662918	-0.28515655	-0.37252292	-0.3661859	-0.3673435	-0.32410726	-0.28412056	-0.3357801	-0.32093963	-0.28619042	-0.34275013	-0.37889114	-0.3402684	-0.3461472	-0.320956	-0.38332558	-0.29951578	-0.29245836
embedding_0494	1.0778964	0.98790985	1.0388263	1.0967722	1.0639926	1.0804974	1.0486455	0.99157554	1.0429797	1.0090629	1.0462064	1.0913175	1.0336946	1.0081487	1.0166789	1.0336478	0.99398685	0.993165	1.0561279	1.0332402	1.0144241	1.0260626	1.1040807	1.0080098	0.9806231	1.0611451	0.9819577	1.0293251	0.9548318	1.0796006	0.9919771	1.0911185	1.0380304	1.0396134	1.0684996	0.99846184	1.0497231	1.0767523	1.0301871	1.1182506	1.0220013	1.1729951	1.0463215	1.0593777	1.1229777	0.980227	1.0356269	1.0640855	0.9929835	1.0349091	1.0999191	1.0190563	1.1016033	1.089945	1.1180271	1.0633368	1.0278054	1.0276717	1.1259576	1.0504826	1.0834113	1.0850326	1.0399996	0.991432	1.0293353	1.0819578	1.0530342	1.0245476	1.0276653	1.095722	1.0125253	0.9709957	1.1047975	1.0484844	1.0209848	1.0520053	1.0654982	1.1269094	1.065974	1.021787	1.039375	1.1131185	1.0296324	1.0514033	1.0450567	0.9954123	1.0487884	1.0487201
embedding_0495	0.2616124	0.15787175	0.2203976	0.17969592	0.20779914	0.24080367	0.21695125	0.11367023	0.13919416	0.12742354	0.20478684	0.18760872	0.25028524	0.13243382	0.14713907	0.18330784	0.16957341	0.12216223	0.123806015	0.13684908	0.08197656	0.21522875	0.21615274	0.1836448	0.17740908	0.22612664	0.1999653	0.27699417	0.12976164	0.16684091	0.124902606	0.17627737	0.17324121	0.20466705	0.18134992	0.1898443	0.18150166	0.1501022	0.15545128	0.20100956	0.13028152	0.22420724	0.1313219	0.15331821	0.18381289	0.2002993	0.1669969	0.102490745	0.15915428	0.21422254	0.14490218	0.1531613	0.18307614	0.24510923	0.20968266	0.16753428	0.11527786	0.1539677	0.24420027	0.16208877	0.17546666	0.19799593	0.1264618	0.1442836	0.13426396	0.17111607	0.13956538	0.16955328	0.16186628	0.1366773	0.15088005	0.13663147	0.17001429	0.1079764	0.123834595	0.15972465	0.119692706	0.14534074	0.23866135	0.18892291	0.12938388	0.18769164	0.11104782	0.15190232	0.15443419	0.16304335	0.12401748	0.21115194
embedding_0496	0.5508082	0.536125	0.43874094	0.48001924	0.47899994	0.4257748	0.4479823	0.56865114	0.43478686	0.45939904	0.49461675	0.46488827	0.54620796	0.47924152	0.5041016	0.45847598	0.51744825	0.5389774	0.49073926	0.49721485	0.5002937	0.41640463	0.50685024	0.53031605	0.4587381	0.48639256	0.52776295	0.45832628	0.5191226	0.45841998	0.44377264	0.49698925	0.4717635	0.48694578	0.46181536	0.52227366	0.51974106	0.46418688	0.4492227	0.42980635	0.45163146	0.39942673	0.5199808	0.49423757	0.45097333	0.61590916	0.51384926	0.48257062	0.48105806	0.50569355	0.5127252	0.50518817	0.5132222	0.4915354	0.49744877	0.42751947	0.48910066	0.56121606	0.4851847	0.4731596	0.5142371	0.4830124	0.5586649	0.4677369	0.43833023	0.5119876	0.46521482	0.5361301	0.5275051	0.5048061	0.39381635	0.47437957	0.48067242	0.43758616	0.4924386	0.51998204	0.46807444	0.52346474	0.47135484	0.43749532	0.4687748	0.5581913	0.51934505	0.49058908	0.46698642	0.5000609	0.4631285	0.52979624
embedding_0497	0.29916614	0.31994137	0.37334386	0.33082578	0.40230504	0.26919118	0.27147207	0.25714678	0.2919044	0.28113797	0.3207433	0.34785658	0.28719208	0.3214596	0.33783594	0.36689624	0.2985377	0.31374365	0.3888441	0.3524721	0.38917783	0.43120566	0.27066332	0.33143628	0.4010746	0.32942995	0.39653632	0.3118948	0.38067067	0.33386657	0.3871848	0.3613985	0.3029194	0.3273053	0.32131892	0.39139932	0.34949243	0.2969674	0.3231324	0.31738803	0.35545224	0.34052765	0.42357218	0.3634505	0.28182903	0.4114456	0.35013565	0.35473952	0.2902336	0.37143382	0.32293615	0.33378324	0.30646366	0.30714205	0.3459086	0.2006479	0.46035466	0.3385238	0.30878398	0.33726385	0.34317803	0.3254718	0.38408163	0.40632015	0.315237	0.35161787	0.34600598	0.34271017	0.36291274	0.34826204	0.38508794	0.34138706	0.29515818	0.3307461	0.33793902	0.40994504	0.35864308	0.30533507	0.2942784	0.4132803	0.33129373	0.36224964	0.37248796	0.35378343	0.34545156	0.33820286	0.2710721	0.31968912
embedding_0498	-0.2090446	-0.2052237	-0.15980563	-0.17843087	-0.11099485	-0.14944518	-0.15456098	-0.11773429	-0.12670045	-0.07784337	-0.073589265	-0.16125639	-0.176326	-0.10609108	-0.111135855	-0.11962729	-0.13635975	-0.122241266	-0.104026966	-0.047592834	-0.09008456	-0.14919963	-0.18754224	-0.16438642	-0.085087575	-0.16306256	-0.25235632	-0.1720832	-0.09083279	-0.1568442	-0.11344135	-0.07654963	-0.16684417	-0.13898265	-0.142933	-0.18437862	-0.14611483	-0.07351269	-0.108707294	-0.06851865	-0.01897103	-0.09571765	-0.099736586	-0.031549603	-0.12392715	-0.12647206	-0.107482925	-0.121269524	-0.15565242	-0.12950583	-0.17527597	-0.12295347	-0.18524575	-0.12717699	-0.10812425	-0.20610757	-0.110371	-0.16962478	-0.076983616	-0.11517708	-0.2109241	-0.19944333	-0.035226278	-0.1405133	-0.15051958	-0.15974407	-0.09231093	-0.096582554	-0.086361736	-0.023190085	-0.05854218	-0.06968356	-0.12904672	-0.153496	-0.121352024	-0.12773497	-0.16600008	-0.17080384	-0.1281438	-0.12703396	-0.13275519	-0.24412508	-0.16214679	-0.08612605	-0.123934425	-0.14639428	-0.02925649	-0.13603787
embedding_0499	0.20075813	0.22312516	0.21546887	0.21881114	0.21369435	0.09701197	0.19835253	0.18312602	0.2217639	0.19406125	0.25342095	0.27364126	0.13780501	0.19624247	0.23589791	0.13118711	0.20110156	0.24107818	0.25345317	0.1716732	0.29692292	0.1862478	0.2326889	0.2795602	0.15062018	0.21456581	0.1978209	0.2537297	0.25596085	0.24315692	0.27303457	0.10132743	0.16172957	0.2087667	0.22386667	0.28967065	0.23600088	0.1123969	0.16445728	0.10663678	0.22201873	0.19434199	0.21039248	0.18254355	0.16178304	0.33252442	0.21329361	0.24229349	0.2293481	0.25507107	0.18795829	0.21925874	0.1959152	0.14905444	0.13929427	0.18866327	0.2324482	0.26045248	0.16155122	0.2081198	0.31255192	0.24410447	0.2853629	0.23227984	0.29222977	0.16162603	0.1812052	0.28999504	0.21037373	0.14145127	0.20475227	0.21887363	0.1583262	0.21887322	0.19243927	0.21450186	0.2141213	0.2486353	0.1376453	0.23325461	0.21453983	0.29539138	0.23059726	0.17642903	0.19890982	0.22134319	0.17348461	0.17569812
embedding_0500	-0.8261065	-1.0036738	-0.8623521	-0.95157033	-0.97571856	-0.8806735	-0.84492576	-0.9021245	-0.9096652	-0.9000402	-0.95064175	-0.8327767	-0.88498706	-0.9456185	-0.92849547	-0.92471176	-0.9133543	-0.9074967	-0.9580195	-0.98168993	-0.9248383	-0.94285846	-0.8396073	-0.9124617	-0.98813987	-0.88410556	-0.8178657	-0.8985975	-1.0023925	-0.9150132	-0.97208065	-0.9388084	-0.9488153	-0.8971724	-0.90605664	-0.81658226	-0.9520023	-1.0200589	-0.9368261	-0.97147304	-0.96288055	-0.8456899	-0.9412449	-0.8926297	-0.8415304	-0.90590626	-0.97825885	-0.947119	-0.94543886	-0.8834869	-0.8431583	-0.9143739	-0.7879488	-0.86474097	-0.896868	-0.8948672	-1.0429168	-0.91700417	-0.9043627	-0.9470019	-0.86218697	-0.8982281	-0.9235592	-0.9480139	-1.0174512	-0.9703502	-0.9608446	-0.97698927	-0.96618605	-0.97615695	-0.98535967	-0.94462085	-0.9605784	-0.92899406	-0.9002525	-0.9759568	-0.937944	-0.89969987	-0.980767	-0.96417546	-0.91884685	-0.90638477	-0.95603824	-0.9692909	-0.9274	-0.9931552	-0.97871274	-0.93564546
embedding_0501	-0.2583118	-0.14567766	-0.25858545	-0.19786407	-0.2823708	-0.22577292	-0.26573405	-0.1282456	-0.246744	-0.1066796	-0.16979122	-0.16498674	-0.2086856	-0.15388364	-0.20912151	-0.22035025	-0.16398375	-0.16721211	-0.15753663	-0.21526152	-0.1616077	-0.22012489	-0.28110337	-0.21807012	-0.16960283	-0.21634321	-0.35983068	-0.24001865	-0.18253185	-0.18005653	-0.23109962	-0.21462275	-0.16370438	-0.20537718	-0.198896	-0.29098916	-0.23323241	-0.15697461	-0.21460512	-0.18804088	-0.19226266	-0.2165765	-0.20241405	-0.16740906	-0.17215972	-0.2199838	-0.24832673	-0.15567707	-0.22247636	-0.27580336	-0.1879503	-0.21043375	-0.17761451	-0.21800019	-0.2650682	-0.18359931	-0.24911422	-0.27851322	-0.16106434	-0.16535465	-0.18985263	-0.13679406	-0.17943466	-0.20298016	-0.20439312	-0.22444497	-0.18833582	-0.22438867	-0.19579034	-0.15195893	-0.13299611	-0.24549416	-0.17119913	-0.145272	-0.20868887	-0.20234077	-0.19235861	-0.13841017	-0.20120616	-0.23050171	-0.22967325	-0.25059858	-0.18299012	-0.2363639	-0.23011316	-0.2286981	-0.20852178	-0.16519734
embedding_0502	-0.54820085	-0.5329696	-0.5175431	-0.4644838	-0.45582423	-0.5312764	-0.48712942	-0.5244347	-0.40607193	-0.52388394	-0.51745075	-0.536735	-0.55640584	-0.45482016	-0.40946913	-0.4861405	-0.50287414	-0.5284926	-0.49728534	-0.44922608	-0.49580362	-0.4325277	-0.48654285	-0.47386903	-0.43599212	-0.49548197	-0.4489082	-0.50085986	-0.42134562	-0.47846788	-0.44920975	-0.46266064	-0.4562406	-0.49556428	-0.44532025	-0.428971	-0.4401453	-0.47421333	-0.4977947	-0.49287307	-0.47395083	-0.5577172	-0.54784286	-0.5391197	-0.554928	-0.49479204	-0.45211565	-0.44838738	-0.43140554	-0.44992518	-0.54041743	-0.471601	-0.5616533	-0.57095313	-0.4832258	-0.48612258	-0.35166317	-0.4760685	-0.5312658	-0.50545883	-0.4932595	-0.5835628	-0.40741107	-0.4726689	-0.39386097	-0.44183838	-0.50261605	-0.48012593	-0.47546738	-0.49167925	-0.45664087	-0.44965097	-0.5476448	-0.4460358	-0.51441157	-0.4800775	-0.5165429	-0.5238179	-0.50612646	-0.42261493	-0.41304016	-0.45202702	-0.44259438	-0.44160837	-0.5041749	-0.41724545	-0.47955889	-0.5220903
embedding_0503	-0.28139913	-0.2173149	-0.2699744	-0.23712245	-0.25635123	-0.1822121	-0.3063962	-0.18799996	-0.20935294	-0.1927662	-0.27848876	-0.27990144	-0.33846235	-0.25743467	-0.23562182	-0.24009037	-0.24652627	-0.28404394	-0.20171101	-0.21036786	-0.1840518	-0.27276415	-0.28024718	-0.21743344	-0.28280535	-0.22546895	-0.23288678	-0.26061088	-0.17401932	-0.21518302	-0.21762216	-0.14687471	-0.24738765	-0.22067986	-0.22908662	-0.2614608	-0.20087023	-0.17653997	-0.24464251	-0.21383844	-0.18208785	-0.16712855	-0.24461271	-0.20867412	-0.17980736	-0.29707772	-0.24179709	-0.15423612	-0.24452367	-0.19692008	-0.25406098	-0.22304274	-0.21551849	-0.22644551	-0.19189192	-0.2548811	-0.2552757	-0.20172612	-0.21183364	-0.20101734	-0.19350073	-0.22083801	-0.15463233	-0.2289655	-0.24135125	-0.2876315	-0.18365943	-0.22426999	-0.26151305	-0.2363097	-0.23133154	-0.25487426	-0.22493951	-0.22716905	-0.24040322	-0.2511466	-0.2270949	-0.14791009	-0.21449307	-0.26970765	-0.19881536	-0.2377727	-0.2513972	-0.18897982	-0.25928774	-0.2745934	-0.20599592	-0.25103343
embedding_0504	-0.03796286	0.019037047	-0.067428954	-0.012554266	0.007827994	0.018788116	-0.09974323	-0.08397774	-0.07208521	-0.048202313	-0.032099534	-0.062808745	-0.07628983	-0.0052041057	-0.070181906	-0.02000945	-0.088389665	-0.057938874	-0.06489043	-0.008393568	-0.05979667	-0.064953096	-0.04885647	-0.079477295	-0.01796283	-0.04139023	-0.056877606	0.002461078	-0.017119883	-0.04267621	-0.08670385	-0.01677597	-0.082644194	-0.023822313	-0.041273884	-0.12710789	-0.0027556298	0.0128464075	-0.036929987	-0.04675834	-0.025320899	-0.030308735	-0.024265315	-0.018745612	-0.119507186	0.030797226	-0.014714984	-0.00842322	-0.094527304	-0.013806531	-0.10719906	-0.08092951	-0.1146745	-0.06401604	0.0012345786	-0.15931626	0.031608332	-0.023348352	-0.026889196	-0.06752896	-0.06590785	-0.02622853	-0.031388074	-0.054678746	-0.061570942	-0.030223869	-0.039227173	-0.04673119	-0.036955032	-0.09289199	-0.025648065	-0.07314842	-0.024259152	-0.14720011	-0.048001274	-0.037414603	-0.038857717	-0.013168046	-0.049195163	-0.017521953	-0.093301974	-0.05993674	-0.07626867	-0.053230662	-0.040100567	-0.017340936	-0.0011633489	-0.0446756
embedding_0505	-1.1759133	-1.1173602	-1.1269577	-1.1128037	-1.1425354	-1.180685	-1.1934546	-1.0262356	-1.1183224	-1.0872937	-1.1394593	-1.150965	-1.2078586	-1.0967593	-1.1175171	-1.1580565	-1.1459533	-1.120085	-1.0762101	-1.1097842	-1.0394158	-1.0847913	-1.0808263	-1.1027954	-1.1806394	-1.1271788	-1.1002128	-1.1999931	-1.1727166	-1.1233517	-1.1068997	-1.161219	-1.174689	-1.1604089	-1.0965686	-1.1412579	-1.1271542	-1.1813766	-1.1153477	-1.1857611	-1.112789	-1.1429349	-1.1348671	-1.036344	-1.1190723	-1.1454976	-1.1508499	-1.0871503	-1.108703	-1.1048034	-1.0281682	-1.1243513	-1.1037108	-1.1302391	-1.1342695	-1.09912	-1.1783475	-1.1211654	-1.0573277	-1.087834	-1.0715123	-1.1117917	-1.0203676	-1.1244127	-1.1292586	-1.1331748	-1.1384097	-1.0885465	-1.1142367	-1.076895	-1.177607	-1.192786	-1.1291044	-1.0680879	-1.0963376	-1.1193697	-1.0916917	-1.0040964	-1.2092031	-1.1684979	-1.1187246	-1.0877659	-1.1464424	-1.1174761	-1.1260785	-1.2028024	-1.1390254	-1.180399
embedding_0506	0.9782461	0.8930382	0.8319661	0.8613362	0.8758783	0.81764704	0.9206136	0.88108176	0.9172276	0.75859463	0.9078612	0.83909166	0.9806014	0.795161	0.8832738	0.8851985	0.8999922	0.8774604	0.8276122	0.8405973	0.821045	0.883453	0.83525115	0.8797628	0.9192279	0.90196663	0.96637285	0.88869286	0.8565148	0.85207254	0.8666386	0.884224	0.9161274	0.87656003	0.8152329	0.8949586	0.8705174	0.92105955	0.8531091	0.8509428	0.7664346	0.74401104	0.8571024	0.7876366	0.8314177	0.99183506	0.90449756	0.80360824	0.9417982	0.81506044	0.83426327	0.868865	0.85450107	0.8963194	0.8101923	0.92132133	0.90472347	0.8467373	0.8062714	0.85707474	0.88712496	0.88634354	0.8037026	0.840088	0.86329174	0.9079772	0.84724593	0.8584967	0.9101779	0.86173964	0.7779592	0.8721897	0.8232259	0.816457	0.81919605	0.86523896	0.85077953	0.7410537	0.88550466	0.8644912	0.8418511	0.8876405	0.92324823	0.8166547	0.87331426	0.90857	0.81367993	0.90942675
embedding_0507	0.42775753	0.344963	0.3615191	0.3122907	0.3869913	0.31475276	0.36083618	0.22407079	0.28948426	0.23494864	0.32135674	0.34363693	0.45262134	0.2351958	0.2990248	0.36214647	0.30487195	0.32111213	0.26411533	0.25847298	0.26715696	0.33881146	0.32519692	0.33223686	0.34952778	0.29062366	0.41106912	0.34469125	0.31767642	0.27166197	0.36595625	0.25942793	0.27866825	0.32796487	0.27989045	0.37150767	0.33176604	0.22504048	0.30633545	0.2875118	0.24728377	0.27042094	0.38083422	0.31578422	0.25839368	0.4547135	0.3261601	0.21482094	0.286653	0.39367557	0.34249276	0.30764776	0.29078662	0.35046986	0.2584499	0.33651492	0.33420962	0.3002434	0.29680952	0.3043404	0.31976756	0.3585779	0.31859303	0.29702547	0.34913462	0.31042975	0.30584723	0.32048753	0.3063651	0.26689664	0.31296036	0.32509512	0.27881986	0.23191494	0.36973092	0.30631107	0.3092743	0.23169218	0.29524192	0.33663347	0.26633984	0.3391959	0.28438973	0.2968262	0.3468939	0.30337688	0.21120547	0.31660354
embedding_0508	-0.49621427	-0.5211508	-0.4253316	-0.46786627	-0.47117025	-0.36385962	-0.4052633	-0.4870341	-0.45924884	-0.5313881	-0.45949277	-0.5023688	-0.39922762	-0.48569074	-0.4967981	-0.4588527	-0.4498175	-0.44617036	-0.49435663	-0.46690825	-0.4951193	-0.43271324	-0.5361974	-0.5334785	-0.41926113	-0.47590995	-0.45673338	-0.43967515	-0.45262298	-0.43236047	-0.40845558	-0.54098606	-0.46181354	-0.50207615	-0.4812937	-0.41652945	-0.4431793	-0.39877772	-0.44494703	-0.4353638	-0.48779362	-0.47606328	-0.4603313	-0.47171655	-0.49838132	-0.45338953	-0.4404843	-0.41459352	-0.42942622	-0.47794574	-0.57338434	-0.46209815	-0.5404305	-0.51339555	-0.49599496	-0.4363517	-0.5276225	-0.5522262	-0.6114946	-0.48078942	-0.48090866	-0.47863075	-0.52661717	-0.4576248	-0.39754725	-0.43351305	-0.47454485	-0.48526952	-0.46897677	-0.47018716	-0.39604977	-0.44094324	-0.49557137	-0.51653445	-0.40178937	-0.49704283	-0.4857222	-0.5541524	-0.39715782	-0.41126296	-0.45410606	-0.4583462	-0.43116024	-0.45437497	-0.47469246	-0.43732306	-0.429202	-0.45385826
embedding_0509	-0.08315822	-0.06814439	-0.08076313	-0.080065876	-0.16623573	-0.18855262	-0.13763715	-0.14190409	-0.23308979	-0.15808056	-0.2439799	-0.12118214	-0.1132398	-0.22678086	-0.17642236	-0.18239436	-0.07639076	-0.20261785	-0.1605812	-0.23356117	-0.1584002	-0.18895955	-0.11284765	-0.12999286	-0.123243734	-0.12466506	-0.13836291	-0.0819693	-0.13552739	-0.16189253	-0.15335855	-0.14693095	-0.08276871	-0.11358819	-0.21790051	-0.14888464	-0.18686388	-0.15001272	-0.2591882	-0.24783057	-0.24115199	-0.22136976	-0.13348892	-0.1796439	-0.14668421	-0.09947536	-0.18439496	-0.22023678	-0.080186136	-0.11403393	-0.18655318	-0.1391231	-0.15013835	-0.15363769	-0.17361905	-0.13734949	-0.15259534	-0.13477468	-0.28704748	-0.16207539	-0.14556257	-0.13342461	-0.2111514	-0.17349124	-0.17701751	-0.14560738	-0.1676685	-0.19677454	-0.24571654	-0.17420477	-0.21106246	-0.14778258	-0.2588618	-0.11166906	-0.13563618	-0.15505555	-0.15545155	-0.20275493	-0.18126304	-0.15603293	-0.20854092	-0.17609914	-0.108159736	-0.18995029	-0.16956495	-0.135613	-0.24788816	-0.14240086
embedding_0510	-0.043868233	-0.09642635	-0.028232442	-0.03938336	-0.06632322	0.0075996337	-0.015138586	-0.09477765	-0.046327095	-0.05323605	-0.041892283	-0.048439097	-0.027108697	-0.06580447	-0.025383435	-0.04583061	-0.08313481	-0.0710377	-0.057274953	-0.057826396	-0.09508867	-0.09652154	-0.07653661	-0.05636481	-0.08398271	-0.03594763	-0.06496851	-0.024108557	0.014411394	-0.033811852	-0.0696139	-0.084789775	-0.065574266	-0.022609426	-0.049414266	-0.042147446	-0.04049283	-0.062303063	-0.07932882	-0.024851426	-0.06783745	-0.0046134028	-0.06374225	-0.1127407	-0.07141727	-0.1217248	-0.08232764	-0.038739614	-0.06881164	-0.052082792	-0.07757983	-0.093457945	-0.10002299	-0.050938345	-0.08580204	-0.063350454	-0.103492476	-0.080263145	-0.055704847	-0.083381504	-0.12910677	-0.074069396	-0.15960799	-0.06648045	-0.028150318	-0.07803465	-0.050034024	-0.09524804	-0.09724621	-0.13453546	0.005314329	-0.028840227	-0.041523438	-0.104766995	-0.06719786	-0.07921698	-0.06801881	-0.10524378	-0.04411674	-0.024783405	-0.05765527	-0.066392876	-0.08128465	-0.09149886	-0.04751801	-0.061207067	-0.019580407	-0.062262334
embedding_0511	-1.0266118	-0.91071147	-0.92175865	-0.9360766	-0.9277554	-0.9251543	-0.9268671	-0.95665336	-0.91075265	-0.89676017	-0.87974817	-0.9906314	-0.91404676	-0.87191856	-0.9088699	-0.87645006	-0.9634669	-0.8585909	-0.90148854	-0.89545786	-0.91819715	-0.9326062	-0.94319844	-0.96547157	-0.87776285	-0.99314237	-0.95228624	-0.90012217	-0.9087342	-0.9333923	-0.90273446	-0.9841621	-1.0005658	-0.904675	-0.8468172	-0.8944405	-0.88569564	-0.9515522	-0.8483038	-0.86538416	-0.88360447	-0.89112383	-0.91612476	-0.85855	-0.9883047	-0.8613821	-0.8805687	-0.9324285	-0.9411267	-0.9052389	-0.9950726	-0.9291265	-0.9948628	-0.92912936	-0.8866728	-0.93752354	-0.96059936	-0.98168045	-0.91087353	-0.9091443	-0.90725607	-0.9051143	-0.92628473	-0.91359097	-0.8600198	-0.8517776	-0.9170105	-0.8943954	-0.9057951	-0.88234127	-0.8261279	-0.92144156	-0.88087	-0.9611812	-0.92639935	-0.9258733	-0.9284077	-0.911198	-0.9451837	-0.8371651	-0.91357636	-0.9017651	-0.9616857	-0.8968287	-0.901182	-0.9038119	-0.8587253	-0.9607526
embedding_0512	-0.39645234	-0.30919394	-0.38168806	-0.3200257	-0.37423888	-0.4501003	-0.4290399	-0.25648424	-0.38657767	-0.24595016	-0.32458848	-0.3264486	-0.42066762	-0.2982827	-0.31355968	-0.37226295	-0.45536232	-0.35415363	-0.35987246	-0.35680148	-0.37354374	-0.39175463	-0.29339832	-0.35681605	-0.3577699	-0.35018882	-0.32213125	-0.34637135	-0.40800858	-0.32088125	-0.3777081	-0.42615348	-0.40822932	-0.30588284	-0.36291948	-0.37390298	-0.34563968	-0.3755696	-0.33442718	-0.45431945	-0.37181374	-0.4408205	-0.3929883	-0.3599749	-0.37366778	-0.3646991	-0.38693777	-0.35398886	-0.3852895	-0.3526122	-0.30223098	-0.366843	-0.34969816	-0.34104303	-0.35337955	-0.26807076	-0.35969362	-0.40014437	-0.24158615	-0.3721457	-0.32979956	-0.40736553	-0.30630857	-0.37311876	-0.31710958	-0.36161646	-0.40497193	-0.358528	-0.31784424	-0.38013706	-0.42612815	-0.39695388	-0.35083905	-0.34628296	-0.42922217	-0.33475366	-0.40300283	-0.28409323	-0.45401248	-0.34097302	-0.40968975	-0.35989726	-0.36724532	-0.4160277	-0.37799215	-0.3288303	-0.34539723	-0.34959716
embedding_0513	-0.3474182	-0.41015464	-0.36412746	-0.3874153	-0.37177074	-0.3521511	-0.33874685	-0.42297253	-0.3809655	-0.40452394	-0.37607142	-0.34355742	-0.35946977	-0.40163082	-0.4091221	-0.37888545	-0.37129715	-0.40414125	-0.3970458	-0.41001844	-0.409738	-0.4222649	-0.3567232	-0.36139506	-0.3859938	-0.4247445	-0.42002204	-0.39922792	-0.41555876	-0.40904716	-0.38236827	-0.39355975	-0.37549096	-0.37021244	-0.39857745	-0.37544888	-0.3973066	-0.36322063	-0.3787031	-0.3170782	-0.3852524	-0.40265307	-0.40980023	-0.4051729	-0.34393924	-0.4214165	-0.3985869	-0.45644602	-0.41780505	-0.40902936	-0.3640232	-0.36866513	-0.33940986	-0.36725435	-0.3899451	-0.3567144	-0.44078133	-0.3979812	-0.3792572	-0.38717863	-0.4022187	-0.3879022	-0.41801372	-0.4378838	-0.42417648	-0.41793853	-0.37392142	-0.38925633	-0.39929938	-0.419388	-0.3640109	-0.3498065	-0.3800761	-0.3912623	-0.40101898	-0.4160503	-0.37688178	-0.3731938	-0.37866718	-0.40026608	-0.38724825	-0.41095597	-0.38244197	-0.39425543	-0.3761142	-0.4243711	-0.37864053	-0.36919218
embedding_0514	0.37029868	0.4044151	0.34937477	0.34623262	0.3201537	0.44746324	0.3778899	0.49517226	0.39450145	0.49973306	0.43855777	0.39167488	0.36942825	0.43835965	0.3594355	0.42187327	0.37907368	0.41728264	0.31053334	0.36876628	0.34675023	0.3877685	0.447964	0.37543043	0.41313556	0.40807873	0.29273227	0.35032314	0.29575318	0.3527676	0.35411575	0.4065757	0.44819155	0.37110126	0.39428836	0.3494509	0.35708	0.40763465	0.36656433	0.4293055	0.3942636	0.37145486	0.4076997	0.3769634	0.3776424	0.3284562	0.32401353	0.38049755	0.35584712	0.3572966	0.40777978	0.3646581	0.4220158	0.3658578	0.4360067	0.41484976	0.30584592	0.38962606	0.4857888	0.40788105	0.31624928	0.42142412	0.42912328	0.40087166	0.3227747	0.35338262	0.33819544	0.3415173	0.38337797	0.31252265	0.38812158	0.40644044	0.4259792	0.43292794	0.39472878	0.34762737	0.36368325	0.41414157	0.40000948	0.3266055	0.36842778	0.370326	0.33366054	0.30623615	0.366564	0.40263665	0.36382002	0.4063009
embedding_0515	-0.7844776	-0.7841568	-0.80500835	-0.78139144	-0.7931442	-0.7978352	-0.7362791	-0.8321137	-0.828811	-0.83775556	-0.83320755	-0.7200749	-0.76063514	-0.81975514	-0.8162808	-0.75015295	-0.7634631	-0.84072083	-0.82163787	-0.8259379	-0.84150124	-0.82687014	-0.80125695	-0.84137625	-0.80082977	-0.79317445	-0.7906095	-0.7526894	-0.76887846	-0.80435157	-0.80630445	-0.78085494	-0.7984135	-0.7709122	-0.79284596	-0.8185593	-0.8207256	-0.8029511	-0.82560116	-0.7475936	-0.8850853	-0.8000032	-0.8542255	-0.8526745	-0.760276	-0.8226862	-0.80641025	-0.8315388	-0.7706461	-0.7874418	-0.83035314	-0.7826222	-0.81314063	-0.7508542	-0.8089547	-0.71995777	-0.7746728	-0.8056087	-0.793745	-0.7615034	-0.81360066	-0.7659247	-0.82302016	-0.81245404	-0.8365735	-0.7896087	-0.77194804	-0.8615617	-0.8398251	-0.75883347	-0.78121537	-0.82466424	-0.7923048	-0.7833989	-0.8216457	-0.8314237	-0.8258631	-0.8803459	-0.82686317	-0.74882096	-0.7814827	-0.8229167	-0.8126158	-0.81589967	-0.7869944	-0.7721532	-0.84689796	-0.81532544
embedding_0516	0.51772696	0.63849276	0.6065261	0.5931697	0.50508463	0.53546166	0.5672749	0.6568271	0.5451019	0.70076346	0.6419893	0.5749579	0.5409176	0.60719186	0.5495624	0.5701476	0.586178	0.60590655	0.5421314	0.5723212	0.5512964	0.5003905	0.5549217	0.52411205	0.560183	0.58136535	0.4571557	0.6338644	0.5153355	0.556674	0.50285167	0.5699272	0.474136	0.6006467	0.56716985	0.5226857	0.55994046	0.6129431	0.5729194	0.5107659	0.6056832	0.58884084	0.5809439	0.6343498	0.5811601	0.58405995	0.53099537	0.5518597	0.5800751	0.5610058	0.54822356	0.5870906	0.5919152	0.59539825	0.5730956	0.5584744	0.44393227	0.5508181	0.5912976	0.5661538	0.57831013	0.5993327	0.5639148	0.5186535	0.5262998	0.5742502	0.594473	0.55172366	0.56288195	0.5163016	0.59427255	0.56134033	0.5704417	0.5957783	0.51785934	0.57038295	0.5565658	0.6129567	0.5124278	0.56442195	0.57022345	0.5182202	0.55255455	0.49280065	0.5453187	0.55135345	0.5743991	0.58407164
embedding_0517	0.25761306	0.3253972	0.2457849	0.27047226	0.23661372	0.3390542	0.28275546	0.3848172	0.2873388	0.37557334	0.3349103	0.30696204	0.28440267	0.35575545	0.23092581	0.30599758	0.35587773	0.32864657	0.2650601	0.30730346	0.32149	0.2816573	0.23960032	0.26131153	0.2672069	0.27863467	0.20179377	0.20858446	0.32184508	0.29350886	0.25296897	0.295849	0.2646659	0.21937117	0.29737434	0.23615779	0.2441665	0.35438117	0.35034254	0.31895703	0.33195892	0.31048754	0.29051363	0.30622748	0.29446894	0.27130422	0.29347554	0.30691996	0.29085684	0.2101966	0.37341797	0.31243843	0.27216864	0.26473516	0.26912487	0.3454648	0.15846594	0.30366775	0.26273507	0.27925813	0.28096265	0.30121887	0.29523516	0.28434023	0.22607219	0.28257504	0.27092275	0.26413196	0.30383453	0.29417256	0.35179397	0.30343068	0.34122914	0.32472754	0.35450852	0.2942393	0.32693115	0.27628687	0.31533444	0.23330927	0.36815864	0.23697871	0.28576216	0.239982	0.31197625	0.29672605	0.335382	0.2862487
embedding_0518	0.9432924	0.81425595	0.9722787	0.83837926	0.86903316	0.8126702	0.8530494	0.77872276	0.8118161	0.75740993	0.8317521	0.89239454	0.87647665	0.7298279	0.8209681	0.80821806	0.84131944	0.82336354	0.7988015	0.786394	0.85835016	0.86124	0.8764533	0.852083	0.8243062	0.8647966	0.92589855	0.89876366	0.8466578	0.8549823	0.81710297	0.7818971	0.79505724	0.83330643	0.76969695	0.8944095	0.8650737	0.7914278	0.81314397	0.7475468	0.8136608	0.8397724	0.85755146	0.8371139	0.8219258	0.9136952	0.8534917	0.83186525	0.8753864	0.86314875	0.82736486	0.83741766	0.82289714	0.82318366	0.8222189	0.8614379	0.8175135	0.8914433	0.75928074	0.8185842	0.8941776	0.87124854	0.8271076	0.84496695	0.87151444	0.87726563	0.80894136	0.86133873	0.8143002	0.7316004	0.7783968	0.8620408	0.77654	0.7859473	0.8521637	0.8253119	0.81735194	0.8096433	0.85002077	0.84473205	0.80708516	0.9139959	0.8508565	0.7710658	0.8360877	0.8295294	0.7841601	0.82243866
embedding_0519	-0.42411172	-0.44254053	-0.50136894	-0.49295485	-0.48071685	-0.4746168	-0.41055632	-0.45608607	-0.49275196	-0.37652734	-0.48789346	-0.4258007	-0.4383499	-0.4813369	-0.47253722	-0.49593714	-0.41990796	-0.44651878	-0.54147476	-0.50024724	-0.4884312	-0.47477058	-0.42395863	-0.45894265	-0.55009854	-0.43040645	-0.5040089	-0.5418625	-0.5507375	-0.42721137	-0.46411332	-0.4607183	-0.40892553	-0.5021165	-0.47317153	-0.46217534	-0.49540433	-0.4371887	-0.4666346	-0.5029517	-0.506359	-0.43461886	-0.48764655	-0.45240864	-0.42630178	-0.5626651	-0.4784986	-0.48653638	-0.48201814	-0.47960836	-0.4332505	-0.4542366	-0.38809982	-0.46636525	-0.46728107	-0.38251334	-0.53785026	-0.46104485	-0.4674747	-0.4789334	-0.45903605	-0.42495075	-0.47630867	-0.48766	-0.5665176	-0.5413307	-0.46262977	-0.4671721	-0.4898484	-0.50944394	-0.5158363	-0.507432	-0.464722	-0.43235058	-0.44319245	-0.5010845	-0.43330327	-0.45738038	-0.48150682	-0.5335751	-0.47041535	-0.51280594	-0.46539363	-0.5280735	-0.48510396	-0.48176903	-0.4663407	-0.49672988
embedding_0520	-0.024815895	-0.040194638	-0.08107976	0.01343665	-0.055586763	-0.006502048	-0.04948358	-0.012611724	0.019543124	0.061484344	-0.03221976	-0.054608334	-0.06429219	-0.0038689238	0.0037636356	-0.01259167	-0.08935954	-0.06301767	0.022915684	0.011368526	-0.014888039	-0.0016864593	-0.071684144	-0.061524834	0.059501603	-0.06727338	-0.114929676	-0.04168158	-0.04369713	0.0128650945	0.008018465	0.012595475	0.022768324	0.014785992	0.034889676	-0.05528937	-0.0004043966	0.019330533	-0.043915227	0.088795066	0.039682563	0.02222537	-0.021593614	0.005197649	0.0049153175	-0.040189784	-0.028748032	0.0039741565	-0.0026415987	-0.00847601	-0.06763661	-0.036877602	-0.046129547	-0.03053592	-0.023464717	-0.005287441	0.072688535	-0.05192252	-0.018895345	-0.017789345	-0.031429145	-0.017476078	0.0359757	-0.0070127444	0.013294865	-0.028764687	-0.032709047	-0.0078055602	-0.015516522	-0.022616474	0.052738078	-0.026066713	-0.017013969	-0.035505563	-0.037133317	-0.025412556	-0.0068473956	-0.01106577	0.0065762694	-4.8624333e-05	-0.0011710767	-0.04562099	-0.017819664	-0.040885985	0.001811522	0.015523216	0.04664584	-0.03678494
embedding_0521	-0.51246005	-0.41687685	-0.47193125	-0.4324237	-0.4604012	-0.5555641	-0.39275503	-0.42879125	-0.37311867	-0.40485895	-0.37313932	-0.38629198	-0.49209294	-0.3603326	-0.42469642	-0.4405987	-0.45111728	-0.38663048	-0.42260388	-0.48935062	-0.45568886	-0.42954347	-0.39938483	-0.39400968	-0.42933974	-0.4337264	-0.5256308	-0.34929556	-0.42788765	-0.4269083	-0.3937609	-0.5011373	-0.44457728	-0.4101884	-0.38544053	-0.4074078	-0.4010371	-0.4391271	-0.41352513	-0.52917475	-0.42165476	-0.43711713	-0.4731245	-0.4499036	-0.42647806	-0.4049784	-0.39957592	-0.50350237	-0.40478054	-0.4325899	-0.403856	-0.43255243	-0.43388456	-0.4536734	-0.5181491	-0.32574344	-0.47393242	-0.500378	-0.3883342	-0.44028398	-0.40562546	-0.4764623	-0.44184977	-0.43103507	-0.3838536	-0.48789042	-0.4650623	-0.41424274	-0.44965807	-0.4229035	-0.3778674	-0.4589281	-0.4759714	-0.27443182	-0.498314	-0.4289904	-0.4625048	-0.4191067	-0.5028527	-0.3713114	-0.4098929	-0.4550801	-0.48526016	-0.5068062	-0.43867096	-0.43941686	-0.45780903	-0.47003493
embedding_0522	-0.13005	-0.08609803	-0.0095611755	-0.06881377	0.04211257	-0.17504646	-0.13172229	-0.17844251	-0.11142384	-0.18864891	-0.09641959	-0.07754746	-0.107986614	-0.10081386	-0.059488904	-0.09004742	-0.12862171	-0.12931646	-0.05720408	-0.0197284	-0.03276397	0.017382469	-0.15232162	-0.030089239	0.008101985	-0.11454323	-0.026017033	-0.091121756	-0.004350221	-0.07464125	0.0031259086	-0.095486425	-0.069429435	-0.05349457	-0.08353416	-0.03242162	-0.007063714	-0.11590347	-0.09810673	-0.093932495	-0.0546131	-0.16359195	-0.019252203	-0.098289415	-0.18204288	0.031093689	-0.021302486	-0.086199455	-0.06254683	-0.07565897	-0.118146464	-0.098670855	-0.19360758	-0.1299074	-0.0474768	-0.1924505	0.11808491	-0.075109676	-0.110106036	-0.073114306	-0.04310594	-0.11467151	-0.005499245	0.003454396	0.03553111	0.0015308553	-0.07855164	-0.013254458	-0.023784425	-0.05342892	-0.020535842	-0.08799315	-0.11771672	-0.114410825	-0.0946319	0.009159163	-0.08437621	-0.11970421	-0.061796494	-0.023806429	-0.09288287	0.011282849	-0.039257824	-0.023891732	-0.04316751	-0.032458726	-0.09464561	-0.12577936
embedding_0523	-0.34854987	-0.33662155	-0.18236157	-0.26479435	-0.20222345	-0.19635436	-0.18865773	-0.2591863	-0.15042135	-0.285769	-0.22384433	-0.22257866	-0.20291737	-0.22341613	-0.18592586	-0.17890264	-0.27236307	-0.19706497	-0.17345585	-0.14510874	-0.17701264	-0.09237867	-0.2556595	-0.276519	-0.17977586	-0.23932303	-0.14527655	-0.33051485	-0.18249416	-0.22206062	-0.179249	-0.32889783	-0.27003694	-0.27726388	-0.19245216	-0.12070872	-0.2000658	-0.25122494	-0.232578	-0.20043646	-0.13704465	-0.25750673	-0.17025399	-0.2394208	-0.30511898	-0.21706937	-0.16513766	-0.15188582	-0.19687934	-0.22930269	-0.20423707	-0.21043631	-0.32866657	-0.3085341	-0.24991627	-0.24608272	-0.17306289	-0.20256035	-0.2663058	-0.2395111	-0.30697426	-0.32561097	-0.1643297	-0.20251375	-0.178494	-0.21691525	-0.2062483	-0.17344557	-0.14470516	-0.20357287	-0.19664463	-0.17585407	-0.20148352	-0.24334833	-0.1852707	-0.18951416	-0.23389915	-0.2711355	-0.2645543	-0.18516329	-0.18207875	-0.19239597	-0.2259184	-0.25503114	-0.20066221	-0.16451502	-0.20878273	-0.2460728
embedding_0524	-0.42575824	-0.42642197	-0.2914925	-0.42070636	-0.39487126	-0.447093	-0.40079173	-0.34092075	-0.30907947	-0.49221236	-0.42654917	-0.31858575	-0.3482408	-0.3646817	-0.36938795	-0.42573383	-0.3780484	-0.3821227	-0.41257873	-0.41615465	-0.33569813	-0.37329876	-0.4138197	-0.37966046	-0.40736815	-0.34969398	-0.27720594	-0.43137407	-0.28479743	-0.3663118	-0.32881123	-0.43111324	-0.38899508	-0.45006344	-0.43429676	-0.26825914	-0.3435032	-0.34737417	-0.3588346	-0.40590462	-0.38864988	-0.45965156	-0.34953642	-0.45924014	-0.4236417	-0.2856241	-0.35712332	-0.32911468	-0.3758796	-0.3601538	-0.38890186	-0.4031447	-0.3861629	-0.4725973	-0.43320367	-0.34592134	-0.32808155	-0.33014244	-0.48189852	-0.38063824	-0.37911904	-0.4584902	-0.34208605	-0.37374565	-0.28925887	-0.37691468	-0.39618024	-0.4453135	-0.3904496	-0.39156702	-0.40644714	-0.34680533	-0.4390608	-0.35193118	-0.39672676	-0.36642092	-0.39322725	-0.3849893	-0.41367924	-0.31908953	-0.3434231	-0.3224846	-0.2985484	-0.3876561	-0.4168891	-0.32339168	-0.44448978	-0.38925055
embedding_0525	-0.30265924	-0.19399892	-0.22534083	-0.20956002	-0.19863285	-0.38178715	-0.21082494	-0.22069006	-0.2659959	-0.22056311	-0.17606932	-0.19872676	-0.15742591	-0.22075318	-0.1835908	-0.1663745	-0.27811286	-0.17179938	-0.23507181	-0.19107914	-0.2686185	-0.18668719	-0.23819326	-0.19044931	-0.15224351	-0.23176607	-0.15268342	-0.17693716	-0.14298247	-0.23209244	-0.21758416	-0.25398	-0.27096674	-0.16209018	-0.2493984	-0.15457965	-0.21518154	-0.1874566	-0.20098472	-0.26502854	-0.277993	-0.29640546	-0.20739187	-0.21215758	-0.29313394	-0.13054487	-0.19709787	-0.26419264	-0.16872106	-0.1883308	-0.23639114	-0.21735582	-0.27044135	-0.18864904	-0.20592101	-0.1628203	-0.13471176	-0.26048562	-0.1520961	-0.2656648	-0.19569509	-0.29212752	-0.2544713	-0.16497296	-0.10376625	-0.19937469	-0.19645116	-0.18303198	-0.15792166	-0.12454174	-0.2232142	-0.2188604	-0.23057231	-0.17620085	-0.271429	-0.17747329	-0.297695	-0.28802314	-0.20939444	-0.13249901	-0.2253652	-0.14484982	-0.21384567	-0.17966583	-0.23281735	-0.12888469	-0.28690612	-0.19113806
embedding_0526	-0.917671	-0.9233152	-0.8838157	-0.92263937	-1.0395457	-0.8850219	-0.8663843	-0.9103772	-0.96086496	-0.88383514	-0.96719116	-0.81716853	-0.78796923	-0.9952427	-0.95014477	-0.9487932	-0.88078547	-0.9918954	-1.0006474	-1.0860128	-1.0277836	-0.9760941	-0.9159197	-0.9517953	-1.0274159	-0.91405475	-0.95683086	-0.84343493	-1.028245	-0.955665	-0.9470925	-0.9871619	-0.92518884	-0.9301076	-0.9942402	-0.9212205	-1.0288851	-0.99164355	-0.9296713	-0.9809135	-1.1103278	-0.9630208	-1.0190996	-0.9925833	-0.8391763	-1.0215082	-1.0228167	-1.0415074	-0.9307906	-0.95505875	-0.9011407	-0.8875388	-0.8386075	-0.8450829	-1.0131909	-0.8102861	-1.1068683	-1.0086154	-0.98774916	-0.9584286	-0.94483376	-0.9738053	-1.0933472	-1.0089629	-0.97149104	-0.97591347	-1.0069124	-1.0710818	-1.0113586	-0.93955374	-0.9855444	-0.99807465	-0.9824669	-0.89221287	-0.9381493	-0.98538667	-0.9295971	-0.98852575	-0.99712396	-0.9157267	-0.963965	-1.040525	-0.90229136	-1.0119526	-0.96673065	-0.99790174	-1.0001272	-0.89142615
embedding_0527	0.48479968	0.40398654	0.5698727	0.4641416	0.5065534	0.43685743	0.47237235	0.49240443	0.4812918	0.398004	0.49745688	0.49906647	0.5181007	0.51580083	0.46394506	0.5358827	0.4282433	0.4936181	0.5139613	0.51461095	0.46523526	0.62606317	0.47625434	0.44690204	0.57947993	0.47845727	0.6808672	0.54355085	0.4724935	0.5114081	0.4990545	0.49955612	0.45872095	0.5215509	0.48420903	0.59324026	0.48166826	0.4873839	0.501852	0.47026348	0.5239932	0.48173752	0.5040113	0.5006697	0.4787366	0.46524993	0.5237166	0.49228945	0.4914939	0.5046796	0.4881955	0.45099407	0.49307495	0.5072562	0.54281336	0.5378597	0.5335105	0.50575656	0.5013866	0.48352334	0.49005494	0.44486266	0.46659032	0.5753237	0.54162955	0.55306983	0.5075675	0.48325932	0.54499	0.5525805	0.43842074	0.5335317	0.49146363	0.5016636	0.503712	0.51834613	0.41117528	0.45456338	0.53646666	0.54480493	0.4666194	0.581628	0.51492935	0.52522	0.4661791	0.5559703	0.42862162	0.52414376
embedding_0528	-0.16247562	-0.186625	-0.15443534	-0.13259868	-0.18595284	-0.044844314	-0.0943547	-0.092722416	-0.12992506	-0.027017744	-0.116286516	-0.107084684	-0.035929985	-0.10586809	-0.12035518	-0.086359605	-0.108547784	-0.12964717	-0.06965292	-0.13098873	-0.0961078	-0.13175835	-0.123031765	-0.15550041	-0.14560957	-0.1765022	-0.17151828	-0.15304814	-0.23595421	-0.117601074	-0.16490082	-0.10710303	-0.15249364	-0.10876532	-0.13262656	-0.1756994	-0.22914287	-0.06582107	-0.0790979	-0.11590735	-0.1614452	0.024394562	-0.17293853	-0.03418969	-0.0058371117	-0.22784764	-0.108623244	-0.12707406	-0.046824776	-0.15179583	-0.08181755	-0.07299122	-0.06883438	-0.040879875	-0.11570757	-0.030356783	-0.21672642	-0.16924258	-0.11945013	-0.12568451	-0.13027215	-0.14043026	-0.10829123	-0.16842073	-0.18879472	-0.12964916	-0.13640147	-0.14179274	-0.11174896	-0.008703284	-0.1307525	-0.15655544	-0.094305575	-0.104093	-0.07916601	-0.12513211	-0.13796292	-0.094677	-0.14657274	-0.19735579	-0.06835198	-0.16176648	-0.10688533	-0.119573675	-0.10018401	-0.17358395	-0.10272867	-0.08622694
embedding_0529	-0.6932796	-0.59082896	-0.68830097	-0.61050427	-0.71241766	-0.7917029	-0.7695109	-0.634464	-0.71872485	-0.58072907	-0.709975	-0.68110996	-0.7054938	-0.7032724	-0.6806002	-0.70165414	-0.6470187	-0.7720536	-0.6739186	-0.7479152	-0.7048927	-0.70688313	-0.6890798	-0.71433383	-0.69777393	-0.697195	-0.69382393	-0.66028357	-0.74324906	-0.6762152	-0.6480364	-0.62690556	-0.72417295	-0.66559887	-0.6811415	-0.7535066	-0.72753865	-0.681187	-0.6410718	-0.7774792	-0.75190187	-0.73155445	-0.7296066	-0.68906844	-0.619803	-0.79058075	-0.7292462	-0.7077937	-0.65814143	-0.6817961	-0.6183262	-0.6725975	-0.69554204	-0.66371465	-0.74399483	-0.60353255	-0.6321727	-0.6935505	-0.7269297	-0.66348684	-0.64959747	-0.68218863	-0.6945542	-0.7033459	-0.6559092	-0.68973553	-0.7081874	-0.70881605	-0.71060884	-0.61568755	-0.7479792	-0.7109514	-0.72478503	-0.62918526	-0.7194683	-0.65636677	-0.6503379	-0.67003936	-0.7061933	-0.6690997	-0.68458045	-0.69382936	-0.6621358	-0.67400813	-0.6527647	-0.69205105	-0.6925403	-0.6902118
embedding_0530	-0.06767173	-0.09430291	-0.13983916	-0.091730684	-0.12141082	-0.06098193	-0.15240481	-0.10604215	-0.14686476	-0.039512396	-0.11388724	-0.17171293	-0.1224906	-0.095135406	-0.09706672	-0.07282	-0.13737607	-0.11569746	-0.12133938	-0.0637967	-0.13940392	-0.11296957	-0.09357521	-0.10451881	-0.031559277	-0.12216458	-0.17115791	-0.08949082	-0.08023115	-0.0643932	-0.13591495	-0.12361697	-0.026619252	-0.091932334	-0.079012595	-0.14828138	-0.13692969	-0.026160112	-0.10914843	-0.05235102	-0.06718157	-0.14418529	-0.12202572	-0.09411907	-0.11584079	-0.13746253	-0.11362299	-0.10710846	-0.07349107	-0.1269828	-0.19624065	-0.108274035	-0.1271745	-0.10924244	-0.11264765	-0.10023385	-0.14053147	-0.1370307	-0.15415	-0.12901305	-0.14489773	-0.12905835	-0.13049924	-0.08897432	-0.09809165	-0.09975342	-0.13741529	-0.08976497	-0.09201064	-0.13736667	-0.08828801	-0.07869873	-0.120406024	-0.1715113	-0.101008125	-0.13887656	-0.139506	-0.16193792	-0.062801324	-0.10647589	-0.098665796	-0.19425726	-0.1074242	-0.10260085	-0.10957056	-0.03469243	-0.06182664	-0.08037658
embedding_0531	-0.28936547	-0.21927713	-0.3495885	-0.2812774	-0.33760846	-0.1970058	-0.26614693	-0.28416088	-0.1754083	-0.17887372	-0.24873807	-0.21943223	-0.2607005	-0.20677279	-0.2535772	-0.24149439	-0.24141435	-0.26173565	-0.2908043	-0.26554832	-0.26257953	-0.28886592	-0.32412204	-0.27730247	-0.29151353	-0.27986518	-0.32118335	-0.32218584	-0.27834675	-0.23398237	-0.2213321	-0.23265631	-0.25360388	-0.2946494	-0.22068918	-0.32588476	-0.25725543	-0.16493675	-0.17175278	-0.22780676	-0.21568738	-0.16821623	-0.32082534	-0.22423196	-0.2064318	-0.33008406	-0.27707726	-0.24041401	-0.24594273	-0.25345108	-0.24926609	-0.23505425	-0.25103632	-0.27503577	-0.3351523	-0.14717911	-0.29569504	-0.26759505	-0.3294998	-0.23696731	-0.25968334	-0.26705754	-0.23848532	-0.310167	-0.24454607	-0.29022318	-0.23873782	-0.26040477	-0.29568562	-0.19516724	-0.24052979	-0.21996045	-0.27555656	-0.18881702	-0.22176258	-0.269974	-0.18738194	-0.19382948	-0.27812675	-0.27539766	-0.19340429	-0.29939485	-0.2601996	-0.21835868	-0.24032384	-0.23577161	-0.20100686	-0.25283423
embedding_0532	-0.106429264	-0.17073682	0.005852237	-0.11969085	-0.064136095	-0.12987985	-0.1303459	-0.14252962	-0.16401972	-0.113444105	-0.09248693	-0.1395946	-0.06849927	-0.119400024	-0.11793435	-0.108339034	-0.14641784	-0.14109989	-0.13170645	-0.092146255	-0.08505597	-0.07687922	-0.06938024	-0.12570834	-0.06388356	-0.14466113	-0.054385312	-0.18380982	-0.0991326	-0.12072292	-0.11717432	-0.099169925	-0.07842545	-0.1140886	-0.15127039	-0.05099289	-0.17737105	-0.13636294	-0.15345767	-0.08990426	-0.08232875	-0.18906264	-0.013271837	-0.0595177	-0.13111024	-0.1243447	-0.09522272	-0.11319778	-0.13758095	-0.13125117	-0.0760907	-0.113475904	-0.11609825	-0.09593485	-0.0472361	-0.19178538	-0.13686806	-0.1212021	-0.13952816	-0.11525623	-0.14537595	-0.1615835	-0.07391781	-0.11115961	-0.12867536	-0.030362206	-0.1228006	-0.07209119	-0.044312913	-0.088434905	-0.17483738	-0.07841682	-0.15138297	-0.17659472	-0.06522851	-0.046797276	-0.054044344	-0.07256808	-0.045998525	-0.15960103	-0.11972844	-0.10037149	-0.0420616	-0.058803633	-0.081307895	-0.013087008	-0.15347849	-0.037040945
embedding_0533	0.4696093	0.58395505	0.5807316	0.57032573	0.56974584	0.46609673	0.53637594	0.5951906	0.5448907	0.5886361	0.5573074	0.5215715	0.527019	0.56574064	0.56988984	0.60296714	0.5390335	0.56249595	0.56717247	0.57498306	0.56392324	0.5626136	0.5256129	0.49466312	0.6359224	0.5508386	0.5657396	0.54189426	0.5377188	0.57629347	0.58257926	0.519448	0.57270086	0.523381	0.55081755	0.552895	0.52574384	0.5992011	0.4890012	0.5151365	0.5961216	0.5582069	0.56841946	0.5700451	0.536814	0.4999036	0.58530533	0.5801847	0.62770385	0.54574704	0.51575583	0.578884	0.49013183	0.5053586	0.52024454	0.58161175	0.5743574	0.53847873	0.5250659	0.5644511	0.5169289	0.52065206	0.57861865	0.58744586	0.53876746	0.5563155	0.57654846	0.5511408	0.54618055	0.5905142	0.5811071	0.5594252	0.5446239	0.59650415	0.5266865	0.5991315	0.5502511	0.5403193	0.51166713	0.56690425	0.5661792	0.5313094	0.57832724	0.5568567	0.57349163	0.57981515	0.5295614	0.5523211
embedding_0534	0.24894181	0.22411145	0.16272043	0.17875934	0.19068632	0.32918295	0.2502684	0.28503528	0.21719791	0.2397947	0.26634616	0.3040797	0.24509831	0.27319813	0.19945544	0.20490187	0.2445419	0.29424772	0.23622178	0.22827402	0.26575607	0.17517467	0.22707714	0.17588031	0.19423576	0.26580703	0.1741844	0.18425241	0.20199023	0.24134475	0.17191426	0.21495919	0.25135288	0.15076254	0.24448209	0.23081103	0.2257816	0.2762897	0.23417394	0.30731457	0.2514226	0.31272224	0.22079696	0.30182868	0.29800645	0.18280128	0.1959523	0.29721862	0.20515023	0.24570243	0.25725794	0.24037378	0.30362207	0.20337653	0.1729646	0.23946655	0.1293961	0.23517056	0.25246507	0.2386092	0.23803483	0.27985474	0.23058505	0.20092061	0.12864056	0.20804545	0.22143842	0.19742915	0.2182802	0.19936074	0.23715527	0.23243216	0.257984	0.17553525	0.3006865	0.15493765	0.22398421	0.24326889	0.2890913	0.19650735	0.24013478	0.20704694	0.20601988	0.19216911	0.23565464	0.21087632	0.23690541	0.22202091
embedding_0535	0.5910266	0.5279257	0.6559825	0.5373223	0.6459059	0.5898264	0.6826378	0.6333318	0.67583317	0.51014256	0.6476416	0.5788386	0.6543517	0.6406432	0.69347	0.6626628	0.57639444	0.71023583	0.6421529	0.6545127	0.6366705	0.6443639	0.59023637	0.63963044	0.6288663	0.6705684	0.755267	0.64406	0.6287988	0.60646707	0.6427907	0.60371387	0.5614159	0.6653203	0.58611566	0.7300721	0.67991066	0.6212619	0.6089818	0.52622145	0.66106683	0.62146914	0.674007	0.6734797	0.56506246	0.73322487	0.6854863	0.59820986	0.6703273	0.6738352	0.57071716	0.6102291	0.63123846	0.64202213	0.6702613	0.5690553	0.70262456	0.6107463	0.6292642	0.58632433	0.6215367	0.5785932	0.6415307	0.68468523	0.62875694	0.6089514	0.63674754	0.6171564	0.63107765	0.62234735	0.6205908	0.63651097	0.57839924	0.5690267	0.6340655	0.5981146	0.54312676	0.5596382	0.54452914	0.69386685	0.636383	0.6520295	0.60755336	0.6130221	0.62967837	0.5780399	0.6241309	0.6278206
embedding_0536	0.8835882	0.92364407	0.8644424	0.88688606	0.8728266	0.79188776	0.8961956	0.9026349	0.8534056	0.8171538	0.8886625	0.8170113	0.9012249	0.8823982	0.8489545	0.89640534	0.88949406	0.86018	0.8468278	0.8400011	0.82174146	0.863686	0.8884187	0.9111276	0.8080206	0.8911214	0.96199834	0.9431685	0.8163502	0.84484863	0.8815752	0.87987816	0.8447466	0.9362534	0.85916847	0.8783825	0.8827122	0.87858945	0.89001	0.71851814	0.70257103	0.8059808	0.8639062	0.8212955	0.8533035	0.8765019	0.85763747	0.7877913	0.880499	0.8569493	0.90913594	0.87889636	0.9223566	0.9244238	0.8253894	0.8498673	0.91514385	0.8538704	0.84716153	0.81427836	0.86972946	0.8582557	0.8297322	0.8720018	0.88593054	0.88776207	0.8287765	0.87814397	0.86705345	0.82874477	0.82762295	0.86579627	0.8750331	0.8899292	0.8484655	0.9093564	0.9468303	0.9541843	0.8353538	0.9305491	0.83256125	0.87583286	0.85882115	0.8722904	0.8735138	0.8596218	0.8569281	0.93893075
embedding_0537	0.13001621	0.13186426	0.025129944	0.14626801	0.13508467	0.14300102	0.077717304	0.09755728	0.184302	0.075666286	0.07920481	0.0646985	0.13962193	0.12994005	0.13621712	0.12870921	0.11256815	0.07654976	0.13411614	0.14451464	0.10910415	0.23961551	0.1329211	0.084660836	0.17151746	0.08581786	0.106374584	0.13845555	0.114493825	0.13836794	0.14402959	0.12744379	0.13293615	0.13832086	0.14853911	0.092745975	0.12858078	0.16884385	0.18863234	0.19963309	0.11756628	0.14612117	0.11635845	0.05844696	0.10768445	0.12325181	0.1618714	0.11422436	0.08355151	0.130135	0.120205775	0.11586995	0.055727325	0.10911199	0.16750193	0.12929584	0.16705118	0.12640192	0.13185582	0.14507489	0.06635011	0.1053701	0.07068944	0.09661437	0.19014661	0.17473814	0.11109881	0.16772673	0.18762556	0.16000693	0.13858728	0.09305179	0.18868019	0.12888952	0.1164991	0.17216489	0.14126058	0.093539484	0.19408695	0.16414711	0.11997129	0.12175896	0.1614912	0.18467486	0.1534991	0.21373037	0.1684365	0.115787424
embedding_0538	0.10306329	0.0059435638	-0.04004148	0.023483975	0.041222762	0.0010374526	-0.04414291	0.026789878	-0.034568045	0.010921193	-0.020311484	0.031280845	-0.0795399	0.020512983	-0.01409973	0.017822267	-0.08707232	-0.04711483	-0.040151596	0.009765497	-0.016111018	-0.026951669	0.060893986	-0.039311748	0.042103697	-0.039388943	0.032111164	-0.059609573	-0.09673862	0.054931987	-0.053840794	0.02492109	0.050978746	-0.045346856	0.027635265	-0.07700154	0.024092127	0.059735764	-0.014414628	0.08091751	0.02649039	-0.0026490528	-0.03160514	0.0040906016	0.07614167	-0.11816414	0.011976113	0.049837228	-0.058821604	0.0028237968	0.072499536	-0.024982018	-0.0011912736	0.0015555997	-0.012664593	-0.006871471	0.005432148	-0.0014875495	0.05665233	0.034335572	-0.018740634	-0.016252976	0.053921826	-0.0073993746	0.02182853	0.032434747	-0.010844564	-0.0067114024	0.026438717	-0.0034592166	-0.04833296	0.00857659	0.01082424	-0.08323778	0.026373954	-0.00037385288	0.034250725	0.06725224	0.06364942	-0.03355157	-0.033927992	0.010510345	0.026986497	0.033756744	0.0446278	0.012208966	0.038519163	-0.013381255
embedding_0539	-0.14171956	-0.054471295	-0.073299415	-0.1415788	-0.12161233	-0.11375	-0.06243662	-0.109123774	-0.09869491	-0.18025164	-0.06376824	-0.08382993	-0.1351782	-0.105865814	-0.14532961	-0.114638545	-0.1366742	-0.044602916	-0.13422333	-0.14363542	-0.14266849	-0.13134247	-0.10720331	-0.100000136	-0.10134794	-0.10816604	-0.061769243	-0.023197876	-0.10523288	-0.14216107	-0.04818146	-0.16158774	-0.16009656	-0.08249036	-0.17380527	-0.07061136	-0.04882518	-0.17298445	-0.093092136	-0.12989248	-0.14056416	-0.16235957	-0.0632072	-0.11466365	-0.15244366	-0.023409858	-0.11072302	-0.174876	-0.16655555	-0.07407678	-0.11959641	-0.13313064	-0.12899563	-0.12316798	-0.06920005	-0.1259702	-0.17709163	-0.13811548	-0.058597013	-0.1429177	-0.15479952	-0.071301036	-0.16229169	-0.10624777	-0.13170208	-0.16425544	-0.086903214	-0.11023531	-0.14103301	-0.19991441	-0.11516597	-0.07053464	-0.10817526	-0.12574734	-0.12508671	-0.15624033	-0.12693657	-0.1112143	-0.17595409	-0.039600402	-0.16545908	-0.12789841	-0.1705389	-0.20782128	-0.12893105	-0.17025031	-0.117358975	-0.14028731
embedding_0540	-0.8271197	-0.7424793	-0.72495794	-0.7016142	-0.73784924	-0.8399624	-0.8045138	-0.7661506	-0.7020874	-0.7319775	-0.75082165	-0.74784374	-0.8251335	-0.7688166	-0.7179924	-0.73016185	-0.8292303	-0.8121439	-0.73001546	-0.71815866	-0.7577868	-0.65307885	-0.7802299	-0.7787422	-0.74219984	-0.7607979	-0.78607184	-0.79562074	-0.66960305	-0.7184611	-0.7256127	-0.813347	-0.7815688	-0.77031994	-0.7682246	-0.7757263	-0.7321953	-0.7593253	-0.7164121	-0.6709612	-0.7331937	-0.8118836	-0.7697928	-0.8138259	-0.8001762	-0.76831794	-0.77565205	-0.70302355	-0.7661984	-0.77162087	-0.72309536	-0.7868364	-0.82600665	-0.7595514	-0.7405868	-0.6954827	-0.6992478	-0.8128388	-0.74292755	-0.74385464	-0.75145847	-0.8097876	-0.7063332	-0.735923	-0.62712044	-0.752401	-0.7960322	-0.75681144	-0.7111985	-0.7209351	-0.6988124	-0.81483936	-0.74669677	-0.6551444	-0.80253696	-0.7328868	-0.791222	-0.8124577	-0.7597352	-0.74250895	-0.73043084	-0.75976306	-0.7149908	-0.7725276	-0.7724901	-0.6791999	-0.7325012	-0.7694039
embedding_0541	-0.4996083	-0.5990706	-0.50960594	-0.59096164	-0.60845804	-0.6200864	-0.5263545	-0.58797747	-0.57788503	-0.59173334	-0.61930454	-0.5396368	-0.5280135	-0.6183602	-0.5701388	-0.64511526	-0.51587594	-0.6057283	-0.6081326	-0.6278763	-0.5674891	-0.5525815	-0.53143775	-0.5149295	-0.6467351	-0.55146956	-0.5433764	-0.5415235	-0.5431845	-0.5620582	-0.54739815	-0.61399376	-0.56113774	-0.56240064	-0.6480004	-0.4976528	-0.59771156	-0.6494729	-0.63782895	-0.6901984	-0.64218396	-0.6020555	-0.5664048	-0.58421767	-0.5432998	-0.48297474	-0.595021	-0.6032184	-0.61072034	-0.5772792	-0.55300313	-0.56389165	-0.5034081	-0.5405897	-0.5919034	-0.5323963	-0.63065547	-0.56607676	-0.6734406	-0.6278289	-0.54740334	-0.5974295	-0.5726886	-0.58655655	-0.5857099	-0.5976159	-0.6129514	-0.554264	-0.58582926	-0.62371224	-0.65698695	-0.56548876	-0.67224705	-0.5418823	-0.53286684	-0.60596937	-0.59290034	-0.60502714	-0.63101083	-0.58742553	-0.6118191	-0.6323761	-0.5376691	-0.5544159	-0.60792637	-0.6070582	-0.63308716	-0.5754575
embedding_0542	0.20186956	0.258035	0.32405317	0.18763903	0.23123774	0.19627458	0.28707567	0.3839127	0.26328984	0.25718614	0.2600933	0.28409335	0.27015817	0.29863256	0.20381638	0.2061516	0.34978068	0.3553916	0.25180274	0.19430543	0.31430337	0.24656887	0.28483823	0.32587665	0.14991249	0.32845628	0.31943333	0.24294339	0.1999956	0.20465775	0.24799989	0.24926537	0.18774128	0.23743398	0.16199751	0.32489768	0.24758358	0.19817425	0.23107612	0.1228947	0.18357824	0.21189094	0.33070722	0.32657635	0.2646532	0.38036963	0.26712346	0.20550668	0.2749221	0.21540324	0.30963978	0.29138654	0.3739906	0.27235058	0.31068116	0.23707701	0.14546391	0.26724193	0.27032205	0.22035751	0.30803674	0.29797956	0.3172592	0.2650539	0.15098765	0.22238012	0.26820108	0.22403473	0.24651717	0.29455948	0.19880743	0.2168814	0.21858603	0.36570224	0.29821172	0.25200248	0.2994959	0.3478983	0.14627205	0.19314428	0.28834057	0.2854343	0.24274372	0.24944484	0.2177394	0.13002087	0.15741523	0.27147862
embedding_0543	-0.47000194	-0.32039768	-0.49636215	-0.36676043	-0.361262	-0.34586495	-0.44102326	-0.30734777	-0.3525429	-0.31225505	-0.37963092	-0.43636316	-0.49227118	-0.3181313	-0.350578	-0.31858078	-0.39999816	-0.35750994	-0.3386858	-0.31815535	-0.34925425	-0.4514576	-0.34286222	-0.382967	-0.3426924	-0.39326042	-0.4749013	-0.41716945	-0.34013143	-0.41406903	-0.34659553	-0.3045708	-0.34174982	-0.39860937	-0.32621744	-0.4998087	-0.37916616	-0.31495532	-0.34001228	-0.24395008	-0.32262436	-0.4484026	-0.39710334	-0.33579195	-0.40086693	-0.45255235	-0.38733527	-0.32858914	-0.37570962	-0.3725965	-0.37879705	-0.35136586	-0.42541727	-0.39146543	-0.3330859	-0.39844853	-0.32577708	-0.35390803	-0.2812453	-0.33809632	-0.39679027	-0.3843526	-0.28899384	-0.37722126	-0.39242312	-0.40801457	-0.34645894	-0.3542785	-0.3930447	-0.29036328	-0.34891304	-0.3476501	-0.31189314	-0.35589463	-0.41575322	-0.3915098	-0.34831128	-0.33325636	-0.3949675	-0.36536223	-0.34266996	-0.4351089	-0.42299515	-0.28345707	-0.36340126	-0.37770015	-0.30243328	-0.38814127
embedding_0544	-0.14480114	-0.22550178	-0.12030339	-0.18975642	-0.12267463	-0.1947367	-0.19188009	-0.31298605	-0.1914128	-0.26413903	-0.2124847	-0.09988757	-0.17143208	-0.20581898	-0.1805755	-0.20050079	-0.18604016	-0.16047812	-0.14672244	-0.18605122	-0.13664462	-0.14734913	-0.2168053	-0.1890398	-0.22211015	-0.20184016	-0.09509011	-0.16807313	-0.15197122	-0.14571112	-0.15838362	-0.27814564	-0.28521833	-0.21403967	-0.23888345	-0.13286898	-0.11437116	-0.24310182	-0.20473361	-0.30866098	-0.12420658	-0.06691739	-0.1852721	-0.17337565	-0.19524375	-0.11896444	-0.12846643	-0.14170817	-0.17225455	-0.16423129	-0.2130174	-0.16787188	-0.20019022	-0.25019556	-0.22614063	-0.23150986	-0.15823898	-0.120093696	-0.24555647	-0.18181024	-0.17262472	-0.12172274	-0.13348821	-0.22011174	-0.12529223	-0.16578844	-0.14501883	-0.120988205	-0.16916683	-0.22607872	-0.15958428	-0.17989507	-0.2135079	-0.29935783	-0.17293444	-0.17074777	-0.22028537	-0.19317155	-0.23995672	-0.1926914	-0.20407397	-0.13722613	-0.19166893	-0.18583712	-0.20391221	-0.23323005	-0.19158222	-0.24235326
embedding_0545	-0.43020314	-0.3734733	-0.42860943	-0.38259214	-0.41646507	-0.34662175	-0.3578624	-0.28238505	-0.26325846	-0.34804857	-0.32467955	-0.3509818	-0.32915318	-0.35342735	-0.30176207	-0.316773	-0.3260256	-0.31609598	-0.34374624	-0.3232817	-0.31758818	-0.26770422	-0.38392955	-0.37285674	-0.30509752	-0.4183602	-0.32725355	-0.3944159	-0.33716273	-0.36850128	-0.28287783	-0.45445615	-0.35019064	-0.37189445	-0.32191193	-0.32359672	-0.36541128	-0.29221892	-0.3082881	-0.35156792	-0.2974604	-0.3287915	-0.31354675	-0.3423876	-0.35726997	-0.41072702	-0.3208915	-0.29462627	-0.31213102	-0.32577237	-0.33461282	-0.31509593	-0.3798986	-0.4278694	-0.43340668	-0.252581	-0.28842342	-0.30997866	-0.40931523	-0.3181716	-0.35418823	-0.3462642	-0.27579716	-0.3349988	-0.3172953	-0.30020648	-0.38692468	-0.3211709	-0.29749057	-0.32223526	-0.26966265	-0.33232227	-0.30490372	-0.30569795	-0.31711134	-0.30540916	-0.31648803	-0.37884814	-0.33948404	-0.32930893	-0.27594447	-0.32677135	-0.316434	-0.38321003	-0.29404148	-0.27117404	-0.30610445	-0.35254803
embedding_0546	-0.05706143	-0.070757955	-0.067841664	-0.04712107	-0.034725502	-0.047060534	-0.05014784	-0.059509095	0.00562368	-0.06528835	-0.05097417	-0.07950763	-0.010092835	-0.032385264	0.034584086	-0.016648753	-0.0559349	-0.024772352	0.017894447	-0.008539902	0.018294504	0.04714913	-0.048903503	-0.0336045	-0.06789274	-0.042950176	0.02643447	-0.1017414	-0.0680791	-0.020235006	0.0027056641	-0.03314032	-0.047068994	-0.004291995	-0.0076957736	-0.0015946314	0.006509609	-0.008006319	-0.023630464	-0.06018994	-0.025555782	0.040901255	0.0060762665	0.013202567	0.0010119277	-0.060486406	-0.01677651	0.018560726	-0.028854018	-0.024101874	-0.0041013137	0.008088397	0.016849628	-0.055330936	-0.032799978	-0.045464322	0.073922	0.029252306	-0.01579704	-0.00994476	-0.021240842	-0.04073418	0.051096067	-0.020964544	-0.012364523	0.009571174	-0.021431714	0.016956646	0.0033770227	0.025311071	-0.019581715	-0.031104596	-0.010590777	-0.02439958	0.0025722887	0.018958258	-0.012487759	-0.03418455	-0.040729374	-0.023528347	-0.02071872	0.03512885	0.0044881534	0.025304524	-0.00032627844	-0.0040920842	-0.014154317	-0.03476649
embedding_0547	-0.30536658	-0.077462465	-0.17694356	-0.14572416	-0.10902583	-0.07559225	-0.2647302	-0.161116	-0.24177125	-0.099995494	-0.22130848	-0.30137563	-0.2932603	-0.14095746	-0.19775361	-0.21239603	-0.19551857	-0.17291272	-0.17810962	-0.1224068	-0.09241222	-0.19904433	-0.21120235	-0.17856833	-0.15242265	-0.21353047	-0.27188545	-0.15596272	-0.11432793	-0.15838742	-0.16310376	-0.19445686	-0.25039643	-0.1520917	-0.122865394	-0.21205339	-0.113961175	-0.17708124	-0.11973272	-0.13695529	-0.08884834	-0.21497597	-0.10632438	-0.1284396	-0.2593756	-0.13119571	-0.17167006	-0.10700334	-0.21158463	-0.1955856	-0.1902338	-0.18639389	-0.27740356	-0.23117095	-0.06514632	-0.3147365	-0.21829888	-0.13693444	-0.14212076	-0.16235311	-0.18862955	-0.14841357	-0.07619007	-0.15967017	-0.15484631	-0.13702728	-0.1924842	-0.088549726	-0.16649441	-0.18379422	-0.09259008	-0.19403851	-0.13260879	-0.24119559	-0.16021015	-0.1374893	-0.11366106	-0.084426016	-0.18869881	-0.1804316	-0.1876587	-0.16851519	-0.19138776	-0.17586362	-0.15346456	-0.21683565	-0.04218559	-0.23571156
embedding_0548	-0.40445602	-0.33570972	-0.4255263	-0.4033361	-0.4141163	-0.29226407	-0.31691992	-0.33295804	-0.3819056	-0.36929005	-0.27134654	-0.4028799	-0.29931283	-0.2974909	-0.37391174	-0.36890644	-0.3387349	-0.30105522	-0.42761528	-0.36882722	-0.40434173	-0.43281943	-0.45171523	-0.37539536	-0.3585643	-0.3605523	-0.42969936	-0.35592955	-0.3673975	-0.41578194	-0.3631253	-0.33818886	-0.32862544	-0.39745027	-0.3619482	-0.4021168	-0.3757292	-0.31158513	-0.27696213	-0.33761525	-0.3921499	-0.46042782	-0.3169208	-0.33147225	-0.39399356	-0.29813656	-0.39075235	-0.3876031	-0.41619527	-0.4284338	-0.37648374	-0.36678424	-0.40559438	-0.3249213	-0.43502337	-0.4212553	-0.465004	-0.44959107	-0.36112162	-0.37555814	-0.37569842	-0.3565474	-0.42063132	-0.38915962	-0.43402562	-0.38497323	-0.3676874	-0.42748433	-0.34292236	-0.3775764	-0.37790293	-0.3182628	-0.36038274	-0.3886031	-0.3704173	-0.35470983	-0.33678713	-0.35408774	-0.35021713	-0.33830202	-0.38346487	-0.4537376	-0.40620494	-0.33964378	-0.36379334	-0.3535538	-0.31241998	-0.34975314
embedding_0549	-0.38955474	-0.3298322	-0.3239173	-0.32861692	-0.36410007	-0.3793887	-0.39864996	-0.34312457	-0.40572682	-0.31662124	-0.35857138	-0.4177867	-0.36469573	-0.40219587	-0.3661051	-0.30162054	-0.41750872	-0.39333016	-0.3520381	-0.32730985	-0.39961645	-0.37685505	-0.35511768	-0.41494915	-0.26042765	-0.41391626	-0.35854748	-0.43258473	-0.40154415	-0.349906	-0.38293964	-0.3590935	-0.32811305	-0.38533238	-0.32658416	-0.4056991	-0.44542003	-0.32038513	-0.40517756	-0.3299868	-0.334228	-0.41434756	-0.36538965	-0.39533997	-0.40530148	-0.48817495	-0.38938954	-0.3417744	-0.35341474	-0.35625753	-0.3590728	-0.38379776	-0.44168463	-0.36195192	-0.43133792	-0.4289674	-0.38056606	-0.37084886	-0.40031058	-0.38105157	-0.41834322	-0.4294776	-0.39572635	-0.33340105	-0.3617628	-0.31510314	-0.37021875	-0.39512217	-0.34296396	-0.34741113	-0.35879043	-0.33127987	-0.37950963	-0.44148102	-0.37366253	-0.36653277	-0.39636767	-0.4230901	-0.33208245	-0.38018724	-0.35558096	-0.36026934	-0.34653413	-0.40370056	-0.3277	-0.34208155	-0.3713902	-0.36174062
embedding_0550	0.34277484	0.3226057	0.27478018	0.2828418	0.27054638	0.3495213	0.26048642	0.30308408	0.30809295	0.3647421	0.32636616	0.27810937	0.29928693	0.30582327	0.26601958	0.2977376	0.3681004	0.32810733	0.22640948	0.28299966	0.28691852	0.2888755	0.27383938	0.28261727	0.35812002	0.35188225	0.23495503	0.3356601	0.2436133	0.28124812	0.2862171	0.28603122	0.31760007	0.25853974	0.29934156	0.26079154	0.31797686	0.3023483	0.28445405	0.23275617	0.30577725	0.2625296	0.3108804	0.33447567	0.27380654	0.33323148	0.30917686	0.301818	0.2775227	0.28635123	0.24749264	0.29768875	0.27357623	0.2457192	0.23554246	0.34997573	0.26454547	0.33280346	0.20619684	0.32576975	0.26074287	0.36661065	0.3325525	0.2890541	0.22553125	0.3078465	0.24118364	0.29743856	0.3023499	0.21106039	0.25913674	0.339228	0.24782772	0.25965506	0.3477167	0.3022903	0.31935853	0.28683287	0.28710982	0.29049677	0.25256586	0.29206845	0.2950377	0.21373512	0.27272403	0.32337743	0.2707556	0.28893408
embedding_0551	-0.017563934	-0.12645668	-0.078657694	-0.09301959	-0.04622269	-0.037062272	-0.056312315	-0.082909375	-0.07459256	-0.14654045	-0.059225302	-0.09038242	-0.114603974	-0.118195824	-0.047890298	-0.036773544	-0.09060431	-0.09673198	-0.054219633	-0.058342163	-0.14024462	-0.10585767	-0.06834077	-0.10407894	-0.06453955	-0.13298157	-0.06539345	-0.083580494	-0.08179088	-0.09480561	-0.10600663	-0.029123154	-0.11500413	-0.07993463	-0.07385987	-0.026783388	-0.08339731	-0.053296413	-0.10410287	0.0551748	-0.04053511	-0.051794264	-0.081802286	-0.13579403	-0.10133199	-0.11827575	-0.078629605	-0.08549828	-0.11608487	-0.03780746	-0.120007046	-0.115241885	-0.084883936	-0.066796824	-0.026937975	-0.14818846	-0.12347644	-0.055567358	-0.039561063	-0.07882841	-0.13466415	-0.08927603	-0.065636754	-0.108339146	-0.083237685	-0.042830177	-0.047669634	-0.068524115	-0.08885541	-0.09642696	-0.094397046	-0.026738385	-0.05057436	-0.17995214	-0.12880991	-0.14083335	-0.13094832	-0.16762753	0.015987217	-0.10070405	-0.06905304	-0.0804953	-0.10304228	-0.09662374	-0.0919997	-0.100471206	-0.08313339	-0.102343336
embedding_0552	-0.010532992	0.14447573	0.0055980016	0.11746634	0.01818832	0.038853303	-0.003933286	0.061295543	0.017658468	0.12857954	0.028133461	0.07970806	-0.023467448	0.09759829	0.022596274	0.025987085	0.077810064	0.020816354	0.017021341	0.02537302	0.034940075	0.0033549503	-0.022435065	0.05944926	0.061576735	0.018892866	-0.088045806	0.11137873	0.056196034	0.043754578	0.04741871	0.07365154	0.05573123	0.018099112	0.07471761	0.00036985835	0.075907074	0.07547538	0.06042219	0.072164506	0.028842445	0.07398906	0.04970787	0.02677435	0.073364295	-0.0012111159	0.006155482	0.05995535	0.009376499	0.043399863	0.019006116	0.040565826	0.047144137	0.053954188	0.016541516	0.058067035	0.05658997	0.016977329	0.03711077	0.064207144	0.06801361	0.114083916	0.029921582	0.011658574	0.09302289	0.05474697	0.04027887	0.0365249	0.021779547	0.059985146	0.07406616	0.043951258	0.0537627	0.10987604	0.0069546867	0.025780074	0.09847707	0.11405174	0.010796421	0.08090093	0.0023846598	0.023797372	0.055360977	0.0146047715	0.022994246	0.040498298	0.041609794	0.007829788
embedding_0553	0.20642841	0.20494498	0.25096002	0.22857602	0.2924223	0.21479093	0.19242829	0.16066651	0.17640166	0.13857323	0.17916706	0.221286	0.1849565	0.1654768	0.19549382	0.20833376	0.14453822	0.15040962	0.1876852	0.19109988	0.21177053	0.18630607	0.18355939	0.23163082	0.25553334	0.21013832	0.25893047	0.28343737	0.26590627	0.20302118	0.27040774	0.22534542	0.22106746	0.26490673	0.12536353	0.21896435	0.23514389	0.17337121	0.17136008	0.1861453	0.21536833	0.1954674	0.21969905	0.21211666	0.16776514	0.25683776	0.1998769	0.25871685	0.22965442	0.27984938	0.0869607	0.21501124	0.17113356	0.22703823	0.26728678	0.13641453	0.33681536	0.23536214	0.18397981	0.19540599	0.22977804	0.21749984	0.24483028	0.2472278	0.2790617	0.21793698	0.25881043	0.20983827	0.18726587	0.15598395	0.19735286	0.25883204	0.1559664	0.09926611	0.20869425	0.20232031	0.20092683	0.18987072	0.18426873	0.2710577	0.16457835	0.18888398	0.21047752	0.2746433	0.19738154	0.20460317	0.17082988	0.21288317
embedding_0554	0.3628346	0.43431878	0.46851054	0.4035161	0.4527784	0.3733295	0.41388047	0.39129686	0.364756	0.32222277	0.44368964	0.4068535	0.4599485	0.4369057	0.34881	0.391556	0.43879035	0.4246104	0.39462087	0.41269442	0.42377028	0.38169023	0.33083558	0.44901255	0.37733576	0.42938688	0.43661115	0.42796215	0.41290513	0.38960868	0.39556512	0.39770764	0.3883576	0.4291682	0.35966375	0.45774835	0.44359934	0.39617217	0.396292	0.3506419	0.3613302	0.34985453	0.4180913	0.38130936	0.34808713	0.4687926	0.4171037	0.42014968	0.3489057	0.37665385	0.41008008	0.39209026	0.3971174	0.39144856	0.4620132	0.32717136	0.4036323	0.41105723	0.36771834	0.36644882	0.39323273	0.4002502	0.3617234	0.44627994	0.38347438	0.47561383	0.39573961	0.39469993	0.44677565	0.35999995	0.4218056	0.37644416	0.3917234	0.40163866	0.3949159	0.46254876	0.43919057	0.41015497	0.40714625	0.42688859	0.3913679	0.46601394	0.43959156	0.3945309	0.41036567	0.41231543	0.38594645	0.4550994
embedding_0555	-0.44029585	-0.37998036	-0.41117617	-0.428693	-0.49859402	-0.3580397	-0.4624092	-0.43191892	-0.41752824	-0.32873973	-0.4296081	-0.43024012	-0.4402659	-0.38022107	-0.4494019	-0.43817273	-0.37014264	-0.4211906	-0.41993907	-0.42319795	-0.40048042	-0.46321756	-0.46935824	-0.49971932	-0.43697083	-0.4568095	-0.5164453	-0.45832497	-0.43519685	-0.37358555	-0.44506672	-0.3809892	-0.41588938	-0.4531682	-0.3970687	-0.4683045	-0.42852646	-0.36147645	-0.4306235	-0.3861115	-0.36371878	-0.31637007	-0.39252606	-0.35990542	-0.35011938	-0.5432742	-0.42556024	-0.34535643	-0.4578754	-0.44192246	-0.41631582	-0.40839565	-0.4030305	-0.46568373	-0.4704165	-0.4116018	-0.4907469	-0.4109286	-0.51778895	-0.40168625	-0.44599515	-0.37863007	-0.400817	-0.4283752	-0.45283106	-0.40797558	-0.40638122	-0.46387124	-0.45891038	-0.43171474	-0.34188625	-0.38590667	-0.39221382	-0.42677936	-0.35295713	-0.44819012	-0.37609	-0.38523924	-0.3704306	-0.4425455	-0.39708894	-0.5182652	-0.3977577	-0.4318292	-0.39533135	-0.43248534	-0.3420789	-0.46795306
embedding_0556	-0.03640821	-0.045481402	-0.062646374	-0.04065155	-0.15434654	-0.1359627	-0.011403814	-0.1202974	-0.015469364	-0.0053591197	-0.10359801	0.03125874	-0.022643844	-0.06685212	-0.07035736	-0.077156074	-0.032420915	-0.0828046	-0.11552001	-0.13264282	-0.11849016	-0.035003576	-0.08322259	-0.028059825	-0.12806384	-0.027826814	-0.07242412	0.014500953	-0.045786534	-0.04103961	-0.032926172	-0.11785981	-0.07766842	-0.0066115637	-0.09214307	-0.05219303	-0.11036905	-0.067257814	-0.016480925	-0.20668669	-0.17318997	-0.09918341	-0.11725819	-0.062671214	-0.012698453	-0.026332283	-0.07414139	-0.13880621	-0.004209776	-0.05434953	-0.05445255	-0.04191047	-0.03901867	-0.050054636	-0.1456045	0.10929968	-0.06274367	-0.100993246	-0.15212259	-0.11572311	0.0013823692	-0.06506074	-0.1435346	-0.14204606	-0.008295301	-0.10991514	-0.11497757	-0.063927434	-0.11506582	-0.04579766	-0.04538634	-0.06523189	-0.1020317	0.062219363	-0.059157584	-0.058539536	-0.0735025	-0.09636187	-0.14722496	-0.009887996	-0.031205444	-0.13242045	-0.026872924	-0.10618693	-0.09009636	-0.035535358	-0.11435042	-0.049808122
embedding_0557	-0.3813778	-0.31885135	-0.27300474	-0.30107594	-0.32943246	-0.38501945	-0.34096953	-0.27708673	-0.28240386	-0.3399744	-0.25773925	-0.32289198	-0.3282413	-0.33574232	-0.31422856	-0.31252617	-0.35199884	-0.30217293	-0.34400508	-0.31833515	-0.33755076	-0.33258882	-0.35834062	-0.3800278	-0.34718904	-0.28758192	-0.27569616	-0.2705954	-0.28553236	-0.30553725	-0.31121927	-0.41167387	-0.41533175	-0.33400577	-0.3112881	-0.26626852	-0.26758793	-0.36134043	-0.31586775	-0.42915332	-0.27105585	-0.3435725	-0.35442972	-0.325577	-0.36876845	-0.30053252	-0.31441337	-0.28417364	-0.24025194	-0.32051405	-0.35392237	-0.32967094	-0.3682618	-0.33776534	-0.3807936	-0.22551563	-0.34085143	-0.33088297	-0.36454198	-0.3029795	-0.2648887	-0.37179253	-0.29572746	-0.27751085	-0.19994757	-0.30222744	-0.34319803	-0.33578318	-0.31619522	-0.33292344	-0.30728236	-0.3411042	-0.3344748	-0.28454837	-0.34920302	-0.33967796	-0.3650459	-0.3270145	-0.3390858	-0.26437446	-0.32013708	-0.27346024	-0.32456473	-0.4090688	-0.3466394	-0.302704	-0.3309522	-0.31320134
embedding_0558	-0.6841784	-0.5061842	-0.581965	-0.5958196	-0.57535994	-0.51764303	-0.5930495	-0.5032556	-0.5344143	-0.47679827	-0.5524565	-0.60814995	-0.64987695	-0.46808478	-0.54159915	-0.5474655	-0.54261905	-0.4497388	-0.5153787	-0.5303322	-0.48852587	-0.6017175	-0.560657	-0.5636525	-0.5505295	-0.5579792	-0.64944315	-0.56134725	-0.5271985	-0.55347407	-0.51967734	-0.550961	-0.60000056	-0.5845278	-0.51529723	-0.58537894	-0.5337787	-0.57571447	-0.5281824	-0.546931	-0.46781644	-0.47300604	-0.50810677	-0.48688763	-0.5877106	-0.52857107	-0.54784554	-0.50583017	-0.62349635	-0.5690289	-0.5758889	-0.56496936	-0.55450225	-0.58174616	-0.52289176	-0.6173951	-0.5689019	-0.52653503	-0.48119155	-0.53271073	-0.54187465	-0.4570293	-0.510804	-0.51186836	-0.6073731	-0.5528558	-0.49781057	-0.57499456	-0.563802	-0.55992734	-0.45067692	-0.56228906	-0.4902888	-0.50262266	-0.5284732	-0.5737139	-0.5637632	-0.51048315	-0.6249408	-0.5866856	-0.5485349	-0.5705841	-0.6070957	-0.535679	-0.5499473	-0.6007084	-0.4695245	-0.6206167
embedding_0559	-0.050423834	-0.038219586	-0.11565835	-0.023885906	-0.016933147	0.025371067	-0.08971287	0.019529702	-0.06250733	0.04443486	-0.04359265	-0.14469263	-0.014675462	-0.020059666	0.0060197394	0.039816685	-0.121632166	-0.04053388	-0.015262359	0.05455813	-0.12441172	-0.04269789	-0.051860146	-0.13070327	0.07860029	-0.0824824	-0.057581116	-0.059323434	-0.06110107	-0.0062632035	-0.06018903	0.017992275	-0.0029146436	0.0012030652	0.048240684	-0.082595475	-0.04685946	0.023589212	-0.0009250286	0.07168443	0.02474023	-0.06398009	-0.08598598	-0.04101855	-0.06829879	-0.159567	-0.046080012	-0.008806193	-0.047451224	-0.00831438	-0.1116341	-0.0659053	-0.09464164	-0.016388126	0.00729092	-0.048594017	0.028066806	-0.059701618	-0.0049000545	-0.018975334	-0.10950006	-0.094775215	-0.02553729	0.00015396865	0.0064977747	-0.032545622	-0.021971716	-0.07534226	-0.027685022	-0.018247291	-0.031592786	0.0111728525	-0.004321268	-0.15878157	-0.086603336	-0.06270436	-0.11069531	-0.09646633	0.023839526	-0.022459812	-0.062265687	-0.086078554	-0.076695934	-0.04608092	-0.05023895	0.045703173	0.033160605	-0.01250194
embedding_0560	0.5153936	0.55719155	0.5301127	0.5789246	0.5902198	0.49532384	0.48469642	0.59531635	0.4905783	0.53121644	0.5630366	0.49203795	0.4849822	0.4930557	0.4804657	0.5827355	0.48678145	0.4610643	0.45280385	0.5217599	0.41104636	0.5276197	0.60430604	0.5120283	0.5944353	0.5137447	0.55713093	0.5735747	0.52112216	0.4790971	0.43395823	0.546862	0.5356883	0.5697224	0.5263183	0.49105817	0.51015997	0.50099957	0.4911227	0.55545664	0.4935324	0.43441585	0.46328786	0.45649284	0.48236468	0.466504	0.47301054	0.5146	0.49792627	0.5833643	0.4952144	0.48173904	0.47299463	0.568526	0.58866626	0.5126459	0.51978064	0.5258269	0.5725441	0.5306832	0.49850944	0.49367702	0.5143527	0.5077053	0.5089105	0.5869625	0.49635124	0.48377517	0.5259297	0.50313324	0.48023176	0.48395166	0.5590678	0.5110471	0.4806156	0.5317461	0.4806929	0.4784264	0.5254787	0.5064158	0.5008099	0.48732868	0.49804896	0.48134503	0.477515	0.566265	0.46089137	0.5714436
embedding_0561	1.2320353	1.1754903	1.337787	1.1854987	1.206853	1.1732401	1.2521007	1.0914882	1.2394403	1.178517	1.2307923	1.3328422	1.266535	1.197161	1.1780831	1.168541	1.2640944	1.1843257	1.2216203	1.0709206	1.2766291	1.2144578	1.2323445	1.2634956	1.1035892	1.2319008	1.2855322	1.2353815	1.1925107	1.2133493	1.2075236	1.1521893	1.1440402	1.2410961	1.1766008	1.2923923	1.1923984	1.1046611	1.2185774	1.0510764	1.1442007	1.3551596	1.1602721	1.2173032	1.286651	1.2536546	1.2198141	1.1436191	1.2200716	1.2535405	1.2712678	1.258035	1.285314	1.2063079	1.1529781	1.2376784	1.0814759	1.2415668	1.1474576	1.1757718	1.2569921	1.232281	1.1687561	1.182651	1.2114062	1.1901087	1.1967202	1.2274318	1.1611683	1.1661053	1.2044408	1.1618117	1.167609	1.2736039	1.2235168	1.2533303	1.2798752	1.2855192	1.1374468	1.1841048	1.2234951	1.2721329	1.2557317	1.1920673	1.2275462	1.1558694	1.1379778	1.2290219
embedding_0562	-0.80048984	-0.8087345	-0.7098047	-0.7959107	-0.8122365	-0.8612489	-0.7822679	-0.8613429	-0.7520386	-0.7795138	-0.84617525	-0.6825848	-0.76461065	-0.8183975	-0.80507416	-0.817426	-0.7961236	-0.78134894	-0.7729145	-0.87290984	-0.78671324	-0.8340539	-0.75308424	-0.7732544	-0.87206304	-0.78436166	-0.7432066	-0.8160022	-0.84487575	-0.7765727	-0.74615455	-0.85186684	-0.81770134	-0.81739223	-0.79107255	-0.72556347	-0.8060937	-0.9120168	-0.78922117	-0.84858066	-0.8081439	-0.75255203	-0.8117461	-0.7859564	-0.74823266	-0.766471	-0.81592643	-0.8145625	-0.8114811	-0.77485806	-0.76277703	-0.7811157	-0.71331084	-0.7961853	-0.9157768	-0.7520437	-0.7989261	-0.80967367	-0.8129286	-0.7615241	-0.72772986	-0.7878564	-0.7550655	-0.7933552	-0.8070736	-0.8260244	-0.8197969	-0.82985175	-0.8134412	-0.75508	-0.7787559	-0.80326295	-0.82396966	-0.72839415	-0.7871083	-0.8257368	-0.82638824	-0.8184134	-0.8710706	-0.8140887	-0.8027531	-0.7943288	-0.78613085	-0.816171	-0.8034375	-0.8545516	-0.8348665	-0.81456333
embedding_0563	-0.068010144	-0.07721814	-0.016192824	-0.05671824	-0.06224764	-0.027208647	0.005535191	-0.11337948	0.032752555	-0.015355568	0.022922529	0.038115565	-0.014785852	-0.052120887	-0.062193956	-0.05422599	-0.027817149	-0.025046684	-0.052053478	-0.04252352	-0.041831043	-0.065492176	-0.052454896	-0.047358263	0.019981535	-0.054288186	-0.15591916	-0.04819365	-0.06314307	-0.06130265	-0.009612372	-0.086536	0.012459544	0.009336305	0.014077819	-0.028731963	-0.067400955	-0.064588144	-0.03655224	0.10043734	0.018934483	0.011118712	-0.09211758	-0.019888207	-0.03803166	-0.07768989	-0.037631128	-0.073654644	0.009839742	-0.055784963	-0.044862587	-0.02557103	-0.04385895	-0.0120377205	-0.06397758	0.047719035	-0.13850375	-0.061004862	-0.045538124	-0.0058601648	-0.010043507	-0.055279084	-0.1414115	-0.055240735	-0.042202044	-0.03775127	-0.048380487	-0.022239167	-0.052397307	-0.072151124	0.009029677	-0.05828754	-0.017537514	0.009273255	-0.054712053	-0.045770124	-0.018055268	-0.0451878	-0.028726043	-0.06863486	0.009884067	-0.03414993	-0.025531892	-0.08233697	-0.021421053	-0.030508688	-0.076035686	-0.0076704556
embedding_0564	0.666919	0.65053207	0.61476225	0.58551794	0.5340311	0.64855635	0.71265143	0.6625176	0.6729928	0.6352799	0.65637344	0.7350554	0.65596914	0.6154874	0.6547618	0.61685294	0.6763949	0.7061946	0.6335099	0.5191265	0.6663667	0.58721715	0.70597345	0.7141095	0.47361112	0.6805794	0.63313496	0.6449967	0.52376455	0.6271976	0.6126793	0.64204985	0.61749756	0.6366424	0.629848	0.6897811	0.6081194	0.49987847	0.59024745	0.52204853	0.55891186	0.73322	0.59491664	0.6593303	0.72267824	0.65524924	0.59830886	0.57381946	0.6308756	0.6481186	0.74458796	0.6538502	0.82303685	0.71026427	0.5994616	0.7119081	0.51699436	0.66373426	0.6812475	0.60285884	0.7241663	0.719592	0.6472564	0.618105	0.5240678	0.5727509	0.6336638	0.59901154	0.5698939	0.5881888	0.53835756	0.5659227	0.61698264	0.7256071	0.6592583	0.5811413	0.6758394	0.7402309	0.5513559	0.5720712	0.62765163	0.69884264	0.5909062	0.5756295	0.6322358	0.4799485	0.5794003	0.64499986
embedding_0565	-0.020098789	-0.047522012	-0.06748556	-0.06669324	-0.07685883	-0.0649263	-0.070707195	-0.13757068	-0.060813986	-0.06430348	-0.109842926	-0.051219177	-0.03747904	-0.15244721	-0.043082815	-0.10587959	-0.09975363	-0.11492652	-0.12786846	-0.115200624	-0.12858666	-0.06943445	-0.029086916	-0.06677552	-0.11576178	-0.07480316	-0.09660766	-0.047337975	-0.028465137	-0.08062963	-0.0986624	-0.068496116	-0.03726144	-0.08255806	-0.10588302	-0.09879917	-0.09452859	-0.086691745	-0.05854783	-0.08634236	-0.111070536	-0.08427693	-0.15374805	-0.14866953	-0.07570806	-0.06391944	-0.10831188	-0.07218948	-0.060529336	-0.02969251	-0.09781703	-0.09886677	-0.07426024	-0.046698958	-0.14910232	-0.011509894	-0.012806738	-0.06374036	-0.11040467	-0.09355905	-0.08445887	-0.077873774	-0.097140856	-0.08383973	-0.036021978	-0.12657084	-0.09000871	-0.06988483	-0.081954546	-0.08960237	-0.081076734	-0.07453667	-0.113531634	-0.06599193	-0.09842286	-0.09730631	-0.09590003	-0.13487305	-0.038545296	-0.08275094	-0.09041849	-0.07796376	-0.09215595	-0.06746622	-0.08683403	-0.04407644	-0.12204108	-0.06164363
embedding_0566	0.34325132	0.37796775	0.36803344	0.39708573	0.38344863	0.48019886	0.38884443	0.45175132	0.40291575	0.42363602	0.44881132	0.33485523	0.37305295	0.42140147	0.38694602	0.42709896	0.3739098	0.42276648	0.39037198	0.43388852	0.4242072	0.29194552	0.37018538	0.3595763	0.41413867	0.39677283	0.4186551	0.40982565	0.37233764	0.36517918	0.4145366	0.42413178	0.40956956	0.40121558	0.43494436	0.3577343	0.4025797	0.45231074	0.4377596	0.38374734	0.45172247	0.3774292	0.41373223	0.45110726	0.41589502	0.37332487	0.3785722	0.41342902	0.42178068	0.4025838	0.35740823	0.41035503	0.36469787	0.385784	0.42846745	0.38090417	0.36494336	0.38280687	0.37052694	0.41955933	0.412605	0.33271948	0.38373262	0.37688863	0.40890554	0.4008657	0.39679748	0.36798114	0.3897042	0.4273115	0.39462155	0.47351447	0.3978165	0.32402155	0.39421678	0.38768777	0.40018696	0.43689615	0.41540673	0.42464834	0.39776337	0.37889802	0.36465615	0.4240417	0.41357774	0.39588532	0.49307677	0.4305485
embedding_0567	-0.47466087	-0.52701676	-0.51059437	-0.4745864	-0.50598514	-0.5214492	-0.56194526	-0.53174114	-0.53809583	-0.49363223	-0.5596609	-0.50591284	-0.58045477	-0.6004041	-0.48750722	-0.5451522	-0.52682185	-0.5970692	-0.46468768	-0.5141275	-0.50278664	-0.50520205	-0.5240111	-0.5250132	-0.48861146	-0.56255674	-0.58088976	-0.54485685	-0.5180095	-0.5137021	-0.50929815	-0.45993072	-0.5061162	-0.5382792	-0.47314772	-0.5605947	-0.51542544	-0.57551455	-0.5825625	-0.40805882	-0.49457633	-0.51877975	-0.55117023	-0.5489379	-0.4870209	-0.5873544	-0.5273226	-0.51301736	-0.5680274	-0.526591	-0.50161093	-0.5271755	-0.52867573	-0.51413774	-0.4883653	-0.51553595	-0.48932353	-0.52892375	-0.492175	-0.483147	-0.48088905	-0.46671095	-0.446434	-0.5258494	-0.5490213	-0.54581	-0.5354447	-0.5264797	-0.5398999	-0.5081946	-0.54174656	-0.56410253	-0.49533507	-0.5024482	-0.5580624	-0.5393743	-0.54858315	-0.55623	-0.49462837	-0.5729701	-0.53209627	-0.4898052	-0.538286	-0.53245866	-0.5367295	-0.552691	-0.5329628	-0.5325817
embedding_0568	-0.67275053	-0.7284693	-0.7745171	-0.7176157	-0.697869	-0.5881105	-0.68840736	-0.6995292	-0.6704306	-0.6022111	-0.7158623	-0.65578514	-0.69812655	-0.659308	-0.6812388	-0.6382282	-0.714219	-0.63637435	-0.72733444	-0.6729187	-0.69321096	-0.6669193	-0.6702501	-0.7528504	-0.66185546	-0.7139226	-0.72231287	-0.7346806	-0.7517027	-0.632529	-0.724448	-0.70846313	-0.712141	-0.73487777	-0.6151684	-0.71704	-0.68679374	-0.7157111	-0.6560307	-0.6262463	-0.60973036	-0.6048579	-0.74108565	-0.64943165	-0.7094811	-0.75658965	-0.66846114	-0.65095925	-0.7235594	-0.71936244	-0.65551686	-0.69778514	-0.65238905	-0.69193023	-0.67639625	-0.6460734	-0.7025014	-0.65912646	-0.6201594	-0.7040072	-0.7594563	-0.64516026	-0.65273356	-0.6867677	-0.7387287	-0.6987937	-0.7115155	-0.6937541	-0.6667687	-0.7368868	-0.6285266	-0.71142584	-0.61813456	-0.7173858	-0.6268718	-0.7527626	-0.7456567	-0.73993623	-0.70818806	-0.7411504	-0.67246526	-0.70423394	-0.7619173	-0.7137513	-0.6876916	-0.6939617	-0.63364816	-0.75323987
embedding_0569	-0.12253824	-0.11695869	-0.11118658	-0.15271273	-0.22092159	-0.17967121	-0.113171585	-0.17312096	-0.17865421	-0.11440497	-0.12846741	-0.10342009	-0.13001743	-0.16954546	-0.18461655	-0.16867834	-0.0905624	-0.14439723	-0.19034787	-0.23493709	-0.15940437	-0.19168374	-0.18666457	-0.09216453	-0.2036131	-0.13590513	-0.22570485	-0.09765081	-0.093051255	-0.15622683	-0.12465998	-0.17479476	-0.14332272	-0.13825832	-0.15538998	-0.13026951	-0.17002046	-0.18938002	-0.15364037	-0.2248307	-0.17574395	-0.16258363	-0.16342491	-0.17522107	-0.12484602	-0.124698326	-0.18702261	-0.21622416	-0.14083382	-0.17310463	-0.14390802	-0.14741401	-0.11757125	-0.15950494	-0.24656825	-0.12454517	-0.24587983	-0.17212863	-0.21457525	-0.15142436	-0.10422796	-0.11951847	-0.21883188	-0.18010245	-0.1617877	-0.19288217	-0.18390104	-0.17795613	-0.22798638	-0.19575824	-0.12927075	-0.1574709	-0.19778393	-0.108034596	-0.1543811	-0.166646	-0.15026484	-0.16873652	-0.23102921	-0.1514628	-0.14121242	-0.19058236	-0.14829843	-0.2493001	-0.16109528	-0.20450915	-0.20444648	-0.16395183
embedding_0570	-0.022130944	0.02776355	-0.04214899	-0.0076158615	-0.05140412	-0.09799038	-0.020675648	0.019642979	0.012486106	-0.016483784	0.04767214	0.021330558	-0.012022348	0.06398284	0.033070195	-0.010422173	-0.029222246	0.06930266	-0.0071404907	0.010907903	-0.0055075735	-0.030086089	-0.020518208	0.012375972	-0.0235152	0.028904656	0.029483017	0.06337837	-0.00963693	0.014193584	-0.0737825	-0.04904047	-0.09201058	-0.013264857	-0.0458492	-0.017241733	0.015368748	0.059611373	0.059201207	-0.154414	-0.0020102498	0.055205327	-0.08003836	0.048552345	-0.004551677	0.024566045	0.023750518	-0.01020969	0.07000855	0.0075843027	-0.052590273	-0.0071972804	0.025219416	-0.040581323	-0.079247534	0.063074686	0.023409486	-0.0050899903	0.04282197	-0.04651555	0.042299863	-2.9704166e-05	-0.039417636	0.0016291285	0.015874797	-0.042019807	0.018555388	-0.009575637	0.0034643468	0.0129017485	0.022567412	-0.05946238	-0.00822214	0.0061699506	-0.029608646	-0.016415637	-0.09906798	-0.03041606	-0.07441171	0.018926507	-0.039213173	0.018856516	-0.008392748	-0.0033336782	-0.058255307	0.004667097	-0.026340565	-0.0112336185
embedding_0571	-0.8677948	-0.78349507	-0.8889053	-0.8572578	-0.90619844	-0.6860602	-0.8857901	-0.87499607	-0.82606804	-0.79711205	-0.8732672	-0.87518746	-0.83106136	-0.7735943	-0.90806997	-0.8507312	-0.83316666	-0.9031373	-0.85726714	-0.78903514	-0.8688455	-0.8438998	-0.9451308	-0.8928686	-0.83632827	-0.8740574	-0.9313077	-0.8755236	-0.8043662	-0.8293279	-0.86742985	-0.80359215	-0.76387495	-0.9008113	-0.8314007	-0.9380091	-0.8853678	-0.72813827	-0.75207657	-0.6576864	-0.7823421	-0.80407864	-0.85857946	-0.86867267	-0.815432	-0.93558055	-0.856923	-0.8240385	-0.85662353	-0.88650596	-0.88302153	-0.85667694	-0.89495754	-0.88746804	-0.88210315	-0.8541165	-0.90263623	-0.8693857	-0.893702	-0.81148744	-0.9164534	-0.8704792	-0.965357	-0.869122	-0.80063283	-0.8507605	-0.82832086	-0.86382115	-0.8409148	-0.77615434	-0.74879885	-0.79541963	-0.8015383	-0.86467063	-0.8207187	-0.85513663	-0.7936227	-0.82564604	-0.7422598	-0.83414537	-0.8501406	-0.87232256	-0.8143587	-0.7773575	-0.83750755	-0.7545718	-0.74098533	-0.84142953
embedding_0572	-0.27507904	-0.17935613	-0.16719688	-0.1853844	-0.30853966	-0.13529135	-0.2059009	-0.19692364	-0.17936708	-0.10023415	-0.23172425	-0.1338502	-0.15769061	-0.20134014	-0.2606784	-0.21921507	-0.14631367	-0.14330913	-0.13702539	-0.2383235	-0.17975757	-0.18738027	-0.22849648	-0.26241007	-0.28288755	-0.18025154	-0.3101246	-0.26553077	-0.32648617	-0.19998753	-0.25381202	-0.25905663	-0.30366993	-0.25627095	-0.18519004	-0.2595034	-0.2209482	-0.24636811	-0.21033777	-0.187656	-0.20393486	-0.075891905	-0.21110362	-0.1535509	-0.1352609	-0.2791244	-0.23881488	-0.20498098	-0.21894005	-0.26758462	-0.11444437	-0.18454601	-0.14490537	-0.19412182	-0.193662	-0.13753127	-0.3336532	-0.22651355	-0.15900998	-0.1771391	-0.17708051	-0.12534636	-0.22731791	-0.22918633	-0.26249024	-0.20764309	-0.1789891	-0.27973822	-0.24982429	-0.18407245	-0.15294087	-0.27367353	-0.12733348	-0.08284496	-0.17807771	-0.27925375	-0.24283557	-0.16285239	-0.25668508	-0.29970938	-0.18926992	-0.13566945	-0.22109477	-0.31954637	-0.21513155	-0.35963637	-0.2372184	-0.25211996
embedding_0573	0.8144928	0.7578676	0.7357216	0.7490624	0.71994716	0.8221922	0.7729867	0.6645719	0.6915176	0.68497026	0.69149417	0.846564	0.85995215	0.67995304	0.7246358	0.73166126	0.7908377	0.7175571	0.69218814	0.6515142	0.6786148	0.7080707	0.71141416	0.7711793	0.65458894	0.8004305	0.7926625	0.827102	0.70678365	0.72326106	0.7460457	0.7621482	0.7372857	0.7142309	0.66228473	0.78191763	0.7293141	0.7277394	0.70519006	0.6399782	0.64970016	0.8469859	0.7214103	0.68337065	0.79251087	0.74903804	0.7102723	0.6909682	0.7650621	0.7861966	0.72156334	0.7435242	0.7842334	0.76666933	0.67026633	0.7780458	0.7309868	0.7556385	0.6987799	0.7493366	0.80251724	0.75251484	0.6682182	0.6977262	0.7386728	0.71249366	0.73374915	0.69377357	0.6592496	0.71382487	0.67477864	0.7401432	0.70605177	0.7547756	0.7539851	0.68042237	0.70478076	0.68477523	0.7291634	0.74083674	0.7148935	0.7359196	0.7312425	0.7003483	0.7295801	0.709278	0.66543114	0.7267872
embedding_0574	-0.22825874	-0.29079092	-0.28761676	-0.29985365	-0.24761263	-0.22195998	-0.30035552	-0.23794866	-0.2937661	-0.34303656	-0.3478394	-0.2733522	-0.1913526	-0.2959647	-0.23241656	-0.26997182	-0.28776777	-0.26747498	-0.21383393	-0.28106487	-0.26811326	-0.23797886	-0.28724375	-0.28572807	-0.2762761	-0.32484257	-0.17842007	-0.3531606	-0.26020175	-0.28305113	-0.29483855	-0.24104765	-0.26322672	-0.31340855	-0.28061724	-0.2758309	-0.30443838	-0.29758522	-0.3227883	-0.2902886	-0.33695564	-0.28532967	-0.22706465	-0.28677565	-0.25683504	-0.30823568	-0.27407208	-0.23246917	-0.3238978	-0.22832045	-0.23617741	-0.28778493	-0.2491241	-0.26243418	-0.30383676	-0.32763648	-0.18975274	-0.2375646	-0.2853722	-0.26667017	-0.37114045	-0.24996503	-0.29146177	-0.26886323	-0.29982683	-0.2721432	-0.2606642	-0.29155546	-0.2809897	-0.22733349	-0.28470424	-0.23057643	-0.27763844	-0.34755194	-0.23408268	-0.271596	-0.22607283	-0.3142048	-0.25505826	-0.2245601	-0.3014093	-0.25748205	-0.2850494	-0.22280188	-0.24552423	-0.33804637	-0.2909348	-0.28178507
embedding_0575	0.3754837	0.40228146	0.32241562	0.4231969	0.37250954	0.527922	0.36949512	0.4869646	0.37326902	0.50788265	0.404466	0.2895753	0.37148628	0.42661873	0.4006968	0.41726673	0.41967878	0.40147945	0.40208247	0.49529245	0.40020397	0.37607402	0.36659414	0.32718188	0.47907647	0.34309947	0.26432452	0.39945635	0.41757295	0.4248796	0.39146018	0.50959516	0.5058214	0.40145245	0.4816512	0.29004672	0.35035273	0.51782656	0.45114306	0.55697846	0.46840414	0.43137106	0.4231886	0.45622173	0.45290002	0.24748233	0.3871795	0.4593489	0.36677024	0.38210815	0.38687348	0.3905613	0.37181824	0.464661	0.48144412	0.36598778	0.35260856	0.40955865	0.39103284	0.44313318	0.32662928	0.40815875	0.4121382	0.3796312	0.36788267	0.41750145	0.40912473	0.38598016	0.40837452	0.43659407	0.42029193	0.41881004	0.46754566	0.32683665	0.43926394	0.40488443	0.4555625	0.45855197	0.54081464	0.37494373	0.4484166	0.30423644	0.3875871	0.4814807	0.43986925	0.45297754	0.5681295	0.45027864
embedding_0576	0.7492232	0.9072358	0.8461038	0.8184419	0.8351996	0.8492906	0.82039624	0.88050795	0.8352351	0.9692233	0.8597834	0.86873436	0.7942327	0.8723172	0.89977604	0.8396007	0.8319677	0.9279942	0.8633212	0.8712933	0.91974574	0.84442097	0.80494595	0.8126085	0.78737706	0.85479504	0.7403983	0.7856085	0.88496244	0.8800156	0.83894	0.8318898	0.78459793	0.8117	0.89004713	0.8937525	0.882241	0.81829387	0.90069824	0.88935775	0.90249103	0.9552014	0.8673014	0.96802044	0.8561774	0.85584927	0.8605383	0.9016959	0.8459386	0.8347505	0.86707294	0.85514605	0.87302625	0.80577874	0.88370115	0.83261985	0.78889996	0.8776851	0.8584899	0.84466726	0.88648593	0.93214047	0.918415	0.8439367	0.7530984	0.8230738	0.86825645	0.8515396	0.85451335	0.83899975	0.9366316	0.77038515	0.91768575	0.8878988	0.85629916	0.84360385	0.8612316	0.9035172	0.78750163	0.8056262	0.8784724	0.8493995	0.8319001	0.80154884	0.8379314	0.82984304	0.8981799	0.8133313
embedding_0577	-0.61374986	-0.69634354	-0.6167835	-0.6279819	-0.6405131	-0.5556718	-0.6370605	-0.57166636	-0.69354486	-0.62957525	-0.6363214	-0.5354506	-0.61150175	-0.6115428	-0.70642734	-0.6018423	-0.6499707	-0.6681445	-0.6627674	-0.6844703	-0.6652524	-0.6763652	-0.6015495	-0.7248163	-0.6903239	-0.65831673	-0.51978755	-0.700114	-0.7425958	-0.62243897	-0.6910775	-0.58878183	-0.6701591	-0.6806651	-0.63365036	-0.6634381	-0.6825857	-0.6248349	-0.599232	-0.5995519	-0.67222786	-0.6649073	-0.67833173	-0.64843726	-0.5313899	-0.8412784	-0.6997544	-0.59567463	-0.7345292	-0.63982916	-0.5329542	-0.6318439	-0.56599367	-0.57903	-0.5719717	-0.6126901	-0.75646234	-0.6330643	-0.60207444	-0.6445997	-0.6686254	-0.7025158	-0.6984366	-0.6882548	-0.6472199	-0.6066214	-0.6396962	-0.7036929	-0.65507233	-0.5692306	-0.7035799	-0.6336792	-0.59042126	-0.69401747	-0.58522964	-0.67083544	-0.62339264	-0.56857294	-0.60104096	-0.64901704	-0.62951237	-0.6423846	-0.6210714	-0.60437423	-0.6492088	-0.6762444	-0.62260634	-0.640238
embedding_0578	0.35347244	0.29500365	0.33402628	0.34536204	0.3313003	0.41069674	0.29936206	0.29144165	0.2543265	0.4048069	0.30747676	0.30694297	0.36614454	0.33559674	0.28203994	0.3177205	0.32938603	0.2725691	0.36191317	0.34903234	0.31716484	0.32505283	0.2601474	0.30549002	0.31354263	0.30169496	0.29725432	0.32611114	0.24779719	0.3522544	0.3222299	0.3791256	0.31006363	0.30076587	0.33596858	0.27298975	0.29452473	0.37510937	0.3959926	0.37718555	0.31541717	0.4202191	0.31906712	0.36399585	0.3946584	0.21945119	0.2899577	0.340164	0.29998347	0.3249898	0.33951032	0.3172578	0.3090383	0.34931818	0.29239118	0.3424041	0.23740853	0.32882866	0.28536722	0.317735	0.30194306	0.33590657	0.27847716	0.30552423	0.3469509	0.34734017	0.30136317	0.35843086	0.31572467	0.3336596	0.41048667	0.35630417	0.3555559	0.25187853	0.38636604	0.33901367	0.41275218	0.36029965	0.41184685	0.28574833	0.34635827	0.26989517	0.33909115	0.34724656	0.3903226	0.31798637	0.41986316	0.3346356
embedding_0579	-1.1944599	-1.1089456	-1.171524	-1.1743011	-1.1034644	-1.1373615	-1.107528	-1.1563534	-1.1956707	-1.2263223	-1.1469266	-1.1269375	-1.113393	-1.1553535	-1.127247	-1.1259792	-1.1314776	-1.086929	-1.1572175	-1.1953785	-1.1517991	-1.2147068	-1.15928	-1.1124742	-1.1896982	-1.1031921	-1.1333067	-1.1381911	-1.1089104	-1.1774397	-1.1748004	-1.2112118	-1.2519027	-1.1941854	-1.222866	-1.1653606	-1.148286	-1.1448154	-1.1776245	-1.2737558	-1.1923087	-1.1424981	-1.1868154	-1.1388751	-1.1795751	-1.132098	-1.1278176	-1.1537337	-1.0999469	-1.1196159	-1.1952727	-1.1261662	-1.1641332	-1.1905838	-1.179828	-1.1661463	-1.1492676	-1.1448398	-1.1547456	-1.1937448	-1.18165	-1.1090648	-1.1774594	-1.149126	-1.1990074	-1.1860281	-1.116557	-1.1878397	-1.1590511	-1.21699	-1.1398486	-1.2292366	-1.1813908	-1.1549057	-1.1641036	-1.1508291	-1.214794	-1.2032342	-1.2155306	-1.151665	-1.1950653	-1.1472877	-1.1703864	-1.1537089	-1.1608516	-1.2219322	-1.1862683	-1.1429818
embedding_0580	0.48332682	0.55256397	0.47624913	0.57670516	0.6054818	0.5115336	0.4819587	0.61772513	0.5343771	0.5762685	0.56814986	0.42866006	0.45671725	0.58234334	0.51639044	0.6101006	0.46878225	0.5628435	0.56902754	0.5752286	0.48592618	0.51036906	0.595484	0.563852	0.58382106	0.52539396	0.5531631	0.5858348	0.5805755	0.55290866	0.54292184	0.6046215	0.5081532	0.5474812	0.59919465	0.4782778	0.59335464	0.58099055	0.5466503	0.5094185	0.5885277	0.50124407	0.4839083	0.56071115	0.5105095	0.47808975	0.543459	0.5606245	0.52216953	0.5798619	0.5024739	0.4870547	0.47265804	0.52914226	0.6152502	0.53337157	0.57123893	0.53488886	0.67145795	0.5259679	0.4721251	0.49961093	0.5482398	0.5843427	0.58021724	0.5211813	0.5495493	0.5559788	0.5477369	0.55778265	0.5763596	0.536101	0.575399	0.54393905	0.50993246	0.5313195	0.46747768	0.5065127	0.5716442	0.5807903	0.542329	0.5132261	0.46141836	0.57767445	0.5238072	0.53150195	0.5981095	0.5094746
embedding_0581	0.23898843	0.26273823	0.18966988	0.22545232	0.22895001	0.18895581	0.26125368	0.3171658	0.24210885	0.32517514	0.26872566	0.23353428	0.28829542	0.29791266	0.2345734	0.2751307	0.26514027	0.26388368	0.1955586	0.30807254	0.23821424	0.25028607	0.20629574	0.24096492	0.2799888	0.20717737	0.25431874	0.23691224	0.26209855	0.2526073	0.21450578	0.24165982	0.31853068	0.28312644	0.26140082	0.23064193	0.21003924	0.30327952	0.2967354	0.28284657	0.22572576	0.14295347	0.2687554	0.23245686	0.24503998	0.21118714	0.239866	0.24987812	0.281823	0.20735362	0.271246	0.29043022	0.23469254	0.27134353	0.20705651	0.2892826	0.2306525	0.24423128	0.22739758	0.2495781	0.2015117	0.16768281	0.23042294	0.25653073	0.29249597	0.26586458	0.22714907	0.30040085	0.31338626	0.33370602	0.27998468	0.30419168	0.30193603	0.27743042	0.23779158	0.29801673	0.2902397	0.26772138	0.24716881	0.31183067	0.25768554	0.16673513	0.2899121	0.3097895	0.25171894	0.35889253	0.29675213	0.27563998
embedding_0582	0.1998022	0.426292	0.31675118	0.3937055	0.38133857	0.257193	0.3027368	0.38960147	0.3817061	0.5153874	0.4334749	0.36203614	0.3233919	0.4574532	0.41149917	0.4395621	0.33855128	0.43305993	0.43482035	0.45259532	0.41433552	0.41249266	0.39769736	0.40141493	0.40797585	0.37451246	0.27418345	0.28552875	0.31481138	0.37728316	0.37527376	0.3650164	0.38771063	0.36340645	0.45995203	0.31982124	0.34627086	0.38310868	0.41306746	0.42746237	0.42930162	0.416838	0.44177878	0.49127963	0.3611094	0.2885395	0.37471014	0.36495605	0.35214624	0.37069452	0.46153086	0.41265503	0.37093937	0.3985805	0.35367838	0.38685304	0.34872144	0.3136759	0.47887224	0.41323838	0.38757038	0.37146586	0.5032827	0.37539673	0.3506507	0.4000548	0.3666512	0.43199918	0.4420329	0.50469667	0.45247856	0.33117676	0.47693753	0.49873382	0.3793724	0.44813085	0.4168388	0.45033488	0.3240418	0.34366703	0.39223382	0.36024478	0.36387667	0.40801987	0.43050024	0.43781906	0.39568055	0.40833887
embedding_0583	0.30689496	0.19505422	0.25557083	0.2638351	0.20332538	0.24545829	0.28228274	0.24975206	0.19964997	0.30382323	0.2739281	0.2498485	0.23112339	0.19799225	0.16922612	0.22932635	0.21798594	0.18726692	0.13971515	0.19683479	0.11317115	0.13489491	0.3208288	0.24432577	0.18851882	0.26567972	0.18780842	0.30497545	0.16012986	0.23433858	0.12284854	0.25163546	0.22636771	0.32502276	0.2602552	0.21452975	0.19185224	0.21248443	0.23546155	0.2415541	0.1632637	0.20055632	0.15132499	0.2251164	0.28311265	0.1303784	0.15211107	0.1471804	0.22371745	0.243159	0.28151363	0.22114705	0.3127331	0.33586064	0.31499806	0.27017918	0.122555666	0.2229856	0.26678059	0.17346172	0.22079284	0.18972242	0.1592248	0.17201993	0.21448861	0.24716035	0.17134324	0.18664628	0.17200847	0.14524344	0.15876798	0.21193853	0.25988808	0.19499475	0.20393619	0.1888121	0.22682823	0.22584715	0.27263972	0.19995756	0.21327159	0.13835149	0.18029931	0.12931924	0.1939849	0.17840953	0.22768779	0.26465547
embedding_0584	0.38048357	0.41245824	0.38459566	0.41566032	0.36461136	0.4097869	0.41978297	0.45905456	0.38723797	0.4124644	0.4733226	0.41194445	0.36642733	0.48099357	0.42123568	0.4102406	0.4140669	0.46069285	0.41045225	0.41409773	0.4414855	0.42536783	0.39281887	0.3973788	0.50445026	0.39210424	0.3086714	0.52261084	0.4003308	0.41417557	0.44515446	0.4022973	0.4010132	0.40485814	0.43029428	0.38474822	0.39828575	0.40003255	0.4210814	0.42354065	0.42650914	0.4542315	0.44488052	0.4643526	0.44214222	0.42134282	0.40245473	0.3937636	0.45215282	0.3999543	0.37691143	0.41042668	0.4228507	0.40787455	0.41450128	0.46261233	0.3582554	0.436821	0.45591548	0.43506333	0.3921702	0.4930671	0.41790396	0.44890162	0.39225188	0.40244716	0.4015152	0.40914112	0.40845233	0.40036976	0.45327613	0.39482123	0.46475774	0.4439767	0.40455103	0.41815445	0.39460614	0.39656103	0.39409333	0.46556428	0.41962448	0.39157617	0.39106125	0.40486214	0.43350008	0.4389343	0.41160712	0.40265754
embedding_0585	-0.07569099	-0.14702019	-0.11470436	-0.1508015	-0.097675286	-0.088838674	-0.081931554	-0.1891469	-0.15495957	-0.20904115	-0.18241377	-0.12908967	-0.025644366	-0.17307696	-0.10609634	-0.1050641	-0.14173844	-0.17819089	-0.097197406	-0.12169589	-0.1445776	-0.064993404	-0.12809417	-0.13960612	-0.13341406	-0.11429368	-0.057003565	-0.18703887	-0.19624826	-0.13273771	-0.18666543	-0.14263389	-0.10706102	-0.15299043	-0.13830686	-0.10036162	-0.16652651	-0.14255668	-0.14753632	-0.042376064	-0.21572101	-0.09231455	-0.1796817	-0.1484452	-0.105837315	-0.19887476	-0.1472444	-0.11986021	-0.094522774	-0.10846352	-0.11495306	-0.1339175	-0.13377854	-0.108885325	-0.11689241	-0.13388674	-0.12208735	-0.14811026	-0.124450944	-0.1266837	-0.14277293	-0.13351618	-0.16492017	-0.13519171	-0.18210423	-0.16405845	-0.12254777	-0.18108639	-0.13289689	-0.06959722	-0.14864966	-0.13744053	-0.09855221	-0.17287745	-0.10815456	-0.16184568	-0.13895164	-0.15105186	-0.09438184	-0.15114798	-0.15790178	-0.07939656	-0.13732326	-0.084613666	-0.14471276	-0.13063619	-0.16186288	-0.08331342
embedding_0586	0.2390121	0.20601225	0.21414526	0.22487102	0.27067763	0.31691265	0.24384463	0.30247095	0.29096904	0.33559415	0.24222195	0.2432293	0.18380469	0.30647156	0.31393328	0.30573013	0.20128667	0.3289006	0.27748334	0.33119795	0.32191586	0.30473268	0.34144586	0.2717433	0.24884231	0.28827453	0.2991134	0.1985007	0.20639193	0.2968811	0.25525826	0.32910764	0.2595728	0.29059306	0.3526612	0.29222238	0.28864482	0.2488864	0.28324613	0.31757528	0.35707352	0.34951293	0.3109301	0.3656366	0.30334967	0.30548024	0.252984	0.32397005	0.19355014	0.3277267	0.32372034	0.2776781	0.34565616	0.29210356	0.36800432	0.18268609	0.2842159	0.32740033	0.39774162	0.24938704	0.2663936	0.25727227	0.40773052	0.29345733	0.22066621	0.25127113	0.2734593	0.3303891	0.29492337	0.25543886	0.29586118	0.24300577	0.31180856	0.24423455	0.3300093	0.27124333	0.25974724	0.3020567	0.24948496	0.24355641	0.27864507	0.25156218	0.21318802	0.33541057	0.28526932	0.23325673	0.33029127	0.22196782
embedding_0587	0.36117622	0.19983646	0.24099785	0.22525962	0.23274557	0.20300627	0.25510406	0.19339986	0.23711604	0.16901949	0.1923844	0.2425069	0.23042586	0.17299907	0.1875314	0.16242486	0.28377584	0.19953236	0.20849988	0.14798489	0.19204451	0.16428567	0.31211168	0.2525716	0.16291918	0.24005565	0.22919467	0.29219562	0.12967536	0.21596546	0.19534878	0.24475555	0.23937516	0.23581654	0.21194793	0.19364427	0.1927405	0.17118451	0.19225182	0.1642918	0.14547722	0.24670355	0.17561123	0.17547202	0.25600892	0.22100751	0.2018001	0.15957701	0.2074763	0.2605748	0.20768055	0.2432908	0.28662953	0.25179324	0.17153044	0.20202494	0.16465622	0.2557595	0.18865144	0.20252134	0.22570737	0.25014457	0.15647426	0.16784915	0.14606835	0.18038206	0.20375028	0.21285066	0.16205123	0.17946321	0.14990053	0.21704769	0.17945394	0.1912332	0.206746	0.20303543	0.25131053	0.20638661	0.21146008	0.19156173	0.20458019	0.19796908	0.21043019	0.26098996	0.19744197	0.16795115	0.16719846	0.2262929
embedding_0588	0.19718915	0.14764819	0.16370316	0.14604627	0.11503448	-0.02085814	0.090353064	0.037162818	0.09868193	0.021897273	0.058442608	0.12614796	0.1080263	0.015687406	0.10861256	0.03394786	0.12372404	0.04610345	0.108465575	0.02259113	0.08863106	0.13595232	0.15964577	0.15045024	0.04748026	0.125382	0.1506765	0.19538422	0.11856955	0.10912629	0.08269598	0.097790144	0.08160174	0.16315697	0.085595116	0.16419455	0.13044904	-0.0031701077	0.06369091	-0.03169956	0.04794597	0.07991338	0.09597491	0.05481091	0.09962471	0.18751362	0.11871762	0.014878196	0.09000351	0.17062883	0.07450197	0.092572756	0.13425784	0.10782598	0.08819251	0.08805883	0.13233544	0.14529832	0.042276245	0.106719956	0.14981529	0.121183686	0.05877877	0.085012205	0.11683583	0.11282119	0.050266836	0.116896495	0.04879046	0.057898883	0.038679097	0.068025514	0.031100715	0.10110438	0.105398946	0.121594876	0.10011474	0.067572996	0.1053187	0.14062363	0.035167236	0.14265774	0.12464965	0.08695437	0.08306107	0.08228016	0.034586377	0.120232254
embedding_0589	0.4172609	0.46934405	0.41715583	0.4025215	0.45977998	0.42701298	0.36689273	0.49190232	0.35733932	0.37702632	0.41659865	0.2710988	0.41492635	0.43040904	0.382283	0.4598383	0.4225735	0.42903244	0.37597921	0.4501375	0.38263205	0.4915249	0.41322064	0.38488528	0.47468108	0.38404602	0.4820022	0.3935648	0.3550424	0.38845512	0.3931922	0.44207424	0.4327193	0.38226727	0.40315038	0.3331905	0.42846423	0.4209284	0.44912013	0.392816	0.40376726	0.26611647	0.4765977	0.40784687	0.3623982	0.41804615	0.42151946	0.4162824	0.3853834	0.3672456	0.41011104	0.40280432	0.3933212	0.43074197	0.50062585	0.33184868	0.506176	0.4580103	0.45577264	0.4347099	0.38401163	0.43782696	0.4346491	0.46352875	0.40113008	0.49098375	0.4328274	0.41342065	0.4453514	0.45449778	0.3427528	0.42899576	0.44015604	0.37104514	0.40662175	0.42357948	0.3911403	0.43949753	0.439092	0.4130082	0.38050503	0.45646924	0.4084539	0.4869942	0.38645625	0.42151862	0.41219443	0.38755375
embedding_0590	0.6202887	0.48273107	0.6346481	0.56713414	0.6193963	0.69665015	0.6465391	0.5898653	0.6289865	0.5899957	0.61254203	0.6273859	0.61021996	0.6154858	0.6259134	0.62185955	0.5877273	0.64471656	0.67415214	0.6466676	0.67058295	0.67329764	0.60658306	0.5928476	0.644886	0.5830532	0.64163184	0.6499427	0.62609977	0.6069942	0.64225316	0.6233454	0.6039393	0.66386956	0.62422174	0.70856833	0.62927836	0.61583596	0.6448667	0.6201113	0.64536387	0.72430456	0.64529663	0.67067456	0.6270051	0.726619	0.6238779	0.6582339	0.59009033	0.644785	0.62859684	0.59239733	0.65270966	0.6345879	0.6854154	0.53636986	0.67364824	0.63879776	0.6324955	0.58373874	0.6254705	0.6021114	0.69282824	0.6268448	0.6232289	0.6178769	0.6091894	0.653748	0.6588591	0.6288214	0.59257257	0.6684153	0.5865163	0.56401205	0.65816814	0.6131207	0.6107772	0.6424571	0.6643768	0.5884465	0.6030256	0.6579843	0.5889162	0.62325877	0.6233292	0.58971316	0.65563995	0.625431
embedding_0591	0.76592803	0.7988252	0.72469354	0.77045286	0.70386714	0.94377685	0.7869397	0.9176326	0.8428098	0.867392	0.81310654	0.7508795	0.76181	0.8385502	0.7845942	0.7904465	0.8060197	0.8909253	0.81067234	0.8322992	0.84542805	0.78223324	0.7978221	0.74521756	0.74770755	0.82170284	0.6870764	0.7598304	0.7796417	0.7829321	0.74074507	0.7951177	0.75409925	0.78479385	0.88663673	0.74021906	0.84300697	0.76689446	0.813523	0.8787709	0.8758042	0.863738	0.8458375	0.8537562	0.79286724	0.79006034	0.8052692	0.83200854	0.75442153	0.75231576	0.8131845	0.7815787	0.797168	0.7790078	0.84378934	0.80171025	0.6731213	0.82548356	0.930359	0.8343074	0.7833342	0.8656742	0.8114028	0.80689275	0.7207672	0.7818945	0.80927825	0.7756906	0.7464378	0.74309826	0.8443877	0.7410404	0.8653392	0.8315893	0.7988755	0.7473327	0.7713731	0.8906058	0.77356577	0.7597931	0.8376405	0.8165353	0.70201886	0.7381121	0.78273195	0.7595945	0.87828934	0.7415947
embedding_0592	0.37601966	0.39865756	0.3271029	0.36720964	0.33071512	0.4172493	0.31313235	0.4044122	0.33045888	0.45923126	0.34873214	0.32479092	0.36903194	0.35333923	0.32861885	0.3512198	0.3822074	0.3611761	0.3086943	0.38244885	0.32033718	0.3596544	0.35593054	0.33351737	0.37430093	0.36162394	0.28304404	0.37093243	0.30006546	0.379534	0.318677	0.39184567	0.3799005	0.33174893	0.38973224	0.30087003	0.31480938	0.3796731	0.3812093	0.37221798	0.40357113	0.35181254	0.31474784	0.40589517	0.3739634	0.2869804	0.32307082	0.35231304	0.3555302	0.35869524	0.34919083	0.34130386	0.3355527	0.38077968	0.35998866	0.39255852	0.2704808	0.3692437	0.3579331	0.37428808	0.36218646	0.3944543	0.30939826	0.36375308	0.29289582	0.3520894	0.3441477	0.3532019	0.36762744	0.33144733	0.3269106	0.3085152	0.3723241	0.35978684	0.35430098	0.3436478	0.35452932	0.35605267	0.37730107	0.32237467	0.34135905	0.30327526	0.33557236	0.33532453	0.36991823	0.37709004	0.36031246	0.35510796
embedding_0593	0.62603366	0.5180707	0.47735655	0.4435001	0.41595885	0.5215341	0.5459936	0.45870808	0.4374769	0.41006976	0.40604573	0.51125616	0.5726381	0.42878515	0.4847203	0.48515734	0.5781091	0.46421692	0.43346828	0.36885947	0.41130224	0.56621295	0.49243662	0.47919685	0.47862718	0.45247623	0.5381034	0.5014988	0.39132074	0.42493573	0.49292156	0.48226273	0.4726628	0.5044162	0.43466717	0.47378016	0.46252552	0.44785494	0.4417825	0.42450476	0.33124503	0.43535915	0.49827173	0.42921847	0.4896924	0.520475	0.4589326	0.38309428	0.4810819	0.49841622	0.4846048	0.47715977	0.5094625	0.5140476	0.43316492	0.51306736	0.49298602	0.5126906	0.379107	0.4652515	0.40458095	0.5170283	0.45217744	0.44805574	0.45205998	0.44932202	0.45894468	0.44954583	0.3855957	0.42888558	0.43223593	0.52771235	0.46103543	0.4343755	0.5357803	0.40323243	0.48630446	0.40344584	0.46548325	0.50455207	0.41379026	0.45189938	0.4809119	0.39827418	0.44952592	0.4255673	0.48281845	0.43302953
embedding_0594	0.24310437	0.26296028	0.2704074	0.24498348	0.18496823	0.3293074	0.28058636	0.3058982	0.3384673	0.35598013	0.27168286	0.28727922	0.29285738	0.33373117	0.30187756	0.22476625	0.28585678	0.33256173	0.3351145	0.28797075	0.33669946	0.32072657	0.23741266	0.26686534	0.25316226	0.3364476	0.20745684	0.27163672	0.2818243	0.29473007	0.29148474	0.26544446	0.2668138	0.254455	0.3050558	0.26651075	0.24903171	0.2997706	0.35211304	0.31193036	0.31388593	0.3639616	0.27752402	0.32718286	0.32298344	0.31606722	0.2677239	0.29791352	0.28736433	0.22356652	0.30667424	0.28810665	0.32785335	0.26779488	0.2753541	0.33802766	0.2197276	0.27320507	0.32876182	0.2920681	0.2896163	0.32135728	0.2610495	0.28575268	0.2531117	0.21662827	0.2922995	0.22901084	0.29801503	0.2877621	0.30274785	0.23787718	0.30611345	0.35809314	0.2955044	0.2521844	0.25960958	0.31244445	0.259373	0.2386785	0.3312586	0.27410114	0.27712488	0.28503412	0.26751006	0.27444923	0.31148794	0.2872204
embedding_0595	0.12791657	0.18799342	0.104227334	0.12066248	0.034158997	0.03961793	-0.0009616955	0.13528736	0.071999356	0.19567944	0.037596215	0.14373417	0.086688906	0.12281767	0.082421154	0.023715263	0.15292794	0.07465407	0.121079706	0.049085047	0.18285473	0.09413986	0.098650835	0.08419067	0.06582682	0.09374968	0.0061820704	0.008557661	0.07312394	0.12162057	0.087201655	0.062151283	0.12583959	0.045801893	0.057031743	0.019134555	0.04189138	0.08634041	0.0823118	-0.008805576	0.09145477	0.088070385	0.078742415	0.10366093	0.122174844	0.099279374	0.09305572	0.12273357	0.09302259	0.097965024	0.13489817	0.13430057	0.12039813	0.069373466	-0.025553174	0.112217076	0.10223455	0.08983165	-0.021001523	0.12613009	0.18211779	0.1143884	0.13256878	0.074031115	0.04589543	0.0867765	0.051495213	0.07850976	0.0995415	0.13895963	0.06971243	0.057077892	0.04018091	0.19492233	0.14083338	0.12791923	0.15245378	0.14651242	0.04215914	0.018273577	0.12477731	0.060873497	0.16955104	0.08449199	0.09590234	0.09611264	0.049135998	0.08746466
embedding_0596	-0.21818514	-0.12548827	0.004395991	-0.118657336	-0.094222754	-0.11913099	-0.07431567	-0.11814157	-0.060921017	-0.04015673	-0.0015970413	-0.0568631	-0.15466951	-0.014631875	-0.10118554	-0.12155222	-0.10433503	-0.018560374	-0.07499403	-0.05092553	0.033296745	-0.16662906	-0.06776162	-0.051944297	-0.1833227	-0.04816594	-0.14514762	-0.13246386	-0.0027920897	-0.08116515	-0.07501491	-0.12284377	-0.17260215	-0.07979722	-0.09129955	-0.052202277	-0.025251474	-0.1273	-0.068990834	-0.1113163	0.016353324	-0.07352021	-0.052651126	0.023727646	-0.0954058	0.07150289	-0.065286465	-0.036009323	-0.12900648	-0.10080099	-0.024607161	-0.06176695	-0.043209206	-0.10536607	-0.028928723	-0.20598349	-0.15258324	-0.10379729	-0.03161788	-0.13029729	-0.022769198	-0.09649637	0.032795582	-0.11323192	-0.115861036	-0.11288284	-0.06596085	-0.06866123	-0.051930968	-0.111265406	-0.05008924	-0.1450297	-0.08915975	-0.06806976	-0.07203042	-0.06742807	-0.10416361	0.045343276	-0.1467859	-0.098982446	-0.053184792	-0.061303455	-0.11414808	-0.094566144	-0.09467389	-0.14983962	-0.099931315	-0.08180606
embedding_0597	0.46114483	0.5720607	0.699914	0.5664703	0.53112453	0.56837136	0.6069598	0.6079832	0.649828	0.6791112	0.6856296	0.67275435	0.6144044	0.64308566	0.613433	0.5900811	0.649508	0.68560255	0.67268044	0.5787443	0.7090247	0.63036543	0.63352156	0.6827992	0.5482669	0.6456908	0.5097481	0.5815886	0.5606255	0.5789673	0.63144094	0.48912832	0.5555834	0.58300567	0.61731446	0.6562646	0.55102473	0.5364593	0.62968475	0.5509881	0.6435202	0.68965065	0.6213869	0.7196712	0.68184936	0.63184565	0.59408116	0.56392044	0.63957137	0.5686066	0.6779108	0.6476208	0.7097281	0.60640526	0.54758286	0.6902991	0.4171677	0.57944	0.6298109	0.6269727	0.68470037	0.6275249	0.60307795	0.6493902	0.56512266	0.5592953	0.6153432	0.611178	0.5970717	0.68413526	0.6371964	0.54561573	0.60445946	0.7854184	0.6014133	0.6320046	0.59908915	0.72368276	0.48708925	0.58507025	0.61717665	0.62050587	0.6087868	0.56065196	0.60251355	0.50905997	0.55474985	0.65471256
embedding_0598	-0.07921631	-0.12923859	-0.15555924	-0.12151664	-0.1385588	-0.23959395	-0.119312994	-0.10600997	-0.19646503	-0.10076066	-0.17200756	-0.13101996	-0.08111794	-0.20705335	-0.1634699	-0.10898205	-0.13062257	-0.14459594	-0.15423098	-0.16681841	-0.18415594	-0.1730867	-0.15248467	-0.1591804	-0.1525285	-0.1131336	-0.12824568	-0.12726295	-0.09163913	-0.12148586	-0.12593357	-0.109466076	-0.18072088	-0.12719727	-0.16475058	-0.14161092	-0.14476456	-0.1546509	-0.1478978	-0.14260787	-0.1582067	-0.20237623	-0.17122555	-0.18294272	-0.12804799	-0.10724012	-0.14511238	-0.19760825	-0.11056949	-0.1641264	-0.1154018	-0.123368874	-0.15145515	-0.12974183	-0.13618857	-0.07375801	-0.15491939	-0.15116613	-0.14104025	-0.15449567	-0.08936464	-0.17195483	-0.1976183	-0.118377835	-0.13864589	-0.18450367	-0.1341447	-0.16302715	-0.15339528	-0.10428025	-0.15080203	-0.15790652	-0.15440376	-0.11723293	-0.17824966	-0.14995633	-0.2085624	-0.21254115	-0.13489948	-0.13757607	-0.13664803	-0.15320894	-0.13998519	-0.1655899	-0.15070617	-0.14017761	-0.15513267	-0.14108627
embedding_0599	-0.14939103	-0.14205085	-0.1231264	-0.12780945	-0.14999364	-0.20854986	-0.119993836	-0.070108846	-0.17239316	-0.10245004	-0.13400558	-0.101247564	-0.117995	-0.18511404	-0.102801345	-0.11624556	-0.17543307	-0.16436358	-0.14143234	-0.1564263	-0.15730384	-0.17112416	-0.21437645	-0.17221488	-0.13145868	-0.15864116	-0.15193617	-0.13444783	-0.11834542	-0.11351054	-0.12603611	-0.12141124	-0.13963343	-0.15924239	-0.13368955	-0.10976804	-0.20399037	-0.10229566	-0.15623325	-0.088319525	-0.16857041	-0.16115402	-0.15718876	-0.16581729	-0.124362916	-0.19991252	-0.18832432	-0.12082885	-0.19061445	-0.121454515	-0.14631721	-0.18160404	-0.1334302	-0.091783896	-0.17648508	-0.094249845	-0.14811578	-0.15640883	-0.18968605	-0.14078778	-0.14209248	-0.14780927	-0.21506818	-0.11622296	-0.1422209	-0.17484319	-0.15407647	-0.19274493	-0.14234516	-0.14586282	-0.11560204	-0.14918824	-0.12317202	-0.1558131	-0.15789565	-0.14494237	-0.15340488	-0.19039327	-0.123487376	-0.08327113	-0.1364992	-0.17715354	-0.14082606	-0.13556735	-0.10858251	-0.12611088	-0.1387514	-0.10691649
embedding_0600	-0.6091203	-0.6979267	-0.68405104	-0.69056576	-0.684288	-0.658745	-0.7363319	-0.72019064	-0.7087822	-0.6717713	-0.7569594	-0.6583872	-0.6829608	-0.7301898	-0.70334935	-0.75174934	-0.7367781	-0.75790644	-0.7017315	-0.7018682	-0.6492271	-0.71559197	-0.67002636	-0.6931386	-0.7352457	-0.6785421	-0.689002	-0.78218275	-0.73616403	-0.659515	-0.7290001	-0.6809179	-0.6433616	-0.70008	-0.6974372	-0.71423596	-0.67882305	-0.74036705	-0.71788913	-0.6089194	-0.6687268	-0.6724853	-0.7028591	-0.6939333	-0.6690931	-0.73055387	-0.7013026	-0.64040685	-0.7780018	-0.6731361	-0.61754996	-0.7252815	-0.6569338	-0.6889603	-0.69077027	-0.71714264	-0.7266775	-0.6794098	-0.7022337	-0.6781166	-0.69193697	-0.6847049	-0.6203951	-0.7318244	-0.7245644	-0.70677316	-0.72279996	-0.67486507	-0.72477907	-0.7295542	-0.7270382	-0.6935819	-0.6907675	-0.78833294	-0.62906736	-0.7100524	-0.628341	-0.6055506	-0.7013989	-0.7687039	-0.71551293	-0.7140476	-0.6939956	-0.70400476	-0.6942655	-0.72244996	-0.6801111	-0.73246753
embedding_0601	-0.418167	-0.33989394	-0.3737525	-0.396826	-0.3420052	-0.36562437	-0.4204847	-0.3131311	-0.39504746	-0.32497033	-0.3409269	-0.41257104	-0.36619923	-0.3475631	-0.3405551	-0.32358584	-0.4040926	-0.32312778	-0.37892148	-0.3125721	-0.33307868	-0.31602132	-0.41685164	-0.4206606	-0.31316346	-0.3543484	-0.3359901	-0.39776257	-0.3142494	-0.33619568	-0.36612606	-0.3714146	-0.3861256	-0.36999208	-0.35818827	-0.3520582	-0.34832793	-0.35298458	-0.31445253	-0.3073831	-0.31966794	-0.38586476	-0.27192068	-0.32598382	-0.44873127	-0.31703377	-0.34324473	-0.31322476	-0.43593484	-0.35128734	-0.39475033	-0.37652874	-0.37627724	-0.3339973	-0.31258273	-0.44906142	-0.31172884	-0.38648227	-0.3375369	-0.3616431	-0.38336992	-0.38655654	-0.2812709	-0.30538467	-0.35076663	-0.31955445	-0.34945673	-0.37661597	-0.29739493	-0.32903638	-0.32424837	-0.35728768	-0.352445	-0.41105536	-0.3631238	-0.33243197	-0.37323785	-0.40808785	-0.35814515	-0.32659614	-0.37543356	-0.34424996	-0.36059642	-0.3705004	-0.34979087	-0.31632787	-0.33938053	-0.3869124
embedding_0602	0.85564166	0.9487271	0.8277581	0.90018225	0.893477	0.9103868	0.91427165	0.9357434	0.94788826	0.94659173	0.96814936	0.8589214	0.96091694	0.93488896	0.9352416	0.99690974	0.883372	0.9188407	0.846845	0.9838341	0.8342548	0.93894184	0.8737246	0.902522	1.0070516	0.8818462	0.8803722	0.9418787	0.9580264	0.8952587	0.90795	0.969757	0.937129	0.94047207	0.9457861	0.8866148	0.9201366	1.0017692	1.0190945	0.98002243	0.9445058	0.83561057	0.8844891	0.89656633	0.923202	0.8555658	0.92268294	0.91644	0.9772925	0.8867455	0.8842262	0.9349766	0.820152	0.9335602	0.8959113	1.0198033	0.9194165	0.9156288	0.9688395	0.91793203	0.8516446	0.88383865	0.9036455	0.9058027	0.9457366	0.92099434	0.9247023	0.95902294	0.9693989	0.99496853	0.94552684	0.9697888	0.97671264	0.9456439	0.85826087	0.94535524	0.92058754	0.9006705	0.95872116	0.96468145	0.93779784	0.8439372	0.90494585	0.94812495	0.9351742	1.00772	0.97085685	0.99324363
embedding_0603	0.16077493	0.058597714	0.09132529	0.11859998	0.050289135	0.0939719	0.09720028	0.13498765	0.12048751	0.13876021	0.09874849	0.06857981	0.1432618	0.066726536	0.087881245	0.102100514	0.09419702	0.060619578	0.078209534	0.1151148	0.07900292	0.06352848	0.009966444	0.036676046	0.16280812	0.06144418	0.070359	0.1170119	0.1311208	0.11519164	0.064140156	0.106883965	0.14101869	0.115085684	0.11223684	0.05389597	0.07488057	0.2438918	0.11446073	0.18847391	0.10926938	0.12993005	0.032991108	0.076349296	0.1502491	0.020663032	0.1592551	0.105179265	0.19341566	0.044887643	0.042979244	0.13258812	0.043402817	0.11033385	0.070164226	0.21346225	0.028206028	0.09482927	0.012287273	0.10242319	0.055403154	0.018493097	0.023314593	0.06558675	0.15809509	0.10571635	0.07658144	0.08405235	0.116889	0.16076411	0.11119811	0.10920902	0.08106662	0.0576456	0.059211206	0.09328925	0.078781396	0.046738174	0.21018927	0.09088892	0.13958594	0.044457007	0.15420626	0.074985355	0.08308506	0.21058618	0.14430852	0.14733593
embedding_0604	0.49754366	0.5179588	0.5318115	0.48951864	0.5096489	0.55949205	0.5434057	0.4831994	0.58105195	0.4855128	0.5210131	0.49461895	0.49148458	0.4444406	0.5211265	0.49435073	0.5686845	0.5342649	0.5086641	0.5026748	0.515922	0.5720226	0.54660803	0.57538337	0.47458047	0.514528	0.4687404	0.47878718	0.5470355	0.4935053	0.54403746	0.51099545	0.52780086	0.5149914	0.49779522	0.51843464	0.5110043	0.5096713	0.50870484	0.47350615	0.52211165	0.4872736	0.54401964	0.52989763	0.50092715	0.5109978	0.5168567	0.50514346	0.53704107	0.48245403	0.5507208	0.5039674	0.54589975	0.50277865	0.4603002	0.4872352	0.58080876	0.48618162	0.47843772	0.5074351	0.5551149	0.5567675	0.5600432	0.5304163	0.4940441	0.5205512	0.5150894	0.55948037	0.48347443	0.50003535	0.51899314	0.5508775	0.49984038	0.5790496	0.5499511	0.4962211	0.54128414	0.5274698	0.4948112	0.4818192	0.5221367	0.5603602	0.5205253	0.4888881	0.5230126	0.47263741	0.5190698	0.5125225
embedding_0605	-0.08928909	-0.12317091	-0.16475268	-0.1615762	-0.10649807	-0.10096194	-0.11065899	-0.14427	-0.14664762	-0.17232692	-0.15952328	-0.17484128	-0.073563054	-0.08852462	-0.21599086	-0.14918293	-0.044225525	-0.09842034	-0.12279441	-0.14297666	-0.076046206	-0.17589517	-0.11486102	-0.123247705	-0.15798782	-0.1393344	-0.07052291	-0.20233239	-0.17323223	-0.16645235	-0.11955026	-0.057119396	-0.08468031	-0.14754258	-0.14965673	-0.14023335	-0.114506766	-0.10907828	-0.09943794	-0.18997371	-0.18976726	-0.1615844	-0.06425995	-0.04115047	-0.09827371	-0.03464328	-0.082167685	-0.13334852	-0.142201	-0.160952	-0.047777288	-0.061977655	-0.06378492	-0.13313414	-0.10000026	-0.18908383	-0.14835262	-0.047634196	-0.14106877	-0.12312294	-0.10062746	-0.13486776	-0.1276754	-0.14645045	-0.19678363	-0.08482215	-0.10413383	-0.10976924	-0.10669973	-0.034219746	-0.18631579	-0.13439311	-0.13218515	-0.123177424	-0.043873645	-0.06825553	-0.05161442	-0.04957877	-0.1467723	-0.15569684	-0.15215161	-0.09630709	-0.07258512	0.0007823105	-0.11337818	-0.1525429	-0.16299938	-0.12845953
embedding_0606	-0.29283234	-0.1882418	-0.33282366	-0.18329647	-0.24808204	-0.21834934	-0.23107155	-0.32702187	-0.25697693	-0.21750247	-0.20324428	-0.18815102	-0.25673792	-0.26852992	-0.21496633	-0.22258838	-0.36295575	-0.28081822	-0.32218635	-0.27511954	-0.3470549	-0.2932815	-0.2803625	-0.29703343	-0.24793832	-0.25723132	-0.28666234	-0.15494205	-0.22521096	-0.25852984	-0.2596712	-0.261741	-0.27465793	-0.22132409	-0.2200649	-0.24740753	-0.22045538	-0.2166514	-0.22402523	-0.15869984	-0.28797945	-0.15888733	-0.29383415	-0.31597245	-0.24067311	-0.37750524	-0.29733625	-0.24459097	-0.28218827	-0.16635816	-0.28762972	-0.29010794	-0.27724856	-0.21585372	-0.24997532	-0.19950357	-0.22399347	-0.3065396	-0.13120933	-0.24073544	-0.23905106	-0.22993904	-0.3072332	-0.2980464	-0.14055611	-0.2671083	-0.25360706	-0.25740477	-0.25210232	-0.2852312	-0.21310146	-0.2610424	-0.1760209	-0.24949838	-0.37604535	-0.28353122	-0.31233868	-0.27314666	-0.20715931	-0.15791033	-0.29023996	-0.2262489	-0.29719537	-0.27283502	-0.2509784	-0.16699454	-0.2510705	-0.23145278
embedding_0607	1.1578246	1.1697544	1.1863111	1.2105982	1.1466186	1.0859972	1.0820395	1.1363477	1.1169152	1.225015	1.1071534	1.13734	1.1010653	1.1691798	1.1063229	1.11761	1.1576245	1.1182454	1.1682477	1.1242208	1.1591283	1.1300923	1.1879932	1.1452136	1.0968184	1.1356802	1.1593134	1.169103	1.1314261	1.1596147	1.1261852	1.1887659	1.1112494	1.1674073	1.1623989	1.092315	1.1559528	1.1067942	1.1703565	1.0274514	1.1164743	1.0950156	1.1421269	1.1918918	1.1490741	1.2173103	1.1415216	1.1443571	1.1501274	1.1582632	1.2342429	1.1660154	1.1615483	1.1981905	1.1207659	1.1264861	1.1233243	1.1349121	1.140298	1.1361703	1.219669	1.1499336	1.2027922	1.1171207	1.1620686	1.1619588	1.1353767	1.1657653	1.1623657	1.1834941	1.1378151	1.111997	1.1291107	1.1424345	1.1830895	1.1725276	1.1784593	1.213761	1.1094447	1.1457268	1.1357362	1.1618452	1.1416997	1.1621513	1.1489649	1.0894945	1.1110845	1.1129885
embedding_0608	0.47907808	0.475932	0.47879854	0.46280637	0.51485646	0.5143075	0.49835274	0.43357378	0.42855254	0.43123168	0.53707075	0.5607495	0.45562106	0.53745496	0.45819142	0.52670556	0.45767084	0.48699605	0.40521666	0.46408883	0.39042	0.38559183	0.5322207	0.57329345	0.42184892	0.5142804	0.5526267	0.50968677	0.4176783	0.4220927	0.44101483	0.5365129	0.51488405	0.47708645	0.44629562	0.48652905	0.4849927	0.4318495	0.48350823	0.48147407	0.42400962	0.5079213	0.45657116	0.48105493	0.4874921	0.4990248	0.4384706	0.42890906	0.4069303	0.5062043	0.5127798	0.45053712	0.52606076	0.55422443	0.5375346	0.46257007	0.40817615	0.45020902	0.58667386	0.4368755	0.48525107	0.51288253	0.47387466	0.44918492	0.41707858	0.48137784	0.49281502	0.43799046	0.45881814	0.4622669	0.4347646	0.4889788	0.49603692	0.4342432	0.4713431	0.4543369	0.45859295	0.5303573	0.41999725	0.47336793	0.47363025	0.44296038	0.4240396	0.5001198	0.46656346	0.40764543	0.3957163	0.49699485
embedding_0609	0.9492969	0.8771395	0.8852769	0.8844761	0.9601464	0.88023186	0.9751482	0.9341065	0.9508291	0.83104265	0.9276152	0.8872534	1.0303997	0.90231264	0.9197709	0.9846517	0.93031085	0.93093026	0.90722275	0.9734903	0.9186265	1.0013717	0.8379065	0.8930717	1.0146183	0.9438002	1.023968	0.95359045	0.9215699	0.90767807	0.9467637	0.9137408	1.0201851	0.9455651	0.89775103	0.9994328	0.9343099	1.0002297	0.9317903	1.0292073	0.8580737	0.9188857	0.9372555	0.8983968	0.92730546	0.94247824	0.9774619	0.9049311	0.9685546	0.9041189	0.8859016	0.91967595	0.9080864	0.93815744	0.95346785	0.96744764	1.0064839	0.91831595	0.92738	0.93430394	0.86614543	0.91431886	0.8268313	0.9618169	0.9820235	0.979526	0.92878604	0.9545115	0.9878648	1.0084561	0.9324159	0.94092256	0.9648073	0.8755215	0.9572331	0.9489128	0.87924063	0.8798443	0.9816441	0.9984062	0.9373513	0.9275513	0.93959415	0.9803393	0.93879217	1.061633	0.8781748	0.9482575
embedding_0610	0.2691568	0.3232852	0.28840256	0.31948417	0.3004222	0.32208183	0.31364635	0.34326354	0.29435113	0.40149152	0.40637156	0.25731742	0.27388787	0.31282812	0.2830262	0.3846301	0.28206807	0.33892316	0.3058771	0.3459195	0.2824622	0.33512583	0.2889911	0.2423235	0.40766436	0.2277334	0.2536448	0.34919864	0.33856973	0.31246388	0.31503278	0.2681066	0.27560577	0.30256966	0.35264415	0.28653598	0.3154763	0.3552495	0.3498928	0.3588836	0.39998975	0.30801472	0.28514916	0.32559782	0.27029994	0.23843893	0.3158359	0.31300357	0.28970912	0.25970498	0.29637063	0.31831232	0.25437587	0.33747533	0.3615362	0.33139423	0.21943823	0.25747985	0.38422245	0.3349706	0.33704737	0.31658748	0.2740104	0.36321247	0.37933862	0.3806103	0.33685565	0.32887515	0.36463138	0.31406745	0.3684256	0.3067447	0.36571392	0.30995533	0.24172151	0.32237694	0.2787265	0.31748083	0.3389089	0.33994073	0.31969026	0.26760927	0.2963797	0.29005283	0.31271785	0.3617476	0.3707197	0.33729103
embedding_0611	-0.67824376	-0.7827928	-0.84664184	-0.7916154	-0.7385035	-0.7313714	-0.8070268	-0.7439646	-0.8470748	-0.7495553	-0.7809887	-0.7131268	-0.81507176	-0.78285724	-0.8229694	-0.7878549	-0.7842341	-0.7942319	-0.8139442	-0.84331113	-0.7850594	-0.8269347	-0.7415236	-0.80167395	-0.7024901	-0.83582944	-0.8846864	-0.77409005	-0.878612	-0.76507324	-0.82139355	-0.7752046	-0.7112486	-0.8023029	-0.7701857	-0.8206384	-0.75759494	-0.82488537	-0.80396396	-0.64079124	-0.75644475	-0.76385206	-0.776777	-0.7764362	-0.7521305	-0.78245634	-0.8120253	-0.8006033	-0.8547164	-0.7380676	-0.7974018	-0.82556117	-0.72085804	-0.74896425	-0.7054154	-0.8134412	-0.9353916	-0.7680766	-0.680959	-0.7426325	-0.80925745	-0.7388408	-0.8125594	-0.8340679	-0.88559455	-0.81240046	-0.81921977	-0.7776861	-0.8256037	-0.8763397	-0.7803451	-0.83134586	-0.7338016	-0.8865676	-0.76293075	-0.8492304	-0.8025942	-0.81101	-0.76676	-0.8433935	-0.8427084	-0.8798425	-0.817134	-0.83110976	-0.8044886	-0.80517614	-0.7937563	-0.85821146
embedding_0612	-0.08709464	-0.11074807	-0.17060338	-0.15526411	-0.13662288	-0.011572867	-0.112739556	-0.071830355	-0.11209603	-0.097386695	-0.057668295	-0.2100439	-0.1078989	-0.06535952	-0.16644435	-0.14166024	-0.051161114	-0.08648923	-0.10242441	-0.045361012	-0.061471898	-0.07390115	-0.13485952	-0.14420913	-0.042734344	-0.16956757	-0.24254027	-0.19721721	-0.14780253	-0.15329812	-0.10869238	-0.0850923	-0.02848844	-0.18346564	-0.0527566	-0.18236496	-0.1296348	-0.043398347	-0.01947292	0.053776745	-0.03507597	-0.19768377	-0.053653587	-0.09075852	-0.09389644	-0.158411	-0.081664376	-0.08464354	-0.14850812	-0.20686163	-0.071839415	-0.103340805	-0.1470348	-0.1323462	-0.11188114	-0.19119632	-0.19179358	-0.08256693	-0.0971036	-0.045182813	-0.15041456	-0.11084401	-0.08963565	-0.1559349	-0.15507174	-0.056088116	-0.11649497	-0.052117586	-0.02790586	-0.051429264	-0.10997527	-0.05976355	-0.04022368	-0.14109395	-0.09060631	-0.09066704	-0.05370799	-0.05795269	0.022178741	-0.16772538	-0.056049295	-0.17025101	-0.08297181	-0.06401587	-0.08655672	-0.05570297	-0.03205872	-0.13035235
embedding_0613	0.028291496	0.04804021	0.051813472	0.12416701	0.014329383	0.10217549	-0.0015531732	-0.0018909291	0.04896556	0.1873018	0.054140273	0.06952177	0.006883904	0.0769165	0.028874066	0.029777257	0.025205249	-0.004084533	0.070623755	0.08631625	0.06350468	0.05216255	0.05632997	-0.031714596	0.057347313	-0.011802532	-0.12490762	0.04128921	0.010975758	0.11249213	0.023744078	0.10872862	0.069817066	0.05583272	0.14800921	-0.05636336	-0.009191857	0.10021507	0.10341501	0.18867663	0.097838335	0.14553545	0.006261252	0.04445004	0.11003092	-0.18092988	0.046681084	0.103900835	0.022056121	-0.02616502	0.06005987	0.076369435	0.043113835	0.07454184	0.04383394	0.111913234	0.040007837	0.059553348	0.051289357	0.10673356	0.02769561	0.08840944	0.08103534	0.01780898	0.08878378	0.10844291	0.037500728	0.06504345	0.07291952	0.116444714	0.13633043	-0.004876819	0.114953965	0.114226386	0.046968367	0.105072506	0.13198909	0.119289145	0.11895423	0.015978662	0.103856064	0.054566752	0.08040403	0.07561797	0.0898648	0.10883613	0.13423347	0.062369537
embedding_0614	0.58148646	0.70683557	0.55747914	0.69363475	0.7514323	0.6592394	0.5843821	0.75328404	0.6730238	0.83657753	0.727599	0.6448129	0.5749479	0.757815	0.7017356	0.7232041	0.5927762	0.66827476	0.68318933	0.75947434	0.6948136	0.6390308	0.6696356	0.59901935	0.75111055	0.60249335	0.5736417	0.60285085	0.6419273	0.7235424	0.6866062	0.67769396	0.6663749	0.6304164	0.72174007	0.5582359	0.6712828	0.7259749	0.72687244	0.7403343	0.7791233	0.64570886	0.61640304	0.6957146	0.6523613	0.51766896	0.6596735	0.7732482	0.65933776	0.64474344	0.6778989	0.68356705	0.62291527	0.68259823	0.66966665	0.6960599	0.72977704	0.6655074	0.78145665	0.69649124	0.6106138	0.66457677	0.79062265	0.6647998	0.71179336	0.6638207	0.6862762	0.71964294	0.80955195	0.7152005	0.69592524	0.6932565	0.79616725	0.6463841	0.6664754	0.6939448	0.63450384	0.668772	0.72706527	0.66327107	0.67395365	0.6051626	0.6725278	0.73281604	0.7076139	0.7504653	0.7725119	0.70752794
embedding_0615	0.23137812	0.3236221	0.26969597	0.32389387	0.23544371	0.24923037	0.28125155	0.2528564	0.27864373	0.33800063	0.30923364	0.32840154	0.25916237	0.26056945	0.25711423	0.21324222	0.28667444	0.2709764	0.29827604	0.28344533	0.27466193	0.2298985	0.25187287	0.25635532	0.24791376	0.2660772	0.17703712	0.25377408	0.3559458	0.29268607	0.2595381	0.2710502	0.28543645	0.29751834	0.2847089	0.22534162	0.26470563	0.23884033	0.25436455	0.25008443	0.28440914	0.2948358	0.25145444	0.250566	0.29034042	0.25419393	0.27426916	0.26652485	0.26506618	0.20550017	0.32500467	0.28763056	0.2709023	0.2253945	0.25117144	0.28426376	0.27777	0.26966378	0.2762222	0.290941	0.2882638	0.30769676	0.24866267	0.21380539	0.32705903	0.31199434	0.29230407	0.2880579	0.2844011	0.24647532	0.30307233	0.22380853	0.26545766	0.32365546	0.2099942	0.32161838	0.32288548	0.3210882	0.29959878	0.26711994	0.3180339	0.335218	0.29788452	0.26033837	0.30003652	0.2856174	0.2514319	0.29023513
embedding_0616	-0.9268859	-0.9412232	-0.9404884	-0.90104824	-0.86717385	-1.0096424	-0.9032431	-0.8966412	-0.95789623	-0.8893558	-0.88359565	-0.9161408	-0.9050609	-0.8571027	-0.9320401	-0.8942752	-0.8967481	-0.8902124	-0.85480225	-0.8812125	-0.8740034	-0.87326086	-0.8990208	-0.9010891	-0.8504061	-0.96940815	-0.9801956	-0.86131454	-0.8559549	-0.8695895	-0.86402774	-0.9280322	-0.9229936	-0.8550692	-0.9042989	-0.884733	-0.93246716	-0.9204622	-0.901094	-0.92400175	-0.8925894	-0.9590994	-0.9072069	-0.91113734	-0.90885055	-0.8658519	-0.8848902	-0.93419635	-0.92497754	-0.9175453	-0.90933603	-0.8757854	-0.89068407	-0.8914785	-0.88792884	-0.89633614	-0.8775073	-0.9203831	-0.87646157	-0.90357244	-0.8923123	-0.88966435	-0.8678533	-0.84552974	-0.92261016	-0.93101346	-0.934143	-0.85388494	-0.8338171	-0.83152884	-0.8627669	-0.9622827	-0.8856787	-0.85633075	-0.91360694	-0.84856933	-0.874607	-0.9212046	-0.8984144	-0.8777171	-0.9147703	-0.951711	-0.8941667	-0.844155	-0.876499	-0.863878	-0.8930046	-0.8639933
embedding_0617	0.7138348	0.55736506	0.65786874	0.6109542	0.6798166	0.6455572	0.6292164	0.6618313	0.6554721	0.6012011	0.71288186	0.62251157	0.55845416	0.6730757	0.61346424	0.6740515	0.6724407	0.65068763	0.5900108	0.676911	0.63953376	0.67353255	0.6596451	0.6428427	0.6402203	0.6525788	0.69918144	0.6256062	0.6473705	0.65029097	0.6059705	0.72491485	0.6663587	0.64872414	0.6429503	0.61378527	0.640028	0.76394135	0.70818555	0.5928879	0.69139147	0.63387245	0.5903957	0.65312606	0.68816227	0.5720682	0.6796508	0.69832927	0.6477515	0.6382125	0.65600544	0.6177741	0.69490176	0.6573401	0.6186116	0.60035366	0.66490203	0.6679162	0.6596925	0.6381124	0.61624104	0.5974646	0.6673923	0.65109414	0.62828124	0.65872854	0.6751113	0.6537377	0.6791055	0.69922054	0.6177664	0.6953582	0.635979	0.5852948	0.6787375	0.6208841	0.63903767	0.6372415	0.7257911	0.62971586	0.65416485	0.63527364	0.6549412	0.6486572	0.6183316	0.632757	0.66473585	0.67622685
embedding_0618	-0.19228518	-0.2820814	-0.12813948	-0.22774234	-0.18988098	-0.15794843	-0.17278056	-0.22535689	-0.19245496	-0.18163282	-0.2574571	-0.21958372	-0.24663348	-0.19682766	-0.18508841	-0.24723564	-0.23070194	-0.19972822	-0.18507631	-0.20214167	-0.16655427	-0.17439653	-0.15244925	-0.25037736	-0.19586855	-0.21305785	-0.26292703	-0.2898195	-0.31762376	-0.20910165	-0.21554545	-0.20293936	-0.20378971	-0.22732432	-0.21958205	-0.21535635	-0.21040504	-0.28599885	-0.24917603	-0.11204572	-0.16478144	-0.14124	-0.19317712	-0.1349416	-0.17281225	-0.20723538	-0.21529105	-0.20269763	-0.2758527	-0.23689286	-0.20217653	-0.2158872	-0.12758902	-0.19109596	-0.12179245	-0.29544565	-0.2103249	-0.23224828	-0.122968204	-0.19310492	-0.24697638	-0.17207822	-0.1374191	-0.20920742	-0.3302188	-0.26670045	-0.17232424	-0.22685875	-0.20119599	-0.22711255	-0.20442992	-0.24546464	-0.1864909	-0.22629133	-0.24690649	-0.24903764	-0.23402616	-0.16498612	-0.24187243	-0.2561409	-0.24737175	-0.22257274	-0.22322373	-0.24208127	-0.24434724	-0.29360822	-0.17680022	-0.2401211
embedding_0619	0.62704927	0.6205757	0.60130364	0.60519165	0.6382458	0.68190414	0.60805637	0.62739754	0.6608644	0.5491897	0.61647755	0.57642776	0.63744897	0.64965403	0.5573423	0.61404127	0.72033453	0.6166648	0.665198	0.63688844	0.6532523	0.6138983	0.5958006	0.60431075	0.669567	0.62422824	0.6346605	0.58240896	0.60297126	0.60235757	0.6545273	0.63438654	0.71903855	0.57817173	0.64511734	0.58153045	0.60593027	0.67662114	0.62849385	0.6375386	0.65134907	0.6383376	0.6466847	0.6062833	0.62158334	0.60605466	0.6678171	0.6344416	0.6572701	0.59115154	0.5989209	0.6626345	0.6088521	0.58746856	0.5671234	0.60638267	0.63195705	0.63885844	0.52372956	0.6395161	0.6159129	0.60330766	0.5940981	0.6085136	0.5642652	0.65302765	0.6183862	0.59988636	0.6166822	0.629137	0.6062923	0.6538146	0.59693396	0.6388024	0.67848456	0.65508443	0.6627868	0.59738	0.67921054	0.5966551	0.6932232	0.60820633	0.6262003	0.6486218	0.64265656	0.628892	0.6586584	0.63506025
embedding_0620	-0.7432236	-0.7700843	-0.7027022	-0.76261944	-0.686673	-0.5671096	-0.7117476	-0.7475475	-0.7449154	-0.7676724	-0.7348363	-0.8054761	-0.65019524	-0.6999548	-0.7126732	-0.70993495	-0.69768214	-0.69426125	-0.68652457	-0.65782344	-0.7128742	-0.66026336	-0.7731594	-0.73762465	-0.57686496	-0.7933387	-0.7074654	-0.70979285	-0.64448386	-0.7290593	-0.66655594	-0.7185841	-0.6936116	-0.66898245	-0.7479597	-0.69085026	-0.6816507	-0.66447145	-0.667464	-0.6236154	-0.6487837	-0.70202065	-0.6192179	-0.67688245	-0.7829044	-0.60953146	-0.6656697	-0.6943274	-0.7398118	-0.701637	-0.862398	-0.7472562	-0.76483554	-0.76556605	-0.6396169	-0.8526533	-0.7059081	-0.6861149	-0.7449085	-0.71849334	-0.80919224	-0.69233555	-0.70022464	-0.6752018	-0.71897	-0.6467227	-0.6787244	-0.6812329	-0.6742218	-0.6600405	-0.64292085	-0.63945246	-0.7020215	-0.84627956	-0.67406994	-0.6996072	-0.7341829	-0.7922399	-0.6860185	-0.7085644	-0.76862264	-0.7239275	-0.7104675	-0.6769684	-0.7147793	-0.67352474	-0.61566275	-0.71564436
embedding_0621	0.12076283	0.27793336	0.24497223	0.293268	0.29489565	0.22404858	0.17914258	0.33554867	0.30200776	0.33283085	0.26886073	0.17498729	0.11329437	0.33910915	0.27193606	0.2799698	0.2584263	0.32136872	0.3414087	0.34343582	0.32356215	0.33685228	0.29757798	0.27008215	0.32180458	0.24908993	0.21056542	0.2179248	0.27932212	0.2774137	0.2751644	0.32376122	0.2551121	0.23966233	0.33782992	0.2263329	0.3178413	0.26195446	0.26574695	0.26369897	0.38876417	0.24772021	0.29237902	0.30361336	0.18667316	0.25843138	0.29509664	0.31160715	0.26524183	0.26851377	0.26900926	0.26736355	0.20224522	0.22188863	0.34089366	0.14933054	0.29648176	0.27033344	0.36731184	0.31188124	0.2711764	0.270271	0.36999637	0.3606485	0.24018	0.3186432	0.2849745	0.28927603	0.31341937	0.28139088	0.32178688	0.22375982	0.27303758	0.34803548	0.2709646	0.31100827	0.23589039	0.27611977	0.23177007	0.26252854	0.30270246	0.32608342	0.23904772	0.32839283	0.25636476	0.24298604	0.29995993	0.20305851
embedding_0622	1.101229	0.98759943	1.0212787	1.0279303	1.0542586	0.89571446	1.0535675	0.96612304	1.0215704	0.86800104	0.9942949	1.0307215	1.0977914	0.9504946	1.0948964	1.0199175	0.9820852	0.9650029	1.0034788	1.0101869	0.98455256	1.1270578	0.962582	1.1026266	1.0508431	1.0889585	1.197685	1.1262658	1.1382658	1.0208426	1.0916213	0.9848269	1.0262464	1.0733871	0.93306124	1.1760871	1.0763469	1.0502058	0.9617016	0.9188961	0.936006	0.9772701	1.0402523	0.9064607	0.96949285	1.2170227	1.074042	0.9836311	1.1079453	1.08973	0.90989304	1.02055	0.9907156	1.031459	0.98982954	1.0291023	1.2188424	1.0153667	0.92542976	0.98358196	1.0706533	0.9906212	1.0024893	1.0649627	1.1404437	1.022145	1.0200182	1.0782392	1.0644006	1.0604446	0.9775084	1.0315177	0.93282765	0.9716031	0.9808987	1.0477546	0.9783865	0.9427859	1.0352777	1.1242595	0.9744055	1.0731215	1.0755802	1.0132308	0.99762744	1.1170957	0.9194507	1.07679
embedding_0623	-0.4300183	-0.6032709	-0.52060074	-0.51419634	-0.46271643	-0.4619529	-0.49821228	-0.5782977	-0.50060767	-0.51628923	-0.544784	-0.49464947	-0.5759496	-0.5157784	-0.5160723	-0.53888613	-0.5021954	-0.53694856	-0.48246524	-0.4633708	-0.5142544	-0.5412987	-0.42675424	-0.5112305	-0.5161353	-0.5488759	-0.6064148	-0.5495484	-0.46772006	-0.47698832	-0.566899	-0.45586175	-0.49747303	-0.52231354	-0.43934438	-0.557014	-0.5015196	-0.53983754	-0.54770553	-0.40070626	-0.3995037	-0.47856963	-0.58330303	-0.49949545	-0.48373798	-0.5989963	-0.49759176	-0.50136423	-0.5171942	-0.51849705	-0.5027096	-0.5292493	-0.5027987	-0.5473474	-0.4819238	-0.5671758	-0.5252083	-0.45979854	-0.4870955	-0.4866729	-0.55676347	-0.5225027	-0.47406146	-0.5526541	-0.5283319	-0.5333584	-0.50487304	-0.481934	-0.5401919	-0.48561817	-0.4796643	-0.4525064	-0.504895	-0.58541656	-0.5060325	-0.5517821	-0.5360953	-0.5255564	-0.44463012	-0.57660437	-0.5119909	-0.5615474	-0.5289897	-0.49913415	-0.5207088	-0.5116525	-0.4341955	-0.51563346
embedding_0624	-0.065513484	-0.25671625	-0.20308869	-0.18844533	-0.17126018	-0.11128196	-0.13916732	-0.19798616	-0.22059897	-0.30079287	-0.26525003	-0.14478803	-0.028417163	-0.2303648	-0.22606376	-0.16422634	-0.1606357	-0.28708863	-0.20034306	-0.22837669	-0.26070207	-0.0895291	-0.19946569	-0.2063449	-0.22666812	-0.21750076	-0.03610268	-0.1736608	-0.27659377	-0.1779349	-0.20719805	-0.15554662	-0.12011955	-0.18400635	-0.21648906	-0.20920347	-0.22878751	-0.14014384	-0.16157979	-0.17582643	-0.3540591	-0.19159393	-0.18135953	-0.30485103	-0.1548541	-0.24640092	-0.20890656	-0.22481239	-0.23557977	-0.17741434	-0.16688582	-0.20190611	-0.14378293	-0.10251779	-0.18680511	-0.14042406	-0.064662226	-0.19826278	-0.2060154	-0.21628422	-0.25622758	-0.24535626	-0.30947456	-0.20946686	-0.116976276	-0.13265474	-0.20700786	-0.21436979	-0.1673503	-0.09781212	-0.24243687	-0.17890869	-0.18015678	-0.21319789	-0.150754	-0.19289352	-0.14404356	-0.24547014	-0.08983927	-0.14655888	-0.223078	-0.17126818	-0.14925182	-0.1162282	-0.18072937	-0.12407855	-0.19975509	-0.14833842
embedding_0625	-0.40283656	-0.5275387	-0.30918413	-0.483433	-0.4601079	-0.38440913	-0.35055828	-0.50921243	-0.4025727	-0.55225146	-0.42540643	-0.33887804	-0.40711042	-0.5079729	-0.48993585	-0.49969468	-0.38653806	-0.42610684	-0.47344422	-0.5766953	-0.40918636	-0.46760687	-0.425853	-0.41182715	-0.56013674	-0.41919994	-0.37609664	-0.47522348	-0.52083504	-0.4744799	-0.3916409	-0.5205637	-0.51314604	-0.50200003	-0.49475273	-0.38666403	-0.441743	-0.5341807	-0.46413153	-0.5497557	-0.5024996	-0.39340076	-0.42123303	-0.43668613	-0.4366794	-0.4240951	-0.4446714	-0.50378704	-0.49482808	-0.46125126	-0.39169696	-0.45655122	-0.4052131	-0.5028961	-0.5087525	-0.49293378	-0.55151445	-0.44468105	-0.5189242	-0.50696206	-0.44701126	-0.457596	-0.4821395	-0.47117707	-0.5106303	-0.47551695	-0.50133824	-0.49812335	-0.50518423	-0.57318664	-0.44241548	-0.43895483	-0.51917094	-0.46736655	-0.3641302	-0.4921508	-0.40660712	-0.48114732	-0.49631983	-0.5007262	-0.42960086	-0.40157813	-0.45702317	-0.547899	-0.4520345	-0.61585	-0.46547619	-0.49911222
embedding_0626	-0.49485272	-0.46055958	-0.43934187	-0.4540549	-0.4425336	-0.46573892	-0.50650257	-0.46185553	-0.49091294	-0.45795223	-0.47072336	-0.5364447	-0.5163187	-0.46295688	-0.49181598	-0.49438885	-0.46689284	-0.47323737	-0.41706178	-0.43186456	-0.4692491	-0.4868625	-0.47839877	-0.47945705	-0.46828997	-0.48834056	-0.550557	-0.48058346	-0.41178122	-0.47655982	-0.49129337	-0.37187833	-0.46782085	-0.4563648	-0.45006955	-0.50853705	-0.4763941	-0.47475183	-0.44686082	-0.43317857	-0.4285355	-0.49129057	-0.48960906	-0.4450834	-0.4593141	-0.43678	-0.47860968	-0.473093	-0.46197945	-0.5120986	-0.46379966	-0.4793186	-0.50718564	-0.42852113	-0.41826394	-0.5654192	-0.44302768	-0.49228275	-0.4324934	-0.42266455	-0.46266225	-0.47489038	-0.44988236	-0.41240627	-0.48159334	-0.4751436	-0.43433955	-0.4977615	-0.45994127	-0.42845178	-0.47881544	-0.47508788	-0.50044787	-0.44790724	-0.5149131	-0.46043798	-0.47008342	-0.440325	-0.4621521	-0.49643436	-0.45607275	-0.469682	-0.47807768	-0.43240693	-0.46920547	-0.5206832	-0.41590565	-0.4736682
embedding_0627	-0.107335046	-0.14547789	-0.15258045	-0.12582554	-0.09165886	-0.10224732	-0.11064139	-0.098007195	-0.19475982	-0.114775024	-0.15141718	-0.11648143	-0.10237353	-0.10419533	-0.121359244	-0.16144668	-0.1489634	-0.11100412	-0.17457521	-0.16023476	-0.14090578	-0.17884566	-0.07936356	-0.15342301	-0.18493916	-0.11564712	-0.10390943	-0.084214754	-0.1793716	-0.12948121	-0.19058184	-0.15473731	-0.22306472	-0.14352195	-0.13558704	-0.13436449	-0.1331054	-0.15334907	-0.091840886	-0.24317355	-0.18062899	-0.11163909	-0.1738011	-0.10146234	-0.12482296	-0.080461666	-0.14827524	-0.15042134	-0.13141184	-0.07379167	-0.09331798	-0.15033352	-0.098260336	-0.1302509	-0.09778087	-0.117632054	-0.18715484	-0.07768482	-0.12872986	-0.17306174	-0.14845772	-0.0993307	-0.19178495	-0.19452822	-0.15773998	-0.12094144	-0.16279955	-0.13360249	-0.123901814	-0.22584614	-0.18099517	-0.16059592	-0.14714393	-0.19665056	-0.1098183	-0.14687349	-0.1243566	-0.09879864	-0.15420775	-0.14968765	-0.18114688	-0.13329858	-0.14742276	-0.1849493	-0.14628196	-0.14995773	-0.12393474	-0.12018765
embedding_0628	-0.29787183	-0.283375	-0.17045486	-0.3152294	-0.23224388	-0.25302476	-0.24129303	-0.23335369	-0.19081984	-0.28628522	-0.24099155	-0.26675534	-0.24864814	-0.26212063	-0.20555025	-0.2655355	-0.26585492	-0.15602936	-0.20745566	-0.24017835	-0.20483725	-0.2951496	-0.23962422	-0.25024515	-0.3136474	-0.19146587	-0.15282503	-0.33516246	-0.2306599	-0.30359125	-0.24251679	-0.30254272	-0.30681694	-0.22815874	-0.22155693	-0.12794274	-0.19657044	-0.39744762	-0.2692226	-0.28984445	-0.21725944	-0.299256	-0.16258144	-0.20964988	-0.31974667	-0.055627063	-0.24284612	-0.22798415	-0.30537698	-0.2213277	-0.22966765	-0.2565478	-0.24687642	-0.286892	-0.19979264	-0.38495958	-0.26726344	-0.21401782	-0.21843834	-0.24887632	-0.23633672	-0.25454348	-0.20286764	-0.24061762	-0.29567692	-0.20849045	-0.22093743	-0.25047734	-0.24947159	-0.26228973	-0.29400444	-0.21425094	-0.2779278	-0.32217956	-0.22199406	-0.24477065	-0.27378148	-0.22951543	-0.3601174	-0.28064394	-0.28386837	-0.1651406	-0.28740185	-0.26273274	-0.254499	-0.29978594	-0.309357	-0.26977307
embedding_0629	-0.6795822	-0.64774954	-0.66918164	-0.65106124	-0.6345798	-0.61961055	-0.7091029	-0.6672723	-0.715636	-0.6972439	-0.6647648	-0.719655	-0.6550495	-0.6591547	-0.6323157	-0.6023389	-0.70410573	-0.7250709	-0.66008437	-0.641107	-0.6874418	-0.6301481	-0.68016267	-0.697745	-0.61438423	-0.7003009	-0.67046165	-0.6224403	-0.63339925	-0.68739814	-0.6863588	-0.61256695	-0.7054554	-0.6380122	-0.6846006	-0.6818258	-0.6549598	-0.58986104	-0.62716985	-0.6134661	-0.630625	-0.7138093	-0.6414525	-0.65212584	-0.6690911	-0.67920804	-0.6683617	-0.6788124	-0.70090777	-0.6484055	-0.7054935	-0.6652714	-0.72515863	-0.62509686	-0.60453117	-0.707141	-0.62688065	-0.68786806	-0.6188481	-0.66061366	-0.7008943	-0.6820739	-0.6494208	-0.64685154	-0.5882294	-0.60073715	-0.6491254	-0.6436782	-0.6459167	-0.61291677	-0.65502083	-0.65936863	-0.6340812	-0.7010506	-0.6911619	-0.64948255	-0.6933142	-0.6937592	-0.61834395	-0.59628516	-0.684295	-0.692923	-0.6571705	-0.5937847	-0.6617971	-0.5815648	-0.6246362	-0.65232223
embedding_0630	-0.80839664	-0.66245276	-0.69548726	-0.663584	-0.68211734	-0.7769393	-0.7816689	-0.74625504	-0.7995306	-0.6768549	-0.73174775	-0.7340957	-0.73860383	-0.7421937	-0.72536695	-0.7443373	-0.7130158	-0.76622444	-0.6686155	-0.7025621	-0.70460314	-0.7011851	-0.77068746	-0.69606626	-0.7544379	-0.750889	-0.7671431	-0.69501334	-0.5987841	-0.70378554	-0.70611393	-0.7038863	-0.7692521	-0.7362152	-0.73227733	-0.7321343	-0.72118264	-0.78319746	-0.73448956	-0.7576644	-0.7018852	-0.7206499	-0.7201633	-0.72321105	-0.75739306	-0.74195516	-0.7526327	-0.71864617	-0.7412419	-0.705185	-0.708094	-0.7209176	-0.73296934	-0.6807865	-0.66244364	-0.7844298	-0.6430991	-0.6915396	-0.6934339	-0.7025426	-0.6266814	-0.6657663	-0.7359093	-0.6607734	-0.6718052	-0.6919979	-0.6977219	-0.68576777	-0.696188	-0.6821692	-0.6937906	-0.7742262	-0.7225894	-0.6574679	-0.7685147	-0.6845818	-0.70907193	-0.70460445	-0.72167695	-0.7073093	-0.699015	-0.68004376	-0.73622394	-0.6620224	-0.7110923	-0.72556067	-0.70700806	-0.7167506
embedding_0631	0.20334212	0.11495436	0.044087667	0.13127957	0.11812534	0.19408238	0.22939277	0.13509195	0.11324362	0.13760996	0.17226678	0.1463587	0.28657714	0.08996762	0.14946033	0.21475832	0.18748674	0.12523057	0.072317556	0.0765566	0.03926612	0.12512575	0.10129061	0.16927025	0.22359066	0.13248043	0.13442414	0.26225376	0.17271876	0.11720867	0.17524573	0.11712648	0.17177987	0.174645	0.12076266	0.19331722	0.12103424	0.19429575	0.1502424	0.18010597	0.08797838	0.12022155	0.13720003	0.065205	0.15600772	0.12535997	0.11452262	0.058062036	0.18987685	0.19484295	0.057089154	0.17189996	0.1570096	0.1861508	0.14559303	0.265843	0.17092162	0.12805465	0.09672713	0.14653066	0.1261501	0.14874466	0.067227885	0.16824529	0.18956617	0.11995968	0.12629442	0.114090465	0.11664918	0.096826784	0.1702217	0.19122182	0.17975675	0.112493135	0.10411399	0.110442884	0.06980498	0.030094642	0.2010297	0.21164635	0.11034375	0.05968397	0.13277583	0.09116941	0.14828573	0.17970744	0.15613295	0.18331565
embedding_0632	-0.20046847	-0.17491947	-0.21806371	-0.20439646	-0.24641548	-0.26918337	-0.2499729	-0.21382625	-0.26017532	-0.21835166	-0.29532993	-0.23689587	-0.20782137	-0.20652953	-0.23652841	-0.23713484	-0.1615496	-0.24012446	-0.22770491	-0.25214404	-0.2287824	-0.23034745	-0.21148585	-0.20494486	-0.25730026	-0.23766841	-0.20867473	-0.23298727	-0.19157946	-0.21768714	-0.22428022	-0.21519235	-0.24111393	-0.2276752	-0.2656374	-0.26308858	-0.2731614	-0.20366202	-0.1880329	-0.290454	-0.2917435	-0.31616372	-0.22191215	-0.25341937	-0.229123	-0.16728982	-0.20749228	-0.24740645	-0.20760387	-0.26925096	-0.23873122	-0.20266753	-0.25617194	-0.20985489	-0.2741494	-0.23123911	-0.20566724	-0.22148103	-0.30266252	-0.2146522	-0.2253281	-0.19692273	-0.23695569	-0.25491756	-0.23229313	-0.22035311	-0.22638369	-0.23022082	-0.21286905	-0.17170341	-0.25649828	-0.2390078	-0.2714896	-0.21231052	-0.21787958	-0.20215246	-0.18377677	-0.24343948	-0.28331706	-0.22817583	-0.22441119	-0.2401292	-0.20117728	-0.1616693	-0.23653737	-0.24709514	-0.24204859	-0.26503137
embedding_0633	-0.014342429	0.08107806	-0.03063225	0.02514185	0.121647224	0.07293405	0.069329195	0.105273604	0.09953152	0.09062624	0.13475035	0.026143502	0.039893933	0.13330431	0.12173794	0.08556405	0.10244589	0.18360941	0.093154036	0.10776356	0.14930022	0.084746145	0.05251869	0.15836816	0.09182875	0.05399137	0.056283727	0.03975493	0.16129385	0.048592202	0.13051721	0.03837844	0.0547916	0.055751104	0.096173175	0.09802394	0.12207736	0.07295392	0.09260135	0.07635975	0.17421667	0.11341153	0.1333202	0.08713074	-0.0132240495	0.14252624	0.14239351	0.11095519	0.121018365	0.05926573	0.0862948	0.095831506	0.03436496	0.03390967	0.058637034	0.040438045	0.0749124	0.106086105	0.122579895	0.093324095	0.08919489	0.104453325	0.18687429	0.100168236	0.050000675	0.08715189	0.10814507	0.1479672	0.116879284	0.08650542	0.104538105	0.0807353	0.12203948	0.104735665	0.080819346	0.125202	0.1102557	0.10178659	0.085952654	0.024060497	0.107971795	0.09648917	0.05804358	0.13419367	0.10252294	0.104887694	0.12616219	0.07211662
embedding_0634	0.49657688	0.5107932	0.52401567	0.49063152	0.5290101	0.5669937	0.51040953	0.46320647	0.5627879	0.4349064	0.4581257	0.47077867	0.5000083	0.46612883	0.502797	0.5237889	0.5044172	0.4954303	0.5014634	0.55069983	0.5130471	0.5438798	0.4950789	0.46560195	0.57566863	0.5313965	0.5199153	0.42215216	0.44829422	0.49432147	0.5162204	0.50389236	0.5335877	0.49935645	0.50923806	0.49440464	0.54076964	0.5531979	0.47569507	0.6000953	0.5304667	0.45532116	0.5354827	0.49401692	0.42893052	0.501688	0.5273614	0.52092475	0.5586583	0.51317996	0.49425727	0.48965982	0.44217744	0.40577343	0.53436965	0.45354712	0.5343121	0.507339	0.4852258	0.5214011	0.4747933	0.48601946	0.55692905	0.50159514	0.50727814	0.5391921	0.52161723	0.4874084	0.49480915	0.4506455	0.53084654	0.55320245	0.52060825	0.47798854	0.5246241	0.49655655	0.48924366	0.45836142	0.52997965	0.4866428	0.5131754	0.56068885	0.529405	0.45547718	0.5059532	0.52878153	0.48903987	0.45671907
embedding_0635	-0.61232823	-0.39900506	-0.52405477	-0.4558153	-0.4431291	-0.4344831	-0.5131715	-0.38094744	-0.41711158	-0.32312277	-0.41178593	-0.5182086	-0.47864297	-0.36676848	-0.4210426	-0.41056362	-0.48285598	-0.44350395	-0.4319153	-0.3444824	-0.3711951	-0.44644022	-0.46410745	-0.41306803	-0.4387547	-0.46459082	-0.45073986	-0.4791095	-0.36225152	-0.46696234	-0.4024381	-0.3991196	-0.42549455	-0.45721406	-0.40763673	-0.5009115	-0.4385086	-0.39917314	-0.37475955	-0.37460417	-0.38628045	-0.40297848	-0.4132819	-0.34343836	-0.42254588	-0.47783482	-0.42962408	-0.42876285	-0.46547237	-0.49613687	-0.37930652	-0.41500884	-0.47537473	-0.41505036	-0.36347347	-0.39297646	-0.40317196	-0.4170797	-0.33386612	-0.41346708	-0.45629087	-0.4677154	-0.37149736	-0.42218462	-0.39592677	-0.45117575	-0.42564136	-0.40916848	-0.39036646	-0.31082135	-0.39483798	-0.45595926	-0.34621364	-0.34737986	-0.4389026	-0.3579651	-0.4079135	-0.34905338	-0.46528023	-0.43132013	-0.39097548	-0.45621714	-0.45552734	-0.30016822	-0.38992023	-0.3784841	-0.350927	-0.4223223
embedding_0636	0.42135027	0.47792172	0.5086167	0.49709183	0.48964703	0.5243798	0.4505178	0.49355945	0.46803278	0.45351657	0.42834267	0.43713403	0.470509	0.4570539	0.46164435	0.47630957	0.4569529	0.45835546	0.5535152	0.5139608	0.5763047	0.5329135	0.44937348	0.42406806	0.47824144	0.44829246	0.5039051	0.37926367	0.46471342	0.49583766	0.49647084	0.5127959	0.472861	0.4653017	0.51016295	0.45320532	0.47651827	0.52777755	0.46417296	0.4910627	0.5005923	0.5323085	0.52328765	0.50910217	0.45447195	0.4329372	0.5028263	0.51926106	0.49107602	0.45866248	0.5178506	0.4863371	0.45871907	0.41128284	0.5415771	0.410279	0.529227	0.5314519	0.42721888	0.52393156	0.5139619	0.46767077	0.46647573	0.4999263	0.49382338	0.57512945	0.51785654	0.5260618	0.5103055	0.5393773	0.46340734	0.42459136	0.50597876	0.4991011	0.49140075	0.53427577	0.53812736	0.5161178	0.4942907	0.45591968	0.5113702	0.5984277	0.5327555	0.5493896	0.52286005	0.5162344	0.49199688	0.4804533
embedding_0637	-0.20546153	-0.130824	0.012552923	-0.15292595	-0.08924382	-0.09723508	-0.093134925	-0.08996313	-0.09332993	-0.10177011	-0.072495855	-0.066671625	-0.15962134	-0.03458134	-0.062889315	-0.12628786	-0.07485261	-0.013756098	-0.080990374	-0.08024112	0.013459106	-0.09836196	-0.1378367	-0.067892104	-0.11037946	-0.10027433	-0.048807014	-0.15297915	0.0057981475	-0.10289868	-0.008022228	-0.16450533	-0.15003066	-0.10677354	-0.104981534	0.03020065	-0.046568427	-0.16715187	-0.09314141	-0.17886195	0.02397685	-0.17377515	-0.0015218387	-0.0071304794	-0.16354828	0.05960171	-0.06478654	-0.015578203	-0.114827156	-0.11061127	-0.078051925	-0.1066992	-0.12246903	-0.17445923	-0.0884072	-0.1495384	-0.09382376	-0.060974743	-0.10054671	-0.101726085	-0.08887278	-0.1181208	0.025106475	-0.028618935	-0.062049426	-0.10749018	-0.06893359	-0.05843212	-0.07466818	-0.08144091	-0.02033427	-0.039572172	-0.14629656	-0.06433331	-0.05441082	-0.089085154	-0.107796445	-0.012145384	-0.20468475	-0.06914395	-0.084225036	-0.06844416	-0.08925721	-0.06329033	-0.09935525	-0.12864658	-0.039298594	-0.14905708
embedding_0638	-0.54339623	-0.6099818	-0.7029325	-0.6637433	-0.70604146	-0.6870151	-0.65574884	-0.6205469	-0.6511211	-0.7111217	-0.7175441	-0.61808854	-0.60211986	-0.7389477	-0.6554546	-0.63832986	-0.62995195	-0.6933759	-0.7128691	-0.6854123	-0.7040467	-0.6831205	-0.68433297	-0.6862075	-0.6445572	-0.6580799	-0.5354871	-0.6812428	-0.74953395	-0.69115233	-0.66556287	-0.6224501	-0.59580445	-0.640362	-0.6782146	-0.6428846	-0.6739497	-0.64801025	-0.7060665	-0.6369854	-0.75431347	-0.7213027	-0.6663153	-0.74731416	-0.6695868	-0.63332695	-0.67868793	-0.6717123	-0.6170142	-0.62835336	-0.67348754	-0.6477436	-0.6337652	-0.6421779	-0.7174893	-0.59648126	-0.5627056	-0.61686176	-0.74592674	-0.66117567	-0.64627904	-0.6591064	-0.6530326	-0.66785043	-0.6839751	-0.6535087	-0.67807245	-0.6785188	-0.6964953	-0.6879703	-0.7767032	-0.64128596	-0.69063354	-0.7038761	-0.6381605	-0.68251103	-0.6397326	-0.6893303	-0.68268836	-0.67414767	-0.6691144	-0.63167983	-0.6364601	-0.68020546	-0.6490565	-0.64152974	-0.7427298	-0.64705044
embedding_0639	0.14915015	0.19746365	0.2380213	0.18175033	0.14386317	0.043419622	0.16967502	0.11500307	0.24055253	0.09283536	0.21493691	0.22152391	0.18179363	0.16530584	0.21743177	0.17171876	0.1787833	0.147248	0.15294012	0.17818831	0.2084955	0.21096413	0.10126117	0.20772041	0.15796047	0.18964884	0.21591058	0.25164327	0.356547	0.1829416	0.24926664	0.047998495	0.13601972	0.18701622	0.14622916	0.29487124	0.21270573	0.19062321	0.18612403	0.088801645	0.18541549	0.13931882	0.20101286	0.10379624	0.13281612	0.3023061	0.19097096	0.1650711	0.2559414	0.18408029	0.09492988	0.20360145	0.12541194	0.13318892	0.04919056	0.2837977	0.2448782	0.17618172	-0.0039383094	0.14893797	0.23708776	0.12396	0.18669155	0.20899394	0.33283025	0.1435874	0.1327859	0.23324542	0.18389435	0.19558612	0.21200962	0.14796343	0.096542224	0.2432103	0.14982918	0.21920057	0.17208593	0.12484079	0.15410845	0.28690338	0.21322258	0.23324288	0.23939568	0.16571184	0.17905323	0.25324133	0.16573316	0.22727317
embedding_0640	-0.7949264	-0.77990764	-0.77966344	-0.7381824	-0.72582364	-0.6437454	-0.81924146	-0.72366744	-0.7972973	-0.704836	-0.69766897	-0.8257924	-0.83862424	-0.6922369	-0.7942119	-0.72270805	-0.76707965	-0.7553074	-0.7218743	-0.67450935	-0.718222	-0.79387724	-0.74199486	-0.77409947	-0.6476686	-0.7887634	-0.9089904	-0.7428584	-0.76301426	-0.72124225	-0.76527494	-0.69057703	-0.68786347	-0.7883061	-0.6872173	-0.8666248	-0.744945	-0.6802277	-0.7367427	-0.5918536	-0.6274371	-0.68073183	-0.78167415	-0.69446546	-0.7373145	-0.8484139	-0.7417041	-0.6875016	-0.76182956	-0.80088973	-0.780541	-0.78946984	-0.77800924	-0.7555625	-0.6813266	-0.83726233	-0.79453856	-0.7616606	-0.65891486	-0.69956195	-0.7621999	-0.7231999	-0.77013767	-0.6865744	-0.7622694	-0.7179331	-0.70987856	-0.7329664	-0.7344477	-0.7378651	-0.6580109	-0.7528695	-0.65961	-0.82199734	-0.75222266	-0.76502097	-0.7588368	-0.74405146	-0.6561977	-0.77923226	-0.7293736	-0.7855794	-0.78672516	-0.7041075	-0.7055082	-0.7718758	-0.6937639	-0.74146307
embedding_0641	-0.36483845	-0.25523952	-0.16979	-0.24829033	-0.24393275	-0.29776898	-0.29596174	-0.215925	-0.22574762	-0.23053259	-0.23394392	-0.29903728	-0.38496563	-0.18251625	-0.29921833	-0.27802607	-0.27304152	-0.22870126	-0.19314314	-0.22637686	-0.19658701	-0.23232804	-0.23895244	-0.25361538	-0.2635211	-0.27154747	-0.25749308	-0.2922422	-0.25285345	-0.24214189	-0.2340841	-0.21095987	-0.3307827	-0.23949693	-0.24609093	-0.29277387	-0.25211546	-0.25057644	-0.24561836	-0.27584255	-0.16418912	-0.20563279	-0.18940188	-0.14918837	-0.23852304	-0.27636576	-0.21491954	-0.21643418	-0.28718138	-0.29413182	-0.210784	-0.25541517	-0.24744733	-0.28594887	-0.17302021	-0.29183587	-0.31182078	-0.25203893	-0.192621	-0.25121525	-0.25181684	-0.25481048	-0.23490925	-0.23246081	-0.30236888	-0.27200267	-0.17110701	-0.22096649	-0.2685486	-0.18057357	-0.22941875	-0.27145186	-0.27271113	-0.16209236	-0.2781361	-0.21944623	-0.19500889	-0.14707708	-0.28285727	-0.26591152	-0.23605663	-0.20730338	-0.25745484	-0.21475971	-0.25591037	-0.31735656	-0.21542343	-0.26958117
embedding_0642	-0.66308373	-0.59094286	-0.5863617	-0.5877876	-0.65034056	-0.70792884	-0.60503215	-0.59752387	-0.59503615	-0.5094684	-0.56166714	-0.56473833	-0.6452855	-0.5947633	-0.6208066	-0.5774858	-0.6558462	-0.59848934	-0.61960036	-0.58853424	-0.63905424	-0.5916811	-0.65100247	-0.654794	-0.5595774	-0.6055863	-0.6945063	-0.6429704	-0.5916528	-0.62053317	-0.5784832	-0.6388136	-0.62033385	-0.58088785	-0.5886808	-0.6049863	-0.6407172	-0.6116313	-0.60613656	-0.56224227	-0.56729287	-0.6640401	-0.6094245	-0.6112643	-0.6279886	-0.65405124	-0.6172615	-0.64173836	-0.5531688	-0.67741024	-0.59381986	-0.6069979	-0.64849955	-0.5770266	-0.6425897	-0.51556087	-0.6371122	-0.69747853	-0.58750534	-0.5957704	-0.568777	-0.6245282	-0.6206755	-0.6024201	-0.55693567	-0.6239239	-0.6048556	-0.65154594	-0.61747736	-0.5969486	-0.5506678	-0.6346438	-0.59639984	-0.5399727	-0.6532139	-0.6162079	-0.64415723	-0.6432933	-0.6031514	-0.59238505	-0.5654168	-0.6399581	-0.61860627	-0.6446681	-0.58241737	-0.5722236	-0.6532719	-0.601525
embedding_0643	1.400368	1.280288	1.2891531	1.3016855	1.3152086	1.2821872	1.3403697	1.24942	1.3636236	1.2287465	1.3160841	1.3763618	1.4093829	1.2889372	1.2895956	1.2843083	1.2632707	1.307897	1.2825118	1.2817607	1.2669612	1.2850299	1.2901654	1.2664648	1.2839545	1.356136	1.4165425	1.3151274	1.2689145	1.3380388	1.2623307	1.2921306	1.3003547	1.3182609	1.2807001	1.3290204	1.3193792	1.3562161	1.3451539	1.2495453	1.2211394	1.2973533	1.2661377	1.2529098	1.3059273	1.3481214	1.3412964	1.3066306	1.3481399	1.3286595	1.3369015	1.3118571	1.3324573	1.292963	1.258709	1.403572	1.3241376	1.3235633	1.2759356	1.2599229	1.3455502	1.2852207	1.1769798	1.2704774	1.362892	1.348835	1.2827178	1.2895187	1.3478935	1.2964203	1.2693511	1.3016568	1.3021666	1.2688433	1.3029952	1.32889	1.2843283	1.285069	1.3472902	1.3428583	1.2728225	1.366965	1.3553993	1.3019007	1.3105175	1.3781824	1.2640678	1.3491522
embedding_0644	0.3429289	0.40768245	0.2387603	0.34946245	0.20680726	0.2465624	0.27335212	0.35657698	0.29383302	0.4189728	0.28786236	0.31362674	0.3304857	0.27112985	0.35972244	0.32545575	0.34544238	0.24730329	0.27178243	0.2827375	0.25562307	0.35865992	0.3057553	0.3257439	0.32483667	0.3103722	0.29738033	0.3757678	0.25417075	0.32030773	0.3414647	0.33166414	0.30320093	0.30521536	0.28393948	0.24938305	0.24163546	0.37358713	0.30291396	0.24843614	0.2436838	0.34475496	0.28615403	0.26365656	0.4159021	0.25849605	0.28028706	0.25396314	0.4019114	0.34713957	0.29801735	0.36089212	0.28733802	0.32720646	0.20209175	0.48863497	0.31559786	0.31356636	0.23849839	0.3513359	0.33960453	0.3395252	0.30863264	0.31031483	0.3531299	0.2654231	0.297957	0.32881397	0.28648573	0.3791851	0.26088694	0.33944952	0.27243987	0.37757114	0.26908222	0.31646028	0.3301115	0.26700917	0.27485055	0.33891085	0.31093666	0.29878166	0.33738706	0.27878892	0.3197237	0.35705853	0.2938375	0.31992957
embedding_0645	0.79102427	0.86688924	0.81264037	0.82472557	0.82648647	0.8425601	0.8134342	0.9165554	0.792592	0.9088876	0.85244423	0.83347565	0.840695	0.8840904	0.8356813	0.83491695	0.8651365	0.8736292	0.8549564	0.8536381	0.931512	0.85321313	0.7551265	0.82182926	0.8946543	0.83481157	0.79028606	0.8271087	0.94274944	0.855541	0.8983568	0.79932237	0.82729256	0.7990645	0.8150353	0.8482309	0.81373024	0.901068	0.82954425	0.84005725	0.9183122	0.862031	0.905051	0.86576533	0.8307936	0.89214	0.8860716	0.8937459	0.8666495	0.845273	0.78234166	0.84841	0.81042266	0.78266644	0.8029341	0.8139797	0.8562467	0.874317	0.76274204	0.8806255	0.85794234	0.86556363	0.9037309	0.90309626	0.8235715	0.8504218	0.86997503	0.8510753	0.87631863	0.87966144	0.90886706	0.8576775	0.83430016	0.87120044	0.86589825	0.8712918	0.84895545	0.8363768	0.7907246	0.8425412	0.8394054	0.79834735	0.8802392	0.82620686	0.86195046	0.9092765	0.86860067	0.8201244
embedding_0646	0.215817	0.24024571	0.29927188	0.23470336	0.2804701	0.14711379	0.28401685	0.3252679	0.29116586	0.28417873	0.29150257	0.2826776	0.250904	0.31839615	0.2685309	0.29425684	0.2605875	0.3798386	0.29245356	0.28594565	0.3040114	0.31231773	0.21886283	0.232883	0.29791525	0.25705194	0.32551718	0.18799739	0.28534487	0.30319822	0.3107181	0.22987507	0.1947529	0.24072008	0.25167838	0.32186797	0.27669457	0.2585923	0.31791916	0.1611032	0.26586154	0.21518658	0.31488192	0.32676765	0.20823511	0.3107865	0.30252904	0.30498827	0.27978197	0.2380856	0.31162432	0.24683538	0.25972497	0.18928817	0.22241588	0.2606022	0.3835053	0.29898727	0.27728578	0.2421406	0.21859021	0.24757133	0.27808997	0.3189075	0.24999082	0.22222023	0.29422158	0.26317906	0.31238243	0.266621	0.29105845	0.30951378	0.24119693	0.33025932	0.2735406	0.2790546	0.2324033	0.20853575	0.20611732	0.31085664	0.28186074	0.3015539	0.2771678	0.2524793	0.26896384	0.27807394	0.21543314	0.19806312
embedding_0647	0.060942207	0.004341721	-0.036813717	-0.055801302	-0.065076336	0.037006516	-0.08680684	-0.1145136	-0.120161414	-0.10994204	-0.110070065	-0.028146416	0.08672382	-0.16166186	-0.0352804	-0.074478686	-0.00012767923	-0.1074646	-0.10267481	-0.10884141	-0.12792152	-0.05849553	-0.10886856	-0.03093819	-0.09213	-0.02901803	0.001938098	-0.03890667	-0.0666718	-0.099271856	-0.08830172	-0.051681526	-0.053936362	-0.054651327	-0.14111808	-0.050506245	-0.0563313	-0.09831246	-0.047760747	-0.07154522	-0.19643575	-0.077365816	-0.0278564	-0.11469811	-0.071483016	-0.02290891	-0.073974326	-0.10120013	-0.062845506	0.012837059	-0.06748677	-0.073288724	-0.07573901	-0.01233154	-0.08438262	-0.03222371	0.0017081518	-0.038865086	-0.12741527	-0.07004418	-0.076409	-0.03630529	-0.07546797	-0.082962096	-0.08259793	-0.070475206	-0.09381633	-0.08751456	-0.0970926	-0.07190059	-0.12351231	-0.051443934	-0.09810345	-0.13137619	-0.023876155	-0.06690516	-0.06026385	-0.09911456	-0.050140705	-0.06570653	-0.117189705	-0.037328586	-0.031634357	-0.13288486	-0.09777231	-0.06942911	-0.13611825	-0.07238718
embedding_0648	0.5720186	0.5676787	0.4477101	0.5313228	0.572624	0.58942276	0.528993	0.5885033	0.53376484	0.4641394	0.50522286	0.44997814	0.5924619	0.5036682	0.57422674	0.55399394	0.5635232	0.512388	0.5180675	0.6013572	0.5041506	0.5873074	0.4954281	0.5133582	0.5360276	0.51263213	0.6248258	0.45240122	0.59220576	0.5331091	0.47624394	0.5860237	0.5775307	0.5248226	0.53876555	0.5362868	0.53920805	0.598586	0.52856666	0.5010398	0.49238077	0.4894425	0.49929824	0.4775869	0.4814188	0.5558712	0.5692834	0.5917119	0.56238365	0.5354617	0.5047999	0.5198204	0.5089607	0.51559657	0.50326556	0.4739054	0.7037419	0.6115021	0.4596158	0.5263967	0.49217668	0.5109978	0.5393785	0.5402529	0.52919954	0.59325725	0.52656704	0.53344023	0.5712146	0.5044674	0.49148452	0.5894525	0.53103775	0.4559564	0.53509104	0.5487148	0.54096663	0.46462262	0.56139636	0.53001845	0.56835514	0.5640502	0.5832103	0.55373114	0.5458609	0.6435341	0.5500719	0.56962836
embedding_0649	-0.5116601	-0.5644234	-0.49381125	-0.5595263	-0.5322119	-0.32404092	-0.46319655	-0.53525734	-0.50745124	-0.4558321	-0.51708627	-0.52904165	-0.530664	-0.5193444	-0.5400082	-0.50463766	-0.4531387	-0.49046186	-0.47673672	-0.48221043	-0.45482862	-0.51469624	-0.53098375	-0.53664315	-0.5081739	-0.49983093	-0.6615024	-0.5483082	-0.51575994	-0.5041115	-0.50029427	-0.48601007	-0.47351664	-0.49278998	-0.4458311	-0.54163206	-0.53902924	-0.48675427	-0.52938867	-0.3594274	-0.3770122	-0.41179648	-0.47468403	-0.44197053	-0.45723927	-0.57322437	-0.5005969	-0.49249962	-0.5493544	-0.55432594	-0.5089441	-0.50670516	-0.4871739	-0.52395135	-0.43485162	-0.5892487	-0.63337386	-0.5150266	-0.47999778	-0.47440276	-0.5551918	-0.45932588	-0.5343323	-0.523159	-0.61892307	-0.51470554	-0.4733877	-0.54222846	-0.56611484	-0.53837276	-0.41890463	-0.4533796	-0.47107765	-0.5288594	-0.43841752	-0.5612262	-0.5011622	-0.47336724	-0.47116616	-0.61956203	-0.47341165	-0.58013505	-0.54370785	-0.5618613	-0.48994154	-0.5805016	-0.4285653	-0.5456693
embedding_0650	0.71206003	0.68725985	0.6666597	0.71213263	0.677709	0.7542121	0.62758243	0.66453844	0.6512499	0.68989325	0.5662772	0.6629301	0.6057923	0.64741135	0.6552873	0.6334295	0.65634966	0.59299576	0.6734226	0.69888616	0.66660935	0.7370496	0.6501987	0.637815	0.64475167	0.64775884	0.6588839	0.61969316	0.65478736	0.7111592	0.6594563	0.73406595	0.71555656	0.6372933	0.6486635	0.57566226	0.67553115	0.72627103	0.7073287	0.7363436	0.68541265	0.7643575	0.65483	0.66688883	0.72298384	0.5585118	0.6653663	0.74171454	0.6451187	0.64183235	0.6791263	0.6371253	0.6936048	0.6493287	0.678811	0.67548144	0.81179297	0.68819654	0.67763644	0.69525045	0.66122985	0.6999692	0.6912082	0.6746567	0.70188576	0.6829552	0.70643973	0.6838443	0.6676384	0.67502767	0.7000353	0.6561816	0.6994276	0.683217	0.67802584	0.63763195	0.67586267	0.6837554	0.73536354	0.62604505	0.6818809	0.71827084	0.69236165	0.69937974	0.6664741	0.6548654	0.7159946	0.61256623
embedding_0651	0.37274507	0.3156695	0.33198833	0.28967428	0.2690113	0.46177936	0.31856048	0.24500574	0.3046379	0.31222892	0.31261015	0.35437894	0.37032425	0.26914224	0.27974942	0.24132985	0.3956808	0.2733936	0.29018036	0.2592886	0.31318352	0.2684294	0.24805786	0.32060027	0.2780725	0.29098278	0.23876753	0.29752505	0.294918	0.28044045	0.28460488	0.36708465	0.322195	0.32886216	0.2414885	0.24158889	0.2822551	0.31819946	0.28925338	0.29575324	0.27185977	0.38230985	0.29181927	0.288845	0.3501781	0.27912885	0.31171766	0.31814754	0.24443053	0.30666712	0.29044378	0.31681648	0.31648797	0.3122832	0.28861925	0.2603769	0.32118767	0.36151338	0.26908225	0.3013923	0.2825169	0.40862548	0.25568977	0.23918578	0.25209904	0.3290014	0.3027225	0.32247344	0.29161924	0.22473513	0.30052817	0.3388326	0.28307688	0.24395825	0.3399746	0.32567322	0.3474702	0.32410994	0.3563622	0.23542225	0.32658023	0.27849346	0.35376438	0.23636015	0.3138164	0.2710961	0.30294785	0.30583686
embedding_0652	0.43018633	0.4574178	0.40401164	0.4316853	0.43725148	0.48203406	0.42784202	0.4243362	0.47687823	0.36420518	0.47423455	0.36807498	0.44090995	0.4224633	0.44275567	0.44925517	0.4617096	0.47785378	0.45974278	0.44560778	0.43738505	0.43793866	0.4440737	0.46660498	0.43568975	0.41520977	0.44961682	0.3929951	0.4403527	0.41077688	0.46524128	0.42970377	0.44709843	0.41473758	0.43042758	0.4575953	0.44285426	0.41789687	0.45601404	0.42058998	0.45305803	0.37803644	0.4662756	0.45458016	0.39109027	0.4859228	0.47048378	0.42197245	0.39204568	0.40515345	0.46289864	0.43608525	0.4154833	0.42702073	0.4011294	0.34869066	0.44268832	0.40781286	0.3805331	0.41923577	0.45580482	0.43775523	0.48774996	0.42132756	0.43326634	0.44039676	0.41201076	0.45353928	0.48081368	0.43671182	0.4126778	0.4402738	0.43818966	0.41713336	0.46891376	0.477924	0.45633534	0.42947778	0.4770403	0.42378792	0.46312264	0.44436842	0.45808065	0.44177398	0.43945414	0.4192067	0.47034544	0.46286
embedding_0653	0.3039639	0.2742998	0.24489228	0.29729456	0.14235261	0.24116394	0.32727537	0.25715655	0.30568373	0.2859955	0.28471053	0.29784667	0.29229137	0.31387594	0.26525325	0.26484406	0.29941803	0.28544903	0.25585574	0.17669451	0.20542891	0.23718636	0.3061855	0.27575782	0.23211949	0.34330156	0.25374302	0.3425176	0.18774693	0.29737917	0.20988515	0.3027439	0.2862439	0.26153654	0.2567107	0.19885692	0.18130961	0.31891236	0.24407494	0.15843104	0.16301255	0.29071093	0.17379051	0.19993919	0.30971688	0.21417643	0.25211072	0.18293558	0.30197492	0.21353981	0.2940803	0.2893657	0.3341732	0.26018944	0.17822239	0.38844284	0.17321251	0.23404337	0.2931469	0.19431652	0.24751404	0.27617714	0.17422241	0.21143624	0.2285256	0.23268174	0.25017017	0.19223022	0.20444901	0.24809672	0.23540473	0.2612763	0.21901773	0.3746211	0.2285236	0.22988302	0.2316598	0.21052335	0.21858126	0.2510488	0.2897684	0.24791658	0.27520347	0.19162278	0.22536843	0.274005	0.21638463	0.26633462
embedding_0654	0.07397627	-0.004577529	0.10304292	-0.03502515	0.0300867	0.05831503	0.041227926	-0.027731316	0.015400378	-0.08378321	-0.019917004	0.0071577732	0.04275785	-0.034541007	-0.0076238313	-0.04003708	0.031817492	0.014797396	-0.010110534	-0.02549841	0.0005350609	-0.0015836911	0.029821154	-0.012411424	-0.08450834	0.019046223	0.0872801	-0.013542422	0.0063178274	-0.038842585	-0.038705196	-0.038676903	-0.055608593	-0.018768277	-0.0060204277	0.075684346	0.05290496	-0.043831456	0.011138419	-0.03156664	-0.0042750444	-0.023297563	0.018882904	-0.008558496	-0.052963693	0.049440138	0.024071574	-0.0051097865	-0.019328732	0.037452713	0.017101467	-0.019085119	0.0099995425	-0.010718882	-0.020681297	-0.1410338	-0.06448806	0.020771084	-0.10870307	-0.012346953	-0.018454717	-0.026749194	-0.040637292	-0.01184521	-0.046680797	-0.007376032	-0.036712326	-0.017642446	-0.026941769	-0.10811194	-0.036460813	0.007812005	-0.0440597	-0.10906828	0.05592917	-0.046565924	0.016501956	-0.022830525	0.044944223	-0.022193417	-0.03222783	0.027375156	-0.03681272	-0.044845764	-0.016596658	-0.089596115	-0.0042635035	-0.027668426
embedding_0655	0.27794427	0.22846426	0.18162502	0.24530591	0.22942397	0.4084753	0.19449148	0.20989336	0.13681619	0.32695055	0.1851705	0.13037701	0.22197258	0.21741961	0.22930793	0.22370525	0.2409887	0.18079165	0.2715372	0.31100336	0.19688468	0.2706257	0.20116846	0.1403795	0.3095406	0.1605452	0.07784179	0.19946024	0.18076482	0.23712665	0.1765421	0.32394284	0.30938855	0.23081052	0.31677902	0.10727007	0.18080422	0.31541005	0.26510474	0.3920425	0.2744436	0.2571807	0.24515094	0.27116916	0.25618964	0.06919001	0.21680361	0.23891224	0.1939063	0.19435161	0.22076915	0.20150721	0.19994892	0.23599811	0.31039605	0.11388958	0.2927421	0.2631334	0.26021078	0.27406034	0.13675748	0.2689321	0.24133894	0.2221078	0.19149132	0.31179717	0.24902625	0.24099724	0.24894555	0.29473725	0.28297868	0.23954572	0.2951763	0.11842339	0.25939953	0.24815422	0.2646485	0.254077	0.3574473	0.17770687	0.19430251	0.19851857	0.22926542	0.24034145	0.26061285	0.27479866	0.33938405	0.24363114
embedding_0656	-0.9007826	-0.9037016	-0.8358663	-0.8960796	-0.91350585	-0.85127133	-0.8824408	-0.8523252	-0.9214317	-0.89347386	-0.91801316	-0.8001412	-0.8850563	-0.95479095	-0.8834372	-0.92436916	-0.84055096	-0.8788137	-0.84672	-0.9493896	-0.8480589	-0.90731925	-0.87422526	-0.9472849	-0.89780736	-0.93736607	-0.8404495	-0.9211921	-0.9371318	-0.9065498	-0.88429147	-0.95253396	-0.9504149	-0.95279247	-0.927808	-0.82566214	-0.8958948	-0.9662097	-0.95248824	-0.8693339	-0.88255405	-0.84665906	-0.8344196	-0.8603254	-0.82615113	-0.88932186	-0.93928444	-0.8548023	-0.90859675	-0.8756623	-0.851674	-0.88823664	-0.8538282	-0.95859164	-0.90077347	-0.88922673	-0.960672	-0.87360746	-0.94991237	-0.8504706	-0.89654076	-0.8171702	-0.82683796	-0.91839576	-0.9288113	-0.858855	-0.90837187	-0.9006698	-0.9182185	-0.93397677	-0.87830037	-0.86416173	-0.88127434	-0.9435403	-0.8539786	-0.9496204	-0.9177032	-0.9178038	-0.89108425	-0.92418414	-0.94565845	-0.844514	-0.8661454	-0.97582793	-0.8996509	-0.945271	-0.915134	-0.92918056
embedding_0657	0.1085933	0.13989003	0.16725385	0.12678088	0.22553411	0.11562085	0.1535425	0.11294083	0.12923256	0.1616461	0.16971089	0.12866712	0.1354563	0.1924412	0.18405633	0.14699695	0.13315561	0.20917709	0.15303108	0.16471036	0.16876632	0.17953631	0.16737215	0.21039082	0.12702876	0.15901762	0.19246559	0.20096956	0.19836858	0.1513089	0.17187543	0.14862244	0.10537478	0.20205203	0.14481051	0.21344487	0.21503337	0.09576337	0.1724495	0.06387254	0.19314831	0.18272723	0.18331648	0.23278421	0.11547462	0.19234666	0.16337869	0.13643776	0.1514966	0.18341736	0.14618838	0.14828879	0.20385455	0.14709221	0.24069914	0.081282794	0.14258207	0.18677558	0.17072755	0.12990893	0.14541131	0.15804641	0.20477901	0.18637623	0.14886504	0.15956563	0.17841026	0.20963228	0.14398661	0.08142317	0.15945745	0.14267349	0.13242221	0.138961	0.18482961	0.1764905	0.20347606	0.1792299	0.08745462	0.14834636	0.10696015	0.2080499	0.15018849	0.15524215	0.13569707	0.1234585	0.18874516	0.13522077
embedding_0658	0.14062266	0.22250102	0.19296329	0.22093183	0.25132936	0.26412433	0.20284718	0.2820763	0.20986292	0.23466255	0.2358923	0.18740913	0.15676473	0.28958777	0.22005667	0.23414938	0.18241084	0.25919574	0.23008503	0.23009187	0.24161293	0.1820644	0.18757676	0.24894463	0.1744435	0.21783532	0.24404563	0.2379211	0.23266819	0.23142433	0.226946	0.24737804	0.23609845	0.20783687	0.25172374	0.21742222	0.24436133	0.23179775	0.21498008	0.26508546	0.23322883	0.25002682	0.25662768	0.23409545	0.23358065	0.1235152	0.21974869	0.27850863	0.12818162	0.22149543	0.2446555	0.1711623	0.23815525	0.23162375	0.2684902	0.13803713	0.22106834	0.2249802	0.30752	0.21995133	0.16680753	0.2163179	0.19534479	0.22761746	0.23469585	0.23398757	0.22704192	0.20310315	0.21840139	0.22675417	0.2818219	0.23676838	0.28504208	0.19640245	0.22812676	0.21569839	0.25238279	0.29078162	0.23237273	0.24742636	0.18986347	0.21073249	0.21381563	0.24916136	0.23967202	0.20223324	0.28165188	0.2077958
embedding_0659	0.004472876	-0.0724284	-0.090965874	-0.016054139	-0.079585545	-0.09236205	-0.022657141	-0.05940389	-0.064937614	-0.080201365	-0.098378204	-0.01531095	-0.019188665	-0.092274755	-0.06621396	-0.04068669	-0.017692784	-0.12224744	-0.06282265	-0.09614362	-0.08775212	-0.008558568	-0.084142454	-0.03843303	-0.12229218	-0.058976285	-0.08991003	-0.017179837	-0.07040801	-0.046182167	-0.055837803	-0.021638714	-0.062164214	-0.035131898	-0.05287478	-0.074075975	-0.08295416	-0.07476248	-0.023443252	-0.06273515	-0.16532138	-0.015072333	-0.079141885	-0.09521931	0.041116808	-0.07797398	-0.072002165	-0.09652907	-0.01843897	-0.07058947	-0.03839676	-0.02466514	0.0009820948	0.0047799125	-0.09076357	0.04463692	-0.028080406	-0.052491467	-0.11150109	-0.06385291	0.023007939	-0.031387433	-0.10181099	-0.080692455	-0.033496656	-0.0035791702	-0.06665368	-0.06448526	-0.08699288	0.046821613	-0.04328153	-0.13757202	-0.051389758	0.02453344	-0.045121036	-0.040410914	-0.056443684	-0.13134286	-0.074922286	-0.063747115	-0.0021625822	-0.10098484	-0.023737958	-0.027773123	-0.038903646	-0.07388662	-0.0918725	-0.070144795
embedding_0660	-0.45713872	-0.39882952	-0.4239904	-0.37926066	-0.40197283	-0.46471182	-0.4048188	-0.38843456	-0.36557353	-0.3307637	-0.3995515	-0.3653941	-0.4371288	-0.4006005	-0.3853542	-0.38635266	-0.48110136	-0.35756204	-0.41557112	-0.37289518	-0.421721	-0.34989667	-0.3547061	-0.40805033	-0.4015219	-0.38463336	-0.38646474	-0.3899348	-0.46271345	-0.3695758	-0.38766974	-0.48753512	-0.44624963	-0.3812858	-0.36749235	-0.34967867	-0.35859612	-0.49212557	-0.41255763	-0.43256205	-0.38567415	-0.4068468	-0.42029965	-0.37363395	-0.4426677	-0.3502996	-0.40039513	-0.36375833	-0.36303037	-0.38790315	-0.3759285	-0.38794962	-0.4009568	-0.39338067	-0.3917597	-0.3494301	-0.36429742	-0.4557363	-0.32404163	-0.41136658	-0.37026983	-0.41927323	-0.34397438	-0.37823156	-0.38134816	-0.43943074	-0.42131466	-0.3776854	-0.36627853	-0.41846675	-0.38088247	-0.43539888	-0.38785425	-0.37986618	-0.39239588	-0.412417	-0.44067854	-0.4023615	-0.4519788	-0.3719308	-0.4154188	-0.39250535	-0.45699668	-0.46568084	-0.3948113	-0.45228982	-0.44304544	-0.43194994
embedding_0661	0.04254746	0.19979462	0.15972856	0.053040814	0.06798026	0.23962909	0.08243255	0.07009099	0.07693095	0.15821017	0.07155462	0.032617103	0.10464292	0.13390797	0.024505885	0.090398155	0.20501013	0.14433356	0.12210062	0.1276559	0.15899122	0.07353763	0.08317864	0.096977144	0.056653585	0.07347078	0.03012494	-0.029470574	0.028559837	0.039709765	0.1330704	0.12653548	0.08806774	0.029904237	0.11254373	0.019463606	0.09018348	0.082935154	0.1331682	0.12832445	0.084286295	0.10299528	0.17472471	0.21401665	0.09340596	0.12318539	0.0918359	0.07653123	0.061297473	0.024907088	0.16021572	0.10322835	0.07929322	0.08456595	0.09703375	-0.037029166	-0.020175658	0.067493215	0.09241203	0.12956582	0.101400085	0.13619497	0.14161797	0.09014155	-0.026702778	0.121282056	0.13379264	0.10107057	0.07114115	0.15426636	0.13715434	0.1275935	0.11772055	0.10068591	0.17312808	0.0890275	0.19588055	0.23531733	0.0659684	0.02132711	0.115093745	0.10441698	0.07076727	0.1288501	0.12869279	-0.026943062	0.13042928	0.04475418
embedding_0662	-0.44577882	-0.44956142	-0.4855616	-0.4634296	-0.45092118	-0.39899945	-0.44959828	-0.39623424	-0.4830054	-0.5113111	-0.5114737	-0.49542445	-0.5017925	-0.4677829	-0.47861683	-0.45149	-0.41763043	-0.48568013	-0.44944647	-0.4620199	-0.419895	-0.44193757	-0.4809395	-0.5086106	-0.44644114	-0.5448278	-0.46697906	-0.5528032	-0.46014464	-0.4544025	-0.47760573	-0.40270543	-0.41823593	-0.4946072	-0.4347731	-0.5105401	-0.4668405	-0.42935973	-0.5051794	-0.37506154	-0.4426705	-0.4752403	-0.4472817	-0.51248085	-0.4598441	-0.53052294	-0.46602538	-0.44127712	-0.5248638	-0.49647334	-0.4427299	-0.49045587	-0.45569283	-0.4918585	-0.4385502	-0.5610363	-0.42686808	-0.44354683	-0.47120318	-0.4169104	-0.5253582	-0.4339294	-0.45340404	-0.42304716	-0.48876837	-0.40901637	-0.41415504	-0.4976908	-0.4972021	-0.4661495	-0.43105236	-0.45159844	-0.44634032	-0.48711434	-0.43869418	-0.4892674	-0.4436349	-0.44507572	-0.4297343	-0.47574365	-0.4464245	-0.46096277	-0.46806988	-0.40688598	-0.45981625	-0.4780924	-0.42233047	-0.53368604
embedding_0663	-0.5974312	-0.56127167	-0.6448427	-0.56009936	-0.5516035	-0.7014378	-0.60982054	-0.58585143	-0.5982859	-0.57513344	-0.5703257	-0.593775	-0.6303263	-0.56978595	-0.591744	-0.5905793	-0.6492107	-0.6268291	-0.64334077	-0.6162172	-0.6630959	-0.6458579	-0.61045533	-0.537486	-0.5893503	-0.59285927	-0.5666796	-0.532959	-0.53385776	-0.5592928	-0.62658364	-0.6208183	-0.6062039	-0.5701095	-0.6424169	-0.6000469	-0.5850646	-0.5687052	-0.60609114	-0.68696064	-0.6515393	-0.6622877	-0.6437606	-0.66319364	-0.6069244	-0.5963731	-0.59360254	-0.56941986	-0.57934624	-0.56255144	-0.6328808	-0.6048834	-0.63050705	-0.615241	-0.6280942	-0.5258518	-0.55847216	-0.6210353	-0.5873356	-0.62771326	-0.61532307	-0.61027896	-0.5987369	-0.6156736	-0.5455681	-0.64237314	-0.5773242	-0.58275765	-0.57328373	-0.57702124	-0.58244526	-0.5923401	-0.60071373	-0.56576586	-0.67357004	-0.55946857	-0.5867978	-0.5890179	-0.62093985	-0.5682341	-0.6077154	-0.60559165	-0.57804143	-0.6008069	-0.62204224	-0.55118704	-0.64795876	-0.5545199
embedding_0664	-0.27520645	-0.299269	-0.2511952	-0.26305407	-0.22264425	-0.123169646	-0.2796542	-0.29615247	-0.21297702	-0.22517398	-0.21544756	-0.23144604	-0.21294779	-0.20460671	-0.27581707	-0.21363078	-0.29781199	-0.24715386	-0.2622736	-0.20422441	-0.2814322	-0.23929743	-0.28497916	-0.30347306	-0.17816864	-0.3249615	-0.2749949	-0.23918079	-0.23300278	-0.24206343	-0.31029314	-0.28782633	-0.27633303	-0.2403373	-0.18392797	-0.2616744	-0.24225023	-0.28389102	-0.19534531	-0.10219422	-0.18743496	-0.13746236	-0.2930028	-0.28304943	-0.28781906	-0.38920787	-0.20579256	-0.22230901	-0.2670915	-0.23469295	-0.31111807	-0.26950318	-0.2857358	-0.26012167	-0.2253003	-0.29065806	-0.26995608	-0.23835278	-0.2161519	-0.23735729	-0.32549003	-0.30290467	-0.31152052	-0.22801359	-0.22709286	-0.16665037	-0.24852812	-0.23302785	-0.24618118	-0.24236621	-0.12264189	-0.2498725	-0.17414355	-0.34857127	-0.24602836	-0.2736636	-0.276428	-0.28353336	-0.16694047	-0.23324637	-0.23906857	-0.25502023	-0.2686838	-0.28828242	-0.23117478	-0.21309087	-0.14833272	-0.2664643
embedding_0665	-0.6560139	-0.6501392	-0.66087466	-0.66388524	-0.648353	-0.5562681	-0.62553215	-0.5689253	-0.6101902	-0.59690654	-0.6671508	-0.66910636	-0.634235	-0.58107495	-0.5903688	-0.64236695	-0.5928668	-0.54341435	-0.57731146	-0.5498999	-0.52011085	-0.59485245	-0.6005224	-0.5753099	-0.69595057	-0.6237033	-0.5618352	-0.71097374	-0.6549208	-0.62742496	-0.62527525	-0.63756204	-0.633123	-0.66449946	-0.5960797	-0.61954975	-0.62381285	-0.62448746	-0.53881735	-0.7255775	-0.5893698	-0.6262189	-0.58781284	-0.5223345	-0.5764125	-0.62222874	-0.6035567	-0.57242554	-0.61896706	-0.6563534	-0.49418917	-0.56465054	-0.55348253	-0.64264035	-0.6513016	-0.69944584	-0.5848415	-0.59119976	-0.5545226	-0.6264732	-0.5513911	-0.61256784	-0.49728668	-0.649399	-0.673978	-0.65543115	-0.6264904	-0.5422401	-0.555171	-0.56365734	-0.6490892	-0.6169371	-0.5934092	-0.58156985	-0.57432956	-0.6018094	-0.58632344	-0.5086825	-0.669699	-0.64228326	-0.6104374	-0.554926	-0.6317499	-0.5302248	-0.60738975	-0.70582074	-0.5534743	-0.6555492
embedding_0666	0.20059703	0.21069859	0.11124908	0.16736908	0.047980633	0.11317289	0.12670708	0.23526931	0.07436339	0.18683566	0.07907407	0.11159603	0.20773333	0.11885774	0.044624466	0.0683646	0.2098323	0.09053767	0.064522214	0.044551633	0.08897593	0.008566105	0.18740827	0.13783443	0.014807325	0.1349712	0.11989823	0.1398368	0.071958795	0.112845	0.06467539	0.17294459	0.1843774	0.096219346	0.10495684	0.05259548	0.06639201	0.13273415	0.12499278	0.096899845	-0.01373296	0.036988772	0.091863036	0.08376411	0.21041651	-0.044374436	0.067714766	0.053325545	0.131454	0.09297963	0.19724011	0.16701487	0.17831707	0.17535655	0.07158325	0.24631011	0.0056520132	0.17830475	0.050025508	0.12026888	0.16411811	0.12873024	-0.0059384075	0.04188248	0.10076213	0.13007791	0.08685291	0.07545669	0.061962325	0.14936258	0.022506537	0.115061834	0.13890639	0.18006107	0.13317516	0.11441036	0.18195118	0.20102948	0.13676475	0.089583665	0.148205	0.14120272	0.17270193	0.14555669	0.10644676	0.15168938	0.12398848	0.15038276
embedding_0667	0.24985613	0.19043855	0.14655682	0.1856469	0.18126915	0.137821	0.22090782	0.14770448	0.085611925	0.19402167	0.19568837	0.20863008	0.28749055	0.15312941	0.15715857	0.20122676	0.20267805	0.16470875	0.09612972	0.124014415	0.13328005	0.15512863	0.1326912	0.15222141	0.12787831	0.19443062	0.13924858	0.23423813	0.16176726	0.18566012	0.1662082	0.12946498	0.16826434	0.18863308	0.14036918	0.19488224	0.115885824	0.17879647	0.18221271	0.17864087	0.07057886	0.1987881	0.1462953	0.17454132	0.21182665	0.17200269	0.15132727	0.11065458	0.20201844	0.16536598	0.1353051	0.2081996	0.20545098	0.2342128	0.18883508	0.2810825	0.07361491	0.14567776	0.14029521	0.15558244	0.17360905	0.18477005	0.05715684	0.15412307	0.114215076	0.15783404	0.16588774	0.16396958	0.16809653	0.21887602	0.14747094	0.08587768	0.19711033	0.16248915	0.15389478	0.18243128	0.16861488	0.15018252	0.17122908	0.16843815	0.15304635	0.06763914	0.15177664	0.20407954	0.17889787	0.21527195	0.14036962	0.20615582
embedding_0668	-0.8352777	-0.8229402	-0.7211409	-0.82908225	-0.7859428	-0.79145056	-0.7622495	-0.791438	-0.702198	-0.8494189	-0.8399992	-0.7591497	-0.719403	-0.7911281	-0.791231	-0.7873833	-0.69753593	-0.7257727	-0.7355269	-0.7859658	-0.6742143	-0.7128285	-0.7387116	-0.7262338	-0.8496339	-0.73774326	-0.67802167	-0.849647	-0.7943099	-0.776459	-0.73076975	-0.815789	-0.8386061	-0.8002078	-0.8107562	-0.7387327	-0.7828293	-0.80717546	-0.78378844	-0.9043534	-0.76352	-0.7013294	-0.762791	-0.7356135	-0.78332895	-0.670425	-0.7285036	-0.7778166	-0.71962947	-0.79275185	-0.68519247	-0.72789234	-0.7216955	-0.8085208	-0.78526604	-0.7624771	-0.76774067	-0.7341574	-0.8462758	-0.787499	-0.6975595	-0.7934334	-0.73285586	-0.7614481	-0.7721518	-0.74735343	-0.7578201	-0.7380851	-0.7710961	-0.71434695	-0.7645177	-0.8385997	-0.7935994	-0.7015517	-0.6981662	-0.72149277	-0.7329735	-0.7353746	-0.8355723	-0.8134996	-0.72652525	-0.6661866	-0.71285796	-0.7209919	-0.7488492	-0.8529434	-0.78589123	-0.75931334
embedding_0669	0.050669767	0.0131964395	-0.02045718	0.036572278	0.05912399	0.027152414	0.04247994	0.0069152634	0.0029504541	0.011942177	0.021413157	0.021644449	0.04309035	0.03188769	0.057501215	0.08224024	-0.02543398	-4.2578202e-05	0.0140599	0.04411476	-0.006083606	0.06471539	-0.0331828	-0.014178781	0.120966494	-0.023746917	0.050236117	0.034617987	0.039494917	0.05304687	0.04872317	0.044032305	0.049885556	0.035863023	0.024232905	0.04657241	0.042933095	0.08788456	0.025529653	0.09180421	0.004648005	-0.037499513	0.003615556	-0.00070428883	0.021764152	0.06951124	0.020915993	0.00818487	0.06837664	0.06921406	-0.0386196	0.009881206	-0.04319031	0.01242158	0.046748668	0.016289132	0.09188952	-0.016203532	0.038156185	0.014965791	-0.01580828	-0.032007385	0.013174025	0.056800343	0.1012658	0.005279487	0.036327474	0.012567254	0.0662109	0.044703756	0.058724135	0.056987304	0.023614496	-0.044130612	0.025064958	0.018178351	-0.024298633	-0.068616636	0.045924924	0.079557195	-0.028646998	-0.0045811543	0.047816772	0.03035367	0.010735795	0.069579	0.051025048	0.02544482
embedding_0670	-0.0040797545	-0.059379537	-0.08309505	-0.091590494	-0.08912662	-0.060950413	-0.077802405	-0.131892	-0.039851915	-0.07085479	-0.06679925	-0.059708014	-0.009782458	-0.080831096	-0.11186257	-0.11511977	-0.10173307	-0.10554482	-0.092391536	-0.062871814	-0.13654935	-0.107197165	-0.07312269	-0.104122326	-0.07934668	-0.11298575	-0.12209277	-0.11765581	-0.09307492	-0.06075029	-0.109497465	-0.08440075	-0.057295244	-0.10687969	-0.077637896	-0.11065809	-0.086959854	-0.0792589	-0.043910146	-0.0067238593	-0.08650071	-0.051412873	-0.19343024	-0.14055704	-0.057181202	-0.18702798	-0.07298431	-0.0961395	-0.05474722	-0.10426623	-0.1013416	-0.09133784	-0.09152068	-0.06815316	-0.13366704	0.023286324	-0.08211877	-0.08444897	-0.06771837	-0.04511035	-0.09204207	-0.07658238	-0.160203	-0.11774068	-0.032076612	-0.10954329	-0.06779587	-0.09579454	-0.08746824	-0.09008703	-0.093297444	-0.07411437	-0.042266056	-0.0685998	-0.14131941	-0.1023638	-0.07875228	-0.09613345	-0.011852573	-0.085005835	-0.04893296	-0.06616372	-0.10318005	-0.04511526	-0.08932866	-0.029422008	-0.07368855	-0.053133827
embedding_0671	-0.29328522	-0.31591356	-0.3051331	-0.3344827	-0.28397322	-0.42074466	-0.3093506	-0.3361371	-0.2897338	-0.43235785	-0.40644246	-0.3003757	-0.30832088	-0.38608828	-0.29425204	-0.32722107	-0.36629263	-0.36581188	-0.33350646	-0.35200426	-0.29188377	-0.29775962	-0.30908796	-0.28930265	-0.37853876	-0.30094573	-0.12124262	-0.37144592	-0.2823879	-0.3059966	-0.27039877	-0.3762056	-0.3304979	-0.30818236	-0.34821865	-0.17615166	-0.27130768	-0.39799652	-0.37239274	-0.4028788	-0.39925063	-0.36449718	-0.29884437	-0.40467313	-0.35265848	-0.24797885	-0.31536922	-0.31660894	-0.31221396	-0.27583614	-0.3040217	-0.31446323	-0.31392744	-0.34774223	-0.38767064	-0.33248574	-0.2510616	-0.28678656	-0.38140118	-0.31752214	-0.27380887	-0.36158526	-0.27755007	-0.31478447	-0.24964826	-0.34051168	-0.36489537	-0.2800444	-0.3115552	-0.3368871	-0.39101967	-0.35337654	-0.36671406	-0.32571778	-0.32022533	-0.2852593	-0.3051756	-0.31864387	-0.34966597	-0.2815896	-0.3400824	-0.23115599	-0.306048	-0.2811134	-0.30986142	-0.27473488	-0.36434704	-0.29648733
embedding_0672	-0.41110212	-0.46817175	-0.45163035	-0.4371749	-0.41472393	-0.47980246	-0.4585401	-0.5092013	-0.45161933	-0.4928486	-0.5211945	-0.4516663	-0.46933597	-0.5091098	-0.48552123	-0.4570273	-0.46900767	-0.49797413	-0.41991484	-0.46240672	-0.47914708	-0.50397944	-0.32806244	-0.41493773	-0.47954047	-0.51313066	-0.43706033	-0.46871844	-0.44976872	-0.45665982	-0.4473728	-0.43030542	-0.4497707	-0.44251382	-0.4437275	-0.5013577	-0.46289146	-0.52152216	-0.5042567	-0.44726893	-0.44644728	-0.5192481	-0.5092164	-0.5393176	-0.4662603	-0.43553457	-0.47484967	-0.48106325	-0.46007523	-0.44570276	-0.4107279	-0.4514748	-0.45739722	-0.45657104	-0.45966014	-0.45185855	-0.40783796	-0.40877295	-0.40862587	-0.44297573	-0.4256579	-0.4754835	-0.36685586	-0.5073012	-0.42546922	-0.47012937	-0.46175268	-0.4290147	-0.48309323	-0.4406401	-0.5160812	-0.4431444	-0.47879955	-0.48871562	-0.49790958	-0.47219953	-0.45551452	-0.45432866	-0.5071061	-0.5172213	-0.45454103	-0.4036601	-0.46859232	-0.4232913	-0.47255972	-0.5000783	-0.49892327	-0.46724907
embedding_0673	0.11069936	0.06340892	0.21426596	0.107596	0.10365386	0.01992682	0.16140981	0.07793654	0.1069037	0.09254617	0.10266534	0.21706548	0.17281988	0.06938575	0.112715706	0.108298935	0.11227745	0.10331359	0.05469559	0.058183122	0.100303546	0.111185566	0.12257569	0.15697652	0.04742583	0.15437797	0.17620605	0.13278656	0.1433123	0.101577744	0.15394028	0.030748703	0.026700187	0.13271101	0.04528134	0.19194818	0.106845915	0.043095026	0.05926465	-0.0058868728	0.06554799	0.095021784	0.10690697	0.09306161	0.123886146	0.15014502	0.081070684	0.073887706	0.14337863	0.1352712	0.098577246	0.11140284	0.11247541	0.13271566	0.10248405	0.20805979	0.0995301	0.13209186	0.088143855	0.059310656	0.15221578	0.06496891	0.08069952	0.117753215	0.13294813	0.08637857	0.10476556	0.115755856	0.06464799	0.09275619	0.12367741	0.12032962	0.06603992	0.14892304	0.07329591	0.10093262	0.046037886	0.06369136	0.04889689	0.14264292	0.15376298	0.15766948	0.13338591	0.03068935	0.11457854	0.08258672	0.026949422	0.11177422
embedding_0674	-0.15065698	-0.10501326	-0.11412955	-0.13146096	-0.23050946	-0.09504098	-0.13267404	0.011217125	-0.093640864	0.0019744115	-0.15548979	-0.1267669	-0.09197574	-0.10826787	-0.1381231	-0.1435531	-0.0760907	-0.091229774	-0.07930783	-0.118120156	-0.06721814	-0.1961328	-0.14161812	-0.14236309	-0.24150316	-0.1007108	-0.070323795	-0.18266475	-0.0836097	-0.08876048	-0.1218648	-0.08518652	-0.11813056	-0.11428017	-0.12067678	-0.10703773	-0.13800892	-0.13697408	-0.11141734	-0.15011063	-0.108646445	-0.09970529	-0.08385517	-0.057058968	-0.019670177	-0.17060019	-0.16599333	-0.066048704	-0.15863821	-0.14184771	-0.025524152	-0.121283956	-0.03611776	-0.054854073	-0.102740705	-0.0748224	-0.116679706	-0.14367338	-0.13297102	-0.10737566	-0.060923416	-0.15150443	-0.096186005	-0.12148553	-0.12971371	-0.15248044	-0.09615312	-0.15521327	-0.14864366	-0.034329712	-0.1402529	-0.13782829	-0.11523594	-0.020572785	-0.0797551	-0.14154948	-0.08820505	0.039670136	-0.17887986	-0.12282697	-0.088098064	-0.15815033	-0.115949914	-0.06739426	-0.12643637	-0.1405136	-0.08003514	-0.11803786
embedding_0675	-0.14489517	-0.14128251	-0.16682157	-0.18131343	-0.11781812	-0.1978646	-0.1754544	-0.24540938	-0.16586553	-0.28098434	-0.21331418	-0.09456201	-0.1808296	-0.19207832	-0.16695337	-0.18156223	-0.23377416	-0.20736727	-0.20982173	-0.2380175	-0.19202493	-0.16035022	-0.12188715	-0.124735504	-0.28139496	-0.11694429	-0.09565841	-0.14457808	-0.24296962	-0.18241891	-0.15943399	-0.19218661	-0.17730711	-0.16942936	-0.20509645	-0.1508449	-0.11486846	-0.3089899	-0.19713506	-0.22388628	-0.24660197	-0.12226347	-0.19614281	-0.2429426	-0.16379224	-0.119100936	-0.20158012	-0.2176133	-0.21864599	-0.11732036	-0.14648686	-0.19516635	-0.14110889	-0.1481137	-0.17482877	-0.18358259	-0.12142097	-0.17611456	-0.11622621	-0.18983576	-0.1501988	-0.14365144	-0.19644235	-0.17326762	-0.17086747	-0.21215147	-0.1941957	-0.18767734	-0.21933228	-0.2666589	-0.22131601	-0.22863477	-0.18816474	-0.14457594	-0.16438259	-0.18090808	-0.14639316	-0.13843976	-0.24092609	-0.1631361	-0.22316493	-0.09772437	-0.2200569	-0.19668895	-0.18775046	-0.26101288	-0.23923722	-0.20857766
embedding_0676	-0.4590016	-0.2945643	-0.37199852	-0.35357264	-0.43779758	-0.37541655	-0.41718778	-0.29024073	-0.35340676	-0.28476194	-0.37542003	-0.3296981	-0.40613708	-0.32411358	-0.36126694	-0.38792413	-0.35156175	-0.3303695	-0.31983015	-0.35630384	-0.29324242	-0.44851792	-0.390447	-0.3821058	-0.41949522	-0.36092532	-0.48080215	-0.41792303	-0.3292686	-0.325985	-0.32448167	-0.3486852	-0.3694924	-0.406066	-0.3875147	-0.459406	-0.40768155	-0.33348766	-0.35219675	-0.36334935	-0.3230663	-0.30170175	-0.37048846	-0.28210276	-0.31269538	-0.40163395	-0.3833673	-0.30910495	-0.3511751	-0.42167208	-0.3422383	-0.36175346	-0.33116788	-0.38954428	-0.4238411	-0.31912303	-0.35234928	-0.37486914	-0.36456951	-0.36385226	-0.3422972	-0.30527782	-0.34208208	-0.3556359	-0.39325336	-0.43828973	-0.35765916	-0.40292603	-0.3914435	-0.33464384	-0.31704485	-0.4333173	-0.3556291	-0.3138728	-0.33932498	-0.38240382	-0.33589223	-0.3118719	-0.3988091	-0.37621948	-0.3219729	-0.41853768	-0.36881337	-0.37026995	-0.3310805	-0.3840249	-0.3514118	-0.3707581
embedding_0677	0.47937584	0.3709648	0.49204627	0.42325652	0.43864524	0.36399648	0.46597332	0.33875304	0.40701956	0.27014795	0.35303032	0.53050256	0.43090963	0.32216316	0.40730062	0.33708206	0.39580682	0.3946943	0.39311212	0.31264308	0.39185292	0.35249344	0.4119518	0.40787193	0.34019956	0.44384876	0.48493066	0.48785043	0.3654529	0.37816215	0.41008866	0.29792902	0.3242905	0.40364385	0.33549654	0.506325	0.43428934	0.29897913	0.3101378	0.22895305	0.3351603	0.48358485	0.35732716	0.37971735	0.37061182	0.48685837	0.39249885	0.3407829	0.44139123	0.51389956	0.36235115	0.37401363	0.46124777	0.35091597	0.33952945	0.3782163	0.41570234	0.40853485	0.3210226	0.34915474	0.46707413	0.409515	0.32750413	0.39076078	0.38782245	0.40410376	0.38773635	0.3855139	0.310961	0.24486694	0.36144048	0.36772263	0.2930899	0.33604312	0.41241318	0.33185336	0.35044882	0.30862325	0.31395465	0.41605014	0.36034507	0.45860487	0.3706128	0.3039867	0.3650249	0.26745927	0.29446787	0.36753178
embedding_0678	-0.8764621	-0.8980646	-0.9288751	-0.8592874	-0.8227708	-0.804743	-0.8642055	-0.8345811	-0.915764	-0.82081705	-0.8731368	-0.95360893	-0.90792257	-0.815289	-0.887928	-0.8045643	-0.9348118	-0.86596864	-0.9237629	-0.8205401	-0.917683	-0.9000801	-0.8404484	-0.90101844	-0.80034477	-0.8846112	-0.90140647	-0.8154887	-0.89345676	-0.84940237	-0.90263814	-0.83265233	-0.82248896	-0.8229036	-0.84425515	-0.9142135	-0.88157964	-0.7882339	-0.8328682	-0.81623924	-0.8608928	-0.8784961	-0.87080926	-0.82868516	-0.869899	-0.9029052	-0.8900961	-0.83380085	-0.90306044	-0.8313335	-0.9344531	-0.89572823	-0.8696577	-0.8741546	-0.7783096	-0.9412862	-0.8561157	-0.8998379	-0.78779596	-0.9095832	-0.9782753	-0.88499844	-0.87765735	-0.86833036	-0.92699355	-0.86087906	-0.8606771	-0.8624068	-0.8639801	-0.90684116	-0.813262	-0.8482802	-0.8471765	-0.9419705	-0.87665033	-0.89095867	-0.8658976	-0.8896128	-0.8459314	-0.8338479	-0.9219325	-0.9682296	-0.9255219	-0.84268403	-0.8512047	-0.8569617	-0.81717545	-0.89278793
embedding_0679	-0.34266716	-0.32492608	-0.3028827	-0.32801908	-0.2942677	-0.2627055	-0.30180222	-0.29036662	-0.2219539	-0.28282458	-0.2547927	-0.2660947	-0.28886557	-0.25668567	-0.26250428	-0.2679075	-0.31288135	-0.22026052	-0.26536018	-0.20676027	-0.23773964	-0.2087696	-0.31963	-0.29040778	-0.21824205	-0.30342773	-0.26584408	-0.3618437	-0.27981237	-0.27610266	-0.26081732	-0.33431676	-0.2985434	-0.29995733	-0.2712386	-0.2194358	-0.2167683	-0.2902555	-0.27819183	-0.2692744	-0.19814898	-0.26219988	-0.20201793	-0.20292783	-0.30504197	-0.18892285	-0.243569	-0.21534982	-0.28589603	-0.29217604	-0.2425229	-0.27571687	-0.2796394	-0.33981624	-0.26929423	-0.28666443	-0.24730782	-0.31461522	-0.2664171	-0.2569056	-0.2638678	-0.30765948	-0.15994625	-0.23793209	-0.2733119	-0.26155326	-0.30064815	-0.23381177	-0.21535787	-0.29096857	-0.24518685	-0.23910818	-0.27133116	-0.27825606	-0.22838025	-0.24201183	-0.27762598	-0.2732852	-0.27960756	-0.27178606	-0.28108567	-0.22254512	-0.29414913	-0.28981754	-0.24860837	-0.29393333	-0.26935098	-0.3025735
embedding_0680	-0.49457788	-0.39721376	-0.451041	-0.44203466	-0.5337801	-0.46215713	-0.46440947	-0.31283337	-0.44599757	-0.30493516	-0.411137	-0.3846476	-0.45749652	-0.33045554	-0.4400491	-0.43270478	-0.38394123	-0.3706933	-0.4132065	-0.4355477	-0.3720454	-0.39660147	-0.45290938	-0.4510591	-0.41088212	-0.39199904	-0.53695273	-0.43488064	-0.4902475	-0.42537078	-0.43121946	-0.39621532	-0.40953138	-0.4646767	-0.38587403	-0.43247023	-0.4632231	-0.46163285	-0.43417412	-0.4632936	-0.41672647	-0.41076955	-0.39624745	-0.36584243	-0.39405856	-0.4367747	-0.44516113	-0.41153535	-0.46090645	-0.47763434	-0.40684068	-0.41571042	-0.36494154	-0.4305066	-0.43313056	-0.40279937	-0.5011928	-0.45204455	-0.40279886	-0.4026589	-0.4192584	-0.3892545	-0.4163783	-0.3615067	-0.5355185	-0.4651819	-0.43492132	-0.47679958	-0.4456233	-0.42124233	-0.44580296	-0.47647142	-0.42048967	-0.29803315	-0.3992085	-0.43238345	-0.41680658	-0.36760497	-0.50051886	-0.4278139	-0.41709042	-0.47831535	-0.45644438	-0.4451441	-0.4356163	-0.43777192	-0.4927759	-0.46095717
embedding_0681	-0.4030428	-0.39889783	-0.39530605	-0.332932	-0.3138426	-0.31071296	-0.44797835	-0.47925204	-0.4094943	-0.44079012	-0.43674472	-0.3190217	-0.4240086	-0.40764174	-0.39161387	-0.38918802	-0.4484924	-0.48018464	-0.33713698	-0.37645555	-0.39964086	-0.3710369	-0.36942738	-0.38706484	-0.4291322	-0.43470836	-0.36608306	-0.37113938	-0.33121145	-0.3738214	-0.40570277	-0.3939156	-0.45959294	-0.37863472	-0.37840378	-0.38952038	-0.3364396	-0.4110373	-0.38818502	-0.30140653	-0.36052045	-0.32205284	-0.40937835	-0.4940275	-0.41568717	-0.44888124	-0.38306844	-0.35715178	-0.45878235	-0.30421504	-0.36496913	-0.42724344	-0.41998538	-0.38794667	-0.33512425	-0.42584914	-0.34113884	-0.36442533	-0.33021358	-0.37452182	-0.39532775	-0.38520673	-0.41080272	-0.40502042	-0.26626918	-0.3380625	-0.39563057	-0.38785127	-0.40370914	-0.42444843	-0.3038454	-0.40421423	-0.33282417	-0.4415473	-0.39617118	-0.3962306	-0.36272383	-0.37093595	-0.31079957	-0.35917845	-0.39233768	-0.31762558	-0.39749527	-0.38110197	-0.3662414	-0.38513932	-0.32437938	-0.38721973
embedding_0682	-0.044782575	-0.04705882	-0.085973635	-0.06286644	-0.037333664	-0.005719579	-0.08563591	-0.038394693	-0.08020295	-0.10809954	-0.0912032	-0.050466403	-0.05772068	-0.049875543	-0.073418684	-0.057874437	-0.054637183	-0.07309331	-0.07424682	-0.05762413	-0.026205037	-0.049966086	-0.069904186	-0.073254816	-0.050136376	-0.028219668	-0.048838764	-0.10535137	-0.050484493	-0.03410036	-0.09219136	-0.06611066	-0.03743035	-0.09762033	-0.08417931	-0.08343296	-0.066284955	-0.054560713	-0.06350965	-0.0043620807	-0.059457585	-0.08851404	-0.015620135	-0.08693874	-0.0930293	-0.09164218	-0.04246585	-0.011760564	-0.1262448	-0.07777982	-0.08118075	-0.09108086	-0.049007457	-0.10141404	-0.00068227504	-0.089653745	-0.064976335	-0.022448275	-0.05000494	-0.06824367	-0.12714069	-0.0141160935	-0.05526474	-0.04306661	-0.12642576	-0.08008907	-0.06541446	-0.07998537	-0.05957991	-0.105559595	-0.04705935	-0.06344919	-0.027758885	-0.08131081	-0.01405917	-0.068128355	-0.07808037	-0.08113919	-0.09630082	-0.06628235	-0.06740023	-0.0925163	-0.055535592	-0.06937569	-0.07389379	-0.038735908	-0.059127938	-0.09945406
embedding_0683	0.37252668	0.34284303	0.5110392	0.43259445	0.46725225	0.23172823	0.4123498	0.33502248	0.40495002	0.30203316	0.38608873	0.44109884	0.37963137	0.3752092	0.4111517	0.39622095	0.35350934	0.358084	0.41508567	0.37233004	0.41089153	0.40673938	0.41601163	0.42026618	0.39031327	0.40558487	0.42883706	0.41386253	0.4875725	0.38957536	0.4553826	0.34164852	0.35615143	0.42407474	0.35748157	0.47676688	0.39999366	0.30586326	0.3182364	0.32601142	0.41879287	0.37002638	0.37157872	0.32396564	0.3403285	0.43572047	0.41908464	0.37876832	0.44162518	0.4172991	0.3798563	0.3972549	0.36199948	0.3639856	0.36550415	0.41388336	0.5039977	0.41066542	0.3463232	0.3918713	0.45291385	0.36714098	0.39267763	0.4434842	0.45032305	0.39925048	0.39817423	0.41429728	0.39392108	0.38809428	0.40794778	0.35340217	0.33092597	0.4632047	0.34418848	0.42819387	0.3519601	0.3342582	0.30316308	0.41818395	0.4170023	0.47070527	0.44352886	0.40206888	0.39280406	0.41049364	0.29836118	0.40821227
embedding_0684	-0.44684735	-0.4478325	-0.5336594	-0.47290975	-0.6528859	-0.4661001	-0.48683658	-0.5377337	-0.5508578	-0.43470433	-0.562188	-0.39243242	-0.4426621	-0.5679566	-0.5680435	-0.5595822	-0.42829144	-0.58963984	-0.52444464	-0.6043207	-0.55273736	-0.527494	-0.58383155	-0.51874626	-0.62835807	-0.4938973	-0.67968607	-0.46099204	-0.6413403	-0.51131386	-0.53686947	-0.47650293	-0.5112672	-0.4919549	-0.47643605	-0.56095105	-0.6165083	-0.49714717	-0.51254356	-0.4539436	-0.66091037	-0.35812327	-0.5633241	-0.547454	-0.39014256	-0.628104	-0.592792	-0.573122	-0.5047815	-0.53393966	-0.48849973	-0.47384733	-0.4050088	-0.42565686	-0.58575624	-0.36522365	-0.591919	-0.56512904	-0.57708067	-0.48039562	-0.44496256	-0.4527951	-0.6552381	-0.5703686	-0.5550025	-0.50568193	-0.5400267	-0.557607	-0.59527206	-0.49144575	-0.5011997	-0.6049972	-0.48754388	-0.39930168	-0.52215225	-0.55535	-0.480331	-0.48775876	-0.48886272	-0.5529016	-0.46326318	-0.5974101	-0.46495393	-0.55352336	-0.49002096	-0.5200629	-0.5472033	-0.4802114
embedding_0685	0.38510007	0.31182113	0.32107738	0.3602944	0.39676288	0.3913541	0.32911968	0.29959726	0.31079677	0.29245874	0.30395243	0.22931767	0.38178188	0.2542285	0.32446432	0.39407715	0.36917025	0.2926663	0.27385104	0.35182914	0.26488835	0.37167773	0.41154006	0.31294823	0.4487377	0.30387032	0.37134162	0.44047195	0.32268885	0.33746156	0.30975926	0.37857473	0.36153644	0.36153996	0.33547568	0.2747684	0.28357404	0.36791524	0.32578588	0.32063088	0.28176	0.29114962	0.25010914	0.2959557	0.30371377	0.2840603	0.34400007	0.29401922	0.42008093	0.34963676	0.24409625	0.36156204	0.26345453	0.34852606	0.38909397	0.3620041	0.35733464	0.36428863	0.26846856	0.3267858	0.272319	0.31055543	0.2892208	0.3678728	0.33848533	0.38418967	0.2910212	0.33049473	0.34792405	0.28531092	0.28229445	0.34617004	0.27925506	0.23328945	0.3432135	0.36256272	0.3182297	0.19421649	0.39327773	0.3213632	0.3157906	0.3298264	0.3284576	0.35971177	0.3369027	0.35385883	0.36255828	0.3558807
embedding_0686	-0.7828934	-0.6955285	-0.70593756	-0.7226538	-0.72159296	-0.64290255	-0.66569805	-0.6710458	-0.63683456	-0.7157171	-0.6803915	-0.6930522	-0.7022723	-0.6182753	-0.67541707	-0.70473933	-0.67487127	-0.6245504	-0.592321	-0.65688103	-0.6317255	-0.6828769	-0.74227935	-0.72240573	-0.6853619	-0.672805	-0.7038354	-0.74020374	-0.69134736	-0.695672	-0.6988108	-0.68354523	-0.68893033	-0.70275503	-0.63495034	-0.65196145	-0.659829	-0.6589407	-0.66173047	-0.6443787	-0.6424766	-0.65020686	-0.663752	-0.61335987	-0.69316375	-0.66878897	-0.66863555	-0.6600025	-0.72098875	-0.6801891	-0.6421529	-0.69372594	-0.6869391	-0.71934515	-0.6659028	-0.7467791	-0.7350286	-0.7495376	-0.63456696	-0.6964058	-0.71889496	-0.6945125	-0.6616296	-0.6723021	-0.72594625	-0.70462453	-0.64946324	-0.74029255	-0.700227	-0.6853607	-0.6447679	-0.683936	-0.6924551	-0.63550615	-0.65468544	-0.7275692	-0.68827534	-0.63518053	-0.6841788	-0.69640523	-0.6400107	-0.6792267	-0.7144946	-0.6551202	-0.67366093	-0.70902497	-0.66887623	-0.71388197
embedding_0687	0.6169315	0.4116269	0.4807944	0.43783545	0.36901665	0.5065908	0.5338226	0.34614623	0.4825419	0.3464984	0.39057425	0.47163105	0.5731853	0.34624368	0.357844	0.3792672	0.45074764	0.3503593	0.38219377	0.3522649	0.3058972	0.45459402	0.44550595	0.3772791	0.4576553	0.46787694	0.43343237	0.4964403	0.30164027	0.4047937	0.40232816	0.43650255	0.5401651	0.4324713	0.4223397	0.45532882	0.3686386	0.41842723	0.3663269	0.46470496	0.30996308	0.3907421	0.37959293	0.2742007	0.46016964	0.44080076	0.42670584	0.32064283	0.4740564	0.38729036	0.3757103	0.4264381	0.43364543	0.4509251	0.33178377	0.47776467	0.41799575	0.3980358	0.31793708	0.45320177	0.43499997	0.41353026	0.2886312	0.37740916	0.4161312	0.456544	0.3943131	0.37881172	0.3981993	0.39898652	0.30846944	0.48283625	0.36945316	0.38061413	0.40126497	0.38847739	0.4326156	0.3520713	0.46141168	0.40099517	0.4080375	0.41828948	0.4514613	0.35302055	0.4176731	0.44663954	0.32303604	0.46508706
embedding_0688	-0.4111096	-0.43971425	-0.403595	-0.45520768	-0.36718822	-0.39329863	-0.34674966	-0.5223036	-0.3667216	-0.53319246	-0.385048	-0.3912846	-0.41123924	-0.3969179	-0.43420586	-0.3669775	-0.45597062	-0.41324866	-0.4695513	-0.44965944	-0.45010343	-0.4105712	-0.3761835	-0.405155	-0.46783662	-0.42849156	-0.3122434	-0.37696284	-0.48677698	-0.4299785	-0.44360968	-0.49151653	-0.46164715	-0.42964476	-0.4475334	-0.34628263	-0.37925825	-0.44867685	-0.37808314	-0.48422417	-0.46347538	-0.38630697	-0.42384598	-0.42876115	-0.44992536	-0.392045	-0.40026852	-0.45212254	-0.42295024	-0.41653174	-0.4280989	-0.4267959	-0.3843259	-0.46358517	-0.45419756	-0.4744442	-0.42149773	-0.4537081	-0.41069046	-0.45267326	-0.43566608	-0.42884123	-0.47423282	-0.4395569	-0.40218678	-0.41903025	-0.41764697	-0.41214642	-0.4317166	-0.49681428	-0.40097734	-0.40147775	-0.42085636	-0.48044875	-0.39693165	-0.44568703	-0.41963312	-0.36917582	-0.47915417	-0.402148	-0.46593076	-0.36841103	-0.43654168	-0.41212255	-0.4478806	-0.44740596	-0.44487822	-0.40573588
embedding_0689	0.8696281	0.862902	0.8936133	0.8843536	0.877716	0.8503466	0.9540619	0.9079193	0.9508531	0.893036	0.87750244	0.8073424	0.96743894	0.86160594	0.90648794	0.95686156	0.92584115	0.88881356	0.94224626	0.9279905	0.926556	0.95275843	0.87789637	0.90097255	0.9372816	0.8882437	0.93178064	0.89258456	0.90505385	0.88719416	0.9615636	0.95375896	0.9575192	0.92187196	0.9252235	0.88102734	0.8909118	0.91962045	0.91277796	0.9179774	0.8614288	0.83219147	0.9202523	0.88495535	0.8698983	0.93364716	0.9400659	0.8763473	0.95462716	0.8741473	0.91572374	0.9307945	0.85907906	0.88720244	0.904381	0.90915155	1.0255188	0.87990457	0.8820711	0.8948803	0.85244787	0.7857951	0.9068441	1.0013425	0.9186416	0.86663854	0.8985875	0.9096597	0.92110157	0.99942136	0.93066883	0.9385936	0.8633768	0.94093925	0.9405009	0.9353949	0.91658753	0.842078	0.8788978	0.94146776	0.93282336	0.87655115	0.9065941	0.9538473	0.9577987	0.9078996	0.9169991	0.8627318
embedding_0690	0.16758747	0.2956891	0.31788605	0.35177502	0.3764228	0.22246902	0.2564125	0.32385728	0.31544325	0.39517477	0.31721115	0.2278461	0.2566312	0.31134644	0.3472843	0.3527283	0.22527306	0.2581715	0.3605858	0.38429105	0.3457024	0.3572849	0.21888487	0.26169464	0.34392852	0.29521036	0.28711858	0.2816563	0.34043235	0.343403	0.34361887	0.35728255	0.26391524	0.36002317	0.36323035	0.32641554	0.30983374	0.38498873	0.35190403	0.36204645	0.3120361	0.29226285	0.3376897	0.36141685	0.29967225	0.23981874	0.31628972	0.37239936	0.3011617	0.27855852	0.30450895	0.32456917	0.26205435	0.33481678	0.403914	0.27945688	0.4268362	0.21949358	0.31688768	0.30910853	0.28639123	0.23770405	0.31126457	0.3425179	0.3925234	0.37169108	0.31861243	0.33044448	0.3748194	0.40456018	0.3775851	0.27010256	0.33012903	0.34516445	0.30237705	0.38876742	0.35081327	0.34118396	0.3623778	0.37662712	0.3189396	0.29730096	0.36715752	0.3967885	0.36890337	0.36791554	0.3396566	0.34661517
embedding_0691	0.2296691	0.26041704	0.17510098	0.25326473	0.26736987	0.23841302	0.21919723	0.28372377	0.15124448	0.25582397	0.24480753	0.1998013	0.21476144	0.24626501	0.24502316	0.3048166	0.19924724	0.24199045	0.26644608	0.27143183	0.21189846	0.23062825	0.22834104	0.20589647	0.33832577	0.22324102	0.2358486	0.29769295	0.25929663	0.2807973	0.21906886	0.29532868	0.2886951	0.22422753	0.25369087	0.21925664	0.19760883	0.33191636	0.1902712	0.30877557	0.3049231	0.30350164	0.21420194	0.26018867	0.2440397	0.15649007	0.23917581	0.2723396	0.30972865	0.28173596	0.20808484	0.20198637	0.19976391	0.20348024	0.25341126	0.28098205	0.24407527	0.2559774	0.2358982	0.24328406	0.18978849	0.23440509	0.23602104	0.29522377	0.25302717	0.23184536	0.25163525	0.24030471	0.24554478	0.22756189	0.3074544	0.29544717	0.29539376	0.19078027	0.23991726	0.2073712	0.19104594	0.17728399	0.32617453	0.22855805	0.22485739	0.22317015	0.22424474	0.23699002	0.25506482	0.30643106	0.2908294	0.2606412
embedding_0692	-0.39488575	-0.39689413	-0.39823472	-0.37110683	-0.3417685	-0.34263393	-0.44205144	-0.37212086	-0.46097046	-0.37570196	-0.39644596	-0.4105055	-0.3881273	-0.43009147	-0.40114865	-0.3946309	-0.4549457	-0.45625642	-0.42301977	-0.31345254	-0.42460328	-0.38535142	-0.39020243	-0.42817473	-0.2801793	-0.40756738	-0.42134342	-0.41842672	-0.36742607	-0.387958	-0.45820895	-0.34537053	-0.3664355	-0.4117609	-0.4149915	-0.45638412	-0.40657374	-0.3750981	-0.42568532	-0.27033523	-0.3713421	-0.40638307	-0.42901626	-0.45154083	-0.4196395	-0.43601266	-0.40574563	-0.33841044	-0.3994049	-0.3968358	-0.44723165	-0.43331483	-0.48717442	-0.38828555	-0.29347312	-0.4531047	-0.33068553	-0.35951465	-0.35838813	-0.38028166	-0.447148	-0.39999568	-0.388836	-0.36576858	-0.40322724	-0.344247	-0.40143615	-0.41784066	-0.35523826	-0.38042563	-0.40961435	-0.3781437	-0.35829195	-0.47620144	-0.4362213	-0.37356538	-0.43287408	-0.46419165	-0.31124988	-0.41307965	-0.39933738	-0.3653613	-0.39340487	-0.35648352	-0.3988569	-0.32151398	-0.39553133	-0.376878
embedding_0693	0.71538144	0.71145076	0.6601559	0.7372495	0.67532593	0.6002842	0.6784047	0.66866446	0.77103615	0.71073467	0.6828845	0.82934815	0.6741395	0.72278017	0.7351915	0.70367336	0.7286731	0.674692	0.6988747	0.65582794	0.7110045	0.7059469	0.7007692	0.7408735	0.5928311	0.74980766	0.8013347	0.71954215	0.6763384	0.70970947	0.7101217	0.64241	0.61981094	0.71501213	0.680092	0.71284586	0.68605596	0.7051507	0.7239878	0.5652046	0.6070672	0.81852657	0.62846756	0.6244017	0.7696056	0.65325415	0.71926296	0.6908849	0.77121085	0.77158076	0.7016273	0.7419838	0.7533906	0.70379996	0.5860787	0.8048986	0.7571029	0.7177456	0.70951784	0.68898356	0.78372556	0.6718959	0.65376544	0.6577195	0.7521682	0.6546118	0.7252658	0.6847983	0.66641355	0.761478	0.7304655	0.6683616	0.7089348	0.80873007	0.6874984	0.6983309	0.68947667	0.67082787	0.60021144	0.7428021	0.73547095	0.7313921	0.7461124	0.68601656	0.6887102	0.6709167	0.641514	0.692012
embedding_0694	-0.07606941	-0.08176521	-0.025145961	-0.06410742	-0.044443287	-0.050980534	-0.07851831	-0.06134354	-0.075175084	-0.059134785	-0.07295719	-0.09299859	-0.07821352	-0.09788385	-0.02494144	-0.08922367	-0.07426473	-0.06480137	-0.060543902	-0.0493665	-0.023653626	-0.033927534	-0.07121726	-0.074871995	-0.0074086813	-0.08981147	-0.13806695	-0.06487992	0.034893446	-0.053005114	-0.009936804	-0.056692716	-0.031810615	-0.08481761	-0.08177919	-0.07060407	-0.056307852	-0.065652445	-0.12122098	0.019249456	0.031704973	-0.107226856	0.002842753	-0.059117697	-0.1473403	0.013530436	-0.03693292	-0.024830619	-0.059865735	-0.07651309	-0.16049215	-0.07610377	-0.121413134	-0.08230335	-0.03920871	-0.1257803	-0.019674797	-0.037771158	-0.1362821	-0.032455385	-0.07961312	-0.024597341	0.037910514	-0.047812656	-0.047313076	-0.057064015	-0.03145669	-0.0701226	-0.052783787	-0.09205334	-0.0411168	-0.038049653	-0.0998409	-0.10178616	-0.059514865	-0.049581103	-0.060333684	-0.10565763	-0.056671213	-0.07283537	-0.065872796	-0.078712195	-0.05044496	-0.08325799	-0.07315988	-0.025365395	-0.05017187	-0.08107771
embedding_0695	0.27364406	0.116638936	0.25130847	0.20256446	0.2915279	0.226141	0.33881333	0.20671108	0.25111294	0.16206494	0.27924296	0.28326458	0.35554278	0.25001752	0.20005687	0.24955349	0.25135428	0.26639584	0.18369514	0.21582475	0.21310681	0.25792047	0.2573392	0.2629535	0.30919462	0.2190104	0.3440226	0.24994177	0.20701304	0.21283817	0.24250396	0.18778506	0.24603324	0.20820749	0.16504617	0.26126528	0.2214794	0.2659991	0.22450696	0.19639422	0.21410678	0.19946305	0.2510329	0.21084394	0.21800835	0.29473728	0.27236438	0.24988255	0.2812215	0.24605113	0.20816694	0.28784576	0.21995991	0.20683058	0.21946365	0.29735538	0.2839742	0.25562862	0.21011117	0.2061164	0.22362572	0.18459393	0.2328365	0.223972	0.23864521	0.23731145	0.24761936	0.23167886	0.31007215	0.24815692	0.20532773	0.29394123	0.21101974	0.22939642	0.25632113	0.28008294	0.21957266	0.1822109	0.23127332	0.256369	0.22515818	0.2412246	0.2709064	0.2335707	0.23309176	0.27041668	0.1647124	0.2785836
embedding_0696	-0.48305473	-0.44835174	-0.5525218	-0.4824393	-0.5491781	-0.474928	-0.5046486	-0.4782973	-0.52243227	-0.38900426	-0.5039875	-0.56642073	-0.5436876	-0.5032113	-0.5530187	-0.5431827	-0.4059606	-0.50908846	-0.5107568	-0.52112687	-0.4930141	-0.54087913	-0.43893057	-0.4584603	-0.486568	-0.5321954	-0.6643192	-0.5036317	-0.54441345	-0.52092093	-0.49601653	-0.4452071	-0.40792578	-0.5093972	-0.48167512	-0.61020833	-0.5623747	-0.47027448	-0.4773651	-0.46287906	-0.47779405	-0.501415	-0.49818897	-0.43766814	-0.43293884	-0.56313145	-0.5231497	-0.5441844	-0.5000518	-0.5290712	-0.4650791	-0.4722316	-0.44870907	-0.42736572	-0.5070945	-0.49525174	-0.618331	-0.536489	-0.48215547	-0.4481292	-0.4691714	-0.4672985	-0.49927077	-0.502709	-0.54821074	-0.5266985	-0.5068395	-0.4787332	-0.52525216	-0.44844952	-0.5066757	-0.5131713	-0.4986269	-0.4275549	-0.46682903	-0.52258	-0.45468718	-0.440616	-0.48356012	-0.55077124	-0.48976675	-0.58162373	-0.5196876	-0.42770392	-0.5007256	-0.5335499	-0.45445368	-0.5205963
embedding_0697	-0.4392286	-0.46414664	-0.47420487	-0.42903784	-0.4696419	-0.45313382	-0.4669958	-0.48457757	-0.5146526	-0.49125755	-0.47049132	-0.4716671	-0.499269	-0.44217148	-0.43016163	-0.43463942	-0.4913952	-0.4626694	-0.42302942	-0.44499487	-0.4947348	-0.46703187	-0.45869562	-0.4692218	-0.4751638	-0.43171883	-0.39447108	-0.43352273	-0.499171	-0.4327278	-0.47661027	-0.46641386	-0.46439636	-0.4520453	-0.469796	-0.44665855	-0.4734604	-0.41603345	-0.4758796	-0.5384451	-0.47992265	-0.5004392	-0.45062912	-0.46378464	-0.4695508	-0.45763242	-0.45180175	-0.43135092	-0.44212434	-0.45018482	-0.4792167	-0.4618022	-0.456984	-0.44184816	-0.49623084	-0.48755217	-0.40741965	-0.47076568	-0.48861697	-0.48657417	-0.43467307	-0.43480536	-0.44966167	-0.44565192	-0.46012682	-0.41680062	-0.463343	-0.45504165	-0.44633824	-0.4399915	-0.47347626	-0.45731473	-0.4530673	-0.49428073	-0.43965936	-0.4571716	-0.49671352	-0.46508127	-0.4787855	-0.4478686	-0.47961378	-0.47087735	-0.44567615	-0.4435898	-0.45124066	-0.45418206	-0.47205752	-0.43389365
embedding_0698	0.2963357	0.31176788	0.32380092	0.33977428	0.3719163	0.22563152	0.3201687	0.35337478	0.367519	0.2992948	0.36268306	0.28947654	0.34579268	0.34381083	0.33825195	0.40621337	0.289635	0.3857401	0.41071838	0.35198587	0.31060264	0.4340768	0.3636433	0.3166169	0.41769195	0.3402043	0.4216024	0.3746716	0.3147141	0.3329387	0.3660122	0.33160388	0.30947575	0.4311197	0.40539724	0.41132054	0.36940858	0.28417203	0.36308905	0.2967307	0.35736787	0.24026918	0.413848	0.34948328	0.2630432	0.4210409	0.36823505	0.29432526	0.33886382	0.37705848	0.3110581	0.35740954	0.32424906	0.33132467	0.4244257	0.31795505	0.4315089	0.32107958	0.41134515	0.36801863	0.36830115	0.30609488	0.32643914	0.4125992	0.36665186	0.39832175	0.3544794	0.3628461	0.3813328	0.3886396	0.33768255	0.30533272	0.32186714	0.3935612	0.31526393	0.42177132	0.31870994	0.34491652	0.32426715	0.450696	0.31491488	0.42013252	0.34455922	0.37254614	0.3486244	0.42799297	0.27836522	0.3695557
embedding_0699	0.061601512	0.05567978	0.10163282	0.059458233	0.062338706	0.015606322	0.11822852	0.00272765	0.10331055	0.014007501	0.07410857	0.06185351	0.0615946	-0.004895729	0.06474768	0.055887487	0.05603927	0.046480004	-0.010763803	0.003854243	-0.015843412	0.0448729	0.09008764	0.057229478	0.005061779	0.10901365	0.10341937	0.118687905	0.017234933	-0.009551841	0.06394028	-0.019814879	-0.03262534	0.08384345	0.022561712	0.10911889	0.06205416	-0.044513024	0.042504907	0.02095413	-0.020179821	0.064875074	0.011550609	0.0032373026	0.011980123	0.047314174	0.035909697	-0.03808506	0.08741373	0.10064561	0.04407553	0.057241946	0.011922413	0.081195146	0.024111899	0.093162194	-0.080259435	0.03740729	0.073300116	0.007402305	0.05462819	0.06908537	-0.014127878	-0.020652577	0.02685664	-0.0027634727	0.05373126	0.03618394	-0.018091239	-0.055577707	0.03470062	0.049811777	0.07177549	0.0515249	-0.0042305673	0.01376328	0.025626913	0.011041838	0.016291743	0.08487977	0.055549517	0.06410069	-0.01058187	-0.025239604	0.029389294	-0.0076163574	0.019840995	0.037182473
embedding_0700	0.36621866	0.49120897	0.42492342	0.41190958	0.4291406	0.36151302	0.42008308	0.3759936	0.49883017	0.3786591	0.33681515	0.44127837	0.44716793	0.46090868	0.41949388	0.3982809	0.42423457	0.47007045	0.48954347	0.4701429	0.5040555	0.4215809	0.37729055	0.4155212	0.36535782	0.43661764	0.50609416	0.3514499	0.44722214	0.41643593	0.52605146	0.43884832	0.3934477	0.3823988	0.3921381	0.44964913	0.49207792	0.4120387	0.45339346	0.3550698	0.41997412	0.50227034	0.468558	0.4664264	0.403157	0.54753566	0.47152188	0.48594794	0.48255083	0.43379933	0.40367132	0.4590578	0.42490786	0.3574285	0.40816167	0.44442573	0.5983519	0.4359235	0.4029093	0.45290172	0.5194413	0.46812177	0.5080851	0.40080106	0.47192448	0.41797763	0.4888055	0.4541012	0.43381226	0.46065414	0.45472243	0.4175089	0.42140648	0.5108638	0.45802784	0.44372302	0.4555913	0.5084379	0.37174398	0.4785403	0.44428828	0.52281094	0.44150057	0.5122676	0.45358625	0.40428337	0.4237348	0.40604982
embedding_0701	0.3557178	0.30897516	0.29176405	0.2539711	0.34965605	0.258112	0.305377	0.33513293	0.2661743	0.25402623	0.28976655	0.24168985	0.4004041	0.26985276	0.29246637	0.2976892	0.331192	0.3143407	0.280432	0.28060383	0.2630848	0.29950464	0.3012994	0.3304058	0.33166212	0.30344957	0.35244545	0.26657906	0.27254832	0.259064	0.27449954	0.35007322	0.28436995	0.27335557	0.25406283	0.28892568	0.28866538	0.31493968	0.31203976	0.24110581	0.24023156	0.19994721	0.292203	0.277978	0.23556493	0.40218344	0.32582968	0.24197415	0.36122462	0.24656096	0.3150064	0.30711314	0.27618325	0.3364335	0.31541568	0.28642723	0.3461378	0.32658	0.27979624	0.2878387	0.3288769	0.26503083	0.2868058	0.30937102	0.29382598	0.3201185	0.30363292	0.29816344	0.33777034	0.3442041	0.20217612	0.31693754	0.2614223	0.28038082	0.26640305	0.3414715	0.3073683	0.23569179	0.3267393	0.2348403	0.2786681	0.36341697	0.30491522	0.31876385	0.2807517	0.2689238	0.28647375	0.3078279
embedding_0702	-0.3668765	-0.4597691	-0.3162001	-0.4201677	-0.39171275	-0.4571631	-0.3731783	-0.5261136	-0.40140635	-0.5148928	-0.50161904	-0.34604263	-0.2947626	-0.48796532	-0.41941118	-0.4477685	-0.37416497	-0.44671637	-0.38789117	-0.43016487	-0.369834	-0.38351804	-0.40493622	-0.38882467	-0.45984688	-0.42673752	-0.30010992	-0.46554306	-0.3239516	-0.40880805	-0.36275473	-0.45883808	-0.4507302	-0.41593352	-0.46122795	-0.31801355	-0.39569342	-0.49427554	-0.44979453	-0.473225	-0.4609889	-0.44367966	-0.4326302	-0.43857267	-0.42498294	-0.30917415	-0.37665507	-0.45634586	-0.35346478	-0.40200564	-0.38882062	-0.38677955	-0.4302004	-0.4665543	-0.4281612	-0.41285098	-0.34224153	-0.37938628	-0.5533629	-0.43019208	-0.37353128	-0.46446472	-0.3960401	-0.43453237	-0.34430334	-0.39585117	-0.42035407	-0.41034904	-0.42508185	-0.40645522	-0.45008093	-0.38756955	-0.4900991	-0.45072135	-0.37206307	-0.4124508	-0.40268454	-0.4880869	-0.4500246	-0.4091808	-0.39242828	-0.32386523	-0.34806702	-0.41065806	-0.40216097	-0.4414548	-0.46717432	-0.45060855
embedding_0703	0.20414612	0.21031007	0.13601564	0.18902141	0.14042489	0.2953244	0.17294462	0.28274587	0.22929901	0.19405209	0.22430417	0.10195226	0.21372905	0.22672716	0.18534811	0.17820035	0.2355446	0.24301364	0.22947927	0.21524195	0.23379818	0.20923758	0.19238226	0.20594504	0.22959566	0.19515137	0.15399048	0.2520604	0.19908659	0.16904499	0.20492108	0.21670459	0.24198107	0.20771953	0.23578532	0.17805694	0.20383868	0.2537557	0.24169998	0.24995165	0.22248036	0.2276922	0.26134366	0.22879958	0.16803941	0.27880168	0.22413155	0.19306523	0.24688286	0.20467432	0.16612382	0.20195058	0.18730478	0.20757058	0.25100374	0.19153894	0.11584105	0.21763395	0.16972591	0.23520775	0.22821106	0.24746433	0.21648331	0.19228928	0.19477426	0.25464326	0.21862544	0.21329114	0.19130531	0.20997258	0.16924964	0.22331586	0.21600424	0.13365737	0.23618884	0.19850074	0.2736189	0.24649568	0.22491649	0.15490915	0.2009807	0.20234144	0.18268996	0.18903516	0.20982395	0.20141383	0.23410903	0.21399267
embedding_0704	-0.045498952	0.039945804	-0.025374174	-0.006251215	-0.061017152	0.08292986	0.004886688	0.034809947	0.05255064	0.097678125	0.022404956	0.00413535	0.025775716	0.024107099	0.027259184	0.052636884	0.04475721	0.08073749	0.025273869	0.018800667	0.019648895	0.0739719	0.056620702	0.019514587	0.078242905	0.006013416	-0.024609216	4.1676544e-06	0.008424063	-0.0008380687	0.017308988	0.0006294606	0.04629018	0.028018765	0.061780673	0.012060528	0.02717031	0.013626843	0.03943502	0.048989203	0.054019183	0.020877091	0.07026967	0.036910392	-0.010624435	0.061412875	0.022083241	0.0048993137	0.020464227	0.052712105	0.019090544	0.024667697	0.025304355	0.011928817	0.03181558	0.044123292	-0.004061852	0.0063964427	0.00029234128	0.06157963	0.014176862	0.039473277	0.097397886	0.035102453	-0.0018867508	0.01366128	0.028855892	0.01711706	0.021371678	-0.0026576119	0.020119922	0.019379027	0.02464918	0.06649705	0.03595318	0.013031016	0.04268217	0.00025392076	-0.00125192	-0.019336008	0.003770569	0.020170992	0.0073625157	-0.054386847	0.008384715	0.020705095	0.0006706839	0.025872154
embedding_0705	-0.19488642	-0.22315401	-0.13169852	-0.18365918	-0.1719312	-0.17784591	-0.16245343	-0.16631852	-0.08353465	-0.09623382	-0.1508105	-0.09716083	-0.17527314	-0.08151399	-0.12482776	-0.20624928	-0.19877501	-0.13715677	-0.12797764	-0.12275522	-0.09732908	-0.16776857	-0.113546915	-0.14620583	-0.15237898	-0.14954615	-0.2139591	-0.17383267	-0.08660118	-0.10008748	-0.13874596	-0.13103728	-0.17571644	-0.13742617	-0.08828931	-0.12292046	-0.12362547	-0.14608946	-0.09265398	-0.06947239	-0.020218026	-0.068990596	-0.1955265	-0.10268949	-0.13447103	-0.1390322	-0.118452094	-0.10990875	-0.15816619	-0.14852706	-0.095439546	-0.14113674	-0.15061685	-0.18586203	-0.12313816	-0.066645004	-0.18516047	-0.10294562	-0.15760337	-0.12652403	-0.12388295	-0.16646653	-0.11340482	-0.12070455	-0.109730765	-0.17106315	-0.175558	-0.13657254	-0.12804359	-0.11149237	-0.10459712	-0.17269129	-0.15151988	-0.08900107	-0.124930196	-0.12709594	-0.14485276	-0.10323939	-0.13384923	-0.16831917	-0.0803103	-0.109493345	-0.13543735	-0.09993117	-0.13675448	-0.11222395	-0.10970521	-0.15231618
embedding_0706	0.16166073	0.23437232	0.1622524	0.2200627	0.28464186	0.20449086	0.14837082	0.26056418	0.13557497	0.25931248	0.2118227	0.11886175	0.16756494	0.1748181	0.21758561	0.23528542	0.14797598	0.20736209	0.16742028	0.27511987	0.19799115	0.16111237	0.2518538	0.22823712	0.23934619	0.19938965	0.21530227	0.15823887	0.26847535	0.18756725	0.14917333	0.25331417	0.23504323	0.24144287	0.22582157	0.15789755	0.21307541	0.2511494	0.19080012	0.25743538	0.20548037	0.14086851	0.21166965	0.24038294	0.1728081	0.18919952	0.20187044	0.24236292	0.21293847	0.24207145	0.20373398	0.19014546	0.15580541	0.21425097	0.34418482	0.139868	0.25988346	0.23045383	0.26999193	0.19903688	0.17483988	0.15539664	0.26584932	0.24205624	0.22410949	0.2596378	0.20599274	0.2608131	0.24771221	0.2111926	0.18411371	0.16988762	0.2532485	0.12753545	0.19343108	0.25458705	0.2325764	0.2275241	0.24445117	0.1858431	0.18355903	0.21350035	0.20247121	0.23640071	0.21607095	0.24121672	0.23439799	0.21328554
embedding_0707	-0.14597106	-0.14428096	-0.017584156	-0.044264235	0.009152085	-0.098322436	-0.054282203	-0.08904281	-0.016749041	0.00029632967	-0.011360783	-0.036950294	-0.09041261	-0.014748964	0.018649224	-0.0019351537	-0.14034866	0.0052858167	0.008993668	0.047253605	0.06267781	-0.020861788	0.044876385	-0.027830191	-0.05205655	-0.023925334	-0.052269947	-0.10301089	0.011548945	0.015712664	0.015155072	-0.039235704	-0.06800686	-0.05015409	-0.0015969763	-0.009835523	-0.013647715	-0.02408574	-0.0026828493	0.006955974	0.072337486	0.0027153862	-0.013009484	0.089631975	-0.029939502	0.03527828	-0.025772467	0.013929535	-0.035011146	-0.0065387357	-0.011007899	-0.005676077	-0.022399638	-0.05254426	0.07157472	-0.062736966	0.062657095	-0.012621613	0.048549682	-0.04920568	0.008410335	-0.096576855	0.08930582	0.01411615	-0.0018002185	-0.08518625	-0.032663893	0.047353387	0.03352048	0.0570774	0.021000465	-0.048622727	0.007511566	-0.028469536	-0.023333635	-0.008906541	-0.02855078	-0.0004874361	-0.07764756	-0.029773237	-0.031984195	0.0116346935	-0.021235377	0.040931102	-0.0128674405	-0.008538347	0.04163805	-0.04551918
embedding_0708	0.16059236	0.16407207	0.18090993	0.17873858	0.18815382	0.22240503	0.19047847	0.1576648	0.1811414	0.2543723	0.21703574	0.17599425	0.16326739	0.24178806	0.18617316	0.16510625	0.17941985	0.1995569	0.20286007	0.2144416	0.22786057	0.20613018	0.13189144	0.20468938	0.24907151	0.15108165	0.16117483	0.14895298	0.16692162	0.19718084	0.22214973	0.20939918	0.2079173	0.14974391	0.22553568	0.15859863	0.21214756	0.19385816	0.19535747	0.25127846	0.28029022	0.22122611	0.23312621	0.26490614	0.16418858	0.16977654	0.2355207	0.20928921	0.16416858	0.105786465	0.21674235	0.20987225	0.14597037	0.15491855	0.22488359	0.15569048	0.16228755	0.1942709	0.17759001	0.20079306	0.14720388	0.17967564	0.23298855	0.1976687	0.16123088	0.2058195	0.18914199	0.22425474	0.22439477	0.22232938	0.22902656	0.23184207	0.18176454	0.18941957	0.22751829	0.23025185	0.26771548	0.25347197	0.19491297	0.19990163	0.20263436	0.1719883	0.213733	0.21314593	0.20740336	0.2045531	0.24467713	0.1657786
embedding_0709	-0.339631	-0.40054223	-0.49342418	-0.3428887	-0.37685645	-0.33139154	-0.31940806	-0.32389852	-0.3412767	-0.34076124	-0.33540112	-0.3018264	-0.34982738	-0.35722584	-0.40973517	-0.3336303	-0.3632869	-0.391409	-0.3989242	-0.4122354	-0.44313067	-0.3957968	-0.3706656	-0.38428062	-0.41673	-0.36750183	-0.3794645	-0.3579126	-0.4335112	-0.34409922	-0.38420248	-0.29705465	-0.32657662	-0.34360325	-0.35063082	-0.42463914	-0.41729417	-0.2658239	-0.37256512	-0.29059252	-0.42668656	-0.32877675	-0.38553873	-0.4465508	-0.28273928	-0.5261813	-0.41101846	-0.3282466	-0.43097153	-0.3145587	-0.3530229	-0.3626856	-0.26935196	-0.3038344	-0.3573122	-0.29594913	-0.33613643	-0.4066706	-0.30126497	-0.38785017	-0.430327	-0.3893701	-0.45951366	-0.40631995	-0.38552582	-0.40079856	-0.36569628	-0.41413775	-0.35851538	-0.36248937	-0.33400136	-0.38736203	-0.2966953	-0.27949253	-0.37540266	-0.38202143	-0.3484678	-0.3873898	-0.28337136	-0.3285984	-0.37093553	-0.43933433	-0.36771712	-0.35824785	-0.35673073	-0.35735545	-0.35646817	-0.3249572
embedding_0710	-0.34508276	-0.39543936	-0.28575468	-0.43804294	-0.38651565	-0.3502099	-0.3528549	-0.43919912	-0.3690461	-0.43454364	-0.3527138	-0.3128043	-0.32178575	-0.3926914	-0.42760196	-0.44063574	-0.33676815	-0.3723624	-0.34129146	-0.42620936	-0.318175	-0.45754617	-0.38771746	-0.3586121	-0.4718604	-0.37730634	-0.41062334	-0.44243369	-0.41886926	-0.40463465	-0.37556297	-0.365462	-0.3641052	-0.4201807	-0.41661078	-0.4074121	-0.3958314	-0.4773963	-0.3889734	-0.36300024	-0.4271868	-0.2986412	-0.38676786	-0.32806057	-0.3124777	-0.32361618	-0.4192516	-0.40763405	-0.48682126	-0.4386186	-0.2767524	-0.40742233	-0.29688415	-0.34508756	-0.43167293	-0.46250808	-0.4468876	-0.3822542	-0.34397674	-0.41304582	-0.40557355	-0.33965912	-0.4586664	-0.4272562	-0.49856842	-0.4281376	-0.38605332	-0.4238455	-0.41555187	-0.4436318	-0.368514	-0.37041655	-0.37598833	-0.443008	-0.34803653	-0.43249273	-0.37619907	-0.34677982	-0.3864345	-0.46505442	-0.37146363	-0.4007696	-0.41785353	-0.3825054	-0.3525874	-0.53109294	-0.38280123	-0.40972584
embedding_0711	-0.1997704	-0.2545454	-0.15259814	-0.19020455	-0.17530513	-0.31605175	-0.16567929	-0.18910804	-0.18907695	-0.19084543	-0.16210493	-0.20055668	-0.27593955	-0.18294619	-0.2713342	-0.2020504	-0.23445249	-0.21293062	-0.18728197	-0.2275396	-0.2820891	-0.19176114	-0.10094453	-0.17336705	-0.22772017	-0.179569	-0.24870376	-0.17838837	-0.25012553	-0.18007396	-0.23963274	-0.18573518	-0.18413703	-0.16803312	-0.20339571	-0.20103176	-0.23139913	-0.27327108	-0.25005808	-0.29482165	-0.22712801	-0.28456652	-0.30144688	-0.23380934	-0.20456679	-0.20706776	-0.2425062	-0.25357115	-0.23777291	-0.2403602	-0.16984533	-0.24249014	-0.16942762	-0.16446431	-0.15587069	-0.21155618	-0.22732353	-0.2835727	-0.10686743	-0.25288138	-0.19122958	-0.23859107	-0.21942039	-0.17708181	-0.23964866	-0.29347596	-0.22659992	-0.25001326	-0.18206637	-0.1995452	-0.25744274	-0.21614534	-0.23167768	-0.11807878	-0.27628222	-0.2429459	-0.28448063	-0.22418049	-0.19356741	-0.21616217	-0.2300734	-0.24807662	-0.26117077	-0.23367698	-0.24592748	-0.27356952	-0.29098225	-0.18289843
embedding_0712	-0.05583238	-0.08682883	-0.035523213	-0.064585626	-0.04540766	-0.053815752	-0.040081352	-0.09524668	-0.05626538	-0.10706139	-0.036924537	-0.11536657	-0.056878686	-0.08950237	-0.046763558	-0.046541393	-0.0984365	-0.092196524	-0.0644745	-0.068053216	-0.08708744	-0.1020164	-0.11699013	-0.08498975	-0.043590076	-0.08179697	-0.029340405	-0.080118775	-0.05160518	-0.06735441	-0.03797511	-0.059365768	-0.04581966	-0.067468375	-0.068440504	-0.076156676	-0.073400706	-0.044605423	-0.045895502	-0.028204568	-0.05801695	-0.109895624	-0.05051384	-0.100258075	-0.059144054	-0.09871788	-0.07447592	-0.096759506	-0.076106735	-0.08200279	-0.07123819	-0.111507334	-0.12271989	-0.08575601	-0.092368245	-0.06194649	-0.09939009	-0.11023958	-0.07884953	-0.075191505	-0.091120735	-0.13135746	-0.12021781	-0.0461967	-0.022755649	-0.0802157	-0.069537476	-0.070248	-0.084826864	-0.078652054	-0.038468137	0.0016560396	-0.06982726	-0.10529244	-0.12726358	-0.07858711	-0.06528851	-0.08634932	-0.04228853	-0.053053446	-0.05490792	-0.049566798	-0.08293585	-0.072990075	-0.04215628	-0.0774	0.024304293	-0.067655854
embedding_0713	-0.48804933	-0.5298295	-0.61424357	-0.5698589	-0.5511603	-0.5174735	-0.58183724	-0.5408152	-0.5766571	-0.5948717	-0.6351938	-0.60851955	-0.516241	-0.66546303	-0.57811254	-0.5520266	-0.5473118	-0.5762716	-0.60300344	-0.5816785	-0.5913542	-0.5714436	-0.488703	-0.57647026	-0.59453464	-0.55431694	-0.47087744	-0.62404704	-0.6611594	-0.60082376	-0.58689857	-0.5582054	-0.50881827	-0.580141	-0.5501021	-0.60089797	-0.57843435	-0.5633758	-0.6093409	-0.6205827	-0.6341345	-0.6143031	-0.5552845	-0.5624504	-0.59955156	-0.5484899	-0.5654896	-0.57657725	-0.5802209	-0.50437605	-0.5719833	-0.5736767	-0.5264557	-0.5640662	-0.5317704	-0.574036	-0.4937591	-0.49794602	-0.593503	-0.5649491	-0.5364364	-0.5440083	-0.5415396	-0.5656691	-0.6188495	-0.53357387	-0.58442837	-0.5869234	-0.6030183	-0.5698398	-0.67406446	-0.5888409	-0.5687331	-0.6233801	-0.5229828	-0.5820846	-0.55929685	-0.5575825	-0.55923134	-0.5968207	-0.6268762	-0.5102652	-0.5775611	-0.59461844	-0.5755712	-0.58127403	-0.5910249	-0.55952096
embedding_0714	0.4693983	0.3686424	0.42149454	0.36666298	0.46741775	0.39681143	0.48292482	0.3345458	0.45917085	0.3652581	0.45132762	0.4511362	0.48124397	0.39660224	0.40848163	0.47113535	0.38156158	0.4153109	0.31152678	0.39844248	0.33925062	0.44905412	0.43787637	0.4845976	0.44632837	0.48841405	0.4880504	0.4599474	0.39027968	0.3913366	0.41474822	0.34444016	0.43713725	0.4479965	0.39879763	0.46275595	0.47073364	0.37715536	0.40779093	0.4081807	0.37882525	0.36836594	0.40568155	0.37614405	0.34033567	0.54273576	0.43549666	0.34778345	0.4391779	0.43082806	0.40951112	0.39739466	0.36269388	0.4032477	0.39450464	0.45522854	0.39979127	0.3449314	0.45518953	0.36478788	0.39258626	0.35926235	0.40345156	0.4281285	0.4354135	0.3753604	0.37490353	0.4248774	0.4029057	0.3316206	0.44683996	0.48119146	0.39579436	0.3807284	0.39537546	0.39674494	0.32645997	0.33890238	0.39699918	0.44056135	0.370584	0.40937597	0.34409422	0.34838468	0.40553054	0.42256248	0.33574033	0.39046562
embedding_0715	-0.3400791	-0.39790648	-0.34453037	-0.43328002	-0.34772426	-0.5485875	-0.38603568	-0.4100365	-0.3830077	-0.46896413	-0.39960188	-0.37329903	-0.46087992	-0.4114533	-0.38055557	-0.41635728	-0.4386869	-0.3761886	-0.4724126	-0.44252715	-0.42195782	-0.34498495	-0.25078776	-0.28290468	-0.48173237	-0.3417182	-0.2570071	-0.35024795	-0.43921477	-0.42981848	-0.40453717	-0.42985374	-0.45465925	-0.35581025	-0.41599795	-0.31029734	-0.34973958	-0.56613517	-0.44590247	-0.5933679	-0.4477867	-0.4880469	-0.36188874	-0.3869118	-0.41189033	-0.2530723	-0.40989318	-0.4385968	-0.43626946	-0.3543729	-0.38057327	-0.41021675	-0.36129943	-0.38344243	-0.38438672	-0.43126667	-0.33108333	-0.34068927	-0.39889106	-0.43961874	-0.32964596	-0.36659953	-0.3202776	-0.40536606	-0.4874955	-0.429963	-0.43094203	-0.33989447	-0.41491362	-0.44471103	-0.50357336	-0.39090204	-0.4360802	-0.3906138	-0.4250729	-0.36025	-0.32243982	-0.35785297	-0.47861102	-0.38485003	-0.44799513	-0.3919679	-0.46592426	-0.42924038	-0.42985308	-0.47687483	-0.48974305	-0.428197
embedding_0716	-0.58078516	-0.57423186	-0.53481585	-0.54532605	-0.50178266	-0.502295	-0.55915594	-0.5512983	-0.5198053	-0.5539425	-0.55231655	-0.5819841	-0.57642394	-0.518568	-0.550684	-0.5484375	-0.52840316	-0.55650026	-0.5332046	-0.44272813	-0.49819177	-0.48991242	-0.57173055	-0.53821695	-0.4476941	-0.5258843	-0.5632731	-0.53444606	-0.41206026	-0.525217	-0.5224914	-0.48075074	-0.5265963	-0.5089033	-0.51326734	-0.5814839	-0.49000925	-0.46089527	-0.49975795	-0.5132024	-0.4615865	-0.5542344	-0.5195434	-0.5314771	-0.5845024	-0.5125165	-0.48938394	-0.50249726	-0.50643486	-0.5649465	-0.5917629	-0.53374416	-0.57766414	-0.61419	-0.46318895	-0.59024477	-0.37473318	-0.46957612	-0.56066525	-0.5169361	-0.5248235	-0.5684205	-0.5247717	-0.48723328	-0.47392437	-0.47361103	-0.50978255	-0.51136285	-0.48403838	-0.52100825	-0.4773976	-0.5334919	-0.55171806	-0.5143162	-0.51566625	-0.48091072	-0.5208169	-0.57545614	-0.47234863	-0.5322504	-0.50617653	-0.5164391	-0.48945904	-0.48841208	-0.52350825	-0.4589102	-0.4941661	-0.53205615
embedding_0717	0.4907109	0.5678565	0.49675843	0.5729456	0.57290953	0.4694698	0.49076042	0.60039085	0.5973794	0.664172	0.64335555	0.5436091	0.40677476	0.6209511	0.586827	0.6002255	0.4672097	0.6130126	0.5059541	0.5965493	0.5142172	0.5710297	0.5766407	0.5471819	0.6151955	0.5376877	0.56038773	0.5822229	0.5754624	0.5827701	0.51145	0.49309695	0.5114089	0.5709031	0.5808933	0.53853315	0.60159296	0.53837293	0.5281247	0.52190685	0.65029347	0.49500236	0.56117314	0.53885984	0.4775507	0.5123602	0.5719734	0.624381	0.5237588	0.5615583	0.50996584	0.5218182	0.4777772	0.55133677	0.5681656	0.5945795	0.57516223	0.52029485	0.64849925	0.5671033	0.48634824	0.5163444	0.62687147	0.5648832	0.608466	0.5631262	0.55782044	0.5682458	0.61643046	0.511221	0.60795224	0.6113045	0.6008498	0.5595227	0.5163079	0.56672835	0.46905497	0.5254185	0.5423682	0.59765494	0.52400553	0.5233412	0.5240315	0.5039663	0.52185255	0.60115504	0.571806	0.54946506
embedding_0718	-0.7384938	-0.7379535	-0.67745066	-0.7950911	-0.8511308	-0.76084316	-0.7340955	-0.73930484	-0.78330976	-0.6978161	-0.7510214	-0.6881574	-0.815706	-0.7433099	-0.82425815	-0.7916931	-0.7025454	-0.7322127	-0.77499753	-0.81264675	-0.7183364	-0.8089561	-0.7155476	-0.77223647	-0.8381776	-0.7566971	-0.8237567	-0.81178665	-0.78463435	-0.7907699	-0.8064655	-0.77075195	-0.7778807	-0.76570696	-0.80088043	-0.78564674	-0.80474013	-0.8186682	-0.7940751	-0.79800916	-0.7802429	-0.75603044	-0.73686916	-0.6982313	-0.6943812	-0.7913163	-0.8099407	-0.7898404	-0.82136667	-0.81157863	-0.6817242	-0.74266094	-0.6583855	-0.73895377	-0.746856	-0.7912602	-0.90507776	-0.77755934	-0.7271152	-0.7817449	-0.74493295	-0.7372651	-0.74721414	-0.83232594	-0.8608055	-0.80401045	-0.7481879	-0.8069319	-0.8027702	-0.7868765	-0.7699645	-0.7674107	-0.7641384	-0.713077	-0.7237876	-0.80676824	-0.7622242	-0.6970517	-0.8024021	-0.8236881	-0.7612918	-0.7995443	-0.7537332	-0.7727738	-0.78685886	-0.8138722	-0.8100785	-0.7669014
embedding_0719	0.6655887	0.5671517	0.5576034	0.5659786	0.58315927	0.4997609	0.558774	0.5156281	0.4952934	0.55372757	0.47406757	0.5610079	0.6116611	0.53886825	0.5189636	0.4948514	0.57594395	0.49899578	0.5391108	0.48309192	0.52238697	0.52332777	0.60796183	0.5992283	0.44838446	0.5606861	0.6035507	0.5908739	0.58049625	0.5981464	0.5013772	0.58036023	0.54748374	0.560387	0.5244812	0.5459365	0.5325289	0.5302458	0.57371956	0.46038997	0.4795154	0.5451008	0.48695114	0.49357602	0.60265684	0.53493536	0.56742805	0.4974654	0.5241967	0.5706776	0.59002155	0.5569191	0.60686976	0.57771033	0.53873265	0.5960648	0.5068117	0.57915795	0.5282972	0.51329815	0.55346185	0.5153728	0.4718546	0.5180859	0.52490103	0.48141444	0.5296388	0.5381991	0.5234623	0.5489848	0.47365654	0.5195479	0.5003167	0.5576727	0.5428885	0.54661626	0.5861772	0.58682984	0.5485503	0.5513664	0.51073843	0.54425263	0.58523184	0.5855111	0.52420104	0.5265245	0.53556675	0.563165
embedding_0720	-0.07056457	-0.04458886	-0.018389646	-0.063075945	-0.05778858	-0.03690992	-0.09298079	-0.00831418	-0.09286178	0.004460975	0.0044789924	-0.08277946	-0.16842145	0.023187255	-0.0958042	-0.039220538	-0.12367256	-0.009986747	-0.06675741	-0.041081358	-0.05905013	-0.081611924	0.050221607	-0.08556053	-0.08720432	-0.03599594	-0.097847946	-0.025833938	-0.1222875	-0.012060735	-0.13022767	-0.037010465	-0.08998454	-0.07342793	-0.0009157926	-0.11631214	-0.058918934	-0.06298753	-0.062202636	-0.08539973	-0.009840268	-0.04693022	-0.07175767	0.002469542	-0.06450871	-0.14216511	-0.07785648	-0.009400242	-0.1430086	-0.0975418	-0.028256819	-0.10003313	0.0022302405	-0.035245266	0.013454874	-0.09169695	-0.13967985	-0.06795911	0.058895234	-0.097731635	-0.08935887	-0.01104879	-0.051448222	-0.022320474	-0.10969799	-0.052513935	-0.05757579	-0.088717915	-0.049417082	-0.11393005	-0.045659825	-0.05302344	0.008493424	-0.066603586	-0.061854985	-0.10482471	-0.07966482	0.032072887	-0.10016322	-0.09778833	-0.05504087	-0.11381012	-0.112554796	-0.07809978	-0.0732682	-0.103957415	-0.02903183	-0.055548303
embedding_0721	0.30009156	0.33420956	0.28569323	0.41068932	0.30940813	0.36080822	0.26903662	0.40253988	0.32999784	0.3647119	0.34000358	0.1907315	0.21061826	0.35525045	0.3441101	0.3357787	0.30244535	0.30070716	0.36540928	0.39980873	0.29477566	0.33502918	0.37090272	0.29693407	0.40448433	0.27531436	0.2348111	0.39012218	0.37770182	0.36135912	0.26578692	0.4047478	0.36009175	0.36875182	0.4178548	0.21747875	0.31269667	0.44785583	0.33043107	0.36101124	0.3863865	0.32381433	0.26053342	0.29186255	0.30389157	0.18730044	0.33762875	0.3797963	0.37369722	0.32034618	0.2687561	0.2882022	0.28728458	0.32853425	0.37333867	0.29633868	0.3470327	0.34486544	0.36474523	0.3504788	0.29389283	0.33463886	0.28543684	0.36060128	0.38785702	0.3969336	0.35558227	0.33309364	0.3362052	0.33329844	0.35096088	0.3083591	0.35377166	0.31463224	0.26478186	0.34022298	0.324072	0.3295635	0.39024216	0.33105093	0.35966602	0.33393368	0.30950084	0.38945258	0.3192314	0.39189604	0.41024083	0.34654492
embedding_0722	0.26334068	0.18067071	0.17867981	0.1758345	0.17930903	0.24117063	0.22787549	0.14848615	0.15441	0.16503745	0.14308652	0.29181996	0.23840827	0.17414856	0.1836924	0.18552352	0.1640539	0.14841273	0.16753834	0.11876289	0.14707218	0.18039533	0.16799106	0.15884972	0.14800887	0.20986086	0.19611895	0.19343145	0.0436838	0.2046893	0.14523046	0.14037342	0.1694792	0.18822566	0.15945013	0.20505725	0.14687586	0.15360647	0.16298287	0.26703185	0.08935307	0.30720085	0.12016279	0.15627174	0.26808485	0.13519317	0.16866565	0.15928975	0.14755166	0.21882659	0.17231984	0.16529268	0.24198176	0.21987958	0.18233174	0.22730604	0.13224225	0.13428912	0.21171612	0.16949417	0.13992433	0.2507941	0.08007478	0.15382318	0.1300256	0.16146769	0.16961603	0.14588393	0.16294885	0.16898109	0.21818279	0.09242734	0.22988495	0.16635892	0.19363466	0.12762128	0.15600131	0.1450003	0.17463754	0.17821611	0.14059874	0.14033474	0.15651149	0.15591931	0.1714489	0.1415641	0.15665172	0.1680976
embedding_0723	-1.0101604	-0.9284157	-0.97317463	-0.9599609	-0.9067369	-0.8608422	-0.9931962	-0.9717219	-0.9511157	-0.93988043	-0.9617072	-1.0655816	-1.0201257	-0.90303934	-0.95055777	-0.9415393	-1.009977	-0.95370597	-0.9192629	-0.88026106	-0.9328505	-0.978651	-1.0044174	-0.97346824	-0.9321502	-0.9751751	-0.92883104	-0.93872696	-0.9172065	-0.95214665	-0.9620572	-0.9855168	-1.013272	-0.9818659	-0.9079051	-0.9610631	-0.90426606	-0.9742648	-0.90161073	-0.9004229	-0.88513523	-0.9801155	-0.91531336	-0.9427125	-1.0265073	-0.9574459	-0.9075404	-0.8943749	-1.0087745	-0.96668494	-0.9797127	-0.98989177	-1.0319059	-1.0155917	-0.9277992	-1.0812981	-0.9145611	-0.9423193	-0.8860052	-0.96938	-1.0084918	-0.9413907	-0.9112188	-0.92908424	-0.92076385	-0.9237815	-0.9358258	-0.94231576	-0.9431181	-0.98002505	-0.8387585	-0.92832494	-0.9239596	-1.0097151	-0.945454	-0.96893424	-0.9410256	-0.9092674	-0.9613851	-0.93343073	-0.95808643	-0.93992007	-0.971989	-0.913012	-0.95345986	-0.9550284	-0.8432715	-0.9891965
embedding_0724	-1.1269946	-1.1615087	-1.2368339	-1.2276151	-1.2421325	-1.0499344	-1.1865709	-1.1963274	-1.1642356	-1.1245985	-1.236421	-1.1990536	-1.173936	-1.1260055	-1.2299708	-1.1960882	-1.1105956	-1.1903722	-1.1574222	-1.1810203	-1.168989	-1.1551428	-1.1857039	-1.1929144	-1.2742162	-1.1747975	-1.2408862	-1.2260698	-1.2204423	-1.1798544	-1.1946956	-1.1460056	-1.1481752	-1.1966088	-1.1521192	-1.2682679	-1.2015065	-1.1328332	-1.1325316	-1.1575946	-1.2071933	-1.0931093	-1.1804438	-1.1522933	-1.1286858	-1.2410754	-1.1620584	-1.1699095	-1.2074486	-1.2054546	-1.1198821	-1.1534196	-1.1265877	-1.1984005	-1.2088393	-1.1835115	-1.195072	-1.1890628	-1.1562685	-1.1471128	-1.1696144	-1.2006972	-1.1887392	-1.1873409	-1.2419679	-1.170539	-1.1643246	-1.2073356	-1.2056485	-1.1116893	-1.1520822	-1.2004509	-1.1392405	-1.1075056	-1.0978166	-1.1836454	-1.1051698	-1.0928329	-1.1784239	-1.245085	-1.1618569	-1.2140372	-1.1675943	-1.1308407	-1.1522322	-1.230087	-1.1178578	-1.2095156
embedding_0725	0.061304934	0.17308271	0.09274155	0.107618995	0.12069651	0.110503234	0.066601105	0.15175197	0.08116256	0.110966906	0.06542367	0.07339108	0.053144973	0.11816535	0.13741586	0.053073015	0.13096876	0.113327816	0.11381832	0.13614407	0.18497925	0.11133518	0.074940845	0.112402506	0.06125575	0.0928966	0.14254847	0.067302436	0.16183093	0.10576626	0.14720713	0.06454607	0.06755546	0.094572276	0.08110533	0.10725252	0.17320086	0.110358894	0.074469194	0.024688855	0.15710123	0.0506136	0.17949976	0.12814602	0.06312941	0.17691615	0.13976537	0.15477805	0.09857256	0.10480372	0.15234633	0.14785455	0.05599	0.06349536	0.11345933	0.016264139	0.11275527	0.14215529	0.08045186	0.13600095	0.13215551	0.12474831	0.21855234	0.11394758	0.12061076	0.123588264	0.1254251	0.18126681	0.13397217	0.09501081	0.11474159	0.09992634	0.12059683	0.09864373	0.13138154	0.17065388	0.15844114	0.20443106	0.020823719	0.11569034	0.09213628	0.14781103	0.16059329	0.1260714	0.11049171	0.1184639	0.14922367	0.08867734
embedding_0726	-0.23623046	-0.27833456	-0.26193652	-0.2889335	-0.25041834	-0.23326546	-0.29780626	-0.3871022	-0.3619158	-0.39068645	-0.35925892	-0.26103386	-0.18575469	-0.35164192	-0.3054189	-0.36569658	-0.25447944	-0.3610497	-0.33634177	-0.30472234	-0.29521412	-0.27601385	-0.2904552	-0.26330757	-0.34759048	-0.31211463	-0.27987367	-0.29884687	-0.25887522	-0.31435138	-0.32311943	-0.33670372	-0.2279675	-0.29539162	-0.32305503	-0.28923944	-0.28078085	-0.36291423	-0.27418724	-0.2561344	-0.38651308	-0.3110309	-0.29273313	-0.3892113	-0.34151193	-0.2676604	-0.28446352	-0.2876232	-0.34543246	-0.27933356	-0.29497576	-0.2803181	-0.30451983	-0.30938622	-0.29456323	-0.3915144	-0.26023874	-0.22782356	-0.35451257	-0.2833186	-0.31336302	-0.27060395	-0.3314377	-0.32737345	-0.3186835	-0.21229213	-0.33125082	-0.2873497	-0.2895742	-0.3612745	-0.33894345	-0.35691732	-0.26068273	-0.3913452	-0.25410056	-0.23134752	-0.1677124	-0.2602863	-0.26504812	-0.2973186	-0.32386538	-0.27403152	-0.26654413	-0.27360812	-0.29100007	-0.2584408	-0.2960612	-0.30925396
embedding_0727	-0.27948642	-0.2573519	-0.27449962	-0.270745	-0.329086	-0.24970305	-0.25903904	-0.2337629	-0.23097448	-0.1974311	-0.25617233	-0.28652722	-0.31345677	-0.24945557	-0.22730055	-0.26983237	-0.22223426	-0.25475326	-0.26308918	-0.27308676	-0.24187443	-0.2649106	-0.28685257	-0.26298463	-0.2902002	-0.29201046	-0.33210927	-0.24512517	-0.25710842	-0.25974777	-0.23856382	-0.24402107	-0.21677361	-0.2199895	-0.22061513	-0.29581422	-0.28917673	-0.22744328	-0.21748011	-0.22893542	-0.2585891	-0.27493313	-0.23847224	-0.2880573	-0.22895937	-0.3779614	-0.28851542	-0.2619943	-0.28553244	-0.2945899	-0.28825253	-0.25943604	-0.25602326	-0.26173544	-0.27109683	-0.25838372	-0.33787164	-0.22320735	-0.26568925	-0.25129128	-0.32520476	-0.26720643	-0.27747986	-0.25492772	-0.30712077	-0.28017965	-0.25897792	-0.24957302	-0.302412	-0.2514713	-0.1914648	-0.21676952	-0.22203194	-0.20879805	-0.2739996	-0.2685764	-0.20855415	-0.3175015	-0.2653589	-0.24127549	-0.2249675	-0.36393744	-0.2705042	-0.27394223	-0.2583656	-0.26718903	-0.1720197	-0.27571017
embedding_0728	1.2376308	1.2185994	1.1648693	1.2033199	1.1971363	1.2450806	1.3046035	1.1983259	1.3159974	1.2651058	1.2749696	1.2437626	1.2731633	1.2816349	1.1839685	1.2324088	1.2174131	1.3043234	1.152774	1.180045	1.1860154	1.1972296	1.3387113	1.2562461	1.1919531	1.25209	1.1965708	1.2604606	1.119082	1.1760234	1.2232419	1.1506653	1.1809763	1.2670935	1.242933	1.2729498	1.2448591	1.1697295	1.2713555	1.1443657	1.1387066	1.1841819	1.1971827	1.2566639	1.24948	1.3059101	1.2285458	1.166448	1.2426991	1.2438745	1.2697159	1.2782962	1.2756313	1.2739112	1.2193246	1.312564	1.1183063	1.179952	1.3183696	1.211742	1.2722458	1.252604	1.1927751	1.1685313	1.2040359	1.224195	1.1970836	1.215504	1.2774923	1.2144197	1.1832778	1.1838285	1.2650926	1.2638501	1.2335873	1.2172341	1.2007627	1.2858807	1.1844968	1.2567651	1.1968712	1.2207377	1.2052009	1.2351788	1.2378652	1.1766452	1.1848872	1.2311901
embedding_0729	0.44366136	0.5100654	0.5445207	0.4746934	0.47927025	0.50539213	0.5527774	0.5746342	0.5360317	0.47166607	0.5590443	0.5316154	0.53033054	0.5432258	0.4893606	0.5294655	0.5029169	0.5534885	0.4749316	0.5059712	0.5028787	0.4623327	0.47524616	0.53842664	0.4968382	0.56812936	0.54634476	0.50815135	0.5445103	0.48964584	0.5268801	0.4787157	0.5264162	0.45994702	0.47891036	0.5380652	0.49359602	0.5351105	0.49176836	0.478662	0.5616248	0.48270848	0.54596066	0.49994388	0.47464865	0.502925	0.51253885	0.5166413	0.55501807	0.448197	0.50238687	0.5311503	0.49136728	0.48302102	0.45074186	0.5120554	0.4619937	0.5039665	0.47214532	0.48537308	0.49350986	0.4737938	0.4769228	0.5586694	0.4943477	0.4975558	0.52319294	0.49260846	0.51505435	0.50243956	0.51886463	0.55709976	0.49921894	0.51715946	0.522832	0.52326816	0.53388315	0.53666943	0.48624775	0.50884247	0.5609714	0.49693143	0.51168716	0.5092866	0.52515703	0.50503254	0.49185303	0.5513435
embedding_0730	-0.30084944	-0.29395792	-0.2892267	-0.34492683	-0.42254442	-0.35933357	-0.29219866	-0.34986994	-0.25124362	-0.385106	-0.2906602	-0.24512818	-0.26475424	-0.30452454	-0.35357034	-0.40014508	-0.28849646	-0.27321258	-0.35857347	-0.3836446	-0.31522602	-0.3479367	-0.3280824	-0.3044743	-0.3876318	-0.2180939	-0.29296294	-0.32136804	-0.35692742	-0.37297702	-0.35605904	-0.3858515	-0.38594645	-0.3453687	-0.35879585	-0.3021538	-0.32610998	-0.32847676	-0.30888438	-0.4678768	-0.3473895	-0.2872279	-0.3337012	-0.3364602	-0.29142404	-0.24800311	-0.31789663	-0.35043243	-0.28311834	-0.29445386	-0.3124246	-0.30045208	-0.2956595	-0.36236113	-0.42230833	-0.23365825	-0.40427282	-0.30604467	-0.42362902	-0.33628753	-0.2502344	-0.30474764	-0.3817898	-0.37583706	-0.36060128	-0.36732343	-0.31986913	-0.35871455	-0.37308982	-0.4138888	-0.40398276	-0.32914126	-0.4096885	-0.25028846	-0.31475845	-0.34819	-0.3352131	-0.31027168	-0.4092457	-0.32527742	-0.2819284	-0.23412602	-0.32829073	-0.4174533	-0.37428978	-0.3802422	-0.40200976	-0.35697538
embedding_0731	-0.3061127	-0.2586542	-0.2629342	-0.27379337	-0.29900622	-0.31930006	-0.30283365	-0.27089003	-0.25683817	-0.2802763	-0.3176545	-0.29535627	-0.35796115	-0.22339627	-0.2509866	-0.3189349	-0.30251354	-0.25822285	-0.23451762	-0.26565146	-0.18612015	-0.28885233	-0.31409335	-0.23070209	-0.29500005	-0.2534444	-0.25022542	-0.32413742	-0.23832852	-0.2565137	-0.25963184	-0.28630927	-0.24065207	-0.29616308	-0.2776851	-0.23782271	-0.26784968	-0.30968714	-0.31329858	-0.3177788	-0.23220111	-0.2937212	-0.26065287	-0.27649727	-0.30392122	-0.19381255	-0.2540365	-0.21186557	-0.28232884	-0.312243	-0.22982311	-0.28867862	-0.2675368	-0.31885305	-0.31867495	-0.35579485	-0.2296016	-0.24889876	-0.2865966	-0.2700738	-0.210041	-0.25577077	-0.21461022	-0.253205	-0.27053207	-0.3143283	-0.27870545	-0.26656467	-0.23596606	-0.28740346	-0.27114505	-0.31455076	-0.31973514	-0.24142188	-0.25813735	-0.27293494	-0.2847295	-0.24406424	-0.32755378	-0.32297593	-0.25490293	-0.2350838	-0.24700451	-0.23303747	-0.28867728	-0.27814516	-0.31246948	-0.31006053
embedding_0732	-1.0772287	-0.89847606	-1.0021482	-0.9776052	-1.0188267	-1.014664	-0.9603092	-0.88243777	-0.9606745	-0.8914779	-0.9197397	-0.9845627	-0.9295851	-0.9297534	-0.98214555	-0.93696094	-0.91872853	-0.8454622	-0.90541476	-0.9146398	-0.9414176	-0.9433706	-1.0335797	-0.9890459	-0.9570034	-0.98773503	-1.1089745	-1.0703366	-0.9217355	-0.9375797	-0.9952403	-1.0529712	-1.0001576	-1.0065004	-0.9590066	-0.98583984	-0.96434236	-0.9435881	-0.9666204	-0.97892433	-0.92387927	-0.93558866	-0.95397466	-0.9420954	-1.0230492	-0.92367697	-0.95097214	-0.97544086	-0.98839873	-1.0334251	-0.9467032	-0.9775049	-0.9583247	-1.0146776	-1.0147655	-0.98828346	-0.9534795	-1.029744	-0.9377848	-0.9437922	-0.9821087	-0.8850562	-1.0174938	-0.9236756	-0.9809213	-1.0020351	-0.8969959	-0.98118174	-0.94426864	-0.9630306	-0.8451654	-1.009033	-0.91474396	-0.8869635	-0.99098027	-0.97509944	-0.98671883	-0.9763672	-0.9673047	-0.9768228	-0.9659622	-0.8985762	-0.97810405	-1.0133054	-0.9418322	-1.0126727	-0.982507	-0.96649593
embedding_0733	0.21938737	0.12336127	0.1283581	0.105662234	0.122494	0.2959559	0.20482709	0.057349678	0.122874044	0.03207769	0.09021451	0.16730028	0.21972856	0.03798509	0.13846183	0.12489106	0.20197825	0.08476505	0.124881536	0.058326714	0.13109297	0.12835866	0.11510221	0.16683325	0.13299699	0.11913472	0.102653705	0.18257305	0.13045093	0.08002447	0.16319002	0.09173559	0.13982429	0.12969702	0.089668795	0.18133248	0.10000041	0.10734773	0.11154281	0.21116306	0.08464607	0.23215032	0.12380228	0.069979385	0.16302605	0.1664633	0.13832493	0.09656814	0.19092892	0.20532665	0.049488887	0.1502208	0.120185025	0.18507044	0.110058665	0.13738604	0.019844344	0.1618885	0.027861796	0.16701342	0.16212308	0.17908002	0.083067566	0.101858	0.14494115	0.12411739	0.1312769	0.11875428	0.057883047	0.14011192	0.09947026	0.1582723	0.08797161	0.048765145	0.16933432	0.07932238	0.17177711	0.11059543	0.17377602	0.10982074	0.114769526	0.13083524	0.122140326	0.12191848	0.1421685	0.09908825	0.150115	0.15647583
embedding_0734	-0.18760777	-0.26911494	-0.23076236	-0.25953913	-0.25297093	-0.19525003	-0.2574558	-0.22264272	-0.2842439	-0.28767043	-0.25914672	-0.30228174	-0.22301894	-0.2998744	-0.2750412	-0.28159958	-0.21351396	-0.25522417	-0.26523402	-0.24569054	-0.29933244	-0.27370232	-0.22299866	-0.25832626	-0.28189012	-0.24213119	-0.24311814	-0.17651421	-0.29553598	-0.2984083	-0.29991767	-0.2544287	-0.2471659	-0.21112007	-0.2628721	-0.246152	-0.23465972	-0.27346268	-0.21924397	-0.24484767	-0.3107677	-0.3038114	-0.25215825	-0.25900704	-0.2636926	-0.18722989	-0.28373137	-0.297811	-0.23311025	-0.24014387	-0.28942698	-0.27672142	-0.25655097	-0.25859195	-0.17517355	-0.2553339	-0.3305739	-0.19605775	-0.278264	-0.25656217	-0.25163525	-0.22801878	-0.33636147	-0.28564143	-0.29771188	-0.22898601	-0.27869466	-0.26150474	-0.2859142	-0.30272388	-0.32293418	-0.2260661	-0.22208217	-0.3272616	-0.27011263	-0.25948864	-0.25465256	-0.23755173	-0.23542178	-0.27225864	-0.30529007	-0.23084992	-0.28907362	-0.2980654	-0.27396747	-0.24460602	-0.22404692	-0.24831012
embedding_0735	0.45780987	0.51563644	0.53397226	0.4771584	0.5399896	0.5496934	0.533869	0.49203423	0.54415846	0.5273864	0.48788506	0.48764306	0.53082806	0.5603279	0.52925307	0.55678314	0.50600797	0.57113904	0.49546933	0.5587191	0.58148503	0.5446974	0.5164244	0.55034804	0.5824429	0.49480847	0.5870418	0.51473725	0.5978702	0.50473857	0.6172387	0.48217183	0.57636315	0.5691685	0.50291723	0.5412417	0.55845153	0.47310528	0.53022486	0.5189562	0.579394	0.4881152	0.6105952	0.5810768	0.46895224	0.6059781	0.56910366	0.51373476	0.5463644	0.47634166	0.49753788	0.5642559	0.5050499	0.48262632	0.56187236	0.5104573	0.56625324	0.54880077	0.48892918	0.5336041	0.5369152	0.4923022	0.6169905	0.5304933	0.5561883	0.5155409	0.5278423	0.6079437	0.5417571	0.55162084	0.5503423	0.5292425	0.51054865	0.50677365	0.5772167	0.57327336	0.60080653	0.5604297	0.49998608	0.5470617	0.55816567	0.5149427	0.5379362	0.58062583	0.5575721	0.5935624	0.56065375	0.5113484
embedding_0736	-0.1474264	-0.20100974	-0.12766756	-0.19999513	-0.10599174	-0.21017568	-0.07285236	-0.17042395	-0.092054844	-0.27319586	-0.10741424	-0.12385339	-0.114904545	-0.13127269	-0.087216645	-0.13613206	-0.15499201	-0.07829082	-0.16527978	-0.13873935	-0.111011796	-0.14578314	-0.17068024	-0.08759878	-0.17935169	-0.13721162	0.015692899	-0.14374085	-0.07031294	-0.15377542	-0.07231497	-0.2026277	-0.21595553	-0.15491237	-0.20107442	-0.070244655	-0.10063217	-0.15817235	-0.14008613	-0.31059143	-0.16308047	-0.14994903	-0.11051752	-0.17047884	-0.18432118	-0.028539222	-0.07909415	-0.13638408	-0.09373017	-0.15618168	-0.16494812	-0.1338629	-0.16075137	-0.19660239	-0.20509784	-0.11521681	-0.071212605	-0.073116384	-0.18529993	-0.18947075	-0.15405862	-0.13619627	-0.09424626	-0.16636153	-0.09417345	-0.15645438	-0.10671614	-0.09004499	-0.12589772	-0.18796709	-0.14022775	-0.044250134	-0.18106906	-0.20455202	-0.15264021	-0.11708462	-0.13363445	-0.18468301	-0.22050461	-0.09676424	-0.12108444	-0.065370485	-0.1694222	-0.11181742	-0.12982185	-0.12058066	-0.14866127	-0.17502226
embedding_0737	0.0017676648	-0.10169032	-0.056017976	-0.0848088	-0.1396752	-0.1305974	-0.115176104	-0.15680702	-0.19186917	-0.1073532	-0.1622709	-0.13694344	-0.103663035	-0.19834581	-0.12904795	-0.16546182	-0.1170096	-0.22790138	-0.17238973	-0.15154299	-0.2188775	-0.105217464	-0.09941235	-0.15594594	-0.12394675	-0.131227	-0.1453274	-0.063695304	-0.14512037	-0.1290637	-0.21319246	-0.09849697	-0.07264425	-0.08951138	-0.16000894	-0.16589023	-0.1640722	-0.16287906	-0.16941898	-0.13728207	-0.18017338	-0.1334739	-0.20807797	-0.21057731	-0.0902254	-0.1908351	-0.1417122	-0.18507124	-0.14670813	-0.13987121	-0.16350019	-0.16398533	-0.11302765	-0.07898014	-0.098581016	-0.12502874	-0.11385665	-0.0904156	-0.16041261	-0.11608204	-0.16956371	-0.119087584	-0.21191584	-0.15814492	-0.13869444	-0.13213408	-0.15382114	-0.15832143	-0.17983751	-0.16773464	-0.18408047	-0.14395365	-0.13781944	-0.19417797	-0.17401278	-0.16951646	-0.15947463	-0.19381617	-0.13154186	-0.1496019	-0.16543509	-0.18794252	-0.11601017	-0.19396695	-0.17554271	-0.1537471	-0.13228904	-0.12985967
embedding_0738	-1.0521308	-0.9524255	-1.0129812	-0.96161836	-0.9751932	-0.9161208	-0.9787246	-0.9340823	-0.93107	-0.9159146	-0.88331276	-1.0105455	-0.9774283	-0.9074578	-0.9444888	-0.91535085	-0.9936615	-0.9392597	-0.9336792	-0.8990437	-0.96406806	-0.997917	-1.0210482	-0.9938117	-0.93632686	-0.99239117	-1.0131197	-0.95711637	-0.8666211	-0.93540657	-0.92724305	-0.91639376	-0.95705414	-0.9384198	-0.90548974	-0.999296	-0.94274056	-0.8720949	-0.89272964	-0.856763	-0.880273	-0.97971886	-0.98225987	-0.9556451	-0.93068093	-1.0372987	-0.9513511	-0.92429125	-0.9727365	-0.9734564	-1.0013622	-0.95257854	-0.99969476	-0.96313053	-0.92172956	-0.8961651	-0.9634898	-1.00365	-0.88903904	-0.94137084	-1.0069368	-1.0153273	-0.9368678	-0.8936543	-0.900144	-1.0132287	-0.95288324	-0.9523716	-0.949745	-0.89696026	-0.88078684	-0.9599905	-0.9164128	-0.92733496	-0.9919824	-0.95317435	-0.9767312	-0.9406986	-0.9074452	-0.8849336	-0.92837864	-1.0235642	-0.9788393	-0.9075909	-0.9505976	-0.9126348	-0.8652245	-0.92077816
embedding_0739	-1.5437576	-1.6077696	-1.4430695	-1.5760953	-1.546274	-1.575219	-1.548157	-1.6001643	-1.6073042	-1.6247568	-1.5907444	-1.5174139	-1.6039772	-1.616933	-1.5564264	-1.6200869	-1.5885372	-1.60498	-1.5787817	-1.6203924	-1.5503846	-1.6401491	-1.5688972	-1.5781877	-1.6153404	-1.5725194	-1.5171652	-1.5402741	-1.5581336	-1.5684615	-1.5977681	-1.5894771	-1.6129843	-1.5565141	-1.6169761	-1.5055073	-1.5655313	-1.6242591	-1.6196169	-1.6299691	-1.5597035	-1.6257316	-1.5659621	-1.601074	-1.562732	-1.5254683	-1.602963	-1.557954	-1.610686	-1.5740814	-1.5703382	-1.5988414	-1.5491248	-1.5817451	-1.5789305	-1.6638914	-1.6195791	-1.5623884	-1.5982745	-1.6044513	-1.5645832	-1.5901567	-1.5932837	-1.58447	-1.5991478	-1.5838945	-1.58589	-1.5975463	-1.5955073	-1.669157	-1.5817424	-1.5376234	-1.6425478	-1.6485835	-1.595376	-1.6160889	-1.6130787	-1.55831	-1.5972757	-1.5846719	-1.5947517	-1.5810452	-1.5508229	-1.6193523	-1.6023824	-1.6148363	-1.5871638	-1.5825722
embedding_0740	0.62805253	0.5949786	0.52043164	0.5284509	0.54556435	0.49443778	0.5646982	0.57325196	0.5248279	0.55042154	0.48411354	0.5870438	0.63099164	0.50494295	0.5189093	0.54500705	0.5776615	0.5205926	0.48096317	0.5290699	0.51385254	0.570669	0.5647684	0.5691124	0.5308848	0.5754052	0.65912396	0.5352902	0.52389497	0.5397256	0.5540798	0.6059075	0.598457	0.5475051	0.46030772	0.5420224	0.5008674	0.5927742	0.555799	0.49084386	0.4483736	0.46927547	0.4992253	0.51789975	0.6015992	0.5404761	0.53443354	0.52913713	0.6257962	0.5303225	0.60961246	0.58816504	0.5716138	0.58153796	0.5520295	0.66232383	0.59388334	0.5647369	0.48150304	0.5394085	0.59338796	0.52055997	0.55753976	0.5513258	0.55276823	0.5426715	0.5320227	0.5473684	0.5674537	0.61227405	0.44313765	0.53039306	0.4988356	0.5898062	0.5601893	0.56687045	0.5726947	0.5199868	0.5357129	0.5080426	0.57481706	0.5290497	0.5881742	0.61725146	0.5589431	0.57774776	0.48603657	0.57944417
embedding_0741	-0.40712893	-0.372018	-0.33597997	-0.35534248	-0.31064984	-0.392895	-0.40685195	-0.40105748	-0.39147	-0.40791917	-0.3635771	-0.4260782	-0.41774833	-0.35485417	-0.38438204	-0.36414787	-0.39962307	-0.35975942	-0.41851208	-0.3199896	-0.35178432	-0.39850917	-0.35219067	-0.32397145	-0.2945113	-0.3528265	-0.32569975	-0.31490242	-0.22591724	-0.38241276	-0.33338556	-0.38478723	-0.3471495	-0.36368486	-0.38028774	-0.33807886	-0.33419654	-0.36084804	-0.3384049	-0.3497551	-0.30641308	-0.4893671	-0.312855	-0.34550616	-0.44986555	-0.26921803	-0.35363126	-0.358764	-0.33197194	-0.36367458	-0.4414494	-0.37446138	-0.47165903	-0.38109142	-0.32262394	-0.42457223	-0.37610844	-0.36821762	-0.39757612	-0.3809444	-0.32430813	-0.41316658	-0.37205318	-0.33201763	-0.32274342	-0.3508026	-0.39238158	-0.33989146	-0.35952765	-0.40626112	-0.3643832	-0.3466716	-0.42639872	-0.45075503	-0.36542794	-0.3216263	-0.34494594	-0.38019472	-0.32094157	-0.31988204	-0.37249756	-0.37576306	-0.37789986	-0.32707036	-0.36406967	-0.29965162	-0.35789934	-0.33704442
embedding_0742	-0.49387136	-0.3758365	-0.42656687	-0.382133	-0.32042012	-0.43988577	-0.4608587	-0.41681036	-0.39639732	-0.3812764	-0.4247197	-0.48181334	-0.46498802	-0.35692465	-0.34031397	-0.3940861	-0.42825463	-0.40719128	-0.33080685	-0.31684792	-0.3529282	-0.3236114	-0.34138379	-0.3609886	-0.3525424	-0.3890935	-0.46829388	-0.4752155	-0.3044004	-0.36914006	-0.4043875	-0.3312593	-0.33815902	-0.3799672	-0.3604828	-0.43696544	-0.40836245	-0.40094936	-0.43793494	-0.33930007	-0.32541433	-0.41701692	-0.42263392	-0.39943704	-0.4585591	-0.36330724	-0.39023164	-0.35814372	-0.40611985	-0.39347503	-0.37901044	-0.41142216	-0.45762393	-0.414721	-0.31369725	-0.54166466	-0.2806637	-0.3734987	-0.28664532	-0.3942569	-0.43756786	-0.43714046	-0.25528723	-0.353286	-0.43953636	-0.39489418	-0.4100149	-0.3678097	-0.33416203	-0.34932408	-0.37125048	-0.44552717	-0.3819878	-0.37629735	-0.43483585	-0.32948825	-0.3847099	-0.4029148	-0.3795063	-0.43094796	-0.36280942	-0.40965378	-0.39922458	-0.3465491	-0.38988632	-0.39168623	-0.37028053	-0.41061106
embedding_0743	-0.9078598	-0.80169004	-0.8427323	-0.8412624	-0.92172265	-0.84167653	-0.91560477	-0.9749113	-0.90335506	-0.8633686	-0.928386	-0.8522872	-0.9390497	-0.91648245	-0.8795917	-0.88771635	-0.9064239	-0.96057546	-0.90606314	-0.9041752	-0.9165734	-0.88874316	-0.9617811	-0.90965927	-0.8828362	-0.9037984	-1.0236495	-0.88178074	-0.81118697	-0.8468055	-0.8138914	-0.8683294	-0.8363192	-0.88030034	-0.9003981	-0.9379261	-0.8159463	-0.84532803	-0.8918723	-0.797889	-0.83199364	-0.8494246	-0.89400434	-0.9283865	-0.90569556	-0.9404454	-0.91273916	-0.92756706	-0.91848636	-0.9210812	-0.9424892	-0.91902995	-0.9402783	-0.90176827	-0.89652336	-0.8473011	-0.9064274	-0.9592312	-0.9195494	-0.8393185	-0.8953349	-0.8420506	-0.87004244	-0.89167774	-0.7843003	-0.9473362	-0.85101914	-0.85914636	-0.98601884	-0.9194082	-0.83087707	-0.89406484	-0.90240186	-0.8659823	-0.93712616	-0.93468004	-0.8550159	-0.8233418	-0.8703991	-0.8640235	-0.89220214	-0.88166124	-0.9150801	-0.89436525	-0.90845275	-0.872442	-0.8494052	-0.93113774
embedding_0744	1.0586107	1.0457085	0.9893004	1.0035303	0.92593795	0.99343216	1.0022388	1.0157559	0.9780355	1.0753801	1.0482669	1.036489	1.0628352	0.9847149	0.97480476	0.9946199	1.0162717	0.9940494	0.9739124	0.9534467	0.9387474	0.9380689	0.9377926	0.9241228	1.0292004	0.9886048	0.8818412	1.0236692	0.9009871	0.98891866	0.9133891	0.9850902	1.0793364	0.9794986	1.0518777	0.96615237	0.946026	1.0247636	1.0093213	1.0781054	0.97722375	1.0855919	0.8667805	0.98997104	1.0830249	0.84129655	0.96243244	0.9608589	1.0692772	0.93471307	1.0019476	1.001544	1.0136722	1.0157112	0.87242043	1.1059877	0.8246005	0.9648613	0.9719151	1.0258285	1.025105	1.0135689	0.86412895	0.94715685	0.97793347	1.0239407	0.9906385	0.92929274	0.94424987	0.9836527	1.0011278	0.9821261	1.038657	0.9969197	0.9476795	0.9418275	0.98954546	0.97629696	1.0978804	0.93929595	1.0224842	0.94473994	1.0037152	0.8952115	1.0035913	0.9972804	0.993934	1.0609863
embedding_0745	-0.60130024	-0.52852494	-0.5102814	-0.52099204	-0.53429675	-0.42517567	-0.57935286	-0.45593297	-0.5281089	-0.42609188	-0.5454716	-0.6187516	-0.5795377	-0.5137096	-0.5187242	-0.50338244	-0.5365988	-0.54083735	-0.4314526	-0.46352988	-0.44932035	-0.5185383	-0.5682168	-0.6473711	-0.47377202	-0.61813277	-0.6475419	-0.6730705	-0.5283939	-0.4967241	-0.5053566	-0.4861271	-0.5150761	-0.54821384	-0.47489554	-0.62319165	-0.52509695	-0.47750843	-0.49438283	-0.34152925	-0.41969234	-0.47123986	-0.4483259	-0.44089565	-0.49422446	-0.6100329	-0.5041601	-0.42174375	-0.60299236	-0.5698699	-0.5014793	-0.52457833	-0.5707583	-0.552585	-0.44461817	-0.646143	-0.54074156	-0.5576549	-0.510238	-0.46076602	-0.57433367	-0.52778524	-0.4476598	-0.5103871	-0.55489975	-0.50784016	-0.45380428	-0.5319099	-0.5128232	-0.4264553	-0.3950153	-0.5117709	-0.4374518	-0.5476808	-0.49272874	-0.53423977	-0.50385964	-0.45740137	-0.486868	-0.5461276	-0.50677216	-0.55664593	-0.5077452	-0.48433644	-0.4833394	-0.5190285	-0.36842448	-0.55250186
embedding_0746	0.67844343	0.72240853	0.6581917	0.70013154	0.6179818	0.70763326	0.65947723	0.65194863	0.69894946	0.6530024	0.62198335	0.6673013	0.68048686	0.6042793	0.6606543	0.68478215	0.73963207	0.6472965	0.66463697	0.6320809	0.6483539	0.6814024	0.6434583	0.6890565	0.6655732	0.6969381	0.6895253	0.7682692	0.7312167	0.63649774	0.7125461	0.68364894	0.6509071	0.7044096	0.6896756	0.6838389	0.6656498	0.66519725	0.6556815	0.66425043	0.63948554	0.6556851	0.6765553	0.5714261	0.6516254	0.7006887	0.64738137	0.6353727	0.74370944	0.7571856	0.5967822	0.6888705	0.6086274	0.68203974	0.6384531	0.7412743	0.649233	0.7048392	0.620328	0.7006854	0.7260262	0.6606421	0.61236686	0.68031746	0.7270736	0.664244	0.6901102	0.6550175	0.5903815	0.66167194	0.6585672	0.67607754	0.6081663	0.7288727	0.63532794	0.66534066	0.6672778	0.6300457	0.6608479	0.7341509	0.69331986	0.7332711	0.66806525	0.6551788	0.664591	0.6782622	0.64209586	0.6713015
embedding_0747	0.088645875	0.03392466	-0.08694129	0.061646305	0.03143883	0.0839823	0.034403402	0.12017391	0.050151885	0.08996717	0.020747196	-0.035606567	0.03572946	0.030438686	0.039369542	0.082611285	0.07073053	-2.4511117e-05	0.082212	0.07655921	0.0046506776	-0.00865002	0.01300434	-0.028175384	0.061367802	0.03504232	-0.019954002	-0.013475853	0.014401645	0.04886618	0.023765028	0.1724902	0.11473878	0.031290345	0.13595465	-0.05178223	0.003827799	0.1651873	0.027234362	0.2070538	0.06970474	0.094620466	0.023435188	0.048338972	0.14151789	-0.09711766	0.03781508	0.073241726	0.03529407	0.04971721	0.023660108	0.049769122	0.06943348	0.14284351	0.026742741	0.061982952	0.09035916	0.021365266	0.020289391	0.11916776	0.006132975	0.008535709	0.034191325	0.03405869	0.0033100215	0.06530988	0.08972551	-0.016764382	0.048634592	0.18469816	0.05238268	0.045424957	0.0809071	0.027956514	0.05322959	0.03818823	0.06724631	0.061933678	0.18234965	0.008760198	0.08131468	-0.06725258	0.045565993	0.12626462	0.085712776	0.075917095	0.1317279	0.084540695
embedding_0748	-0.042574417	-0.033357196	-0.07099205	-0.038652748	-0.07226554	-0.0482716	-0.094100356	-0.10290221	-0.014528015	-0.12595397	-0.072449975	-0.05511829	-0.13581608	-0.13106556	-0.04731409	-0.06453194	-0.11877674	-0.13124843	-0.07706704	-0.07507268	-0.1202182	-0.041458916	-0.027282115	-0.05958272	-0.016749086	-0.08528086	-0.051477153	-0.0070191473	-0.092684984	-0.082738735	-0.059596613	-0.07117461	-0.034286056	-0.039954036	-0.05080784	-0.080364585	-0.06833792	-0.08417797	-0.10389753	0.023050966	-0.103327565	-0.120196566	-0.110073045	-0.18882103	-0.10221454	-0.14232568	-0.09571571	-0.08287207	-0.03955733	-0.037209474	-0.12644447	-0.100911245	-0.121286266	-0.074017145	-0.09186865	-0.067489766	-0.036048453	-0.0875794	-0.0758789	-0.090575166	-0.10838319	-0.08699913	-0.10076173	-0.070411354	0.0061474177	-0.07927058	-0.09176385	-0.08104057	-0.10970969	-0.16707736	-0.051070753	-0.06708928	-0.05571456	-0.06978313	-0.11232125	-0.10055967	-0.09299315	-0.17887308	-0.038431533	-0.019975375	-0.075003386	-0.070850216	-0.052271046	-0.14788786	-0.099848576	-0.066769615	-0.069709666	-0.071399234
embedding_0749	-0.07310168	-0.1299769	0.018868554	-0.09389716	-0.06351391	-0.053971916	-0.07213719	-0.08805642	-0.114166096	-0.12022722	-0.14233154	-0.09030112	0.02447445	-0.13709489	-0.07782872	-0.05546382	-0.06087226	-0.119847395	-0.070206486	-0.09948631	-0.05324968	-0.011488482	-0.028934972	-0.05545138	-0.13702111	-0.045704663	0.10628763	-0.15488985	-0.1109197	-0.10965408	-0.054600753	-0.12339883	-0.056839157	-0.10239732	-0.1442662	0.022860715	-0.1369328	-0.15250048	-0.08156661	-0.12258765	-0.19009681	-0.11659139	-0.045913696	-0.06713195	-0.07487004	-0.048638787	-0.10644208	-0.08274247	-0.1209498	-0.056328453	0.013289869	-0.059375845	-0.028692817	-0.055873767	-0.034438163	-0.1000829	-0.08903516	-0.043158475	-0.10089656	-0.10947429	-0.06778893	-0.13730176	-0.031012282	-0.06126548	-0.13453878	-0.072898716	-0.12711994	-0.08346077	-0.05281211	-0.045169912	-0.15966037	-0.090476595	-0.09307038	-0.07918819	-0.041758567	-0.086729236	-0.06548357	-0.073428355	-0.14005184	-0.13192518	-0.06935684	-0.03766436	-0.020513862	-0.09232204	-0.08257273	-0.13215597	-0.15740527	-0.045585476
embedding_0750	0.376438	0.3370065	0.36553782	0.37389815	0.40731895	0.30110574	0.36914015	0.38978016	0.31057298	0.3139589	0.36617872	0.38414294	0.4194539	0.35306323	0.33864012	0.31776097	0.337034	0.37147874	0.34803146	0.3034392	0.34855413	0.35806277	0.3954452	0.39469057	0.3046209	0.32361338	0.40701666	0.38858014	0.3719213	0.38132864	0.3473939	0.27124462	0.31095663	0.34728482	0.32930204	0.432125	0.36676654	0.25009012	0.36411393	0.2670854	0.27897418	0.30710316	0.33910066	0.30050844	0.33173952	0.3687237	0.34926426	0.3498769	0.3232613	0.38746747	0.40418097	0.34824374	0.38320315	0.3686937	0.33958152	0.34391943	0.34560314	0.34747964	0.37128878	0.34025726	0.38218647	0.33900183	0.33196604	0.39195448	0.38470325	0.3347149	0.30435303	0.34900197	0.41087237	0.36274636	0.33983305	0.28355923	0.40199053	0.40010446	0.37236577	0.38224858	0.33785576	0.34623712	0.35150075	0.37647712	0.32374436	0.4104953	0.3692358	0.35387838	0.35476467	0.35062888	0.33287096	0.38440132
embedding_0751	-0.24548411	-0.29626313	-0.31436908	-0.29160422	-0.2863199	-0.40370032	-0.2883668	-0.283982	-0.31879577	-0.33190688	-0.3581533	-0.25111562	-0.32784405	-0.34337208	-0.2901639	-0.30673814	-0.30243677	-0.32971966	-0.34648836	-0.37820482	-0.31172734	-0.3115511	-0.1703747	-0.26751095	-0.38599107	-0.2752508	-0.24425508	-0.28401548	-0.35203528	-0.32155997	-0.28860503	-0.30705643	-0.3536139	-0.28631872	-0.3168047	-0.30637258	-0.28879333	-0.41243684	-0.3346301	-0.3923527	-0.40704182	-0.37389597	-0.3496558	-0.330859	-0.27581432	-0.25157595	-0.3167206	-0.36297548	-0.29220572	-0.27282998	-0.24576491	-0.26884645	-0.24969396	-0.23001046	-0.27327514	-0.22561753	-0.295175	-0.28800458	-0.2543054	-0.32409003	-0.21678083	-0.29036462	-0.26323584	-0.34721696	-0.3174512	-0.3239601	-0.33120796	-0.2711447	-0.34748712	-0.2607162	-0.40903443	-0.36359075	-0.33350348	-0.22089814	-0.33864883	-0.30042538	-0.32619533	-0.28678864	-0.4113073	-0.31462258	-0.3055147	-0.2980049	-0.31262583	-0.26484597	-0.3261343	-0.3135649	-0.36881897	-0.3439594
embedding_0752	0.53582484	0.47629434	0.53593946	0.50444347	0.4879708	0.49963138	0.5145966	0.45222706	0.45961845	0.47370106	0.55527914	0.451584	0.5450445	0.49417534	0.4844052	0.4865414	0.532263	0.470627	0.45467836	0.49969602	0.47278246	0.5045845	0.41225323	0.47995976	0.5819533	0.45747766	0.45586088	0.5460637	0.5513337	0.48529977	0.503257	0.4829713	0.48938477	0.47643498	0.49498904	0.4872453	0.47543544	0.5626291	0.5219708	0.50739455	0.5130476	0.399236	0.50071263	0.43689734	0.4403863	0.48314938	0.49842146	0.45541614	0.4950781	0.39317358	0.47543314	0.48398444	0.4122685	0.46048844	0.44619733	0.49931708	0.46653917	0.5088811	0.38802454	0.48680848	0.45070186	0.47268724	0.42549977	0.4682117	0.54389995	0.5161732	0.44672257	0.5091211	0.5321516	0.47714666	0.49463308	0.56313425	0.47306806	0.44833633	0.49387595	0.5352957	0.5166032	0.3870473	0.55150104	0.5067222	0.47914183	0.48097828	0.54559624	0.44642273	0.49645606	0.54969865	0.5131852	0.52934307
embedding_0753	0.18373093	0.24654241	0.17693958	0.21698907	0.16877885	0.2981058	0.1604541	0.28865346	0.21520206	0.30278614	0.21679443	0.15265854	0.18441072	0.26972044	0.15137823	0.20900539	0.2252483	0.22881612	0.2089838	0.2523275	0.20993449	0.21214628	0.24511439	0.16761473	0.24232343	0.21386208	0.1709067	0.16430883	0.17350231	0.21325797	0.18088341	0.24378511	0.28141192	0.20662124	0.25946152	0.10741748	0.17148286	0.2464078	0.22736366	0.18765505	0.25621983	0.20898685	0.21463676	0.24207444	0.2010186	0.14384958	0.19720468	0.23899299	0.1970464	0.17543553	0.2294745	0.21875617	0.20798805	0.21776034	0.23293968	0.17718573	0.2140507	0.21729746	0.2091423	0.23378283	0.23426698	0.22950423	0.2004428	0.20266066	0.17982486	0.27151605	0.217281	0.17696504	0.21678369	0.23788476	0.20155407	0.19518313	0.23980339	0.24180359	0.2543835	0.2465259	0.23784287	0.25824687	0.22916397	0.18300645	0.22558445	0.19304287	0.21026587	0.22088814	0.22330345	0.25322855	0.24340796	0.24263114
embedding_0754	-0.7409977	-0.7801889	-0.6874501	-0.8051284	-0.8430036	-0.7527958	-0.7111093	-0.7586165	-0.6731262	-0.69602937	-0.7423977	-0.64180523	-0.7416627	-0.765169	-0.73429537	-0.7353041	-0.71765447	-0.68787503	-0.6976205	-0.79299766	-0.7002673	-0.75225335	-0.798383	-0.7975415	-0.78925854	-0.73077554	-0.8177844	-0.828328	-0.81603175	-0.72065437	-0.70968074	-0.74675244	-0.7433353	-0.780048	-0.6773367	-0.67616576	-0.74778	-0.78116626	-0.7549544	-0.6570519	-0.66963893	-0.66839457	-0.6900729	-0.67427605	-0.6719188	-0.7300492	-0.78030807	-0.7570456	-0.7896578	-0.75615644	-0.7031132	-0.7294244	-0.6595293	-0.71694356	-0.83204806	-0.731903	-0.81511146	-0.78135055	-0.740274	-0.7013591	-0.717156	-0.7164369	-0.67789024	-0.77450496	-0.78838676	-0.7634631	-0.72556394	-0.7748482	-0.77555114	-0.7174104	-0.6972333	-0.72625524	-0.7508734	-0.67577386	-0.6858969	-0.8200656	-0.76884973	-0.74089265	-0.75967854	-0.8106827	-0.70329875	-0.7947851	-0.77363265	-0.75130343	-0.71585846	-0.79687876	-0.7843954	-0.80418634
embedding_0755	-0.65696305	-0.65051556	-0.7089286	-0.6596275	-0.6533154	-0.6702736	-0.6151464	-0.6531731	-0.63094944	-0.6352448	-0.6189164	-0.6939462	-0.6761857	-0.632718	-0.6151606	-0.61850655	-0.6918935	-0.6233155	-0.631806	-0.6042804	-0.6954694	-0.65887105	-0.66740614	-0.6415184	-0.63351434	-0.5994475	-0.6426255	-0.60194594	-0.66413546	-0.6480725	-0.6609433	-0.61409855	-0.6528955	-0.61544436	-0.6666481	-0.68426406	-0.6334632	-0.56754553	-0.6789843	-0.664181	-0.6099865	-0.6335899	-0.7112428	-0.60889244	-0.6426486	-0.6365587	-0.6287574	-0.6383002	-0.590307	-0.65939605	-0.69014686	-0.67680126	-0.6792888	-0.66646016	-0.6288358	-0.642453	-0.6472449	-0.6959108	-0.56991094	-0.68957216	-0.7073704	-0.651188	-0.6457771	-0.6387733	-0.63754493	-0.67766625	-0.60957116	-0.6533069	-0.6580517	-0.69279116	-0.61184704	-0.60835016	-0.6350813	-0.688009	-0.67547244	-0.6761269	-0.6700848	-0.64798576	-0.6401438	-0.6144114	-0.6550444	-0.7092705	-0.69973236	-0.7022015	-0.6644211	-0.6656189	-0.6349864	-0.6414469
embedding_0756	-0.15455471	-0.1776513	-0.15126912	-0.12530367	-0.10225492	-0.20173797	-0.17202301	-0.15850453	-0.25401145	-0.21381393	-0.15554872	-0.19551986	-0.12575667	-0.23008734	-0.15317333	-0.14538383	-0.20757458	-0.23901069	-0.16280364	-0.14641827	-0.20441023	-0.16248661	-0.23394662	-0.2001543	-0.11427179	-0.21462065	-0.15639126	-0.18093336	-0.072255835	-0.12982549	-0.21745947	-0.182534	-0.1600157	-0.21836646	-0.19462675	-0.20127474	-0.2160537	-0.08248877	-0.19388893	-0.09664812	-0.19198225	-0.2150894	-0.20824325	-0.25051734	-0.20550922	-0.2548276	-0.17380019	-0.11980845	-0.18494397	-0.18740557	-0.20878777	-0.2089899	-0.24236941	-0.18654265	-0.2068113	-0.15569015	-0.11871459	-0.20010045	-0.2504809	-0.19300018	-0.23735556	-0.19895427	-0.21081503	-0.15367904	-0.10709219	-0.14581104	-0.16626273	-0.19316517	-0.14216226	-0.1223363	-0.14252461	-0.20035878	-0.18437378	-0.22806548	-0.20163362	-0.16632053	-0.17224151	-0.26714835	-0.080835596	-0.1652278	-0.15369582	-0.16034517	-0.12766552	-0.17013024	-0.16047896	-0.10105852	-0.1710271	-0.13752791
embedding_0757	0.29228893	0.17589752	0.27181557	0.20102759	0.18348758	0.1599336	0.24309829	0.18478525	0.24926198	0.1685656	0.15263347	0.22416784	0.25483692	0.13327962	0.18824087	0.14151792	0.27771044	0.20495236	0.18420945	0.1312015	0.21472009	0.17621666	0.26727626	0.26843634	0.053060684	0.29710528	0.26819474	0.19949733	0.22925986	0.17057052	0.18008035	0.20789905	0.18538567	0.22517489	0.1683069	0.20160033	0.17235784	0.11034254	0.12720075	0.058905285	0.073126204	0.15281823	0.20490469	0.17588611	0.21614765	0.3060518	0.19580895	0.13601884	0.20342316	0.18084797	0.22539671	0.25763005	0.2601773	0.2519133	0.18590432	0.19406599	0.2660603	0.25655168	0.13390076	0.167329	0.27955893	0.20663136	0.18222043	0.15916625	0.120847374	0.1604364	0.1711741	0.15861441	0.14730611	0.22005907	0.08137962	0.13930218	0.12176022	0.2587575	0.19865549	0.20904796	0.21848106	0.21932258	0.12377991	0.19588602	0.2406183	0.23926696	0.2132359	0.20212619	0.16655485	0.106209375	0.12723468	0.17941524
embedding_0758	0.34419405	0.2052343	0.31696686	0.3226126	0.41146153	0.25170285	0.3233292	0.26553166	0.27675152	0.20696406	0.29000753	0.29487848	0.27577084	0.2791699	0.3202304	0.33665776	0.24809334	0.281831	0.26297063	0.34483606	0.2361664	0.35952973	0.3270535	0.3433024	0.31949946	0.31457403	0.453438	0.35101235	0.3614597	0.35416234	0.25777674	0.3436024	0.305469	0.3668849	0.28225067	0.3848667	0.35122383	0.31819877	0.26157093	0.25719196	0.29127285	0.27576303	0.28828654	0.2334491	0.2634542	0.27604732	0.30948418	0.35455108	0.29713112	0.37332186	0.27577838	0.2656817	0.31939745	0.33661842	0.38313666	0.25436282	0.48669255	0.33956492	0.37612927	0.23740247	0.24662992	0.22641928	0.29034376	0.33869937	0.3863762	0.34721678	0.32204476	0.3305305	0.33217227	0.25878185	0.2708502	0.32608682	0.29216036	0.2598027	0.2924245	0.30975118	0.24710393	0.24864057	0.4039386	0.35900533	0.27115154	0.30352905	0.33043993	0.33371553	0.2643005	0.37221637	0.27676845	0.3344307
embedding_0759	-0.104138166	-0.22537625	-0.18782331	-0.20147926	-0.23522627	-0.23807594	-0.25176656	-0.20389727	-0.2677119	-0.27986872	-0.28085184	-0.22447632	-0.17640407	-0.25701883	-0.29369676	-0.22584015	-0.17481375	-0.2838037	-0.25066912	-0.26018474	-0.23533367	-0.20202048	-0.19092304	-0.21398719	-0.24731193	-0.19615915	-0.12823714	-0.2177182	-0.3066332	-0.22578254	-0.26203772	-0.15038179	-0.22594866	-0.23350754	-0.30414417	-0.279424	-0.28102478	-0.19918254	-0.27587008	-0.36003622	-0.3324123	-0.24479945	-0.27220002	-0.25394917	-0.1951094	-0.22172967	-0.23200664	-0.25350887	-0.1910449	-0.24282831	-0.21392368	-0.20947863	-0.19844258	-0.21498986	-0.22286005	-0.2382512	-0.21673477	-0.20194794	-0.24653098	-0.24405491	-0.22710863	-0.2445563	-0.272011	-0.2075029	-0.26574942	-0.23093575	-0.2264277	-0.2535344	-0.24459806	-0.21916567	-0.3334815	-0.22428231	-0.27809814	-0.23876895	-0.21930793	-0.22836833	-0.2731682	-0.29030198	-0.23821478	-0.26465183	-0.23616642	-0.21477175	-0.20286277	-0.2008178	-0.25107542	-0.27659017	-0.3598743	-0.21972875
embedding_0760	-0.11823606	-0.15917848	-0.18550086	-0.13502742	-0.22650027	-0.037294164	-0.20073068	-0.22064689	-0.11981232	-0.101881444	-0.09685899	-0.19162415	-0.30010104	-0.16423757	-0.25505772	-0.2135043	-0.15600184	-0.23914488	-0.20453764	-0.14430664	-0.17525208	-0.2622297	-0.15948163	-0.13438997	-0.17241764	-0.17758064	-0.43442294	-0.06230434	-0.1010569	-0.16241482	-0.21155953	-0.056232627	-0.09748533	-0.09131624	-0.11359927	-0.32311797	-0.18238454	-0.082550645	-0.17649312	0.05488089	-0.0670678	-0.07010116	-0.23239295	-0.2203188	-0.12061612	-0.31424618	-0.19230847	-0.18534282	-0.12629922	-0.28515777	-0.22850715	-0.17622499	-0.2071546	-0.16978142	-0.087153114	-0.17430973	-0.3366206	-0.20120363	-0.11403944	-0.11858132	-0.15335238	-0.17719188	-0.23518915	-0.1981335	-0.17101552	-0.18363573	-0.16556253	-0.17817278	-0.26902467	-0.20685817	-0.155667	-0.13743635	-0.14440985	-0.120402016	-0.25621217	-0.21747334	-0.089078076	-0.056524843	-0.055205397	-0.22371097	-0.14136332	-0.24860333	-0.19842075	-0.17498015	-0.18006141	-0.1534912	-0.09126777	-0.15625331
embedding_0761	0.80791503	0.9718345	0.7991321	0.9990423	0.914971	1.0275064	0.8908965	1.0447539	0.9727946	1.0931164	0.9793257	0.9175718	0.8617067	1.0440173	0.98819214	1.009752	0.872199	0.9709622	1.0282438	1.0809336	0.98211485	0.96158457	0.8943738	0.884216	1.041767	0.8759015	0.77981853	0.9378743	0.9841436	1.0187898	0.935246	0.9911848	0.9950832	0.94536203	1.0853816	0.881798	0.9517082	1.0565819	0.99445045	1.1353385	1.0981027	1.0765343	0.9373287	0.9671548	0.9618738	0.7289032	0.9868055	1.0971845	0.9272816	0.93878454	0.9567884	0.94293696	0.9101241	0.9343188	0.9901194	0.9922968	0.9975395	0.938896	1.0519068	1.008762	0.87214434	0.9758378	1.0065475	1.008698	1.0125577	0.99600494	0.96944726	0.9794655	1.0324701	1.0181895	1.1038973	0.9524589	1.097127	0.9990929	0.9446265	0.9663903	0.96363926	0.9807714	1.052488	0.9717415	1.0235528	0.8827377	0.93488014	0.96897894	1.0286418	1.0324414	1.111244	0.9699546
embedding_0762	0.48160836	0.39644316	0.47315365	0.38080618	0.47910303	0.39430243	0.49743527	0.4210734	0.5008457	0.3655071	0.43473217	0.4613324	0.5449335	0.4231225	0.44988397	0.429997	0.45231467	0.4957722	0.42917585	0.43844482	0.4558582	0.52524257	0.46122512	0.4510456	0.4151815	0.45416498	0.5979619	0.4561724	0.46516922	0.40815434	0.4861584	0.37121752	0.4013447	0.4907981	0.44242257	0.59956986	0.50324625	0.36485428	0.49926946	0.37789902	0.42457774	0.36376518	0.46050528	0.46371484	0.40482107	0.59527135	0.50518066	0.41342613	0.5018117	0.5012154	0.46846497	0.46378714	0.4307433	0.42054978	0.4484344	0.46967605	0.50311744	0.48896897	0.40956438	0.45649463	0.48713437	0.3891195	0.470195	0.431252	0.498325	0.45084918	0.4191638	0.49894047	0.47023153	0.44005874	0.39441356	0.46157134	0.4420755	0.40308997	0.49945194	0.48080394	0.4614729	0.4768645	0.45444357	0.5019143	0.4153881	0.5044775	0.46687585	0.42061678	0.4509771	0.51415724	0.45543307	0.46296835
embedding_0763	0.46972218	0.38011506	0.39401883	0.43062884	0.4409013	0.38862413	0.43255252	0.3886745	0.38855088	0.35166386	0.45287168	0.36985743	0.5016682	0.3610307	0.43273714	0.4509289	0.42575723	0.3177054	0.36738685	0.42211014	0.3570964	0.43488675	0.34460664	0.42740995	0.48766324	0.4147	0.4518905	0.519357	0.4687894	0.38843462	0.41178733	0.4070842	0.46972334	0.40839884	0.37968147	0.41727158	0.3882636	0.46982798	0.4142133	0.4296366	0.34666508	0.34689847	0.3569711	0.28583062	0.39256355	0.37410676	0.4230545	0.38184977	0.44887277	0.41772377	0.34194136	0.4085702	0.3208085	0.42954227	0.35814953	0.447044	0.43483764	0.42014578	0.3837082	0.3971012	0.3846555	0.35571373	0.29085037	0.45655686	0.48823905	0.4233357	0.36788723	0.40330702	0.45354328	0.40801966	0.4316233	0.4585251	0.4221135	0.3465024	0.37102225	0.42021424	0.37134975	0.25232697	0.53113455	0.49614567	0.42052153	0.3773124	0.43350184	0.4107016	0.4266506	0.4935709	0.38650432	0.45125997
embedding_0764	-0.29818952	-0.4598695	-0.4553824	-0.39650914	-0.448517	-0.28484175	-0.34663305	-0.44221658	-0.42889315	-0.48300797	-0.43979403	-0.36383307	-0.3842732	-0.40938982	-0.45010397	-0.42717424	-0.35288477	-0.45291674	-0.4142907	-0.44825527	-0.4636881	-0.44445586	-0.42899886	-0.4612414	-0.38182226	-0.45923775	-0.43069795	-0.42133388	-0.50921494	-0.4490423	-0.43700212	-0.36400723	-0.36422163	-0.4803151	-0.42622143	-0.42387894	-0.4354399	-0.35861462	-0.42715693	-0.27573425	-0.44537228	-0.32708722	-0.39340404	-0.42783517	-0.34098104	-0.50537217	-0.43542784	-0.41848844	-0.49937615	-0.39564005	-0.415046	-0.42590496	-0.32642952	-0.38092893	-0.45334545	-0.46822822	-0.44437328	-0.430985	-0.4612781	-0.38540685	-0.46812686	-0.3289668	-0.4835789	-0.5123001	-0.4752948	-0.36627448	-0.40821344	-0.44650164	-0.43909213	-0.41075456	-0.41710746	-0.32516482	-0.39578858	-0.5257887	-0.35672495	-0.4947654	-0.40223104	-0.45099717	-0.32296664	-0.43697995	-0.44155574	-0.46639276	-0.40150976	-0.4347998	-0.41021687	-0.44939604	-0.41135588	-0.40671962
embedding_0765	0.16922987	0.16266976	0.19270876	0.16873145	0.166927	0.20123394	0.175323	0.20281158	0.14304349	0.20946845	0.20187528	0.13693567	0.20505114	0.23257351	0.19177675	0.18921356	0.18853708	0.20173866	0.15946122	0.20565842	0.19012672	0.18980445	0.1301781	0.144672	0.18231016	0.15348995	0.20803535	0.17109227	0.1727407	0.19745274	0.15570004	0.15390411	0.12267738	0.16877912	0.16956517	0.19202067	0.17195587	0.22438885	0.22432908	0.14595792	0.18813993	0.14141141	0.20146738	0.22449109	0.17013772	0.1854962	0.18220343	0.1958424	0.16419764	0.13886495	0.17405027	0.18878484	0.16216016	0.16268554	0.18363893	0.1433327	0.16153793	0.16591531	0.16639921	0.15280423	0.16017526	0.13547368	0.15030436	0.21679625	0.18180163	0.18630067	0.18812282	0.17324126	0.210397	0.23405623	0.20444033	0.18716203	0.15254481	0.16349956	0.20699523	0.19334945	0.160694	0.20315702	0.15750204	0.21491472	0.16794978	0.15324809	0.22283496	0.21923177	0.17650962	0.2084065	0.22814971	0.17085554
embedding_0766	-0.84528524	-0.7711297	-0.84486806	-0.75041264	-0.77975196	-0.80241764	-0.82599497	-0.79268366	-0.7922937	-0.76092	-0.8151997	-0.8719194	-0.794601	-0.8090772	-0.75820017	-0.7461577	-0.84934354	-0.83815163	-0.76306015	-0.72141194	-0.8204231	-0.76776767	-0.8769714	-0.834544	-0.71230334	-0.83202535	-0.8191851	-0.85061395	-0.69409007	-0.7993887	-0.74894196	-0.7412743	-0.7394205	-0.76230836	-0.7409606	-0.81498706	-0.80839133	-0.7437845	-0.77333236	-0.7120433	-0.7665725	-0.9168663	-0.8039546	-0.8350331	-0.8542688	-0.89110315	-0.7618091	-0.7535018	-0.7249412	-0.81205475	-0.81483084	-0.78337497	-0.90881073	-0.7980688	-0.81389046	-0.7923924	-0.66244406	-0.81545633	-0.83655775	-0.76863164	-0.84060884	-0.8711572	-0.73381853	-0.7988435	-0.7319303	-0.78821295	-0.7954281	-0.76828164	-0.7698741	-0.71872145	-0.7772059	-0.7675865	-0.7930941	-0.8473075	-0.8133084	-0.76669985	-0.7562838	-0.8409479	-0.7280929	-0.74301183	-0.75206757	-0.8331109	-0.7694998	-0.7896231	-0.7744942	-0.6906596	-0.7637175	-0.7899165
embedding_0767	0.71201193	0.7547744	0.70309967	0.7277547	0.77278084	0.77923447	0.7254162	0.7673446	0.7725121	0.7242116	0.74226296	0.63800883	0.676715	0.7647129	0.67189956	0.712874	0.83126473	0.76888716	0.7322259	0.7320371	0.74057454	0.6791921	0.7345929	0.7683153	0.70228565	0.68105644	0.71346426	0.63965046	0.73223394	0.7009597	0.75339276	0.77902466	0.73504734	0.68000853	0.7267599	0.656907	0.7266868	0.7528768	0.74432826	0.69069654	0.74382836	0.77807254	0.7284556	0.73612016	0.74194294	0.73254526	0.7584158	0.7296188	0.7431774	0.70204973	0.761156	0.7421986	0.7448832	0.70313877	0.7106534	0.6264971	0.64786667	0.78063476	0.69496626	0.74497414	0.71137875	0.78991306	0.7234409	0.71712863	0.61221707	0.7338265	0.7429993	0.73715496	0.72471106	0.70538145	0.73956233	0.72611433	0.7450726	0.7300781	0.747083	0.7314344	0.77577263	0.729905	0.7006012	0.64287376	0.78846204	0.73013663	0.739284	0.7252142	0.71312815	0.6379753	0.7962593	0.718545
