clade_name	sub-MIC015	sub-MIC105	sub-MIC104	sub-MIC103	sub-MIC102	sub-MIC101	sub-MIC100	sub-MIC099	sub-MIC098	sub-MIC014	sub-MIC097	sub-MIC096	sub-MIC095	sub-MIC094	sub-MIC093	sub-MIC092	sub-MIC091	sub-MIC090	sub-MIC088	sub-MIC087	sub-MIC013	sub-MIC085	sub-MIC084	sub-MIC083	sub-MIC082	sub-MIC081	sub-MIC080	sub-MIC079	sub-MIC078	sub-MIC077	sub-MIC076	sub-MIC012	sub-MIC073	sub-MIC072	sub-MIC071	sub-MIC070	sub-MIC069	sub-MIC068	sub-MIC065	sub-MIC064	sub-MIC063	sub-MIC061	sub-MIC010	sub-MIC060	sub-MIC059	sub-MIC057	sub-MIC056	sub-MIC053	sub-MIC052	sub-MIC051	sub-MIC049	sub-MIC048	sub-MIC017	sub-MIC016	sub-MIC003	sub-MIC002	sub-MIC047	sub-MIC009	sub-MIC046	sub-MIC045	sub-MIC044	sub-MIC043	sub-MIC042	sub-MIC041	sub-MIC040	sub-MIC039	sub-MIC038	sub-MIC037	sub-MIC008	sub-MIC036	sub-MIC035	sub-MIC034	sub-MIC033	sub-MIC032	sub-MIC031	sub-MIC029	sub-MIC028	sub-MIC027	sub-MIC026	sub-MIC005	sub-MIC025	sub-MIC024	sub-MIC023	sub-MIC022	sub-MIC021	sub-MIC020	sub-MIC019	sub-MIC018
k__Archaea	0	0	0	0	0	0	0	0	0	0	0	0	0	0	0	0	0	0	0	0	0	0	0	0	0	0	0	0	0	0	0	0	0	0	0	0	0	0	0	0	0	0	0	0	0	0	0	0	0	0	0	0	0	0	0	0	0	0	0	0	0	0	0	0	2	0	0	0	0	0	0	0	0	0	0	0	0	0	0	0	0	0	0	0	0	0	0	0
k__Bacteria	30362	55730	50442	56852	51410	41152	43996	47591	48576	36863	46306	45884	46247	52379	35620	56955	43899	52780	44083	47520	33432	59270	61848	62798	65311	67353	73331	60234	73467	61681	65768	24927	86913	60213	48565	43508	38941	52681	44900	57182	53982	55474	19726	45912	65837	36167	39881	77181	51852	46068	32689	39612	36678	34378	21221	49679	29290	31442	32893	27107	37412	25150	44450	38175	33336	34982	38404	26229	23073	45197	50109	37347	43391	34901	54613	44291	43898	21319	42666	22044	30662	29879	33638	35118	41257	37901	25566	30877
k__Archaea___p__Methanobacteriota	0	0	0	0	0	0	0	0	0	0	0	0	0	0	0	0	0	0	0	0	0	0	0	0	0	0	0	0	0	0	0	0	0	0	0	0	0	0	0	0	0	0	0	0	0	0	0	0	0	0	0	0	0	0	0	0	0	0	0	0	0	0	0	0	2	0	0	0	0	0	0	0	0	0	0	0	0	0	0	0	0	0	0	0	0	0	0	0
k__Bacteria___p__Acidobacteriota	0	0	0	0	0	0	0	0	0	0	0	0	0	0	0	0	0	0	0	0	0	0	0	0	0	0	0	0	0	0	0	0	0	0	0	0	0	0	0	0	0	0	0	0	0	0	0	0	0	0	0	0	0	0	0	0	0	0	0	0	0	0	0	0	0	0	0	0	0	2	0	0	0	0	0	0	0	0	0	0	0	0	0	0	0	0	0	0
k__Bacteria___p__Actinomycetota	2	755	132	184	248	75	44	137	33	26	33	108	143	598	262	222	37	260	819	28	195	50	203	153	235	45	192	141	163	138	220	2	3015	723	361	31	275	177	7	13	232	10	9	101	81	548	193	0	95	379	0	5	29	43	80	6	198	17	89	2	59	7	479	8	207	0	3	170	0	89	22	56	59	5	35	51	46	7	49	35	15	10	12	17	10	17	28	0
k__Bacteria___p__Bacillota	19445	24096	20784	13277	23858	13110	11018	11774	23911	18374	16050	10905	18376	7679	16806	13731	20263	23311	10561	16885	16174	25680	30858	14054	14297	11973	39746	21216	37361	29873	26311	16662	47129	33684	23992	22885	26110	23743	18748	21833	28284	23684	15159	11388	18372	8116	24198	19171	19834	34587	20139	14145	19025	15494	6806	15515	18414	9455	13905	14439	18109	10214	25265	15922	18407	11274	14449	13609	15068	22458	18495	11335	12893	13951	43627	30561	24199	6695	25334	14293	8389	11202	12037	13388	6149	13979	13091	9317
k__Bacteria___p__Bacteroidota	10650	29834	28250	42782	19501	19551	31981	11633	14849	17835	28056	32331	26598	43486	16896	14224	21153	26719	31833	15866	16833	30346	30388	40763	49679	53426	31692	32086	31880	26728	38274	7670	35111	24277	22419	19067	9136	26771	23211	33802	21671	29843	3553	26435	46445	24563	12687	56466	9576	9963	12417	12007	14026	18035	13311	33665	10452	21695	18532	12495	18895	14522	18432	21764	14349	21270	23858	11265	7520	22479	31421	24445	30133	20170	8818	11811	19393	14265	17021	7393	21501	16148	20863	21443	22899	23419	8255	13400
k__Bacteria___p__Campylobacterota	0	0	0	0	0	0	0	5	0	0	0	4	0	0	0	13	0	0	0	0	0	0	0	0	2	0	0	0	0	0	0	0	3	0	0	0	0	0	0	0	0	0	0	0	0	0	0	0	0	0	0	0	0	0	0	0	0	0	16	0	0	0	0	0	2	7	0	0	0	0	0	4	5	0	0	0	0	0	0	0	0	0	0	0	0	0	0	0
k__Bacteria___p__Candidatus Kryptonia	0	0	0	0	0	0	0	0	0	0	0	0	0	0	0	0	0	0	0	0	0	0	0	0	0	0	0	0	0	0	0	0	0	0	0	0	0	0	0	0	0	0	0	0	0	0	0	0	0	2	0	0	0	0	0	0	0	0	0	0	0	0	0	0	0	0	0	0	0	0	0	0	0	0	0	0	0	0	0	0	0	0	0	0	0	0	0	0
k__Bacteria___p__Cyanobacteriota	0	0	0	0	33	0	0	0	36	0	1286	0	0	0	215	0	545	0	0	72	0	709	0	0	0	0	0	0	0	0	0	0	0	0	0	0	201	0	248	1155	0	0	256	7948	0	18	998	0	193	0	0	150	3177	343	400	0	0	89	0	2	0	0	0	29	78	0	0	0	7	0	0	0	0	0	72	0	0	299	0	0	0	548	0	0	15	0	0	27
k__Bacteria___p__Elusimicrobiota	0	0	0	0	0	11	0	0	147	0	0	0	220	0	0	0	0	0	0	447	0	0	0	0	0	0	0	0	0	0	0	0	0	0	0	0	0	0	0	0	0	0	0	0	0	0	0	0	31	0	0	7	0	0	0	0	0	0	0	0	0	0	0	0	0	0	0	0	0	0	0	0	0	0	0	0	0	0	0	0	0	518	0	0	0	0	0	3499
k__Bacteria___p__Fusobacteriota	0	0	0	0	0	0	0	0	0	0	0	31	0	0	4	0	0	0	0	0	0	0	0	0	0	13	0	0	0	0	0	0	0	0	11	0	0	3	0	0	0	0	0	0	0	0	0	0	0	0	0	0	0	0	0	0	0	0	0	67	0	0	3	2	0	6	0	9	12	0	0	0	0	0	0	0	0	0	0	0	0	0	0	0	0	0	0	0
k__Bacteria___p__Nitrospirota	0	0	0	0	0	0	0	0	0	0	0	0	0	0	0	0	0	0	0	0	0	0	0	0	0	0	0	0	0	0	0	0	4	0	0	0	0	0	0	0	0	0	0	0	0	0	0	0	0	0	0	0	0	0	0	0	0	0	0	0	0	0	0	0	0	0	0	0	0	0	0	0	0	0	0	0	0	0	0	0	0	0	0	0	0	0	0	0
k__Bacteria___p__Patescibacteria	0	0	0	0	5	0	0	0	0	0	0	2	0	4	0	0	0	0	0	2	0	0	0	0	0	0	0	0	0	0	0	0	2	0	2	0	0	0	0	0	0	0	0	0	0	0	0	4	0	0	0	0	0	0	0	0	0	0	0	0	0	0	0	0	0	0	0	0	0	0	0	0	0	0	2	0	0	0	0	0	0	0	0	0	0	0	0	0
k__Bacteria___p__Planctomycetota	0	0	0	0	0	0	0	0	0	0	0	0	0	0	0	0	0	0	0	0	0	0	0	0	0	0	0	0	0	0	0	0	0	0	0	0	0	0	0	0	0	0	0	0	0	0	0	0	0	0	0	0	0	0	0	0	0	0	0	0	0	0	0	0	0	0	0	0	0	0	0	0	0	0	0	0	0	0	0	0	0	0	0	0	0	2	0	0
k__Bacteria___p__Pseudomonadota	213	722	1087	553	7576	8298	944	23670	4846	621	864	1989	713	601	570	28304	1303	1484	861	14027	150	2391	226	7194	1010	1649	1061	6730	3548	4674	963	546	1623	1213	1546	1330	582	724	491	352	3357	1937	78	22	850	2909	1247	1540	428	871	131	152	397	459	613	361	180	161	236	82	333	403	148	450	80	2425	86	1159	330	162	160	1488	294	720	1546	301	200	53	204	45	705	1401	707	246	12152	469	4182	4631
k__Bacteria___p__Spirochaetota	0	0	0	0	0	0	0	0	4204	0	0	0	0	0	0	0	0	0	0	0	0	0	0	0	0	0	0	0	0	0	0	0	0	0	0	0	0	0	0	0	0	0	618	0	0	0	0	0	21272	0	0	13004	0	0	0	0	0	0	0	0	0	0	0	0	0	0	0	0	0	0	0	0	0	0	0	0	0	0	0	0	0	0	0	0	0	0	0	0
k__Bacteria___p__Synergistota	0	0	0	0	0	0	0	0	0	0	0	0	0	0	0	0	2	0	0	0	0	0	0	0	0	0	0	0	0	0	0	9	0	0	8	0	0	0	4	0	5	0	0	0	0	0	0	0	0	0	0	0	0	0	0	0	2	0	0	0	0	0	4	0	0	0	0	0	0	0	0	0	0	0	0	0	0	0	0	0	0	0	0	0	0	0	0	0
k__Bacteria___p__Thermodesulfobacteriota	20	319	150	27	69	77	4	264	505	3	6	426	167	11	146	309	131	295	7	93	2	69	72	632	83	247	566	51	513	104	0	2	26	45	64	19	97	168	647	27	25	0	18	10	79	7	103	0	65	100	2	0	7	4	0	10	38	19	0	0	3	0	43	0	190	0	8	6	26	0	4	19	4	16	18	155	17	0	11	167	45	14	7	16	11	0	0	3
k__Bacteria___p__Verrucomicrobiota	26	0	32	29	116	20	5	106	29	0	9	77	30	0	719	150	458	704	0	96	76	23	98	0	5	0	74	8	0	164	0	32	0	271	162	176	2534	1095	1536	0	404	0	23	8	10	6	452	0	358	161	0	58	4	0	11	122	4	6	115	12	11	0	72	0	19	0	0	4	110	0	0	0	0	21	489	1406	41	0	47	86	0	34	0	8	19	7	0	0
k__Archaea___p__Methanobacteriota___c__Methanobacteria	0	0	0	0	0	0	0	0	0	0	0	0	0	0	0	0	0	0	0	0	0	0	0	0	0	0	0	0	0	0	0	0	0	0	0	0	0	0	0	0	0	0	0	0	0	0	0	0	0	0	0	0	0	0	0	0	0	0	0	0	0	0	0	0	2	0	0	0	0	0	0	0	0	0	0	0	0	0	0	0	0	0	0	0	0	0	0	0
k__Bacteria___p__Acidobacteriota___c__Acidobacteriae	0	0	0	0	0	0	0	0	0	0	0	0	0	0	0	0	0	0	0	0	0	0	0	0	0	0	0	0	0	0	0	0	0	0	0	0	0	0	0	0	0	0	0	0	0	0	0	0	0	0	0	0	0	0	0	0	0	0	0	0	0	0	0	0	0	0	0	0	0	2	0	0	0	0	0	0	0	0	0	0	0	0	0	0	0	0	0	0
k__Bacteria___p__Actinomycetota___c__Actinobacteria	2	660	37	110	121	58	6	11	0	17	9	25	60	579	172	18	0	37	746	5	186	0	129	71	185	0	61	61	58	49	38	2	2523	589	144	11	221	27	0	3	63	0	0	78	14	524	113	0	40	256	0	5	21	32	80	0	188	17	73	2	50	0	400	5	112	0	0	154	0	52	0	44	46	0	9	35	22	0	0	31	8	10	12	0	4	7	28	0
k__Bacteria___p__Actinomycetota___c__Coriobacteriia	0	95	95	74	127	17	38	126	33	9	24	83	83	19	90	204	37	223	73	23	9	50	74	82	50	45	131	80	105	89	182	0	492	134	217	20	54	150	7	10	169	10	9	23	67	24	80	0	55	123	0	0	8	11	0	6	10	0	16	0	9	7	79	3	95	0	3	16	0	37	22	12	13	5	26	16	24	7	49	4	7	0	0	17	6	10	0	0
k__Bacteria___p__Bacillota___c__Bacilli	13057	120	738	223	1344	209	2440	487	1202	17884	255	177	1304	367	460	579	555	796	393	424	13214	227	548	487	976	106	2641	4141	1929	1302	611	15039	5137	834	1234	137	10822	1200	891	85	1153	58	9500	241	589	932	675	879	748	21082	8607	10853	14273	12947	156	294	9010	5130	7562	7393	9516	3508	8350	8788	4921	5860	8555	3827	9546	13809	10587	3981	6775	3241	24694	8213	7661	983	4423	6128	2254	2186	3774	3751	3652	7794	12050	8472
k__Bacteria___p__Bacillota___c__Clostridia	6291	23409	17743	11690	21341	11470	7460	10488	21399	425	15635	10207	16023	5501	14935	12054	17855	21080	8737	15944	2199	14229	26637	11888	8668	11044	36246	13931	29110	27861	23952	1539	39169	31691	21919	22437	14876	22212	17641	18842	26449	18055	5645	11081	14391	6740	23302	10895	18776	13264	11434	3261	4689	2491	6588	14878	9293	4160	6307	6675	8545	6104	16771	6923	13155	5247	5862	9763	5508	8409	7841	7005	6015	10581	18653	21452	16243	5688	20689	8066	5934	8916	7893	9403	2187	5920	955	796
k__Bacteria___p__Bacillota___c__Incertae Sedis	12	0	5	0	7	0	0	8	0	0	0	0	8	0	0	20	29	0	0	18	0	0	0	0	0	0	0	0	0	0	0	0	13	0	0	0	0	0	53	0	126	0	0	0	0	0	35	0	28	0	0	0	0	0	0	0	0	0	0	3	0	0	6	0	87	0	0	0	2	0	22	0	0	0	0	33	0	0	25	0	0	0	0	0	0	0	0	3
k__Bacteria___p__Bacillota___c__Negativicutes	83	567	2295	1364	1166	1429	1118	788	1306	65	160	521	1041	1811	1406	1076	1822	1435	1431	497	756	11224	3657	1679	4653	823	859	3142	6320	710	1748	84	2810	1159	839	311	412	326	163	2905	556	5571	12	66	3392	444	186	7397	282	241	98	31	59	52	62	343	107	165	36	368	48	600	138	211	244	165	32	19	7	240	45	345	103	127	278	833	295	22	193	89	201	98	369	232	310	261	73	46
k__Bacteria___p__Bacteroidota___c__Bacteroidia	10650	29834	28250	42782	19501	19551	31981	11633	14849	17835	28056	32331	26598	43486	16896	14224	21153	26719	31833	15866	16833	30346	30388	40763	49679	53426	31692	32086	31880	26728	38274	7670	35111	24277	22419	19067	9136	26771	23211	33802	21671	29843	3553	26435	46445	24563	12687	56466	9576	9963	12417	12007	14026	18035	13311	33665	10452	21695	18532	12495	18895	14522	18432	21764	14349	21270	23858	11265	7520	22479	31421	24445	30133	20170	8818	11811	19393	14265	17021	7393	21501	16148	20863	21443	22899	23419	8255	13400
k__Bacteria___p__Campylobacterota___c__Campylobacteria	0	0	0	0	0	0	0	5	0	0	0	4	0	0	0	13	0	0	0	0	0	0	0	0	2	0	0	0	0	0	0	0	3	0	0	0	0	0	0	0	0	0	0	0	0	0	0	0	0	0	0	0	0	0	0	0	0	0	16	0	0	0	0	0	2	7	0	0	0	0	0	4	5	0	0	0	0	0	0	0	0	0	0	0	0	0	0	0
k__Bacteria___p__Candidatus Kryptonia___c__Kryptonia	0	0	0	0	0	0	0	0	0	0	0	0	0	0	0	0	0	0	0	0	0	0	0	0	0	0	0	0	0	0	0	0	0	0	0	0	0	0	0	0	0	0	0	0	0	0	0	0	0	2	0	0	0	0	0	0	0	0	0	0	0	0	0	0	0	0	0	0	0	0	0	0	0	0	0	0	0	0	0	0	0	0	0	0	0	0	0	0
k__Bacteria___p__Cyanobacteriota___c__Cyanobacteriia	0	0	0	0	0	0	0	0	0	0	0	0	0	0	0	0	0	0	0	0	0	0	0	0	0	0	0	0	0	0	0	0	0	0	0	0	0	0	0	0	0	0	0	0	0	0	0	0	0	0	0	0	0	0	0	0	0	0	0	2	0	0	0	0	0	0	0	0	7	0	0	0	0	0	0	0	0	0	0	0	0	0	0	0	0	0	0	0
k__Bacteria___p__Cyanobacteriota___c__Vampirivibrionia	0	0	0	0	33	0	0	0	36	0	1286	0	0	0	215	0	545	0	0	72	0	709	0	0	0	0	0	0	0	0	0	0	0	0	0	0	201	0	248	1155	0	0	256	7948	0	18	998	0	193	0	0	150	3177	343	400	0	0	89	0	0	0	0	0	29	78	0	0	0	0	0	0	0	0	0	72	0	0	299	0	0	0	548	0	0	15	0	0	27
k__Bacteria___p__Elusimicrobiota___c__Elusimicrobia	0	0	0	0	0	11	0	0	147	0	0	0	220	0	0	0	0	0	0	447	0	0	0	0	0	0	0	0	0	0	0	0	0	0	0	0	0	0	0	0	0	0	0	0	0	0	0	0	31	0	0	7	0	0	0	0	0	0	0	0	0	0	0	0	0	0	0	0	0	0	0	0	0	0	0	0	0	0	0	0	0	518	0	0	0	0	0	3499
k__Bacteria___p__Fusobacteriota___c__Fusobacteriia	0	0	0	0	0	0	0	0	0	0	0	31	0	0	4	0	0	0	0	0	0	0	0	0	0	13	0	0	0	0	0	0	0	0	11	0	0	3	0	0	0	0	0	0	0	0	0	0	0	0	0	0	0	0	0	0	0	0	0	67	0	0	3	2	0	6	0	9	12	0	0	0	0	0	0	0	0	0	0	0	0	0	0	0	0	0	0	0
k__Bacteria___p__Nitrospirota___c__Nitrospiria	0	0	0	0	0	0	0	0	0	0	0	0	0	0	0	0	0	0	0	0	0	0	0	0	0	0	0	0	0	0	0	0	4	0	0	0	0	0	0	0	0	0	0	0	0	0	0	0	0	0	0	0	0	0	0	0	0	0	0	0	0	0	0	0	0	0	0	0	0	0	0	0	0	0	0	0	0	0	0	0	0	0	0	0	0	0	0	0
k__Bacteria___p__Patescibacteria___c__Saccharimonadia	0	0	0	0	5	0	0	0	0	0	0	2	0	4	0	0	0	0	0	2	0	0	0	0	0	0	0	0	0	0	0	0	2	0	2	0	0	0	0	0	0	0	0	0	0	0	0	4	0	0	0	0	0	0	0	0	0	0	0	0	0	0	0	0	0	0	0	0	0	0	0	0	0	0	2	0	0	0	0	0	0	0	0	0	0	0	0	0
k__Bacteria___p__Planctomycetota___c__Planctomycetes	0	0	0	0	0	0	0	0	0	0	0	0	0	0	0	0	0	0	0	0	0	0	0	0	0	0	0	0	0	0	0	0	0	0	0	0	0	0	0	0	0	0	0	0	0	0	0	0	0	0	0	0	0	0	0	0	0	0	0	0	0	0	0	0	0	0	0	0	0	0	0	0	0	0	0	0	0	0	0	0	0	0	0	0	0	2	0	0
k__Bacteria___p__Pseudomonadota___c__Alphaproteobacteria	19	240	0	0	231	2021	0	381	209	49	33	2	11	0	0	575	159	4	0	0	13	2198	0	0	0	0	0	0	1443	0	0	408	35	286	0	10	53	654	2	4	57	0	6	0	18	0	831	49	3	36	40	61	10	29	0	8	6	3	5	7	5	8	53	2	15	5	3	0	230	12	15	0	5	176	105	9	0	0	11	0	0	24	5	7	20	7	44	9
k__Bacteria___p__Pseudomonadota___c__Gammaproteobacteria	194	482	1087	553	7345	6277	944	23289	4637	572	831	1987	702	601	570	27729	1144	1480	861	14027	137	193	226	7194	1010	1649	1061	6730	2105	4674	963	138	1588	927	1546	1320	529	70	489	348	3300	1937	72	22	832	2909	416	1491	425	835	91	91	387	430	613	353	174	158	231	75	328	395	95	448	65	2420	83	1159	100	150	145	1488	289	544	1441	292	200	53	193	45	705	1377	702	239	12132	462	4138	4622
k__Bacteria___p__Spirochaetota___c__Spirochaetia	0	0	0	0	0	0	0	0	4204	0	0	0	0	0	0	0	0	0	0	0	0	0	0	0	0	0	0	0	0	0	0	0	0	0	0	0	0	0	0	0	0	0	618	0	0	0	0	0	21272	0	0	13004	0	0	0	0	0	0	0	0	0	0	0	0	0	0	0	0	0	0	0	0	0	0	0	0	0	0	0	0	0	0	0	0	0	0	0	0
k__Bacteria___p__Synergistota___c__Synergistia	0	0	0	0	0	0	0	0	0	0	0	0	0	0	0	0	2	0	0	0	0	0	0	0	0	0	0	0	0	0	0	9	0	0	8	0	0	0	4	0	5	0	0	0	0	0	0	0	0	0	0	0	0	0	0	0	2	0	0	0	0	0	4	0	0	0	0	0	0	0	0	0	0	0	0	0	0	0	0	0	0	0	0	0	0	0	0	0
k__Bacteria___p__Thermodesulfobacteriota___c__Desulfovibrionia	20	319	150	27	69	77	4	264	505	3	6	426	167	11	146	309	131	295	7	93	2	69	72	632	83	247	566	51	513	104	0	2	26	45	64	19	97	166	644	27	25	0	18	10	79	7	103	0	65	100	2	0	7	4	0	10	38	19	0	0	3	0	43	0	188	0	8	6	26	0	4	19	4	16	18	155	17	0	11	167	45	14	7	16	11	0	0	3
k__Bacteria___p__Verrucomicrobiota___c__Kiritimatiellia	0	0	0	0	0	0	0	0	0	0	0	0	0	0	0	0	0	0	0	0	0	0	0	0	0	0	0	0	0	0	0	0	0	0	0	0	235	0	0	0	0	0	0	0	0	6	0	0	86	0	0	22	0	0	0	0	0	0	0	0	0	0	0	0	0	0	0	0	0	0	0	0	0	0	0	0	0	0	0	0	0	0	0	0	0	0	0	0
k__Bacteria___p__Verrucomicrobiota___c__Lentisphaeria	10	0	0	0	15	5	5	72	4	0	0	0	30	0	715	105	13	6	0	74	0	3	9	0	0	0	33	0	0	23	0	0	0	0	37	160	2299	0	94	0	0	0	0	0	0	0	278	0	50	161	0	36	4	0	0	45	0	6	0	0	11	0	12	0	15	0	0	4	50	0	0	0	0	7	41	0	0	0	0	35	0	25	0	8	19	0	0	0
k__Bacteria___p__Verrucomicrobiota___c__Verrucomicrobiia	16	0	32	29	101	15	0	34	25	0	9	77	0	0	4	45	445	698	0	22	76	20	89	0	5	0	41	8	0	141	0	32	0	271	125	16	0	1095	1442	0	404	0	23	8	10	0	174	0	222	0	0	0	0	0	11	77	4	0	115	12	0	0	60	0	4	0	0	0	60	0	0	0	0	14	448	1406	41	0	47	51	0	9	0	0	0	7	0	0
k__Archaea___p__Methanobacteriota___c__Methanobacteria___o__Methanobacteriales	0	0	0	0	0	0	0	0	0	0	0	0	0	0	0	0	0	0	0	0	0	0	0	0	0	0	0	0	0	0	0	0	0	0	0	0	0	0	0	0	0	0	0	0	0	0	0	0	0	0	0	0	0	0	0	0	0	0	0	0	0	0	0	0	2	0	0	0	0	0	0	0	0	0	0	0	0	0	0	0	0	0	0	0	0	0	0	0
k__Bacteria___p__Acidobacteriota___c__Acidobacteriae___o__Terriglobales	0	0	0	0	0	0	0	0	0	0	0	0	0	0	0	0	0	0	0	0	0	0	0	0	0	0	0	0	0	0	0	0	0	0	0	0	0	0	0	0	0	0	0	0	0	0	0	0	0	0	0	0	0	0	0	0	0	0	0	0	0	0	0	0	0	0	0	0	0	2	0	0	0	0	0	0	0	0	0	0	0	0	0	0	0	0	0	0
k__Bacteria___p__Actinomycetota___c__Actinobacteria___o__Actinomycetales	0	0	0	0	0	0	0	0	0	0	0	3	0	0	0	0	0	0	0	0	0	0	0	0	0	0	5	0	3	0	0	0	0	0	0	0	0	0	0	0	0	0	0	0	0	0	0	0	0	0	0	0	0	0	0	0	0	0	0	0	0	0	0	0	0	0	0	0	0	0	0	0	0	0	0	0	0	0	0	0	0	0	0	0	0	0	0	0
k__Bacteria___p__Actinomycetota___c__Actinobacteria___o__Bifidobacteriales	0	660	37	110	121	58	6	11	0	17	9	22	60	579	172	18	0	37	746	5	184	0	129	60	185	0	56	61	49	49	38	0	2520	586	142	11	221	27	0	3	63	0	0	78	14	524	113	0	40	256	0	0	21	32	80	0	188	14	73	0	50	0	398	5	112	0	0	154	0	52	0	44	46	0	0	35	22	0	0	31	8	10	12	0	4	7	28	0
k__Bacteria___p__Actinomycetota___c__Actinobacteria___o__Frankiales	0	0	0	0	0	0	0	0	0	0	0	0	0	0	0	0	0	0	0	0	0	0	0	0	0	0	0	0	2	0	0	0	0	0	0	0	0	0	0	0	0	0	0	0	0	0	0	0	0	0	0	0	0	0	0	0	0	0	0	0	0	0	0	0	0	0	0	0	0	0	0	0	0	0	0	0	0	0	0	0	0	0	0	0	0	0	0	0
k__Bacteria___p__Actinomycetota___c__Actinobacteria___o__Micrococcales	0	0	0	0	0	0	0	0	0	0	0	0	0	0	0	0	0	0	0	0	2	0	0	11	0	0	0	0	4	0	0	0	0	3	2	0	0	0	0	0	0	0	0	0	0	0	0	0	0	0	0	5	0	0	0	0	0	3	0	2	0	0	2	0	0	0	0	0	0	0	0	0	0	0	9	0	0	0	0	0	0	0	0	0	0	0	0	0
k__Bacteria___p__Actinomycetota___c__Actinobacteria___o__Mycobacteriales	0	0	0	0	0	0	0	0	0	0	0	0	0	0	0	0	0	0	0	0	0	0	0	0	0	0	0	0	0	0	0	0	3	0	0	0	0	0	0	0	0	0	0	0	0	0	0	0	0	0	0	0	0	0	0	0	0	0	0	0	0	0	0	0	0	0	0	0	0	0	0	0	0	0	0	0	0	0	0	0	0	0	0	0	0	0	0	0
k__Bacteria___p__Actinomycetota___c__Coriobacteriia___o__Coriobacteriales	0	95	95	74	127	17	38	126	33	9	24	83	83	19	90	204	37	223	73	23	9	50	74	82	50	45	131	80	105	89	182	0	492	134	217	20	54	150	7	10	169	10	9	23	67	24	80	0	55	123	0	0	8	11	0	6	10	0	16	0	9	7	79	3	95	0	3	16	0	37	22	12	13	5	26	16	24	7	49	4	7	0	0	17	6	10	0	0
k__Bacteria___p__Bacillota___c__Bacilli___o__Acholeplasmatales	0	0	0	0	0	0	0	0	14	0	0	0	0	0	0	3	0	0	0	0	0	0	3	0	0	0	0	0	7	0	0	0	0	0	0	0	0	0	0	0	0	0	0	0	0	0	0	0	33	0	0	379	0	0	0	0	0	0	0	0	0	0	0	0	0	0	0	0	0	0	0	0	0	0	0	0	8	0	0	0	0	109	0	0	0	0	0	0
k__Bacteria___p__Bacillota___c__Bacilli___o__Bacillales	0	0	0	0	0	0	0	0	0	0	0	0	0	0	0	0	0	0	0	0	0	0	0	0	0	0	0	0	0	0	0	0	0	0	0	0	0	0	0	0	0	0	0	0	0	0	0	0	0	0	0	0	0	0	0	0	0	0	0	0	0	0	0	0	0	0	0	0	0	5	0	0	0	0	0	0	0	0	0	0	0	0	0	0	0	0	0	0
k__Bacteria___p__Bacillota___c__Bacilli___o__Erysipelotrichales	27	94	302	147	869	157	544	484	607	8	204	112	1300	360	449	570	271	248	90	207	36	123	276	197	253	80	1860	87	600	260	485	9	1763	312	1082	120	10570	680	548	53	935	39	302	81	357	921	306	537	219	1477	29	174	44	51	128	270	436	54	104	7	38	563	136	61	335	104	96	332	108	361	87	58	37	103	15	512	211	23	88	89	150	514	85	527	98	81	30	15
k__Bacteria___p__Bacillota___c__Bacilli___o__Izemoplasmatales	0	0	0	0	27	1	0	0	28	0	0	0	0	0	4	0	25	0	0	28	0	0	72	0	0	0	18	0	0	0	0	0	0	0	0	0	153	0	4	3	193	0	9	0	0	0	303	0	242	107	0	17	4	0	8	6	0	0	0	0	0	0	0	0	0	0	5	0	0	0	0	0	0	29	626	24	0	4	103	0	0	339	0	0	0	0	0	0
k__Bacteria___p__Bacillota___c__Bacilli___o__Lactobacillales	13022	26	419	28	25	15	1896	0	10	17876	15	65	4	7	0	4	7	481	284	47	13178	31	68	290	723	26	566	3948	1267	1042	121	15030	3337	415	111	17	0	56	0	19	8	19	9189	78	206	11	5	342	19	19491	8578	10275	14198	12896	15	13	8531	5076	7275	7386	9478	2944	8209	8727	4488	5756	8454	3488	9433	13443	10498	3923	6729	3081	24044	6962	7195	947	3945	6016	2092	1210	3689	3196	3497	7711	12020	8457
k__Bacteria___p__Bacillota___c__Bacilli___o__RF39	8	0	17	48	423	36	0	0	543	0	36	0	0	0	7	0	249	65	19	142	0	73	129	0	0	0	189	102	55	0	2	0	34	105	38	0	99	464	339	10	17	0	0	82	26	0	59	0	235	0	0	6	23	0	5	5	37	0	183	0	0	0	5	0	95	0	0	3	5	0	0	0	9	23	9	710	247	9	287	23	12	14	0	28	57	0	0	0
k__Bacteria___p__Bacillota___c__Bacilli___o__Staphylococcales	0	0	0	0	0	0	0	3	0	0	0	0	0	0	0	0	0	0	0	0	0	0	0	0	0	0	8	4	0	0	3	0	3	0	0	0	0	0	0	0	0	0	0	0	0	0	0	0	0	0	0	0	0	0	0	0	0	0	0	0	0	0	0	0	0	0	0	0	0	0	0	0	0	0	0	0	0	0	0	0	0	0	0	0	0	0	0	0
k__Bacteria___p__Bacillota___c__Clostridia___o__Caldicoprobacterales	0	0	0	0	0	0	0	0	0	0	0	0	0	0	0	0	109	0	0	0	0	0	0	0	0	0	0	0	0	0	0	0	0	0	0	0	0	0	0	0	0	0	0	0	0	0	8	0	7	0	0	0	0	0	0	0	0	0	0	0	0	0	0	0	0	0	0	0	0	0	0	0	0	0	0	0	0	0	0	0	0	12	0	0	0	0	0	0
k__Bacteria___p__Bacillota___c__Clostridia___o__Christensenellales	19	60	78	57	692	45	38	301	744	0	77	12	180	3	162	347	1013	1205	24	230	8	121	678	21	37	0	739	47	119	89	39	27	108	183	888	129	416	33	441	2	530	0	8	99	240	17	260	0	595	63	15	0	23	0	66	59	103	18	64	105	22	0	400	66	86	2	22	11	60	66	44	43	6	129	80	1082	475	0	44	149	15	26	32	17	0	2	0	6
k__Bacteria___p__Bacillota___c__Clostridia___o__Clostridia UCG-014	584	0	794	650	2251	1058	0	0	1685	0	227	276	0	135	712	0	833	607	396	404	37	130	221	0	0	0	0	1284	1044	1218	588	0	236	2130	2573	500	677	2684	527	321	2116	0	243	368	0	29	420	0	1488	0	0	397	593	366	161	1357	793	198	303	254	359	0	1375	45	786	119	358	277	108	801	53	234	113	516	309	773	3011	91	1142	1891	186	286	0	109	29	48	0	13
k__Bacteria___p__Bacillota___c__Clostridia___o__Clostridia vadinBB60 group	379	0	19	2	1154	66	0	125	267	0	30	0	202	12	484	177	98	206	259	164	2	4	919	0	52	0	489	14	39	158	0	82	109	46	292	0	974	42	3521	4	758	0	142	210	18	1654	1317	0	1538	1436	7	534	128	0	437	18	61	6	172	31	623	0	492	0	63	78	3	187	921	0	9	0	0	2360	370	18	0	59	3179	415	45	195	508	611	33	14	121	32
k__Bacteria___p__Bacillota___c__Clostridia___o__Clostridiales	39	233	9	98	25	3	1551	42	304	0	0	4	0	417	9	56	21	39	75	53	7	70	1397	0	28	88	252	37	16	30	11	10	570	656	85	100	12	15	355	0	205	470	7	20	209	13	115	26	234	11	12	23	22	0	229	0	150	9	65	0	10	52	6	0	53	0	104	255	66	4	0	20	41	0	63	403	57	36	171	2	62	0	56	177	64	47	0	0
k__Bacteria___p__Bacillota___c__Clostridia___o__Eubacteriales	0	5	0	0	2	0	0	0	0	0	0	0	0	0	0	2	0	0	0	0	0	0	0	0	0	0	0	0	0	0	0	0	0	0	0	0	0	0	0	0	0	0	0	0	0	0	0	0	0	0	0	0	0	0	0	0	0	0	0	0	0	0	0	0	0	0	0	0	0	0	0	0	0	0	0	3	0	0	0	0	0	0	0	0	0	0	0	0
k__Bacteria___p__Bacillota___c__Clostridia___o__Lachnospirales	2802	16433	6982	6895	6412	4706	3395	1277	6307	209	8751	6313	4743	2696	7713	1585	5301	3907	4084	8935	927	7978	11480	6478	3573	8048	12783	5768	18545	10833	10895	310	16222	13668	4668	5322	4416	14769	2466	9674	4355	15018	1121	6741	4239	2256	10754	4731	6140	2806	8494	483	2292	1587	2857	738	3503	2266	3355	4189	4014	3638	4521	2010	3505	1190	3868	5644	1731	3410	1846	2584	1497	1721	9084	6179	4356	2218	7895	1145	4012	3328	2098	6099	766	2483	365	233
k__Bacteria___p__Bacillota___c__Clostridia___o__MAT-CR-H4-C10	0	0	0	0	0	0	0	0	0	0	0	0	0	0	0	0	0	0	0	0	0	0	0	0	0	0	0	0	0	0	0	0	0	0	0	0	0	0	0	0	0	0	0	0	0	0	0	0	0	0	0	2	0	0	0	0	17	0	0	0	0	0	0	0	0	0	0	0	0	0	0	0	0	0	0	0	0	0	0	0	0	0	0	0	0	3	0	0
k__Bacteria___p__Bacillota___c__Clostridia___o__Monoglobales	110	74	10	75	46	9	0	60	192	0	275	16	9	11	0	79	39	89	4	6	0	17	359	0	19	0	183	215	85	97	30	0	671	346	166	26	0	195	121	0	11	63	0	18	61	19	36	0	4	108	12	18	15	5	0	29	52	181	0	6	45	18	216	15	196	8	22	15	53	18	41	56	4	3	104	120	54	6	51	27	43	13	12	0	0	153	0	8
k__Bacteria___p__Bacillota___c__Clostridia___o__Oscillospirales	2298	6384	9631	3859	10544	5533	2225	8572	11560	181	6217	3402	10668	2028	5740	9647	10128	14778	3727	5977	1193	5822	11044	5270	4509	2829	21354	6458	9044	15202	12154	1102	20390	14042	12955	16234	8122	4215	9960	8647	18251	1159	4119	3364	8819	2665	10326	5364	8517	8651	2857	1704	1512	523	2759	12635	4453	1427	2316	2053	3345	2234	9667	4761	8245	3829	1447	2761	2536	4074	5646	4017	4286	5814	8491	12573	8150	2714	8113	4295	1502	5030	4819	2292	1172	3050	445	436
k__Bacteria___p__Bacillota___c__Clostridia___o__Peptococcales	0	0	0	0	17	42	4	8	40	0	0	0	4	2	6	6	16	11	33	12	0	3	0	0	2	0	27	9	25	36	17	0	100	8	0	0	6	30	11	27	15	0	0	0	0	0	20	0	21	35	0	5	8	0	3	4	0	0	0	17	11	0	10	0	18	0	0	0	4	0	0	0	2	0	22	18	0	6	4	0	5	7	11	8	0	0	0	5
k__Bacteria___p__Bacillota___c__Clostridia___o__Peptostreptococcales-Tissierellales	53	213	218	54	192	8	247	99	288	35	56	184	217	197	105	155	287	233	133	157	25	84	539	119	448	79	419	99	193	198	218	8	763	610	283	126	233	221	239	167	197	1345	0	261	803	84	44	774	223	147	37	94	96	10	76	25	161	55	21	19	114	158	74	26	203	19	38	608	22	36	196	49	64	31	116	280	134	540	67	135	60	17	355	90	120	107	24	63
k__Bacteria___p__Bacillota___c__Incertae Sedis___o__DTU014	12	0	5	0	7	0	0	8	0	0	0	0	8	0	0	20	29	0	0	18	0	0	0	0	0	0	0	0	0	0	0	0	13	0	0	0	0	0	53	0	126	0	0	0	0	0	35	0	28	0	0	0	0	0	0	0	0	0	0	3	0	0	6	0	87	0	0	0	2	0	22	0	0	0	0	33	0	0	25	0	0	0	0	0	0	0	0	3
k__Bacteria___p__Bacillota___c__Negativicutes___o__Acidaminococcales	6	85	47	64	82	0	757	703	1123	57	0	487	261	25	82	947	1611	1428	0	117	23	11125	415	353	55	0	2	2756	5608	248	1540	84	2626	361	62	294	33	6	163	2686	556	5491	8	58	408	7	2	0	0	0	54	11	0	10	0	309	0	17	30	73	0	578	18	211	6	40	0	0	7	240	45	0	13	0	275	2	8	0	28	6	181	0	199	42	0	39	6	10
k__Bacteria___p__Bacillota___c__Negativicutes___o__Veillonellales-Selenomonadales	77	482	2248	1300	1084	1429	361	85	183	8	160	34	780	1786	1324	129	211	7	1431	380	733	99	3242	1326	4598	823	857	386	712	462	208	0	184	798	777	17	379	320	0	219	0	80	4	8	2984	437	184	7397	282	241	44	20	59	42	62	34	107	148	6	295	48	22	120	0	238	125	32	19	0	0	0	345	90	127	3	831	287	22	165	83	20	98	170	190	310	222	67	36
k__Bacteria___p__Bacteroidota___c__Bacteroidia___o__Bacteroidales	10650	29832	28250	42782	19496	19551	31981	11628	14849	17828	28046	32331	26598	43486	16894	14224	21058	26719	31833	15864	16831	30346	30388	40763	49677	53426	31692	32081	31878	26728	38274	7664	35104	24248	22415	19067	9136	26771	23209	33799	21669	29843	3547	26435	46442	24563	12685	56466	9576	9956	12413	11999	14026	18033	13311	33665	10450	21695	18528	12416	18895	14522	18432	21762	14330	21270	23855	11254	7515	22479	31418	24437	30133	20168	8542	11808	19393	14262	17021	7389	21501	16146	20863	21441	22899	23416	8255	13400
k__Bacteria___p__Bacteroidota___c__Bacteroidia___o__Flavobacteriales	0	0	0	0	0	0	0	0	0	7	0	0	0	0	0	0	84	0	0	0	0	0	0	0	0	0	0	5	0	0	0	0	7	25	0	0	0	0	0	0	0	0	0	0	3	0	0	0	0	0	0	0	0	0	0	0	0	0	0	76	0	0	0	0	17	0	0	0	0	0	0	0	0	0	0	0	0	0	0	0	0	0	0	0	0	0	0	0
k__Bacteria___p__Bacteroidota___c__Bacteroidia___o__Sphingobacteriales	0	0	0	0	0	0	0	0	0	0	0	0	0	0	0	0	0	0	0	0	0	0	0	0	0	0	0	0	0	0	0	2	0	0	0	0	0	0	0	0	0	0	0	0	0	0	0	0	0	0	0	0	0	0	0	0	0	0	0	0	0	0	0	0	0	0	0	0	0	0	0	0	0	0	0	0	0	0	0	0	0	0	0	0	0	0	0	0
k__Bacteria___p__Campylobacterota___c__Campylobacteria___o__Campylobacterales	0	0	0	0	0	0	0	5	0	0	0	4	0	0	0	13	0	0	0	0	0	0	0	0	2	0	0	0	0	0	0	0	3	0	0	0	0	0	0	0	0	0	0	0	0	0	0	0	0	0	0	0	0	0	0	0	0	0	16	0	0	0	0	0	2	7	0	0	0	0	0	4	5	0	0	0	0	0	0	0	0	0	0	0	0	0	0	0
k__Bacteria___p__Candidatus Kryptonia___c__Kryptonia___o__Kryptoniales	0	0	0	0	0	0	0	0	0	0	0	0	0	0	0	0	0	0	0	0	0	0	0	0	0	0	0	0	0	0	0	0	0	0	0	0	0	0	0	0	0	0	0	0	0	0	0	0	0	2	0	0	0	0	0	0	0	0	0	0	0	0	0	0	0	0	0	0	0	0	0	0	0	0	0	0	0	0	0	0	0	0	0	0	0	0	0	0
k__Bacteria___p__Cyanobacteriota___c__Vampirivibrionia___o__Gastranaerophilales	0	0	0	0	33	0	0	0	36	0	1286	0	0	0	215	0	545	0	0	72	0	709	0	0	0	0	0	0	0	0	0	0	0	0	0	0	201	0	248	1155	0	0	256	7948	0	18	998	0	193	0	0	150	3177	343	400	0	0	89	0	0	0	0	0	29	78	0	0	0	0	0	0	0	0	0	72	0	0	299	0	0	0	548	0	0	15	0	0	27
k__Bacteria___p__Elusimicrobiota___c__Elusimicrobia___o__Elusimicrobiales	0	0	0	0	0	11	0	0	147	0	0	0	220	0	0	0	0	0	0	447	0	0	0	0	0	0	0	0	0	0	0	0	0	0	0	0	0	0	0	0	0	0	0	0	0	0	0	0	31	0	0	7	0	0	0	0	0	0	0	0	0	0	0	0	0	0	0	0	0	0	0	0	0	0	0	0	0	0	0	0	0	518	0	0	0	0	0	3499
k__Bacteria___p__Fusobacteriota___c__Fusobacteriia___o__Fusobacteriales	0	0	0	0	0	0	0	0	0	0	0	31	0	0	4	0	0	0	0	0	0	0	0	0	0	13	0	0	0	0	0	0	0	0	11	0	0	3	0	0	0	0	0	0	0	0	0	0	0	0	0	0	0	0	0	0	0	0	0	67	0	0	3	2	0	6	0	9	12	0	0	0	0	0	0	0	0	0	0	0	0	0	0	0	0	0	0	0
k__Bacteria___p__Nitrospirota___c__Nitrospiria___o__Nitrospirales	0	0	0	0	0	0	0	0	0	0	0	0	0	0	0	0	0	0	0	0	0	0	0	0	0	0	0	0	0	0	0	0	4	0	0	0	0	0	0	0	0	0	0	0	0	0	0	0	0	0	0	0	0	0	0	0	0	0	0	0	0	0	0	0	0	0	0	0	0	0	0	0	0	0	0	0	0	0	0	0	0	0	0	0	0	0	0	0
k__Bacteria___p__Patescibacteria___c__Saccharimonadia___o__Saccharimonadales	0	0	0	0	5	0	0	0	0	0	0	2	0	4	0	0	0	0	0	2	0	0	0	0	0	0	0	0	0	0	0	0	2	0	2	0	0	0	0	0	0	0	0	0	0	0	0	4	0	0	0	0	0	0	0	0	0	0	0	0	0	0	0	0	0	0	0	0	0	0	0	0	0	0	2	0	0	0	0	0	0	0	0	0	0	0	0	0
k__Bacteria___p__Planctomycetota___c__Planctomycetes___o__Gemmatales	0	0	0	0	0	0	0	0	0	0	0	0	0	0	0	0	0	0	0	0	0	0	0	0	0	0	0	0	0	0	0	0	0	0	0	0	0	0	0	0	0	0	0	0	0	0	0	0	0	0	0	0	0	0	0	0	0	0	0	0	0	0	0	0	0	0	0	0	0	0	0	0	0	0	0	0	0	0	0	0	0	0	0	0	0	2	0	0
k__Bacteria___p__Pseudomonadota___c__Alphaproteobacteria___o__Acetobacterales	0	0	0	0	0	0	0	0	0	0	0	0	0	0	0	0	0	0	0	0	0	0	0	0	0	0	0	0	0	0	0	0	0	0	0	0	0	0	0	0	0	0	0	0	0	0	0	0	0	0	0	0	3	0	0	0	0	0	0	0	0	0	0	0	0	0	0	0	0	0	0	0	0	0	0	0	0	0	0	0	0	0	0	0	0	0	0	0
k__Bacteria___p__Pseudomonadota___c__Alphaproteobacteria___o__Caulobacterales	0	0	0	0	0	0	0	0	0	0	0	0	0	0	0	0	0	0	0	0	0	0	0	0	0	0	0	0	0	0	0	0	0	0	0	0	0	0	0	0	0	0	0	0	0	0	0	3	0	0	0	0	0	0	0	0	0	0	0	0	0	0	0	0	0	0	0	0	0	0	0	0	0	0	0	0	0	0	0	0	0	0	0	0	0	0	0	0
k__Bacteria___p__Pseudomonadota___c__Alphaproteobacteria___o__Hyphomicrobiales	16	3	0	0	0	0	0	0	0	33	0	2	11	0	0	0	0	4	0	0	8	0	0	0	0	0	0	0	0	0	0	24	15	0	0	10	17	0	2	4	57	0	6	0	18	0	0	46	3	22	40	6	7	17	0	5	6	3	0	4	5	8	2	0	7	2	3	0	16	12	9	0	5	3	97	9	0	0	11	0	0	0	5	4	10	5	23	0
k__Bacteria___p__Pseudomonadota___c__Alphaproteobacteria___o__Rhodospirillales	0	237	0	0	231	2021	0	381	202	0	33	0	0	0	0	575	159	0	0	0	0	2195	0	0	0	0	0	0	1443	0	0	380	3	286	0	0	36	654	0	0	0	0	0	0	0	0	829	0	0	0	0	53	0	3	0	3	0	0	0	0	0	0	50	0	8	3	0	0	205	0	0	0	0	173	0	0	0	0	0	0	0	24	0	0	10	0	0	2
k__Bacteria___p__Pseudomonadota___c__Alphaproteobacteria___o__Sphingomonadales	3	0	0	0	0	0	0	0	0	16	0	0	0	0	0	0	0	0	0	0	5	0	0	0	0	0	0	0	0	0	0	0	3	0	0	0	0	0	0	0	0	0	0	0	0	0	0	0	0	14	0	0	0	9	0	0	0	0	5	3	0	0	0	2	0	0	0	0	0	0	6	0	0	0	8	0	0	0	0	0	0	0	0	3	0	2	21	7
k__Bacteria___p__Pseudomonadota___c__Gammaproteobacteria___o__Burkholderiales	187	193	895	419	176	325	823	129	130	520	825	1688	632	292	310	179	510	170	552	208	54	114	70	729	820	1469	119	502	1122	783	940	111	1380	596	596	1320	352	52	470	335	614	1741	41	10	137	577	407	1394	370	764	20	28	344	400	551	335	148	145	223	0	324	288	71	317	49	600	19	1131	89	131	93	1435	265	362	473	285	188	31	170	35	648	497	653	173	236	449	13	97
k__Bacteria___p__Pseudomonadota___c__Gammaproteobacteria___o__Enterobacterales	2	289	192	134	7167	5952	121	23160	4507	31	6	299	70	309	260	27550	634	1310	309	13817	62	61	156	6465	190	180	942	6226	983	3891	23	0	208	331	947	0	177	18	19	13	2313	196	25	12	695	2332	9	97	55	33	49	57	12	15	60	18	26	5	3	60	4	107	13	131	5	1820	60	28	7	14	45	50	10	182	932	7	7	22	23	0	57	880	49	64	11896	3	4094	4514
k__Bacteria___p__Pseudomonadota___c__Gammaproteobacteria___o__Lysobacterales	5	0	0	0	0	0	0	0	0	3	0	0	0	0	0	0	0	0	0	0	0	0	0	0	0	0	0	0	0	0	0	8	0	0	0	0	0	0	0	0	0	0	0	0	0	0	0	0	0	13	5	6	9	3	0	0	0	0	0	7	0	0	0	0	7	0	4	0	0	5	7	0	4	0	11	0	0	0	0	0	0	0	0	2	0	0	4	0
k__Bacteria___p__Pseudomonadota___c__Gammaproteobacteria___o__Pseudomonadales	0	0	0	0	0	0	0	0	0	18	0	0	0	0	0	0	0	0	0	0	19	18	0	0	0	0	0	0	0	0	0	19	0	0	0	0	0	0	0	0	373	0	6	0	0	0	0	0	0	25	17	0	22	12	0	0	0	8	5	8	0	0	8	0	4	0	0	0	4	0	0	3	10	0	25	0	5	0	0	8	0	0	0	0	0	10	27	11
k__Bacteria___p__Spirochaetota___c__Spirochaetia___o__Spirochaetales	0	0	0	0	0	0	0	0	4204	0	0	0	0	0	0	0	0	0	0	0	0	0	0	0	0	0	0	0	0	0	0	0	0	0	0	0	0	0	0	0	0	0	618	0	0	0	0	0	21272	0	0	13004	0	0	0	0	0	0	0	0	0	0	0	0	0	0	0	0	0	0	0	0	0	0	0	0	0	0	0	0	0	0	0	0	0	0	0	0
k__Bacteria___p__Synergistota___c__Synergistia___o__Synergistales	0	0	0	0	0	0	0	0	0	0	0	0	0	0	0	0	2	0	0	0	0	0	0	0	0	0	0	0	0	0	0	9	0	0	8	0	0	0	4	0	5	0	0	0	0	0	0	0	0	0	0	0	0	0	0	0	2	0	0	0	0	0	4	0	0	0	0	0	0	0	0	0	0	0	0	0	0	0	0	0	0	0	0	0	0	0	0	0
k__Bacteria___p__Thermodesulfobacteriota___c__Desulfovibrionia___o__Desulfovibrionales	20	319	150	27	69	77	4	264	505	3	6	426	167	11	146	309	131	295	7	93	2	69	72	632	83	247	566	51	513	104	0	2	26	45	64	19	97	166	644	27	25	0	18	10	79	7	103	0	65	100	2	0	7	4	0	10	38	19	0	0	3	0	43	0	188	0	8	6	26	0	4	19	4	16	18	155	17	0	11	167	45	14	7	16	11	0	0	3
k__Bacteria___p__Verrucomicrobiota___c__Kiritimatiellia___o__WCHB1-41	0	0	0	0	0	0	0	0	0	0	0	0	0	0	0	0	0	0	0	0	0	0	0	0	0	0	0	0	0	0	0	0	0	0	0	0	235	0	0	0	0	0	0	0	0	6	0	0	86	0	0	22	0	0	0	0	0	0	0	0	0	0	0	0	0	0	0	0	0	0	0	0	0	0	0	0	0	0	0	0	0	0	0	0	0	0	0	0
k__Bacteria___p__Verrucomicrobiota___c__Lentisphaeria___o__Oligosphaerales	0	0	0	0	0	0	0	0	0	0	0	0	26	0	589	0	0	0	0	0	0	0	0	0	0	0	0	0	0	0	0	0	0	0	0	0	2183	0	0	0	0	0	0	0	0	0	0	0	0	0	0	9	0	0	0	0	0	0	0	0	0	0	0	0	0	0	0	0	0	0	0	0	0	0	0	0	0	0	0	0	0	0	0	0	0	0	0	0
k__Bacteria___p__Verrucomicrobiota___c__Lentisphaeria___o__Victivallales	10	0	0	0	15	5	5	72	4	0	0	0	4	0	126	105	13	6	0	74	0	3	9	0	0	0	33	0	0	23	0	0	0	0	37	160	116	0	94	0	0	0	0	0	0	0	278	0	50	161	0	27	4	0	0	45	0	6	0	0	11	0	12	0	15	0	0	4	50	0	0	0	0	7	41	0	0	0	0	35	0	25	0	8	19	0	0	0
k__Bacteria___p__Verrucomicrobiota___c__Verrucomicrobiia___o__Opitutales	16	0	0	0	34	15	0	0	9	0	0	0	0	0	4	0	22	0	0	22	76	0	3	0	0	0	0	0	0	141	0	0	0	0	0	0	0	0	1442	0	0	0	2	0	0	0	113	0	200	0	0	0	0	0	0	0	4	0	0	0	0	0	0	0	0	0	0	0	0	0	0	0	0	14	13	0	0	0	17	51	0	9	0	0	0	0	0	0
k__Bacteria___p__Verrucomicrobiota___c__Verrucomicrobiia___o__Verrucomicrobiales	0	0	32	29	67	0	0	34	16	0	9	77	0	0	0	45	423	698	0	0	0	20	86	0	5	0	41	8	0	0	0	32	0	271	125	16	0	1095	0	0	404	0	21	8	10	0	61	0	22	0	0	0	0	0	11	77	0	0	115	12	0	0	60	0	4	0	0	0	60	0	0	0	0	0	435	1406	41	0	30	0	0	0	0	0	0	7	0	0
k__Archaea___p__Methanobacteriota___c__Methanobacteria___o__Methanobacteriales___f__Methanobacteriaceae	0	0	0	0	0	0	0	0	0	0	0	0	0	0	0	0	0	0	0	0	0	0	0	0	0	0	0	0	0	0	0	0	0	0	0	0	0	0	0	0	0	0	0	0	0	0	0	0	0	0	0	0	0	0	0	0	0	0	0	0	0	0	0	0	2	0	0	0	0	0	0	0	0	0	0	0	0	0	0	0	0	0	0	0	0	0	0	0
k__Bacteria___p__Actinomycetota___c__Actinobacteria___o__Actinomycetales___f__Actinomycetaceae	0	0	0	0	0	0	0	0	0	0	0	3	0	0	0	0	0	0	0	0	0	0	0	0	0	0	5	0	3	0	0	0	0	0	0	0	0	0	0	0	0	0	0	0	0	0	0	0	0	0	0	0	0	0	0	0	0	0	0	0	0	0	0	0	0	0	0	0	0	0	0	0	0	0	0	0	0	0	0	0	0	0	0	0	0	0	0	0
k__Bacteria___p__Actinomycetota___c__Actinobacteria___o__Bifidobacteriales___f__Bifidobacteriaceae	0	660	37	110	121	58	6	11	0	17	9	22	60	579	172	18	0	37	746	5	184	0	129	60	185	0	56	61	49	49	38	0	2520	586	142	11	221	27	0	3	63	0	0	78	14	524	113	0	40	256	0	0	21	32	80	0	188	14	73	0	50	0	398	5	112	0	0	154	0	52	0	44	46	0	0	35	22	0	0	31	8	10	12	0	4	7	28	0
k__Bacteria___p__Actinomycetota___c__Actinobacteria___o__Micrococcales___f__Brevibacteriaceae	0	0	0	0	0	0	0	0	0	0	0	0	0	0	0	0	0	0	0	0	0	0	0	0	0	0	0	0	0	0	0	0	0	0	0	0	0	0	0	0	0	0	0	0	0	0	0	0	0	0	0	0	0	0	0	0	0	3	0	2	0	0	0	0	0	0	0	0	0	0	0	0	0	0	0	0	0	0	0	0	0	0	0	0	0	0	0	0
k__Bacteria___p__Actinomycetota___c__Actinobacteria___o__Micrococcales___f__Microbacteriaceae	0	0	0	0	0	0	0	0	0	0	0	0	0	0	0	0	0	0	0	0	0	0	0	0	0	0	0	0	0	0	0	0	0	0	0	0	0	0	0	0	0	0	0	0	0	0	0	0	0	0	0	0	0	0	0	0	0	0	0	0	0	0	0	0	0	0	0	0	0	0	0	0	0	0	2	0	0	0	0	0	0	0	0	0	0	0	0	0
k__Bacteria___p__Actinomycetota___c__Actinobacteria___o__Micrococcales___f__Micrococcaceae	0	0	0	0	0	0	0	0	0	0	0	0	0	0	0	0	0	0	0	0	0	0	0	11	0	0	0	0	4	0	0	0	0	3	2	0	0	0	0	0	0	0	0	0	0	0	0	0	0	0	0	5	0	0	0	0	0	0	0	0	0	0	0	0	0	0	0	0	0	0	0	0	0	0	7	0	0	0	0	0	0	0	0	0	0	0	0	0
k__Bacteria___p__Actinomycetota___c__Actinobacteria___o__Mycobacteriales___f__Corynebacteriaceae	0	0	0	0	0	0	0	0	0	0	0	0	0	0	0	0	0	0	0	0	0	0	0	0	0	0	0	0	0	0	0	0	3	0	0	0	0	0	0	0	0	0	0	0	0	0	0	0	0	0	0	0	0	0	0	0	0	0	0	0	0	0	0	0	0	0	0	0	0	0	0	0	0	0	0	0	0	0	0	0	0	0	0	0	0	0	0	0
k__Bacteria___p__Actinomycetota___c__Coriobacteriia___o__Coriobacteriales___f__Atopobiaceae	0	0	0	0	24	2	0	2	0	0	0	0	0	0	28	13	0	19	2	1	0	0	6	3	10	0	0	0	0	0	0	0	3	0	0	0	35	13	0	0	0	0	0	0	0	0	0	0	0	18	0	0	0	0	0	0	0	0	0	0	0	0	0	0	0	0	0	0	0	0	0	0	0	0	0	0	0	0	0	0	0	0	0	6	0	0	0	0
k__Bacteria___p__Actinomycetota___c__Coriobacteriia___o__Coriobacteriales___f__Coriobacteriaceae	0	13	24	18	48	11	38	103	19	9	3	11	80	19	52	159	31	130	64	20	9	0	38	42	40	40	66	48	54	26	21	0	320	118	191	20	12	67	0	6	63	10	9	0	44	24	21	0	37	76	0	0	8	0	0	6	10	0	16	0	9	0	51	3	48	0	0	16	0	34	22	9	11	0	20	0	16	7	38	4	7	0	0	8	6	10	0	0
k__Bacteria___p__Actinomycetota___c__Coriobacteriia___o__Coriobacteriales___f__Coriobacteriales Incertae Sedis	0	26	0	0	0	0	0	0	0	0	0	0	0	0	0	0	0	0	0	0	0	0	15	0	0	0	0	0	0	5	0	0	2	0	0	0	0	0	3	0	0	0	0	0	0	0	0	0	0	0	0	0	0	0	0	0	0	0	0	0	0	0	17	0	2	0	0	0	0	0	0	0	0	0	6	0	0	0	5	0	0	0	0	0	0	0	0	0
k__Bacteria___p__Actinomycetota___c__Coriobacteriia___o__Coriobacteriales___f__Eggerthellaceae	0	56	71	56	55	4	0	21	14	0	21	72	3	0	10	32	6	74	7	2	0	50	15	9	0	5	65	32	51	58	161	0	167	16	26	0	7	70	4	4	106	0	0	23	23	0	59	0	18	29	0	0	0	11	0	0	0	0	0	0	0	7	11	0	45	0	3	0	0	3	0	3	2	5	0	16	8	0	6	0	0	0	0	3	0	0	0	0
k__Bacteria___p__Bacillota___c__Bacilli___o__Acholeplasmatales___f__Acholeplasmataceae	0	0	0	0	0	0	0	0	14	0	0	0	0	0	0	3	0	0	0	0	0	0	3	0	0	0	0	0	7	0	0	0	0	0	0	0	0	0	0	0	0	0	0	0	0	0	0	0	33	0	0	379	0	0	0	0	0	0	0	0	0	0	0	0	0	0	0	0	0	0	0	0	0	0	0	0	8	0	0	0	0	109	0	0	0	0	0	0
k__Bacteria___p__Bacillota___c__Bacilli___o__Erysipelotrichales___f__Erysipelatoclostridiaceae	27	75	228	69	645	103	447	39	223	0	125	59	1292	259	262	57	125	96	86	81	6	32	188	117	104	45	154	8	323	253	73	9	793	284	289	40	10289	301	365	20	342	34	290	67	31	500	271	140	72	1141	29	150	44	51	51	3	76	54	92	7	22	563	136	54	79	51	96	187	80	41	87	58	37	23	15	258	204	23	55	22	61	228	13	209	62	81	5	0
k__Bacteria___p__Bacillota___c__Bacilli___o__Erysipelotrichales___f__Erysipelotrichaceae	0	19	74	78	224	54	97	445	384	8	79	49	8	101	187	513	146	152	4	126	30	91	88	80	149	35	1706	79	277	7	412	0	970	28	793	80	281	379	183	33	593	5	12	14	326	421	35	397	147	336	0	24	0	0	77	267	360	0	12	0	16	0	0	7	256	53	0	145	28	320	0	0	0	80	0	254	7	0	33	67	89	286	72	318	36	0	25	15
k__Bacteria___p__Bacillota___c__Bacilli___o__Lactobacillales___f__Carnobacteriaceae	0	0	0	0	0	0	0	0	0	0	0	0	0	0	0	0	0	0	0	0	0	0	0	0	5	0	0	6	5	0	8	0	0	13	3	0	0	2	0	0	0	3	0	0	0	0	0	63	0	0	0	0	0	0	0	4	0	0	0	0	0	0	5	0	0	7	0	0	0	2	0	0	0	0	0	0	0	0	0	0	0	0	0	0	0	0	0	0
k__Bacteria___p__Bacillota___c__Bacilli___o__Lactobacillales___f__Enterococcaceae	0	2	0	11	0	0	0	0	0	0	0	16	0	0	0	0	0	0	0	29	49	0	0	0	0	2	65	0	0	46	0	0	132	0	0	0	0	0	0	0	0	0	0	0	75	0	0	54	0	4	0	0	0	0	0	0	0	0	0	0	0	0	0	0	16	0	0	0	0	0	0	0	0	0	0	0	20	0	0	12	0	0	0	2	0	0	0	0
k__Bacteria___p__Bacillota___c__Bacilli___o__Lactobacillales___f__Lactobacillaceae	13010	0	413	0	20	0	1768	0	3	17865	0	2	2	0	0	0	0	432	172	0	13113	6	6	235	707	14	493	3676	17	527	26	15026	2788	6	0	0	0	6	0	7	0	0	9188	0	0	0	0	3	0	19483	8549	10238	14192	12883	0	0	8509	5068	7267	7331	9472	2944	8089	8563	4450	5559	8440	3433	9422	13417	10474	3916	6718	3020	24027	6962	7155	947	3929	5991	2066	1193	3676	3185	3490	7696	12005	8455
k__Bacteria___p__Bacillota___c__Bacilli___o__Lactobacillales___f__Streptococcaceae	0	24	6	17	5	12	128	0	7	9	13	47	2	7	0	4	7	49	112	18	15	25	62	55	11	10	8	266	1245	469	87	2	417	396	106	17	0	48	0	12	8	16	0	78	131	11	5	222	19	4	26	37	6	11	15	9	18	6	8	51	6	0	111	157	18	190	14	55	9	24	24	4	11	55	17	0	20	0	13	9	23	15	13	7	5	11	6	0
k__Bacteria___p__Bacillota___c__Bacilli___o__Staphylococcales___f__Gemellaceae	0	0	0	0	0	0	0	0	0	0	0	0	0	0	0	0	0	0	0	0	0	0	0	0	0	0	2	4	0	0	3	0	0	0	0	0	0	0	0	0	0	0	0	0	0	0	0	0	0	0	0	0	0	0	0	0	0	0	0	0	0	0	0	0	0	0	0	0	0	0	0	0	0	0	0	0	0	0	0	0	0	0	0	0	0	0	0	0
k__Bacteria___p__Bacillota___c__Bacilli___o__Staphylococcales___f__Staphylococcaceae	0	0	0	0	0	0	0	3	0	0	0	0	0	0	0	0	0	0	0	0	0	0	0	0	0	0	6	0	0	0	0	0	3	0	0	0	0	0	0	0	0	0	0	0	0	0	0	0	0	0	0	0	0	0	0	0	0	0	0	0	0	0	0	0	0	0	0	0	0	0	0	0	0	0	0	0	0	0	0	0	0	0	0	0	0	0	0	0
k__Bacteria___p__Bacillota___c__Clostridia___o__Caldicoprobacterales___f__Caldicoprobacteraceae	0	0	0	0	0	0	0	0	0	0	0	0	0	0	0	0	109	0	0	0	0	0	0	0	0	0	0	0	0	0	0	0	0	0	0	0	0	0	0	0	0	0	0	0	0	0	8	0	7	0	0	0	0	0	0	0	0	0	0	0	0	0	0	0	0	0	0	0	0	0	0	0	0	0	0	0	0	0	0	0	0	12	0	0	0	0	0	0
k__Bacteria___p__Bacillota___c__Clostridia___o__Christensenellales___f__Christensenellaceae	19	60	78	57	692	45	38	301	744	0	77	12	180	3	162	347	1013	1205	24	230	8	121	678	21	37	0	739	47	119	89	39	27	108	183	888	129	416	33	441	2	530	0	8	99	240	17	260	0	595	63	15	0	23	0	66	59	103	18	64	105	22	0	400	66	86	2	22	11	60	66	44	43	6	129	80	1082	475	0	44	149	15	26	32	17	0	2	0	6
k__Bacteria___p__Bacillota___c__Clostridia___o__Clostridiales___f__Clostridiaceae	39	233	9	98	25	3	1551	42	304	0	0	4	0	417	9	56	21	39	75	53	7	70	1397	0	28	88	252	37	16	30	11	10	570	656	85	100	12	15	355	0	205	470	7	20	209	13	115	26	234	11	12	23	22	0	229	0	150	9	65	0	10	52	6	0	53	0	104	255	66	4	0	20	41	0	63	403	57	36	171	2	62	0	56	177	64	47	0	0
k__Bacteria___p__Bacillota___c__Clostridia___o__Eubacteriales___f__Anaerofustaceae	0	5	0	0	2	0	0	0	0	0	0	0	0	0	0	2	0	0	0	0	0	0	0	0	0	0	0	0	0	0	0	0	0	0	0	0	0	0	0	0	0	0	0	0	0	0	0	0	0	0	0	0	0	0	0	0	0	0	0	0	0	0	0	0	0	0	0	0	0	0	0	0	0	0	0	3	0	0	0	0	0	0	0	0	0	0	0	0
k__Bacteria___p__Bacillota___c__Clostridia___o__Lachnospirales___f__Defluviitaleaceae	0	0	0	0	0	0	0	30	3	0	6	0	0	0	0	19	6	2	0	0	0	0	0	0	0	0	4	0	0	5	17	0	23	4	0	0	3	0	3	0	0	0	0	0	0	0	11	0	6	0	0	0	0	0	1	0	0	0	0	56	0	0	0	0	0	0	0	0	0	0	0	0	0	0	0	6	0	0	9	0	0	12	0	0	0	0	0	0
k__Bacteria___p__Bacillota___c__Clostridia___o__Lachnospirales___f__Lachnospiraceae	2802	16433	6982	6895	6412	4706	3395	1247	6304	209	8745	6313	4743	2696	7713	1566	5295	3905	4084	8935	927	7978	11480	6478	3573	8048	12779	5768	18545	10828	10878	310	16199	13664	4668	5322	4413	14769	2463	9674	4355	15018	1121	6741	4239	2256	10743	4731	6134	2806	8494	483	2292	1587	2856	738	3503	2266	3355	4133	4014	3638	4521	2010	3505	1190	3868	5644	1731	3410	1846	2584	1497	1721	9084	6173	4356	2218	7886	1145	4012	3316	2098	6099	766	2483	365	233
k__Bacteria___p__Bacillota___c__Clostridia___o__Monoglobales___f__Monoglobaceae	110	74	10	75	46	9	0	60	192	0	275	16	9	11	0	79	39	89	4	6	0	17	359	0	19	0	183	215	85	97	30	0	671	346	166	26	0	195	121	0	11	63	0	18	61	19	36	0	4	108	12	18	15	5	0	29	52	181	0	6	45	18	216	15	196	8	22	15	53	18	41	56	4	3	104	120	54	6	51	27	43	13	12	0	0	153	0	8
k__Bacteria___p__Bacillota___c__Clostridia___o__Oscillospirales___f__Butyricicoccaceae	48	73	0	48	505	0	38	30	54	0	108	14	51	21	96	12	40	281	12	59	16	50	50	48	68	185	249	38	204	26	134	33	141	128	44	66	55	105	112	12	68	58	11	5	16	0	26	6	51	86	0	2	3	10	13	3	47	18	21	7	8	15	49	34	62	3	0	12	19	43	0	21	10	39	81	14	41	2	165	25	17	37	25	5	8	82	0	0
k__Bacteria___p__Bacillota___c__Clostridia___o__Oscillospirales___f__Ethanoligenenaceae	0	4	0	0	0	0	0	0	0	0	0	0	0	0	3	9	2	0	0	0	0	0	0	0	0	0	0	0	0	0	5	0	0	0	0	0	0	0	0	0	0	0	0	0	0	0	0	0	0	0	0	0	0	0	0	0	0	0	0	0	0	0	0	0	0	0	0	0	0	0	0	0	0	0	0	0	3	0	0	0	0	0	0	0	0	0	0	0
k__Bacteria___p__Bacillota___c__Clostridia___o__Oscillospirales___f__Oscillospiraceae	270	522	5975	1400	3976	980	268	4123	4965	133	1196	1140	4668	146	2048	4383	2731	4664	1190	1813	376	1846	6030	461	403	113	6829	1036	2527	2576	2795	132	3502	2761	5767	1683	2506	1380	1773	1970	5749	24	793	610	2998	752	1720	459	2377	3224	382	300	295	31	659	2470	871	166	504	574	809	144	2348	2694	3938	126	128	296	459	850	504	301	500	953	2466	3074	968	102	1379	1197	233	727	989	737	319	262	112	135
k__Bacteria___p__Bacillota___c__Clostridia___o__Oscillospirales___f__Ruminococcaceae	1926	5698	3325	2322	3404	3037	1872	3067	4495	31	4871	2207	3543	1725	1969	3621	5427	3728	2341	2568	692	3533	2042	4681	2370	2051	8316	3462	4952	11128	9051	899	15891	10434	4188	14314	3738	2197	1443	5872	9729	1077	3155	2409	3256	1304	5700	4899	2719	3290	2442	790	772	457	1584	9753	3445	878	1610	1103	1401	2075	6974	1885	3159	3659	1244	2421	978	2622	5006	3617	3175	4472	5029	8005	6932	2322	4341	2586	1224	3454	3067	1065	790	2661	289	284
k__Bacteria___p__Bacillota___c__Clostridia___o__Oscillospirales___f__UCG-010	21	0	0	7	1576	833	2	868	937	0	0	0	100	0	142	1056	1211	53	76	725	21	14	880	0	17	0	484	90	154	550	0	34	410	312	243	76	547	335	5819	178	612	0	110	222	151	352	2490	0	2585	973	0	588	413	0	320	104	13	17	89	52	202	0	197	25	387	15	0	20	1014	3	0	9	46	217	682	376	28	285	2024	216	3	752	72	235	8	0	38	6
k__Bacteria___p__Bacillota___c__Clostridia___o__Oscillospirales___f__UCG-011	0	0	0	0	0	0	0	2	4	0	0	0	0	0	0	0	7	0	0	0	0	0	8	0	0	0	0	0	0	0	0	0	0	0	0	0	2	0	0	0	4	0	0	0	0	0	0	0	0	0	0	0	0	0	0	0	0	0	0	0	0	0	0	0	0	0	0	0	0	0	0	0	0	0	0	0	0	0	0	0	0	0	0	0	0	0	0	0
k__Bacteria___p__Bacillota___c__Clostridia___o__Oscillospirales___f__[Eubacterium] coprostanoligenes group	33	87	331	82	1074	683	45	476	1105	17	42	34	2306	136	1482	560	706	6052	108	796	88	379	2010	80	1651	480	5476	1832	1207	922	169	4	446	407	2713	95	1270	198	811	615	2086	0	47	118	2398	257	388	0	747	1076	33	24	29	25	183	305	77	348	92	315	925	0	99	121	694	26	75	12	66	556	136	69	555	133	233	1102	178	3	204	271	25	60	666	250	47	45	6	11
k__Bacteria___p__Bacillota___c__Clostridia___o__Peptococcales___f__Peptococcaceae	0	0	0	0	17	42	4	8	40	0	0	0	4	2	6	6	16	11	33	12	0	3	0	0	2	0	27	9	25	36	17	0	100	8	0	0	6	30	11	27	15	0	0	0	0	0	20	0	21	35	0	5	8	0	3	4	0	0	0	17	11	0	10	0	18	0	0	0	4	0	0	0	2	0	22	18	0	6	4	0	5	7	11	8	0	0	0	5
k__Bacteria___p__Bacillota___c__Clostridia___o__Peptostreptococcales-Tissierellales___f__Anaerovoracaceae	10	26	120	3	177	8	14	55	165	0	37	158	161	2	97	81	173	109	17	85	10	58	85	24	10	10	226	24	113	56	100	0	199	64	118	10	228	108	208	22	143	0	0	11	98	19	25	0	54	73	0	3	0	0	0	17	12	16	5	9	10	2	10	4	69	9	0	0	0	19	12	2	0	31	30	104	30	0	42	19	13	4	6	3	5	4	0	2
k__Bacteria___p__Bacillota___c__Clostridia___o__Peptostreptococcales-Tissierellales___f__Family XI	2	0	0	0	0	0	0	0	0	0	0	0	0	0	0	0	0	0	0	0	0	0	0	0	0	0	0	0	0	0	0	0	0	0	0	0	0	0	0	0	0	0	0	0	0	0	2	0	0	0	0	0	0	0	0	3	0	0	0	0	0	0	0	0	0	0	0	0	0	0	0	0	0	0	0	0	0	0	0	0	0	0	0	0	2	0	0	0
k__Bacteria___p__Bacillota___c__Clostridia___o__Peptostreptococcales-Tissierellales___f__Peptostreptococcaceae	41	187	98	51	13	0	233	44	123	35	19	26	56	195	8	74	114	124	116	66	15	26	454	95	438	69	193	75	80	142	118	8	564	546	161	116	5	113	21	145	54	1345	0	250	705	65	17	774	169	74	37	91	89	10	76	5	147	39	16	10	101	156	64	22	134	10	38	608	22	17	184	47	64	0	86	176	104	540	25	116	47	13	349	87	113	103	24	61
k__Bacteria___p__Bacillota___c__Clostridia___o__Peptostreptococcales-Tissierellales___f__Sedimentibacteraceae	0	0	0	0	0	0	0	0	0	0	0	0	0	0	0	0	0	0	0	0	0	0	0	0	0	0	0	0	0	0	0	0	0	0	0	0	0	0	8	0	0	0	0	0	0	0	0	0	0	0	0	0	0	0	0	0	0	0	0	0	0	0	0	0	0	0	0	0	0	0	0	0	0	0	0	0	0	0	0	0	0	0	0	0	0	0	0	0
k__Bacteria___p__Bacillota___c__Negativicutes___o__Acidaminococcales___f__Acidaminococcaceae	6	85	47	64	82	0	757	703	1123	57	0	487	261	25	82	947	1611	1428	0	117	23	11125	415	353	55	0	2	2756	5608	248	1540	84	2626	361	62	294	33	6	163	2686	556	5491	8	58	408	7	2	0	0	0	54	11	0	10	0	309	0	17	30	73	0	578	18	211	6	40	0	0	7	240	45	0	13	0	275	2	8	0	28	6	181	0	199	42	0	39	6	10
k__Bacteria___p__Bacillota___c__Negativicutes___o__Veillonellales-Selenomonadales___f__Selenomonadaceae	0	0	0	230	50	59	201	0	0	8	0	0	84	1396	115	0	0	0	0	48	565	0	299	75	0	0	0	0	0	0	0	0	0	543	80	0	30	0	0	195	0	0	0	0	0	68	18	0	12	0	21	10	0	0	0	0	54	0	0	0	0	0	0	0	0	0	0	0	0	0	0	0	0	3	0	0	0	0	15	2	0	0	0	29	11	0	8	22
k__Bacteria___p__Bacillota___c__Negativicutes___o__Veillonellales-Selenomonadales___f__Veillonellaceae	77	482	2248	1068	1034	1370	146	85	183	0	160	34	696	390	1209	129	211	7	1431	332	168	99	2943	1251	4598	823	857	386	712	462	208	0	184	255	697	17	349	320	0	24	0	80	4	8	2984	369	166	7397	270	241	23	10	59	42	62	34	53	148	6	295	48	22	120	0	238	125	32	19	0	0	0	345	90	124	3	831	287	22	150	81	20	98	170	161	299	222	59	14
k__Bacteria___p__Bacteroidota___c__Bacteroidia___o__Bacteroidales___f__Bacteroidaceae	1730	23537	965	4184	1854	145	9	5768	1295	8654	15998	18656	217	25	101	7045	4106	4530	732	491	610	3862	5823	684	1679	45754	2940	4339	3034	12672	26299	4239	19417	14711	13611	12801	25	1778	558	377	3546	24235	1258	5507	6022	27	1926	1534	550	180	11268	37	283	2259	203	21507	6994	830	4081	6116	4826	13816	12767	3587	6188	838	20130	7371	2074	7250	17750	22218	14494	222	5124	6312	6845	269	548	3237	9222	1258	3727	59	28	2019	323	1208
k__Bacteria___p__Bacteroidota___c__Bacteroidia___o__Bacteroidales___f__Bacteroidales RF16 group	0	0	0	0	0	0	0	0	0	0	0	0	0	0	0	0	0	0	0	0	0	0	0	0	0	0	0	0	0	0	0	0	0	0	0	0	2173	0	0	0	0	0	0	0	0	0	0	0	0	0	0	1239	0	0	0	0	0	0	0	0	0	0	0	0	0	0	0	0	0	0	0	0	0	0	0	0	0	0	0	0	0	0	0	0	0	0	0	0
k__Bacteria___p__Bacteroidota___c__Bacteroidia___o__Bacteroidales___f__Barnesiellaceae	494	0	124	141	16	36	0	50	0	139	23	0	80	0	0	72	1827	125	18	45	269	182	379	6	88	0	121	290	92	10	2462	503	0	3062	134	1287	0	311	59	19	284	0	0	0	1387	0	2343	0	265	13	60	0	34	38	9	0	1127	0	142	0	318	114	850	736	2867	0	0	176	777	1002	377	253	515	93	57	178	2559	21	16	612	667	8	0	0	0	0	36	620
k__Bacteria___p__Bacteroidota___c__Bacteroidia___o__Bacteroidales___f__Marinifilaceae	416	143	166	145	84	82	6	148	104	21	324	593	71	0	112	274	1634	1051	102	143	186	414	360	99	121	0	274	173	271	398	661	122	3723	452	1063	2933	46	934	168	134	67	0	54	57	355	0	303	0	222	165	112	18	245	33	145	1989	385	184	116	159	259	40	188	821	384	48	175	304	199	154	406	125	325	225	489	150	527	20	178	515	256	199	441	77	5	239	19	37
k__Bacteria___p__Bacteroidota___c__Bacteroidia___o__Bacteroidales___f__Muribaculaceae	144	0	1433	0	956	694	68	732	1207	0	0	0	633	277	2434	888	188	6575	1131	191	458	3070	0	1073	999	0	0	0	2872	0	0	135	7	146	1295	0	138	2462	393	803	0	0	124	1205	0	594	370	0	572	0	0	99	312	0	1253	0	0	475	351	0	369	0	374	0	0	293	0	0	0	0	0	0	0	1238	8	0	0	0	569	0	0	0	0	650	16	1518	763	0
k__Bacteria___p__Bacteroidota___c__Bacteroidia___o__Bacteroidales___f__Porphyromonadaceae	2	0	0	0	0	0	0	5	0	0	0	0	0	0	0	2	0	3	0	2	0	0	0	0	0	0	0	0	0	0	0	0	0	0	0	0	2	0	0	0	0	0	0	0	2	0	0	0	0	0	0	3	0	0	0	0	0	0	0	0	0	0	0	0	0	0	0	0	0	0	0	0	0	12	0	0	0	0	0	0	0	0	4	0	0	0	0	0
k__Bacteria___p__Bacteroidota___c__Bacteroidia___o__Bacteroidales___f__Prevotellaceae	6550	0	23668	36032	15216	18452	31860	605	9449	6212	9215	12228	23286	42959	12086	783	8614	10073	29482	13123	14307	21237	20341	37924	45204	4504	22982	25844	22839	10799	12	1365	685	1770	3109	130	2787	16971	16273	31448	11759	4932	1186	19145	35147	20976	5502	54932	6233	8221	258	9334	12957	15425	11252	3646	0	19841	12898	3986	12279	0	0	11510	1049	19929	1382	0	3374	10252	9717	4	9110	15328	991	2156	1479	13867	15465	971	10395	14155	14949	19824	22693	17655	6848	11116
k__Bacteria___p__Bacteroidota___c__Bacteroidia___o__Bacteroidales___f__Rikenellaceae	843	2820	799	1216	1197	122	14	2566	1773	1811	1867	476	1713	185	2002	3011	4553	3578	190	230	937	741	2686	274	774	146	3074	663	462	1370	7586	1113	10144	3368	1676	1731	3133	3350	1396	616	3902	22	438	186	2042	2868	1837	0	1521	1316	548	630	42	137	345	6197	1582	125	674	1834	522	429	3016	4201	2815	115	1341	1365	821	2702	2314	1398	4725	1582	1636	2233	6854	68	95	1207	743	227	1219	791	137	401	101	281
k__Bacteria___p__Bacteroidota___c__Bacteroidia___o__Bacteroidales___f__Tannerellaceae	469	3330	1055	1050	40	20	13	1685	801	989	619	378	516	33	41	2054	134	784	61	1633	60	840	799	609	599	3022	582	770	1988	1479	1254	187	1128	738	1518	185	815	906	4217	376	1958	654	392	335	1487	30	404	0	93	26	161	623	98	140	40	326	355	240	232	317	318	123	1232	897	1002	47	823	2034	202	1119	852	437	962	1369	235	775	1127	17	148	847	208	272	519	35	7	1584	165	138
k__Bacteria___p__Bacteroidota___c__Bacteroidia___o__Flavobacteriales___f__Flavobacteriaceae	0	0	0	0	0	0	0	0	0	4	0	0	0	0	0	0	0	0	0	0	0	0	0	0	0	0	0	0	0	0	0	0	0	0	0	0	0	0	0	0	0	0	0	0	0	0	0	0	0	0	0	0	0	0	0	0	0	0	0	0	0	0	0	0	0	0	0	0	0	0	0	0	0	0	0	0	0	0	0	0	0	0	0	0	0	0	0	0
k__Bacteria___p__Bacteroidota___c__Bacteroidia___o__Flavobacteriales___f__Weeksellaceae	0	0	0	0	0	0	0	0	0	3	0	0	0	0	0	0	0	0	0	0	0	0	0	0	0	0	0	0	0	0	0	0	7	0	0	0	0	0	0	0	0	0	0	0	0	0	0	0	0	0	0	0	0	0	0	0	0	0	0	0	0	0	0	0	0	0	0	0	0	0	0	0	0	0	0	0	0	0	0	0	0	0	0	0	0	0	0	0
k__Bacteria___p__Bacteroidota___c__Bacteroidia___o__Sphingobacteriales___f__Sphingobacteriaceae	0	0	0	0	0	0	0	0	0	0	0	0	0	0	0	0	0	0	0	0	0	0	0	0	0	0	0	0	0	0	0	2	0	0	0	0	0	0	0	0	0	0	0	0	0	0	0	0	0	0	0	0	0	0	0	0	0	0	0	0	0	0	0	0	0	0	0	0	0	0	0	0	0	0	0	0	0	0	0	0	0	0	0	0	0	0	0	0
k__Bacteria___p__Campylobacterota___c__Campylobacteria___o__Campylobacterales___f__Arcobacteraceae	0	0	0	0	0	0	0	0	0	0	0	0	0	0	0	0	0	0	0	0	0	0	0	0	0	0	0	0	0	0	0	0	3	0	0	0	0	0	0	0	0	0	0	0	0	0	0	0	0	0	0	0	0	0	0	0	0	0	0	0	0	0	0	0	0	0	0	0	0	0	0	0	5	0	0	0	0	0	0	0	0	0	0	0	0	0	0	0
k__Bacteria___p__Campylobacterota___c__Campylobacteria___o__Campylobacterales___f__Campylobacteraceae	0	0	0	0	0	0	0	5	0	0	0	4	0	0	0	13	0	0	0	0	0	0	0	0	2	0	0	0	0	0	0	0	0	0	0	0	0	0	0	0	0	0	0	0	0	0	0	0	0	0	0	0	0	0	0	0	0	0	0	0	0	0	0	0	2	7	0	0	0	0	0	4	0	0	0	0	0	0	0	0	0	0	0	0	0	0	0	0
k__Bacteria___p__Campylobacterota___c__Campylobacteria___o__Campylobacterales___f__Helicobacteraceae	0	0	0	0	0	0	0	0	0	0	0	0	0	0	0	0	0	0	0	0	0	0	0	0	0	0	0	0	0	0	0	0	0	0	0	0	0	0	0	0	0	0	0	0	0	0	0	0	0	0	0	0	0	0	0	0	0	0	14	0	0	0	0	0	0	0	0	0	0	0	0	0	0	0	0	0	0	0	0	0	0	0	0	0	0	0	0	0
k__Bacteria___p__Candidatus Kryptonia___c__Kryptonia___o__Kryptoniales___f__BSV26	0	0	0	0	0	0	0	0	0	0	0	0	0	0	0	0	0	0	0	0	0	0	0	0	0	0	0	0	0	0	0	0	0	0	0	0	0	0	0	0	0	0	0	0	0	0	0	0	0	2	0	0	0	0	0	0	0	0	0	0	0	0	0	0	0	0	0	0	0	0	0	0	0	0	0	0	0	0	0	0	0	0	0	0	0	0	0	0
k__Bacteria___p__Cyanobacteriota___c__Vampirivibrionia___o__Gastranaerophilales___f__Gastranaerophilaceae	0	0	0	0	33	0	0	0	36	0	1286	0	0	0	215	0	545	0	0	72	0	709	0	0	0	0	0	0	0	0	0	0	0	0	0	0	201	0	248	1155	0	0	256	7948	0	18	998	0	193	0	0	150	3177	343	400	0	0	89	0	0	0	0	0	29	78	0	0	0	0	0	0	0	0	0	72	0	0	299	0	0	0	548	0	0	15	0	0	27
k__Bacteria___p__Elusimicrobiota___c__Elusimicrobia___o__Elusimicrobiales___f__Elusimicrobiaceae	0	0	0	0	0	11	0	0	147	0	0	0	220	0	0	0	0	0	0	447	0	0	0	0	0	0	0	0	0	0	0	0	0	0	0	0	0	0	0	0	0	0	0	0	0	0	0	0	31	0	0	7	0	0	0	0	0	0	0	0	0	0	0	0	0	0	0	0	0	0	0	0	0	0	0	0	0	0	0	0	0	518	0	0	0	0	0	3499
k__Bacteria___p__Fusobacteriota___c__Fusobacteriia___o__Fusobacteriales___f__Fusobacteriaceae	0	0	0	0	0	0	0	0	0	0	0	29	0	0	4	0	0	0	0	0	0	0	0	0	0	13	0	0	0	0	0	0	0	0	11	0	0	3	0	0	0	0	0	0	0	0	0	0	0	0	0	0	0	0	0	0	0	0	0	67	0	0	0	2	0	6	0	9	12	0	0	0	0	0	0	0	0	0	0	0	0	0	0	0	0	0	0	0
k__Bacteria___p__Fusobacteriota___c__Fusobacteriia___o__Fusobacteriales___f__Leptotrichiaceae	0	0	0	0	0	0	0	0	0	0	0	2	0	0	0	0	0	0	0	0	0	0	0	0	0	0	0	0	0	0	0	0	0	0	0	0	0	0	0	0	0	0	0	0	0	0	0	0	0	0	0	0	0	0	0	0	0	0	0	0	0	0	3	0	0	0	0	0	0	0	0	0	0	0	0	0	0	0	0	0	0	0	0	0	0	0	0	0
k__Bacteria___p__Nitrospirota___c__Nitrospiria___o__Nitrospirales___f__Nitrospiraceae	0	0	0	0	0	0	0	0	0	0	0	0	0	0	0	0	0	0	0	0	0	0	0	0	0	0	0	0	0	0	0	0	4	0	0	0	0	0	0	0	0	0	0	0	0	0	0	0	0	0	0	0	0	0	0	0	0	0	0	0	0	0	0	0	0	0	0	0	0	0	0	0	0	0	0	0	0	0	0	0	0	0	0	0	0	0	0	0
k__Bacteria___p__Patescibacteria___c__Saccharimonadia___o__Saccharimonadales___f__Saccharimonadaceae	0	0	0	0	5	0	0	0	0	0	0	2	0	4	0	0	0	0	0	2	0	0	0	0	0	0	0	0	0	0	0	0	2	0	2	0	0	0	0	0	0	0	0	0	0	0	0	4	0	0	0	0	0	0	0	0	0	0	0	0	0	0	0	0	0	0	0	0	0	0	0	0	0	0	2	0	0	0	0	0	0	0	0	0	0	0	0	0
k__Bacteria___p__Planctomycetota___c__Planctomycetes___o__Gemmatales___f__Gemmataceae	0	0	0	0	0	0	0	0	0	0	0	0	0	0	0	0	0	0	0	0	0	0	0	0	0	0	0	0	0	0	0	0	0	0	0	0	0	0	0	0	0	0	0	0	0	0	0	0	0	0	0	0	0	0	0	0	0	0	0	0	0	0	0	0	0	0	0	0	0	0	0	0	0	0	0	0	0	0	0	0	0	0	0	0	0	2	0	0
k__Bacteria___p__Pseudomonadota___c__Alphaproteobacteria___o__Acetobacterales___f__Acetobacteraceae	0	0	0	0	0	0	0	0	0	0	0	0	0	0	0	0	0	0	0	0	0	0	0	0	0	0	0	0	0	0	0	0	0	0	0	0	0	0	0	0	0	0	0	0	0	0	0	0	0	0	0	0	3	0	0	0	0	0	0	0	0	0	0	0	0	0	0	0	0	0	0	0	0	0	0	0	0	0	0	0	0	0	0	0	0	0	0	0
k__Bacteria___p__Pseudomonadota___c__Alphaproteobacteria___o__Caulobacterales___f__Caulobacteraceae	0	0	0	0	0	0	0	0	0	0	0	0	0	0	0	0	0	0	0	0	0	0	0	0	0	0	0	0	0	0	0	0	0	0	0	0	0	0	0	0	0	0	0	0	0	0	0	3	0	0	0	0	0	0	0	0	0	0	0	0	0	0	0	0	0	0	0	0	0	0	0	0	0	0	0	0	0	0	0	0	0	0	0	0	0	0	0	0
k__Bacteria___p__Pseudomonadota___c__Alphaproteobacteria___o__Hyphomicrobiales___f__Beijerinckiaceae	12	0	0	0	0	0	0	0	0	33	0	0	0	0	0	0	0	0	0	0	0	0	0	0	0	0	0	0	0	0	0	17	6	0	0	0	0	0	0	0	0	0	0	0	0	0	0	0	0	17	6	6	3	7	0	0	0	3	0	4	5	5	2	0	2	0	3	0	13	7	4	0	5	0	29	9	0	0	5	0	0	0	0	4	0	5	14	0
k__Bacteria___p__Pseudomonadota___c__Alphaproteobacteria___o__Hyphomicrobiales___f__Rhizobiaceae	4	3	0	0	0	0	0	0	0	0	0	2	11	0	0	0	0	4	0	0	8	0	0	0	0	0	0	0	0	0	0	7	9	0	0	10	17	0	2	4	57	0	6	0	18	0	0	46	3	5	34	0	4	10	0	5	4	0	0	0	0	3	0	0	5	0	0	0	3	5	5	0	0	0	66	0	0	0	6	0	0	0	5	0	10	0	7	0
k__Bacteria___p__Pseudomonadota___c__Alphaproteobacteria___o__Sphingomonadales___f__Sphingomonadaceae	3	0	0	0	0	0	0	0	0	16	0	0	0	0	0	0	0	0	0	0	5	0	0	0	0	0	0	0	0	0	0	0	3	0	0	0	0	0	0	0	0	0	0	0	0	0	0	0	0	14	0	0	0	9	0	0	0	0	5	3	0	0	0	2	0	0	0	0	0	0	6	0	0	0	8	0	0	0	0	0	0	0	0	3	0	2	21	7
k__Bacteria___p__Pseudomonadota___c__Gammaproteobacteria___o__Burkholderiales___f__Alcaligenaceae	0	0	0	0	0	0	0	0	0	0	0	0	0	0	0	0	0	0	0	0	0	0	0	0	0	0	0	0	0	0	0	0	3	0	0	4	2	0	0	0	0	0	0	0	0	0	0	9	0	0	0	0	0	0	0	5	0	0	0	0	0	0	0	0	0	0	0	3	0	0	0	0	0	0	27	0	0	0	0	0	0	0	0	0	0	0	0	0
k__Bacteria___p__Pseudomonadota___c__Gammaproteobacteria___o__Burkholderiales___f__Burkholderiaceae	0	0	0	0	0	0	0	0	0	0	0	0	0	0	0	0	0	0	0	0	0	0	0	0	0	0	0	0	0	0	0	0	14	0	0	0	0	0	0	0	0	0	0	0	6	0	0	10	0	0	0	0	0	0	0	0	0	0	0	0	0	0	0	0	0	0	0	0	0	0	0	0	0	0	45	0	0	0	0	0	0	0	0	0	4	0	0	0
k__Bacteria___p__Pseudomonadota___c__Gammaproteobacteria___o__Burkholderiales___f__Comamonadaceae	0	0	0	0	0	3	2	0	0	0	0	0	0	6	0	0	0	0	0	0	0	0	0	0	0	0	0	0	0	0	0	0	8	0	0	5	0	0	0	1	0	0	0	0	0	0	0	23	0	3	0	0	0	0	0	27	0	0	0	0	0	0	2	0	0	0	0	0	0	0	0	0	0	0	58	0	0	0	2	0	0	0	0	0	0	0	0	0
k__Bacteria___p__Pseudomonadota___c__Gammaproteobacteria___o__Burkholderiales___f__Neisseriaceae	0	0	0	0	0	0	0	0	0	0	0	0	0	0	13	0	0	0	0	0	0	0	0	0	0	0	0	0	0	0	0	0	0	0	0	2	0	0	0	0	0	0	0	0	0	0	0	0	0	0	0	0	0	0	0	0	0	0	0	0	0	0	0	0	0	0	0	0	0	0	0	0	0	0	0	0	0	0	0	0	0	0	0	0	0	0	0	0
k__Bacteria___p__Pseudomonadota___c__Gammaproteobacteria___o__Burkholderiales___f__Oxalobacteraceae	0	0	17	10	8	0	0	5	24	0	0	0	0	0	9	10	21	22	0	11	0	0	36	10	0	0	25	0	6	22	0	0	0	8	0	0	6	0	4	0	21	0	2	0	0	0	7	0	0	0	0	0	0	0	0	0	0	0	0	0	0	0	5	0	13	0	0	0	0	0	0	0	0	0	0	62	0	0	0	0	0	0	0	0	0	0	0	0
k__Bacteria___p__Pseudomonadota___c__Gammaproteobacteria___o__Burkholderiales___f__Sutterellaceae	187	193	876	409	154	322	819	124	106	520	825	1688	632	286	277	169	489	148	547	197	52	114	34	719	820	1469	94	502	1114	761	940	109	1355	574	596	1309	335	52	466	334	593	1741	39	10	131	556	391	1352	362	759	20	28	344	400	551	303	148	133	220	0	324	288	64	317	36	600	19	1128	89	128	93	1433	265	360	343	223	188	19	163	35	639	493	653	173	228	449	13	97
k__Bacteria___p__Pseudomonadota___c__Gammaproteobacteria___o__Enterobacterales___f__Alteromonadaceae	0	0	0	0	0	0	0	0	0	0	0	0	0	0	0	0	0	0	0	0	0	0	0	0	0	0	0	0	0	0	0	0	0	0	0	0	0	0	0	0	0	0	0	0	0	0	0	0	0	2	0	0	0	0	0	0	0	0	0	0	0	0	0	0	0	0	0	0	0	0	0	0	0	0	0	0	0	0	0	0	0	0	0	0	0	0	0	0
k__Bacteria___p__Pseudomonadota___c__Gammaproteobacteria___o__Enterobacterales___f__Enterobacteriaceae	0	9	186	0	72	0	50	27	11	18	3	0	67	281	13	15	73	1310	13	19	37	26	5	5	165	148	899	5445	953	409	23	0	184	242	920	0	0	9	9	7	2288	19	14	0	331	12	9	61	34	8	18	46	12	0	7	12	7	5	0	60	0	6	2	12	0	303	21	0	3	7	0	44	10	178	16	0	5	4	23	0	51	874	14	10	34	0	19	0
k__Bacteria___p__Pseudomonadota___c__Gammaproteobacteria___o__Enterobacterales___f__Erwiniaceae	0	0	0	0	0	0	0	0	0	0	0	0	0	0	0	0	0	0	0	0	0	0	0	0	0	0	0	0	0	0	0	0	0	2	0	0	0	0	0	0	0	0	0	0	0	0	0	0	0	0	0	0	0	0	0	0	0	0	0	0	0	0	0	0	0	0	0	0	0	0	0	0	0	0	0	0	2	0	0	0	0	0	0	0	0	0	0	0
k__Bacteria___p__Pseudomonadota___c__Gammaproteobacteria___o__Enterobacterales___f__Hafniaceae	0	0	0	29	0	0	0	0	0	0	0	0	0	14	0	0	553	0	0	0	11	0	0	0	0	0	7	0	0	3310	0	0	0	0	0	0	0	0	0	0	17	0	0	0	42	0	0	0	0	0	0	0	0	0	0	0	0	0	0	0	0	0	0	0	0	0	0	0	0	0	0	0	0	0	0	0	0	0	0	0	0	0	0	0	0	0	0	0
k__Bacteria___p__Pseudomonadota___c__Gammaproteobacteria___o__Enterobacterales___f__Idiomarinaceae	0	0	0	0	0	0	0	0	0	0	0	0	0	0	0	0	0	0	0	0	0	0	0	0	0	0	0	0	0	0	0	0	0	0	0	0	0	0	0	0	0	0	0	0	0	0	0	0	0	0	0	0	0	0	0	0	0	0	0	0	0	0	0	0	0	0	0	0	0	0	0	0	0	0	4	2	0	0	0	0	0	0	0	0	0	0	0	0
k__Bacteria___p__Pseudomonadota___c__Gammaproteobacteria___o__Enterobacterales___f__Morganellaceae	0	0	0	0	0	0	0	0	0	0	0	0	0	0	0	0	0	0	0	0	0	0	0	0	0	0	0	0	0	0	0	0	0	0	0	0	0	0	0	0	0	0	0	0	0	0	0	0	0	0	0	0	0	0	0	0	0	0	0	0	0	0	2	0	0	0	0	0	0	0	0	0	0	0	0	0	0	0	0	0	0	0	0	0	0	0	0	0
k__Bacteria___p__Pseudomonadota___c__Gammaproteobacteria___o__Enterobacterales___f__Pasteurellaceae	0	213	0	105	6	46	71	0	21	0	3	189	3	14	0	0	0	0	296	13	3	35	151	482	25	32	36	781	30	141	0	0	24	87	27	0	0	9	0	4	8	177	2	12	320	5	0	36	21	13	31	11	0	0	53	6	19	0	0	0	4	101	9	38	0	1515	39	28	2	0	45	6	0	2	0	0	0	18	0	0	6	2	35	54	10	3	0	4
k__Bacteria___p__Pseudomonadota___c__Gammaproteobacteria___o__Enterobacterales___f__Pectobacteriaceae	0	0	0	0	0	0	0	0	0	13	0	0	0	0	0	0	8	0	0	0	9	0	0	0	0	0	0	0	0	0	0	0	0	0	0	0	0	0	0	0	0	0	0	0	2	0	0	0	0	10	0	0	0	15	0	0	0	0	0	0	0	0	0	0	0	0	0	0	0	7	0	0	0	0	17	5	0	0	0	0	0	0	0	0	0	0	7	0
k__Bacteria___p__Pseudomonadota___c__Gammaproteobacteria___o__Enterobacterales___f__Succinivibrionaceae	0	67	0	0	7089	5906	0	23133	4475	0	0	110	0	0	247	27535	0	0	0	13785	0	0	0	5973	0	0	0	0	0	0	0	0	0	0	0	0	177	0	10	0	0	0	0	0	0	2315	0	0	0	0	0	0	0	0	0	0	0	0	0	0	0	0	0	81	0	0	0	0	0	0	0	0	0	0	895	0	0	0	0	0	0	0	0	0	11852	0	4066	4510
k__Bacteria___p__Pseudomonadota___c__Gammaproteobacteria___o__Enterobacterales___f__Vibrionaceae	0	0	0	0	0	0	0	0	0	0	0	0	0	0	0	0	0	0	0	0	0	0	0	0	0	0	0	0	0	0	0	0	0	0	0	0	0	0	0	0	0	0	0	0	0	0	0	0	0	0	0	0	0	0	0	0	0	0	0	0	0	0	0	0	0	0	0	0	2	0	0	0	0	0	0	0	0	0	0	0	0	0	0	0	0	0	0	0
k__Bacteria___p__Pseudomonadota___c__Gammaproteobacteria___o__Enterobacterales___f__Yersiniaceae	0	0	0	0	0	0	0	0	0	0	0	0	0	0	0	0	0	0	0	0	0	0	0	5	0	0	0	0	0	31	0	0	0	0	0	0	0	0	0	0	0	0	0	0	0	0	0	0	0	0	0	0	0	0	0	0	0	0	0	0	0	0	0	0	5	0	0	0	0	0	0	0	0	0	0	0	0	0	0	0	0	0	0	0	0	0	0	0
k__Bacteria___p__Pseudomonadota___c__Gammaproteobacteria___o__Lysobacterales___f__Lysobacteraceae	5	0	0	0	0	0	0	0	0	3	0	0	0	0	0	0	0	0	0	0	0	0	0	0	0	0	0	0	0	0	0	8	0	0	0	0	0	0	0	0	0	0	0	0	0	0	0	0	0	13	5	6	9	3	0	0	0	0	0	7	0	0	0	0	7	0	4	0	0	5	7	0	4	0	11	0	0	0	0	0	0	0	0	2	0	0	4	0
k__Bacteria___p__Pseudomonadota___c__Gammaproteobacteria___o__Pseudomonadales___f__Halomonadaceae	0	0	0	0	0	0	0	0	0	0	0	0	0	0	0	0	0	0	0	0	0	0	0	0	0	0	0	0	0	0	0	0	0	0	0	0	0	0	0	0	0	0	0	0	0	0	0	0	0	0	0	0	2	0	0	0	0	0	0	0	0	0	0	0	0	0	0	0	0	0	0	0	0	0	4	0	0	0	0	2	0	0	0	0	0	0	0	0
k__Bacteria___p__Pseudomonadota___c__Gammaproteobacteria___o__Pseudomonadales___f__Moraxellaceae	0	0	0	0	0	0	0	0	0	0	0	0	0	0	0	0	0	0	0	0	0	18	0	0	0	0	0	0	0	0	0	0	0	0	0	0	0	0	0	0	0	0	0	0	0	0	0	0	0	0	0	0	0	0	0	0	0	0	0	0	0	0	0	0	0	0	0	0	0	0	0	0	0	0	0	0	0	0	0	0	0	0	0	0	0	0	0	0
k__Bacteria___p__Pseudomonadota___c__Gammaproteobacteria___o__Pseudomonadales___f__Pseudomonadaceae	0	0	0	0	0	0	0	0	0	18	0	0	0	0	0	0	0	0	0	0	19	0	0	0	0	0	0	0	0	0	0	19	0	0	0	0	0	0	0	0	373	0	6	0	0	0	0	0	0	25	17	0	20	12	0	0	0	8	5	8	0	0	8	0	4	0	0	0	4	0	0	3	10	0	21	0	5	0	0	6	0	0	0	0	0	10	7	11
k__Bacteria___p__Spirochaetota___c__Spirochaetia___o__Spirochaetales___f__Spirochaetaceae	0	0	0	0	0	0	0	0	4204	0	0	0	0	0	0	0	0	0	0	0	0	0	0	0	0	0	0	0	0	0	0	0	0	0	0	0	0	0	0	0	0	0	618	0	0	0	0	0	21272	0	0	13004	0	0	0	0	0	0	0	0	0	0	0	0	0	0	0	0	0	0	0	0	0	0	0	0	0	0	0	0	0	0	0	0	0	0	0	0
k__Bacteria___p__Synergistota___c__Synergistia___o__Synergistales___f__Synergistaceae	0	0	0	0	0	0	0	0	0	0	0	0	0	0	0	0	2	0	0	0	0	0	0	0	0	0	0	0	0	0	0	9	0	0	8	0	0	0	4	0	5	0	0	0	0	0	0	0	0	0	0	0	0	0	0	0	2	0	0	0	0	0	4	0	0	0	0	0	0	0	0	0	0	0	0	0	0	0	0	0	0	0	0	0	0	0	0	0
k__Bacteria___p__Thermodesulfobacteriota___c__Desulfovibrionia___o__Desulfovibrionales___f__Desulfovibrionaceae	20	319	150	27	69	77	4	264	505	3	6	426	167	11	146	309	131	295	7	93	2	69	72	632	83	247	566	51	513	104	0	2	26	45	64	19	97	166	644	27	25	0	18	10	79	7	103	0	65	100	2	0	7	4	0	10	38	19	0	0	3	0	43	0	188	0	8	6	26	0	4	19	4	16	18	155	17	0	11	167	45	14	7	16	11	0	0	3
k__Bacteria___p__Verrucomicrobiota___c__Lentisphaeria___o__Oligosphaerales___f__Oligosphaeraceae	0	0	0	0	0	0	0	0	0	0	0	0	26	0	589	0	0	0	0	0	0	0	0	0	0	0	0	0	0	0	0	0	0	0	0	0	2183	0	0	0	0	0	0	0	0	0	0	0	0	0	0	9	0	0	0	0	0	0	0	0	0	0	0	0	0	0	0	0	0	0	0	0	0	0	0	0	0	0	0	0	0	0	0	0	0	0	0	0
k__Bacteria___p__Verrucomicrobiota___c__Lentisphaeria___o__Victivallales___f__Victivallaceae	10	0	0	0	15	5	5	49	4	0	0	0	0	0	7	69	0	6	0	3	0	3	9	0	0	0	13	0	0	10	0	0	0	0	33	150	25	0	74	0	0	0	0	0	0	0	40	0	21	105	0	2	4	0	0	45	0	6	0	0	11	0	12	0	13	0	0	4	50	0	0	0	0	7	41	0	0	0	0	35	0	5	0	8	0	0	0	0
k__Bacteria___p__Verrucomicrobiota___c__Lentisphaeria___o__Victivallales___f__vadinBE97	0	0	0	0	0	0	0	23	0	0	0	0	4	0	119	36	13	0	0	71	0	0	0	0	0	0	20	0	0	13	0	0	0	0	4	10	91	0	20	0	0	0	0	0	0	0	238	0	29	56	0	25	0	0	0	0	0	0	0	0	0	0	0	0	2	0	0	0	0	0	0	0	0	0	0	0	0	0	0	0	0	20	0	0	19	0	0	0
k__Bacteria___p__Verrucomicrobiota___c__Verrucomicrobiia___o__Opitutales___f__Puniceicoccaceae	16	0	0	0	34	15	0	0	9	0	0	0	0	0	4	0	22	0	0	22	76	0	3	0	0	0	0	0	0	141	0	0	0	0	0	0	0	0	1442	0	0	0	2	0	0	0	113	0	200	0	0	0	0	0	0	0	4	0	0	0	0	0	0	0	0	0	0	0	0	0	0	0	0	14	13	0	0	0	17	51	0	9	0	0	0	0	0	0
k__Bacteria___p__Verrucomicrobiota___c__Verrucomicrobiia___o__Verrucomicrobiales___f__Akkermansiaceae	0	0	32	29	67	0	0	34	16	0	9	77	0	0	0	45	423	698	0	0	0	20	86	0	5	0	41	8	0	0	0	32	0	271	125	16	0	1095	0	0	404	0	21	8	10	0	61	0	22	0	0	0	0	0	11	77	0	0	115	12	0	0	60	0	4	0	0	0	60	0	0	0	0	0	435	1406	41	0	30	0	0	0	0	0	0	7	0	0
k__Archaea___p__Methanobacteriota___c__Methanobacteria___o__Methanobacteriales___f__Methanobacteriaceae___g__Methanobrevibacter	0	0	0	0	0	0	0	0	0	0	0	0	0	0	0	0	0	0	0	0	0	0	0	0	0	0	0	0	0	0	0	0	0	0	0	0	0	0	0	0	0	0	0	0	0	0	0	0	0	0	0	0	0	0	0	0	0	0	0	0	0	0	0	0	2	0	0	0	0	0	0	0	0	0	0	0	0	0	0	0	0	0	0	0	0	0	0	0
k__Bacteria___p__Actinomycetota___c__Actinobacteria___o__Actinomycetales___f__Actinomycetaceae___g__Schaalia	0	0	0	0	0	0	0	0	0	0	0	3	0	0	0	0	0	0	0	0	0	0	0	0	0	0	5	0	3	0	0	0	0	0	0	0	0	0	0	0	0	0	0	0	0	0	0	0	0	0	0	0	0	0	0	0	0	0	0	0	0	0	0	0	0	0	0	0	0	0	0	0	0	0	0	0	0	0	0	0	0	0	0	0	0	0	0	0
k__Bacteria___p__Actinomycetota___c__Actinobacteria___o__Bifidobacteriales___f__Bifidobacteriaceae___g__Bifidobacterium	0	660	35	110	119	58	6	11	0	17	9	22	60	579	172	18	0	37	741	5	182	0	129	60	185	0	56	61	49	49	38	0	2520	586	136	11	221	27	0	3	63	0	0	78	14	524	111	0	40	254	0	0	18	30	80	0	188	14	73	0	50	0	398	5	110	0	0	137	0	50	0	44	43	0	0	35	22	0	0	31	8	10	12	0	4	7	28	0
k__Bacteria___p__Actinomycetota___c__Actinobacteria___o__Bifidobacteriales___f__Bifidobacteriaceae___g__Neoscardovia	0	0	0	0	0	0	0	0	0	0	0	0	0	0	0	0	0	0	5	0	0	0	0	0	0	0	0	0	0	0	0	0	0	0	0	0	0	0	0	0	0	0	0	0	0	0	0	0	0	0	0	0	0	0	0	0	0	0	0	0	0	0	0	0	0	0	0	0	0	0	0	0	0	0	0	0	0	0	0	0	0	0	0	0	0	0	0	0
k__Bacteria___p__Actinomycetota___c__Actinobacteria___o__Bifidobacteriales___f__Bifidobacteriaceae___g__Pseudoscardovia	0	0	0	0	0	0	0	0	0	0	0	0	0	0	0	0	0	0	0	0	0	0	0	0	0	0	0	0	0	0	0	0	0	0	0	0	0	0	0	0	0	0	0	0	0	0	0	0	0	2	0	0	0	0	0	0	0	0	0	0	0	0	0	0	2	0	0	0	0	0	0	0	0	0	0	0	0	0	0	0	0	0	0	0	0	0	0	0
k__Bacteria___p__Actinomycetota___c__Actinobacteria___o__Micrococcales___f__Brevibacteriaceae___g__Brevibacterium	0	0	0	0	0	0	0	0	0	0	0	0	0	0	0	0	0	0	0	0	0	0	0	0	0	0	0	0	0	0	0	0	0	0	0	0	0	0	0	0	0	0	0	0	0	0	0	0	0	0	0	0	0	0	0	0	0	3	0	2	0	0	0	0	0	0	0	0	0	0	0	0	0	0	0	0	0	0	0	0	0	0	0	0	0	0	0	0
k__Bacteria___p__Actinomycetota___c__Actinobacteria___o__Micrococcales___f__Microbacteriaceae___g__Curtobacterium	0	0	0	0	0	0	0	0	0	0	0	0	0	0	0	0	0	0	0	0	0	0	0	0	0	0	0	0	0	0	0	0	0	0	0	0	0	0	0	0	0	0	0	0	0	0	0	0	0	0	0	0	0	0	0	0	0	0	0	0	0	0	0	0	0	0	0	0	0	0	0	0	0	0	2	0	0	0	0	0	0	0	0	0	0	0	0	0
k__Bacteria___p__Actinomycetota___c__Actinobacteria___o__Micrococcales___f__Micrococcaceae___g__Renibacterium	0	0	0	0	0	0	0	0	0	0	0	0	0	0	0	0	0	0	0	0	0	0	0	0	0	0	0	0	0	0	0	0	0	0	0	0	0	0	0	0	0	0	0	0	0	0	0	0	0	0	0	5	0	0	0	0	0	0	0	0	0	0	0	0	0	0	0	0	0	0	0	0	0	0	7	0	0	0	0	0	0	0	0	0	0	0	0	0
k__Bacteria___p__Actinomycetota___c__Actinobacteria___o__Micrococcales___f__Micrococcaceae___g__Rothia	0	0	0	0	0	0	0	0	0	0	0	0	0	0	0	0	0	0	0	0	0	0	0	11	0	0	0	0	4	0	0	0	0	3	2	0	0	0	0	0	0	0	0	0	0	0	0	0	0	0	0	0	0	0	0	0	0	0	0	0	0	0	0	0	0	0	0	0	0	0	0	0	0	0	0	0	0	0	0	0	0	0	0	0	0	0	0	0
k__Bacteria___p__Actinomycetota___c__Actinobacteria___o__Mycobacteriales___f__Corynebacteriaceae___g__Corynebacterium	0	0	0	0	0	0	0	0	0	0	0	0	0	0	0	0	0	0	0	0	0	0	0	0	0	0	0	0	0	0	0	0	3	0	0	0	0	0	0	0	0	0	0	0	0	0	0	0	0	0	0	0	0	0	0	0	0	0	0	0	0	0	0	0	0	0	0	0	0	0	0	0	0	0	0	0	0	0	0	0	0	0	0	0	0	0	0	0
k__Bacteria___p__Actinomycetota___c__Coriobacteriia___o__Coriobacteriales___f__Atopobiaceae___g__Coriobacteriaceae UCG-002	0	0	0	0	3	0	0	0	0	0	0	0	0	0	0	0	0	0	0	0	0	0	0	0	0	0	0	0	0	0	0	0	0	0	0	0	0	0	0	0	0	0	0	0	0	0	0	0	0	0	0	0	0	0	0	0	0	0	0	0	0	0	0	0	0	0	0	0	0	0	0	0	0	0	0	0	0	0	0	0	0	0	0	0	0	0	0	0
k__Bacteria___p__Actinomycetota___c__Coriobacteriia___o__Coriobacteriales___f__Atopobiaceae___g__Coriobacteriaceae UCG-003	0	0	0	0	0	0	0	0	0	0	0	0	0	0	0	0	0	0	0	0	0	0	0	0	0	0	0	0	0	0	0	0	0	0	0	0	8	0	0	0	0	0	0	0	0	0	0	0	0	0	0	0	0	0	0	0	0	0	0	0	0	0	0	0	0	0	0	0	0	0	0	0	0	0	0	0	0	0	0	0	0	0	0	6	0	0	0	0
k__Bacteria___p__Actinomycetota___c__Coriobacteriia___o__Coriobacteriales___f__Atopobiaceae___g__Parolsenella	0	0	0	0	5	0	0	2	0	0	0	0	0	0	17	13	0	9	0	0	0	0	6	0	5	0	0	0	0	0	0	0	0	0	0	0	27	0	0	0	0	0	0	0	0	0	0	0	0	18	0	0	0	0	0	0	0	0	0	0	0	0	0	0	0	0	0	0	0	0	0	0	0	0	0	0	0	0	0	0	0	0	0	0	0	0	0	0
k__Bacteria___p__Actinomycetota___c__Coriobacteriia___o__Coriobacteriales___f__Atopobiaceae___g__Tractidigestivibacter	0	0	0	0	16	2	0	0	0	0	0	0	0	0	11	0	0	10	2	1	0	0	0	3	5	0	0	0	0	0	0	0	3	0	0	0	0	0	0	0	0	0	0	0	0	0	0	0	0	0	0	0	0	0	0	0	0	0	0	0	0	0	0	0	0	0	0	0	0	0	0	0	0	0	0	0	0	0	0	0	0	0	0	0	0	0	0	0
k__Bacteria___p__Actinomycetota___c__Coriobacteriia___o__Coriobacteriales___f__Coriobacteriaceae___g__Collinsella	0	13	24	18	48	11	38	103	19	9	3	11	80	19	52	159	31	130	64	20	9	0	38	42	40	40	66	48	54	26	21	0	320	118	191	20	12	67	0	6	63	10	9	0	44	24	21	0	37	76	0	0	8	0	0	6	10	0	16	0	9	0	51	3	48	0	0	16	0	34	22	9	11	0	20	0	16	7	38	4	7	0	0	8	6	10	0	0
k__Bacteria___p__Actinomycetota___c__Coriobacteriia___o__Coriobacteriales___f__Coriobacteriales Incertae Sedis___g__Raoultibacter	0	0	0	0	0	0	0	0	0	0	0	0	0	0	0	0	0	0	0	0	0	0	0	0	0	0	0	0	0	4	0	0	2	0	0	0	0	0	0	0	0	0	0	0	0	0	0	0	0	0	0	0	0	0	0	0	0	0	0	0	0	0	0	0	0	0	0	0	0	0	0	0	0	0	0	0	0	0	0	0	0	0	0	0	0	0	0	0
k__Bacteria___p__Actinomycetota___c__Coriobacteriia___o__Coriobacteriales___f__Eggerthellaceae___g__Adlercreutzia	0	0	0	0	10	0	0	6	0	0	16	0	3	0	3	8	3	14	5	0	0	0	0	0	0	5	0	8	37	0	0	0	32	0	0	0	0	0	0	4	15	0	0	0	0	0	0	0	0	0	0	0	0	0	0	0	0	0	0	0	0	0	0	0	34	0	0	0	0	0	0	0	0	0	0	0	0	0	0	0	0	0	0	0	0	0	0	0
k__Bacteria___p__Actinomycetota___c__Coriobacteriia___o__Coriobacteriales___f__Eggerthellaceae___g__Asaccharobacter	0	56	0	0	0	0	0	0	0	0	5	6	0	0	0	0	0	0	0	0	0	0	0	0	0	0	35	0	0	10	0	0	0	0	0	0	0	0	0	0	0	0	0	0	0	0	0	0	0	0	0	0	0	11	0	0	0	0	0	0	0	0	11	0	2	0	3	0	0	0	0	0	2	0	0	0	0	0	0	0	0	0	0	0	0	0	0	0
k__Bacteria___p__Actinomycetota___c__Coriobacteriia___o__Coriobacteriales___f__Eggerthellaceae___g__Eggerthella	0	0	0	0	0	0	0	0	0	0	0	0	0	0	0	0	0	0	0	0	0	0	0	0	0	0	0	0	0	0	0	0	0	0	0	0	0	0	0	0	0	0	0	8	0	0	0	0	0	0	0	0	0	0	0	0	0	0	0	0	0	0	0	0	0	0	0	0	0	0	0	0	0	0	0	0	0	0	0	0	0	0	0	0	0	0	0	0
k__Bacteria___p__Actinomycetota___c__Coriobacteriia___o__Coriobacteriales___f__Eggerthellaceae___g__Senegalimassilia	0	0	5	0	20	0	0	0	5	0	0	0	0	0	0	5	0	14	2	0	0	5	5	5	0	0	16	12	9	0	3	0	36	0	26	0	0	7	4	0	10	0	0	7	7	0	0	0	2	6	0	0	0	0	0	0	0	0	0	0	0	0	0	0	0	0	0	0	0	0	0	3	0	0	0	16	8	0	6	0	0	0	0	3	0	0	0	0
k__Bacteria___p__Actinomycetota___c__Coriobacteriia___o__Coriobacteriales___f__Eggerthellaceae___g__Slackia	0	0	4	56	13	0	0	15	0	0	0	66	0	0	4	12	0	33	0	2	0	42	10	4	0	0	11	8	5	0	2	0	15	16	0	0	0	63	0	0	61	0	0	0	16	0	49	0	7	19	0	0	0	0	0	0	0	0	0	0	0	0	0	0	9	0	0	0	0	0	0	0	0	0	0	0	0	0	0	0	0	0	0	0	0	0	0	0
k__Bacteria___p__Bacillota___c__Bacilli___o__Acholeplasmatales___f__Acholeplasmataceae___g__Anaeroplasma	0	0	0	0	0	0	0	0	14	0	0	0	0	0	0	3	0	0	0	0	0	0	3	0	0	0	0	0	7	0	0	0	0	0	0	0	0	0	0	0	0	0	0	0	0	0	0	0	33	0	0	379	0	0	0	0	0	0	0	0	0	0	0	0	0	0	0	0	0	0	0	0	0	0	0	0	8	0	0	0	0	109	0	0	0	0	0	0
k__Bacteria___p__Bacillota___c__Bacilli___o__Erysipelotrichales___f__Erysipelatoclostridiaceae___g__Asteroleplasma	0	0	0	0	0	2	0	0	0	0	0	0	0	0	0	0	0	0	62	0	0	0	0	0	45	0	0	0	0	0	0	0	0	13	0	0	8743	0	0	0	0	0	0	0	0	0	0	0	0	0	0	0	0	0	0	0	0	0	0	0	0	0	0	0	0	0	0	0	0	0	0	0	0	0	0	0	0	0	0	0	0	0	0	0	0	0	0	0
k__Bacteria___p__Bacillota___c__Bacilli___o__Erysipelotrichales___f__Erysipelatoclostridiaceae___g__Catenibacterium	0	0	228	0	643	0	321	28	198	0	0	59	1254	247	262	46	70	78	0	81	0	0	161	107	59	0	149	0	160	0	73	0	689	0	200	40	1494	293	361	0	314	0	285	0	0	486	132	140	42	1014	0	56	32	0	46	0	0	0	0	0	0	0	136	0	0	0	0	0	0	0	46	0	37	23	0	0	0	0	0	0	0	19	0	183	62	81	0	0
k__Bacteria___p__Bacillota___c__Bacilli___o__Erysipelotrichales___f__Erysipelatoclostridiaceae___g__Coprobacillus	0	0	0	0	0	0	0	0	0	0	0	0	0	0	0	0	0	0	0	0	0	0	0	0	0	29	0	0	0	0	0	0	96	0	0	0	0	0	0	0	15	0	0	0	0	0	0	0	0	0	0	0	0	0	0	0	0	0	0	0	0	0	0	0	0	0	0	0	0	0	0	0	0	0	0	0	0	0	0	0	0	0	0	0	0	0	0	0
k__Bacteria___p__Bacillota___c__Bacilli___o__Erysipelotrichales___f__Erysipelatoclostridiaceae___g__Erysipelotrichaceae UCG-003	16	68	0	69	0	56	0	11	18	0	125	0	30	2	0	11	38	18	14	0	6	32	0	10	0	0	5	8	163	237	0	9	0	271	14	0	0	0	0	20	0	0	3	67	31	0	8	0	15	0	29	0	0	46	5	3	9	54	83	7	22	563	0	54	79	46	96	101	75	41	41	58	0	0	15	200	200	23	14	8	45	122	13	26	0	0	5	0
k__Bacteria___p__Bacillota___c__Bacilli___o__Erysipelotrichales___f__Erysipelatoclostridiaceae___g__Kandleria	0	0	0	0	0	0	2	0	0	0	0	0	0	0	0	0	0	0	0	0	0	0	0	0	0	0	0	0	0	0	0	0	0	0	0	0	2	0	0	0	0	0	0	0	0	4	0	0	0	0	0	0	8	0	0	0	0	0	0	0	0	0	0	0	0	0	0	0	0	0	0	0	0	0	0	0	0	0	0	0	0	0	0	0	0	0	0	0
k__Bacteria___p__Bacillota___c__Bacilli___o__Erysipelotrichales___f__Erysipelatoclostridiaceae___g__Longibaculum	0	0	0	0	0	0	0	0	0	0	0	0	0	0	0	0	0	0	0	0	0	0	0	0	0	0	0	0	0	0	0	0	0	0	0	0	0	0	0	0	0	18	0	0	0	0	0	0	0	0	0	0	0	0	0	0	0	0	0	0	0	0	0	0	0	0	0	0	0	0	0	0	0	0	0	0	0	0	0	0	0	0	0	0	0	0	0	0
k__Bacteria___p__Bacillota___c__Bacilli___o__Erysipelotrichales___f__Erysipelatoclostridiaceae___g__Massiliomicrobiota	0	7	0	0	0	0	0	0	0	0	0	0	6	0	0	0	0	0	0	0	0	0	0	0	0	0	0	0	0	0	0	0	0	0	0	0	0	0	0	0	0	0	0	0	0	0	0	0	0	0	0	0	0	0	0	0	0	0	0	0	0	0	0	0	0	0	0	0	0	0	0	0	0	0	0	0	0	0	0	0	0	0	0	0	0	0	0	0
k__Bacteria___p__Bacillota___c__Bacilli___o__Erysipelotrichales___f__Erysipelatoclostridiaceae___g__Thomasclavelia	0	0	0	0	0	0	0	0	0	0	0	0	0	0	0	0	0	0	0	0	0	0	0	0	0	16	0	0	0	0	0	0	8	0	0	0	0	0	0	0	0	16	0	0	0	0	0	0	0	0	0	0	0	0	0	0	0	0	0	0	0	0	0	0	0	0	0	0	0	0	0	0	0	0	0	58	4	0	0	0	0	0	0	0	0	0	0	0
k__Bacteria___p__Bacillota___c__Bacilli___o__Erysipelotrichales___f__Erysipelatoclostridiaceae___g__UCG-004	11	0	0	0	0	45	124	0	7	0	0	0	0	10	0	0	5	0	10	0	0	0	0	0	0	0	0	0	0	16	0	0	0	0	75	0	35	6	4	0	10	0	0	0	0	0	114	0	7	127	0	94	4	5	0	0	67	0	9	0	0	0	0	0	0	5	0	86	5	0	0	0	0	0	0	0	0	0	41	0	10	87	0	0	0	0	0	0
k__Bacteria___p__Bacillota___c__Bacilli___o__Erysipelotrichales___f__Erysipelotrichaceae___g__Amedibacillus	0	0	0	0	0	0	0	0	0	0	0	0	0	0	0	0	0	0	0	0	0	0	0	0	0	0	0	0	0	0	0	0	0	0	0	0	0	0	0	0	0	0	0	0	0	0	0	0	0	0	0	0	0	0	0	0	0	0	0	0	0	0	0	0	0	0	0	0	0	0	0	0	0	0	0	0	0	0	2	0	0	0	0	0	0	0	0	0
k__Bacteria___p__Bacillota___c__Bacilli___o__Erysipelotrichales___f__Erysipelotrichaceae___g__Catenisphaera	0	0	0	0	0	0	0	0	0	0	0	0	0	3	0	3	0	0	0	0	0	0	0	0	0	0	0	0	0	0	0	0	0	0	0	0	0	0	0	0	0	0	0	0	0	0	0	0	0	0	0	0	0	0	0	0	0	0	0	0	0	0	0	0	0	0	0	0	0	0	0	0	0	0	0	0	0	0	0	0	0	0	0	79	0	0	0	0
k__Bacteria___p__Bacillota___c__Bacilli___o__Erysipelotrichales___f__Erysipelotrichaceae___g__Dielma	0	9	0	0	0	0	0	0	0	8	0	8	0	0	0	0	0	13	0	0	0	0	0	0	0	23	0	0	0	2	0	0	0	0	0	0	0	0	0	0	3	0	0	0	7	0	0	20	0	0	0	0	0	0	0	0	0	0	0	0	0	0	0	0	0	0	0	0	5	0	0	0	0	0	0	11	0	0	0	0	0	0	0	0	0	0	0	0
k__Bacteria___p__Bacillota___c__Bacilli___o__Erysipelotrichales___f__Erysipelotrichaceae___g__Erysipelotrichaceae UCG-006	0	0	0	0	26	0	9	0	0	0	12	0	0	0	31	0	0	0	0	0	0	0	18	0	0	0	0	0	12	0	0	0	0	0	0	0	5	0	0	0	0	0	0	0	0	0	0	0	0	6	0	0	0	0	0	0	0	0	0	0	0	0	0	0	0	0	0	0	0	0	0	0	0	0	0	0	0	0	0	0	0	0	0	0	6	0	0	0
k__Bacteria___p__Bacillota___c__Bacilli___o__Erysipelotrichales___f__Erysipelotrichaceae___g__Faecalitalea	0	0	0	0	0	0	0	0	0	0	0	0	0	0	0	0	0	0	0	0	0	0	0	0	0	0	0	0	0	0	0	0	0	0	0	0	0	0	0	0	0	0	0	0	0	0	0	0	0	0	0	0	0	0	0	4	0	0	0	0	0	0	0	0	0	0	0	0	0	0	0	0	0	0	0	0	0	0	0	0	0	0	0	0	0	0	0	0
k__Bacteria___p__Bacillota___c__Bacilli___o__Erysipelotrichales___f__Erysipelotrichaceae___g__Holdemanella	0	0	69	49	109	48	62	432	322	0	64	41	0	86	138	493	146	139	0	120	30	85	51	70	149	0	1590	72	265	0	409	0	813	0	773	77	276	379	183	33	588	0	12	0	273	407	35	51	147	305	0	24	0	0	75	61	360	0	12	0	0	0	0	7	256	53	0	0	23	318	0	0	0	79	0	219	0	0	0	53	89	286	49	239	25	0	25	15
k__Bacteria___p__Bacillota___c__Bacilli___o__Erysipelotrichales___f__Erysipelotrichaceae___g__Holdemania	0	10	5	0	0	0	0	11	0	0	3	0	3	0	0	14	0	0	0	0	0	6	0	0	0	0	5	0	0	5	3	0	3	3	3	3	0	0	0	0	0	0	0	0	0	0	0	0	0	0	0	0	0	0	0	0	0	0	0	0	0	0	0	0	0	0	0	0	0	0	0	0	0	0	0	20	0	0	0	0	0	0	0	0	0	0	0	0
k__Bacteria___p__Bacillota___c__Bacilli___o__Erysipelotrichales___f__Erysipelotrichaceae___g__Longicatena	0	0	0	0	0	0	0	0	0	0	0	0	0	0	0	0	0	0	0	0	0	0	0	0	0	0	0	0	0	0	0	0	0	0	0	0	0	0	0	0	2	0	0	0	0	0	0	0	0	0	0	0	0	0	0	0	0	0	0	0	0	0	0	0	0	0	0	0	0	0	0	0	0	0	0	0	0	0	0	0	0	0	0	0	0	0	0	0
k__Bacteria___p__Bacillota___c__Bacilli___o__Erysipelotrichales___f__Erysipelotrichaceae___g__Solobacterium	0	0	0	29	81	6	21	0	62	0	0	0	0	12	9	0	0	0	0	0	0	0	0	10	0	0	111	5	0	0	0	0	54	0	0	0	0	0	0	0	0	0	0	0	0	14	0	40	0	20	0	0	0	0	0	6	0	0	0	0	0	0	0	0	0	0	0	0	0	0	0	0	0	0	0	0	0	0	31	10	0	0	0	0	0	0	0	0
k__Bacteria___p__Bacillota___c__Bacilli___o__Erysipelotrichales___f__Erysipelotrichaceae___g__Turicibacter	0	0	0	0	0	0	0	0	0	0	0	0	0	0	0	0	0	0	4	6	0	0	19	0	0	0	0	2	0	0	0	0	85	0	14	0	0	0	0	0	0	0	0	14	46	0	0	286	0	5	0	0	0	0	2	196	0	0	0	0	16	0	0	0	0	0	0	143	0	0	0	0	0	0	0	0	0	0	0	0	0	0	23	0	5	0	0	0
k__Bacteria___p__Bacillota___c__Bacilli___o__Erysipelotrichales___f__Erysipelotrichaceae___g__[Clostridium] innocuum group	0	0	0	0	0	0	0	2	0	0	0	0	5	0	0	3	0	0	0	0	0	0	0	0	0	12	0	0	0	0	0	0	0	25	0	0	0	0	0	0	0	5	0	0	0	0	0	0	0	0	0	0	0	0	0	0	0	0	0	0	0	0	0	0	0	0	0	0	0	2	0	0	0	0	0	4	7	0	0	0	0	0	0	0	0	0	0	0
k__Bacteria___p__Bacillota___c__Bacilli___o__Lactobacillales___f__Carnobacteriaceae___g__Granulicatella	0	0	0	0	0	0	0	0	0	0	0	0	0	0	0	0	0	0	0	0	0	0	0	0	5	0	0	6	5	0	8	0	0	13	3	0	0	2	0	0	0	3	0	0	0	0	0	63	0	0	0	0	0	0	0	4	0	0	0	0	0	0	5	0	0	7	0	0	0	2	0	0	0	0	0	0	0	0	0	0	0	0	0	0	0	0	0	0
k__Bacteria___p__Bacillota___c__Bacilli___o__Lactobacillales___f__Enterococcaceae___g__Enterococcus	0	0	0	11	0	0	0	0	0	0	0	16	0	0	0	0	0	0	0	29	47	0	0	0	0	0	65	0	0	43	0	0	132	0	0	0	0	0	0	0	0	0	0	0	75	0	0	52	0	4	0	0	0	0	0	0	0	0	0	0	0	0	0	0	16	0	0	0	0	0	0	0	0	0	0	0	20	0	0	12	0	0	0	2	0	0	0	0
k__Bacteria___p__Bacillota___c__Bacilli___o__Lactobacillales___f__Lactobacillaceae___g__Agrilactobacillus	53	0	0	0	0	0	0	0	0	70	0	0	0	0	0	0	0	0	0	0	120	0	0	0	0	0	0	0	0	0	0	60	0	0	0	0	0	0	0	0	0	0	195	0	0	0	0	0	0	123	96	78	168	55	0	0	40	89	225	97	87	9	94	129	76	104	89	91	129	20	93	66	10	9	105	46	55	2	103	74	57	3	23	37	20	103	111	25
k__Bacteria___p__Bacillota___c__Bacilli___o__Lactobacillales___f__Lactobacillaceae___g__Companilactobacillus	0	0	0	0	0	0	0	0	0	0	0	0	0	0	0	0	0	0	0	0	0	0	0	0	0	0	0	0	0	0	0	0	7	0	0	0	0	0	0	0	0	0	0	0	0	0	0	0	0	0	0	0	0	0	0	0	0	0	0	0	0	0	0	0	0	0	0	0	0	0	0	0	0	0	0	0	0	0	0	0	0	0	0	0	0	0	0	0
k__Bacteria___p__Bacillota___c__Bacilli___o__Lactobacillales___f__Lactobacillaceae___g__HT002	0	0	0	0	0	0	0	0	0	0	0	0	0	0	0	0	0	0	0	0	0	0	0	0	0	0	0	2156	0	0	0	0	0	0	0	0	0	0	0	0	0	0	0	0	0	0	0	0	0	0	0	0	0	0	0	0	0	0	0	0	0	0	0	0	0	0	0	0	0	0	0	0	0	0	0	0	0	0	0	0	0	0	0	0	0	0	0	0
k__Bacteria___p__Bacillota___c__Bacilli___o__Lactobacillales___f__Lactobacillaceae___g__Holzapfeliella	2	0	0	0	0	0	0	0	0	0	0	0	0	0	0	0	0	0	0	0	0	0	0	0	0	0	0	0	0	0	0	0	0	0	0	0	0	0	0	0	0	0	0	0	0	0	0	0	0	0	0	0	0	0	0	0	0	0	0	2	0	2	0	0	0	0	0	0	0	0	0	0	0	0	2	0	0	2	0	0	0	0	0	0	2	0	0	0
k__Bacteria___p__Bacillota___c__Bacilli___o__Lactobacillales___f__Lactobacillaceae___g__Lactiplantibacillus	0	0	0	0	0	0	0	0	0	7	0	0	0	0	0	0	0	0	0	0	0	0	0	0	0	0	0	0	0	0	0	0	0	0	0	0	0	0	0	0	0	0	4	0	0	0	0	0	0	0	0	0	0	0	0	0	0	0	0	0	0	0	0	0	0	0	0	0	0	0	0	0	0	0	0	0	0	0	0	0	0	0	0	0	0	0	0	0
k__Bacteria___p__Bacillota___c__Bacilli___o__Lactobacillales___f__Lactobacillaceae___g__Lactobacillus	0	0	0	0	0	0	0	0	0	0	0	2	0	0	0	0	0	0	0	0	0	0	0	0	0	0	0	0	0	0	0	2	0	0	0	0	0	0	0	0	0	0	0	0	0	0	0	0	0	0	0	0	0	0	0	0	0	0	0	0	0	0	0	0	0	0	0	0	0	0	0	0	0	0	0	0	6	0	0	0	0	0	0	0	0	0	0	0
k__Bacteria___p__Bacillota___c__Bacilli___o__Lactobacillales___f__Lactobacillaceae___g__Latilactobacillus	10878	0	0	0	0	0	0	0	0	14893	0	0	0	0	0	0	0	0	0	0	10937	0	0	0	0	8	0	0	3	0	4	12710	0	6	0	0	0	0	0	0	0	0	7715	0	0	0	0	0	0	15586	6989	8308	11686	10829	0	0	6649	3723	5926	5703	7385	2233	5936	6717	3270	4410	6669	2501	7765	10704	8361	2940	5327	2193	18605	4982	5466	745	2791	4699	1506	755	2706	2423	2592	6131	9557	6993
k__Bacteria___p__Bacillota___c__Bacilli___o__Lactobacillales___f__Lactobacillaceae___g__Leuconostoc	1239	0	0	0	0	0	0	0	0	1799	0	0	0	0	0	0	0	0	0	0	1262	0	0	0	0	0	0	0	0	0	0	1421	8	0	0	0	0	0	0	0	0	0	798	0	0	0	0	0	0	2376	920	1165	1449	1203	0	0	1166	784	718	1043	1302	455	1300	1075	711	658	1138	593	930	1749	1299	590	919	517	3564	1340	1055	121	678	807	293	294	604	466	598	968	1367	867
k__Bacteria___p__Bacillota___c__Bacilli___o__Lactobacillales___f__Lactobacillaceae___g__Ligilactobacillus	0	0	409	0	20	0	1768	0	3	0	0	0	2	0	0	0	0	423	172	0	0	0	0	220	692	0	318	0	3	492	0	0	2756	0	0	0	0	0	0	0	0	0	0	0	0	0	0	3	0	0	0	0	56	0	0	0	34	73	0	0	0	0	0	0	0	0	0	0	0	0	0	25	0	0	0	0	0	0	0	0	0	0	0	0	22	0	23	0
k__Bacteria___p__Bacillota___c__Bacilli___o__Lactobacillales___f__Lactobacillaceae___g__Limosilactobacillus	0	0	0	0	0	0	0	0	0	0	0	0	0	0	0	0	0	0	0	0	0	0	0	0	0	0	2	0	0	0	0	0	0	0	0	0	0	0	0	0	0	0	0	0	0	0	0	0	0	0	0	0	0	0	0	0	0	0	0	0	0	0	0	0	0	0	0	0	0	0	0	0	0	0	0	0	0	0	0	0	0	0	0	0	0	0	0	0
k__Bacteria___p__Bacillota___c__Bacilli___o__Lactobacillales___f__Lactobacillaceae___g__Pediococcus	0	0	0	0	0	0	0	0	0	0	0	0	0	0	0	0	0	0	0	0	0	6	6	13	13	6	7	8	11	5	16	0	0	0	0	0	0	0	0	0	0	0	0	0	0	0	0	0	0	0	0	0	0	0	0	0	4	0	0	0	0	0	0	0	0	0	0	0	0	6	0	0	0	0	0	0	0	0	0	0	0	0	0	0	0	0	0	0
k__Bacteria___p__Bacillota___c__Bacilli___o__Lactobacillales___f__Lactobacillaceae___g__Weissella	787	0	0	0	0	0	0	0	0	1023	0	0	0	0	0	0	0	0	0	0	669	0	0	2	0	0	166	1512	0	28	6	779	17	0	0	0	0	6	0	7	0	0	453	0	0	0	0	0	0	1360	537	661	725	747	0	0	586	365	398	481	680	243	736	605	393	369	543	245	572	922	719	292	454	283	1704	586	567	77	352	389	209	136	341	256	256	487	837	566
k__Bacteria___p__Bacillota___c__Bacilli___o__Lactobacillales___f__Streptococcaceae___g__Floricoccus	0	0	0	0	0	0	0	0	0	0	0	0	0	0	0	0	0	0	0	0	0	0	0	0	0	0	0	0	0	0	0	0	0	0	0	0	0	5	0	0	0	0	0	0	0	0	0	0	0	0	0	0	0	0	0	0	0	0	0	0	0	0	0	0	0	0	0	0	0	0	0	0	0	0	0	0	0	0	0	0	0	0	0	0	0	0	0	0
k__Bacteria___p__Bacillota___c__Bacilli___o__Lactobacillales___f__Streptococcaceae___g__Lactococcus	0	3	0	0	0	0	0	0	7	0	0	0	0	0	0	0	0	0	0	0	6	0	0	0	0	3	8	8	441	261	5	0	17	0	0	0	0	35	0	0	0	0	0	0	0	0	5	0	10	4	13	7	6	7	0	0	0	6	0	0	0	0	0	3	0	13	3	0	0	0	0	0	5	0	5	0	0	0	0	0	3	0	0	0	0	0	0	0
k__Bacteria___p__Bacillota___c__Bacilli___o__Lactobacillales___f__Streptococcaceae___g__Streptococcus	0	21	6	17	5	12	128	0	0	9	13	47	2	7	0	4	7	49	112	18	9	25	62	55	11	7	0	258	804	208	82	2	400	396	106	17	0	8	0	12	8	16	0	78	131	11	0	222	9	0	8	30	0	0	15	9	18	0	8	51	6	0	111	154	18	177	11	55	9	24	24	4	6	55	7	0	20	0	13	9	20	15	13	7	5	11	0	0
k__Bacteria___p__Bacillota___c__Bacilli___o__Staphylococcales___f__Gemellaceae___g__Gemella	0	0	0	0	0	0	0	0	0	0	0	0	0	0	0	0	0	0	0	0	0	0	0	0	0	0	2	4	0	0	3	0	0	0	0	0	0	0	0	0	0	0	0	0	0	0	0	0	0	0	0	0	0	0	0	0	0	0	0	0	0	0	0	0	0	0	0	0	0	0	0	0	0	0	0	0	0	0	0	0	0	0	0	0	0	0	0	0
k__Bacteria___p__Bacillota___c__Bacilli___o__Staphylococcales___f__Staphylococcaceae___g__Staphylococcus	0	0	0	0	0	0	0	3	0	0	0	0	0	0	0	0	0	0	0	0	0	0	0	0	0	0	6	0	0	0	0	0	3	0	0	0	0	0	0	0	0	0	0	0	0	0	0	0	0	0	0	0	0	0	0	0	0	0	0	0	0	0	0	0	0	0	0	0	0	0	0	0	0	0	0	0	0	0	0	0	0	0	0	0	0	0	0	0
k__Bacteria___p__Bacillota___c__Clostridia___o__Caldicoprobacterales___f__Caldicoprobacteraceae___g__Caldicoprobacter	0	0	0	0	0	0	0	0	0	0	0	0	0	0	0	0	109	0	0	0	0	0	0	0	0	0	0	0	0	0	0	0	0	0	0	0	0	0	0	0	0	0	0	0	0	0	8	0	7	0	0	0	0	0	0	0	0	0	0	0	0	0	0	0	0	0	0	0	0	0	0	0	0	0	0	0	0	0	0	0	0	12	0	0	0	0	0	0
k__Bacteria___p__Bacillota___c__Clostridia___o__Christensenellales___f__Christensenellaceae___g__Christensenella	0	0	3	0	0	0	0	0	0	0	0	0	0	0	0	0	0	0	0	0	0	0	3	0	0	0	0	0	0	0	0	0	0	0	0	0	0	4	0	0	0	0	0	0	0	0	0	0	0	0	0	0	0	0	0	0	0	0	0	0	0	0	0	0	0	0	0	0	0	0	0	0	0	0	0	0	0	0	0	0	0	0	0	0	0	0	0	0
k__Bacteria___p__Bacillota___c__Clostridia___o__Christensenellales___f__Christensenellaceae___g__Christensenellaceae R-7 group	19	60	48	45	687	45	38	299	738	0	69	7	130	3	159	343	1013	1193	20	218	8	109	631	21	37	0	739	47	119	69	39	27	88	177	876	129	402	29	437	2	500	0	8	73	237	3	252	0	595	59	15	0	9	0	66	57	103	14	54	97	22	0	400	66	86	2	22	7	60	63	44	43	6	121	65	1072	475	0	44	146	15	26	28	5	0	2	0	3
k__Bacteria___p__Bacillota___c__Clostridia___o__Clostridiales___f__Clostridiaceae___g__Clostridium	39	233	9	98	25	3	1551	42	304	0	0	4	0	417	9	56	21	39	75	53	7	70	1397	0	28	88	252	37	16	30	11	10	570	656	85	100	12	15	355	0	205	470	7	20	209	13	115	26	234	11	12	23	22	0	229	0	150	9	32	0	10	52	6	0	53	0	104	255	66	4	0	20	41	0	63	403	57	36	171	2	62	0	56	177	64	47	0	0
k__Bacteria___p__Bacillota___c__Clostridia___o__Clostridiales___f__Clostridiaceae___g__Sarcina	0	0	0	0	0	0	0	0	0	0	0	0	0	0	0	0	0	0	0	0	0	0	0	0	0	0	0	0	0	0	0	0	0	0	0	0	0	0	0	0	0	0	0	0	0	0	0	0	0	0	0	0	0	0	0	0	0	0	33	0	0	0	0	0	0	0	0	0	0	0	0	0	0	0	0	0	0	0	0	0	0	0	0	0	0	0	0	0
k__Bacteria___p__Bacillota___c__Clostridia___o__Eubacteriales___f__Anaerofustaceae___g__Anaerofustis	0	5	0	0	2	0	0	0	0	0	0	0	0	0	0	2	0	0	0	0	0	0	0	0	0	0	0	0	0	0	0	0	0	0	0	0	0	0	0	0	0	0	0	0	0	0	0	0	0	0	0	0	0	0	0	0	0	0	0	0	0	0	0	0	0	0	0	0	0	0	0	0	0	0	0	3	0	0	0	0	0	0	0	0	0	0	0	0
k__Bacteria___p__Bacillota___c__Clostridia___o__Lachnospirales___f__Defluviitaleaceae___g__Defluviitaleaceae UCG-011	0	0	0	0	0	0	0	30	3	0	6	0	0	0	0	19	6	2	0	0	0	0	0	0	0	0	4	0	0	5	17	0	23	4	0	0	3	0	3	0	0	0	0	0	0	0	11	0	6	0	0	0	0	0	1	0	0	0	0	56	0	0	0	0	0	0	0	0	0	0	0	0	0	0	0	6	0	0	9	0	0	12	0	0	0	0	0	0
k__Bacteria___p__Bacillota___c__Clostridia___o__Lachnospirales___f__Lachnospiraceae___g__Agathobacter	122	7857	1560	245	312	165	692	0	214	0	812	1137	1489	954	873	0	76	452	742	137	355	219	2641	781	597	0	3725	1208	3073	3066	1036	0	3901	3348	95	1347	20	8720	182	5540	1227	2454	310	558	1092	1370	230	664	342	355	349	39	145	448	552	127	1168	602	1150	910	1486	354	2416	213	662	0	660	595	193	425	293	972	308	380	206	1397	397	376	1694	230	0	172	335	4549	197	716	172	49
k__Bacteria___p__Bacillota___c__Clostridia___o__Lachnospirales___f__Lachnospiraceae___g__Anaerobutyricum	38	166	88	146	30	16	46	64	64	10	0	17	41	13	30	88	89	70	85	19	12	34	106	185	57	153	316	54	152	39	333	9	897	1308	62	38	98	121	54	0	47	0	15	137	83	0	45	0	58	138	0	0	35	11	0	0	34	14	10	50	18	380	166	67	113	40	30	34	25	285	16	19	154	32	136	375	114	27	48	63	52	36	58	73	0	11	0	2
k__Bacteria___p__Bacillota___c__Clostridia___o__Lachnospirales___f__Lachnospiraceae___g__Anaerostipes	43	619	0	128	14	87	25	9	18	18	540	11	52	7	0	16	22	18	125	0	87	516	1946	22	37	68	34	38	24	47	37	27	181	969	25	24	0	93	19	55	23	642	10	209	0	14	60	206	14	31	0	24	31	184	0	0	12	38	39	17	133	337	30	274	30	0	40	367	14	132	112	18	19	0	172	278	101	64	50	8	12	27	34	38	0	34	0	0
k__Bacteria___p__Bacillota___c__Clostridia___o__Lachnospirales___f__Lachnospiraceae___g__Anaerotignum	0	0	0	0	0	0	0	0	0	0	0	0	0	0	0	0	0	0	0	0	0	0	0	0	0	13	0	0	0	0	0	0	0	0	0	0	0	0	0	0	0	0	0	0	0	0	0	0	0	0	0	0	0	0	0	0	0	0	0	0	0	0	0	0	0	0	0	0	0	0	0	0	0	0	0	0	0	0	0	0	0	0	0	0	0	0	0	0
k__Bacteria___p__Bacillota___c__Clostridia___o__Lachnospirales___f__Lachnospiraceae___g__Blautia	246	666	218	306	186	215	426	412	327	61	357	658	398	252	174	544	228	696	937	108	186	562	353	378	385	976	1141	310	945	474	3523	65	1715	1102	317	411	410	655	263	192	161	710	32	320	703	105	231	684	142	476	78	43	107	179	175	6	128	139	167	284	250	218	468	253	381	130	212	678	104	380	239	200	112	226	922	1006	475	226	361	277	200	603	170	208	27	159	44	25
k__Bacteria___p__Bacillota___c__Clostridia___o__Lachnospirales___f__Lachnospiraceae___g__Butyribacter	0	29	10	188	22	22	0	38	71	0	147	181	0	0	20	48	26	166	0	0	0	780	19	67	0	0	25	33	182	468	71	0	375	705	36	154	0	0	0	59	0	0	0	0	7	0	0	0	12	0	162	25	27	37	157	0	103	42	0	268	188	9	15	16	47	0	0	28	37	361	0	27	168	0	31	0	0	0	42	0	24	0	34	0	52	62	0	0
k__Bacteria___p__Bacillota___c__Clostridia___o__Lachnospirales___f__Lachnospiraceae___g__Butyrivibrio	0	0	2833	0	1100	359	0	0	1385	0	0	0	0	0	3902	0	337	91	0	5833	0	0	432	0	0	0	565	0	2269	0	0	0	0	0	0	0	1778	56	83	707	422	0	149	485	8	0	5374	0	584	0	0	0	610	0	5	0	0	0	0	0	0	0	0	0	0	0	0	177	395	0	0	0	0	0	3658	0	0	57	0	0	600	652	0	0	182	0	0	0
k__Bacteria___p__Bacillota___c__Clostridia___o__Lachnospirales___f__Lachnospiraceae___g__CAG-56	0	47	22	895	0	0	0	0	47	0	1265	8	0	0	0	0	49	145	0	12	26	109	31	0	0	0	28	94	0	25	206	15	27	0	96	63	120	590	14	442	12	0	12	37	25	0	24	0	0	10	9	0	21	68	19	17	28	36	20	25	68	37	378	83	44	55	21	209	27	44	0	109	102	0	253	0	0	48	28	0	0	0	128	0	0	100	0	15
k__Bacteria___p__Bacillota___c__Clostridia___o__Lachnospirales___f__Lachnospiraceae___g__CHKCI001	0	0	0	0	0	0	0	0	0	0	0	0	0	0	0	0	0	0	0	0	0	0	0	0	0	0	0	0	0	0	0	0	0	0	0	0	0	0	0	0	0	0	0	0	0	0	0	11	0	0	0	0	0	0	0	0	0	0	0	0	0	0	0	0	0	0	0	0	0	0	0	0	0	0	0	0	0	0	0	0	0	0	0	0	0	0	0	0
k__Bacteria___p__Bacillota___c__Clostridia___o__Lachnospirales___f__Lachnospiraceae___g__Catonella	0	0	0	0	0	0	0	0	2	0	0	0	0	0	0	0	0	0	0	0	0	0	0	0	0	0	0	0	0	0	0	0	0	0	0	0	0	0	0	0	0	0	0	0	0	0	0	0	0	0	0	0	0	0	0	0	0	0	0	0	0	0	0	0	0	0	0	0	0	0	0	0	0	0	0	0	0	0	0	0	0	0	0	0	0	0	0	0
k__Bacteria___p__Bacillota___c__Clostridia___o__Lachnospirales___f__Lachnospiraceae___g__Coprococcus	26	206	221	1055	218	8	121	37	458	0	135	63	114	70	322	44	543	99	67	156	22	1198	423	612	719	551	533	694	312	85	251	0	241	897	124	43	193	468	316	41	514	225	98	30	111	215	1102	103	321	199	33	60	641	0	319	27	68	40	117	126	281	19	51	60	131	41	0	149	35	40	23	39	38	16	100	10	489	97	1183	52	116	178	36	213	41	7	8	0
k__Bacteria___p__Bacillota___c__Clostridia___o__Lachnospirales___f__Lachnospiraceae___g__Dorea	58	552	92	70	47	49	146	138	87	8	76	79	279	73	110	135	102	258	78	116	64	116	197	224	185	150	793	265	233	116	234	11	532	270	194	66	157	304	219	39	276	214	63	72	242	109	73	269	103	619	34	23	36	18	69	15	43	74	62	67	50	36	72	39	135	42	69	89	40	73	70	55	19	45	579	186	307	47	262	31	24	201	64	98	16	49	12	10
k__Bacteria___p__Bacillota___c__Clostridia___o__Lachnospirales___f__Lachnospiraceae___g__Eisenbergiella	0	7	0	0	0	0	0	0	0	0	0	0	0	0	0	4	0	0	0	0	0	0	0	0	0	17	0	0	0	0	0	0	0	0	0	0	0	0	0	0	0	0	0	0	0	0	0	0	0	0	0	0	0	4	0	0	0	0	0	0	0	0	0	0	0	0	0	0	0	0	0	0	0	0	0	66	0	0	0	0	0	0	0	0	0	0	0	0
k__Bacteria___p__Bacillota___c__Clostridia___o__Lachnospirales___f__Lachnospiraceae___g__Enterocloster	0	470	90	75	113	36	17	172	54	39	162	124	93	33	66	203	50	67	38	35	4	181	23	175	158	397	111	50	125	172	90	0	21	55	46	17	15	36	168	0	22	360	0	27	21	0	0	108	0	9	26	4	0	3	6	12	0	0	0	65	0	122	11	6	11	7	101	0	0	8	35	0	4	0	27	108	35	0	54	7	0	0	56	0	0	0	0	0
k__Bacteria___p__Bacillota___c__Clostridia___o__Lachnospirales___f__Lachnospiraceae___g__Extibacter	0	0	0	0	0	0	0	0	0	0	0	0	0	0	0	0	0	0	0	0	0	0	0	0	0	18	0	0	0	0	0	0	0	0	0	0	0	0	0	0	0	0	0	0	0	0	0	0	0	0	0	0	0	0	0	0	0	0	0	0	0	0	0	0	0	0	5	0	0	0	0	0	0	0	0	20	0	0	0	0	0	0	0	0	0	0	0	0
k__Bacteria___p__Bacillota___c__Clostridia___o__Lachnospirales___f__Lachnospiraceae___g__Faecalimonas	0	34	0	3	5	0	0	6	0	0	0	7	11	0	0	0	0	7	0	0	0	0	0	0	8	99	5	8	0	6	9	0	6	0	0	0	0	9	0	0	0	0	0	8	0	0	6	10	0	7	0	0	0	0	0	0	0	0	0	0	0	0	0	0	0	0	0	0	0	0	0	0	0	0	0	14	10	0	0	0	0	0	0	0	0	0	0	0
k__Bacteria___p__Bacillota___c__Clostridia___o__Lachnospirales___f__Lachnospiraceae___g__Frisingicoccus	0	0	0	0	0	0	0	0	0	0	0	0	0	0	0	0	0	0	0	0	0	0	0	0	0	0	0	0	0	0	0	0	0	0	0	0	0	0	0	0	0	0	0	0	0	0	0	0	0	0	0	0	0	0	0	0	0	0	0	10	0	0	0	0	0	0	0	0	0	0	0	0	0	0	0	36	0	0	0	0	0	0	0	0	0	0	0	0
k__Bacteria___p__Bacillota___c__Clostridia___o__Lachnospirales___f__Lachnospiraceae___g__Fusicatenibacter	258	297	22	31	35	31	82	66	117	3	114	158	52	46	48	61	201	52	48	33	7	68	256	45	29	241	119	34	115	131	175	75	2000	1147	79	120	125	619	0	30	81	103	44	38	177	14	22	165	136	96	0	15	48	95	91	27	105	22	103	145	292	127	110	60	185	236	1119	193	25	139	32	108	30	27	463	134	13	31	36	21	61	220	64	36	0	45	16	0
k__Bacteria___p__Bacillota___c__Clostridia___o__Lachnospirales___f__Lachnospiraceae___g__GCA-900066575	0	60	0	33	10	12	0	0	0	0	0	0	9	0	13	0	0	0	7	0	0	49	19	13	0	0	11	4	15	24	18	0	19	15	0	7	0	0	0	0	9	0	21	28	0	0	16	0	7	0	10	0	0	0	0	0	0	5	0	0	0	14	0	0	0	0	0	0	0	0	0	8	0	0	91	22	12	0	57	0	18	0	0	5	0	0	0	0
k__Bacteria___p__Bacillota___c__Clostridia___o__Lachnospirales___f__Lachnospiraceae___g__GCA-900066755	0	0	0	0	0	0	0	0	0	0	0	0	0	0	0	0	0	0	0	0	0	0	0	0	0	0	0	0	0	0	0	0	0	0	0	0	0	0	0	0	0	0	0	0	0	0	0	0	0	0	0	0	0	0	0	0	0	0	0	0	0	0	0	0	0	0	0	0	0	0	0	0	0	0	0	35	0	0	0	0	0	0	0	0	0	0	0	0
k__Bacteria___p__Bacillota___c__Clostridia___o__Lachnospirales___f__Lachnospiraceae___g__Herbinix	0	0	0	0	0	0	0	0	22	0	0	0	0	0	0	0	0	0	0	0	0	0	0	0	0	0	0	0	0	0	0	0	0	0	0	0	0	0	0	0	0	0	0	0	0	0	0	0	0	0	0	62	0	0	0	0	0	0	0	0	0	0	0	0	0	0	0	0	0	0	0	0	0	0	0	0	0	0	0	0	0	0	0	0	0	0	0	0
k__Bacteria___p__Bacillota___c__Clostridia___o__Lachnospirales___f__Lachnospiraceae___g__Howardella	9	0	0	7	15	0	7	5	17	0	7	7	14	32	46	8	16	8	0	4	0	0	24	0	9	0	89	11	112	0	13	0	0	28	34	0	20	23	0	7	55	0	10	0	18	26	19	0	12	63	0	0	5	0	23	0	0	0	0	0	0	0	0	5	0	0	0	0	0	0	4	0	0	6	0	0	0	0	43	0	1	10	0	5	0	10	6	0
k__Bacteria___p__Bacillota___c__Clostridia___o__Lachnospirales___f__Lachnospiraceae___g__Hungatella	0	0	5	0	0	0	0	0	0	0	0	0	0	0	0	0	0	0	0	0	0	0	0	0	0	156	0	6	0	0	5	0	0	6	10	0	0	0	0	0	18	0	8	0	0	0	0	0	0	0	0	0	0	0	0	0	0	0	0	0	0	0	0	0	0	0	0	0	0	0	0	0	0	0	0	60	0	0	0	0	0	0	0	0	0	0	0	0
k__Bacteria___p__Bacillota___c__Clostridia___o__Lachnospirales___f__Lachnospiraceae___g__Johnsonella	0	0	0	0	0	0	0	0	0	0	0	0	0	0	0	0	0	0	0	0	0	0	0	0	0	0	0	2	0	0	0	0	0	0	0	0	0	0	0	0	0	0	0	0	0	0	0	0	0	0	0	0	0	0	0	0	0	0	0	0	0	0	0	0	0	0	0	0	0	0	0	0	0	0	0	0	0	0	0	0	0	0	0	0	0	0	0	0
k__Bacteria___p__Bacillota___c__Clostridia___o__Lachnospirales___f__Lachnospiraceae___g__Kineothrix	0	0	0	0	0	0	0	0	0	0	0	0	4	0	0	0	0	0	0	0	0	0	0	0	0	0	0	0	0	0	0	0	0	0	0	0	0	0	0	0	0	0	0	0	0	0	0	0	0	0	0	0	0	0	0	0	0	0	0	0	0	0	0	0	0	0	0	0	0	0	0	0	0	0	0	0	0	0	0	0	0	0	0	0	0	0	0	0
k__Bacteria___p__Bacillota___c__Clostridia___o__Lachnospirales___f__Lachnospiraceae___g__Lachnobacterium	2	0	0	4	0	0	0	0	0	0	2	0	2	4	0	0	0	0	0	0	0	0	5	0	0	0	0	0	0	0	0	0	0	0	0	0	0	0	0	0	0	0	0	0	0	0	0	0	0	0	0	0	0	0	0	0	0	0	0	3	0	0	0	0	6	0	0	0	0	0	0	0	0	4	0	0	0	0	7	0	0	0	0	0	0	0	2	0
k__Bacteria___p__Bacillota___c__Clostridia___o__Lachnospirales___f__Lachnospiraceae___g__Lachnoclostridium	0	572	203	236	160	75	79	33	144	13	595	233	124	75	125	58	385	174	71	183	7	270	62	313	204	97	203	468	985	526	412	0	92	201	216	30	22	156	62	87	83	587	9	103	45	0	112	0	54	26	41	0	29	47	63	37	0	52	44	0	36	280	23	49	66	16	83	58	24	28	30	0	41	64	188	14	15	0	204	9	102	122	104	27	9	10	0	4
k__Bacteria___p__Bacillota___c__Clostridia___o__Lachnospirales___f__Lachnospiraceae___g__Lachnospira	35	1007	109	175	0	48	333	13	16	0	543	138	19	97	24	10	239	76	120	81	7	300	23	139	190	392	84	137	33	1532	135	8	135	118	208	68	0	90	8	32	12	566	0	60	151	79	252	0	13	11	23	2	8	30	177	25	98	240	29	161	113	145	24	8	23	0	61	21	19	120	91	114	164	0	105	32	43	32	151	83	80	6	87	63	93	16	5	9
k__Bacteria___p__Bacillota___c__Clostridia___o__Lachnospirales___f__Lachnospiraceae___g__Lachnospiraceae AC2044 group	0	0	0	6	255	30	0	0	204	0	15	0	19	0	27	0	79	39	8	76	0	4	0	0	0	0	66	5	9	0	8	0	0	5	71	0	482	11	28	0	211	0	7	0	10	0	32	0	17	5	0	0	24	0	86	0	0	0	21	0	0	0	12	0	0	0	0	0	0	0	5	5	0	12	9	265	0	0	41	0	0	35	0	40	0	0	0	0
k__Bacteria___p__Bacillota___c__Clostridia___o__Lachnospirales___f__Lachnospiraceae___g__Lachnospiraceae FCS020 group	0	19	14	22	0	0	10	0	8	0	0	8	17	0	0	0	0	0	20	0	0	20	14	13	0	0	16	13	14	15	17	0	104	54	0	0	16	22	0	0	0	0	0	25	25	0	10	0	16	10	0	0	0	0	14	0	0	0	0	0	20	0	0	0	0	0	0	14	0	0	0	0	8	0	15	0	0	0	40	0	0	46	0	0	0	6	0	0
k__Bacteria___p__Bacillota___c__Clostridia___o__Lachnospirales___f__Lachnospiraceae___g__Lachnospiraceae NC2004 group	2	0	0	0	4	0	0	2	0	0	0	0	5	0	9	0	3	0	2	4	7	0	0	0	0	0	0	2	0	4	0	0	0	2	0	0	10	2	11	0	0	2	0	0	2	0	0	0	12	2	0	0	0	0	0	0	3	0	2	3	0	0	0	0	0	0	5	4	4	0	0	3	0	3	0	4	3	2	3	3	3	3	2	0	2	3	2	0
k__Bacteria___p__Bacillota___c__Clostridia___o__Lachnospirales___f__Lachnospiraceae___g__Lachnospiraceae ND3007 group	20	77	15	21	48	15	26	10	49	0	44	28	39	8	21	17	34	71	44	26	5	55	71	20	14	0	28	33	33	103	113	4	359	148	37	51	60	40	23	0	45	47	2	50	72	16	45	0	0	19	0	0	28	10	16	0	59	20	0	0	10	10	22	16	85	8	15	60	14	0	28	0	7	0	36	0	70	14	20	33	0	11	0	20	0	12	0	0
k__Bacteria___p__Bacillota___c__Clostridia___o__Lachnospirales___f__Lachnospiraceae___g__Lachnospiraceae NK3A20 group	0	0	0	0	0	0	17	0	0	0	0	0	0	15	0	0	0	0	23	0	0	0	0	0	0	0	300	0	43	0	0	0	0	0	0	0	33	0	0	0	0	0	0	0	0	0	30	0	0	0	0	0	0	0	0	0	0	0	0	0	0	0	0	0	0	0	0	0	0	0	0	0	0	0	0	0	0	0	0	0	0	0	0	11	0	0	0	0
k__Bacteria___p__Bacillota___c__Clostridia___o__Lachnospirales___f__Lachnospiraceae___g__Lachnospiraceae NK4A136 group	96	283	812	1047	2008	2065	80	0	722	0	184	1738	357	36	672	0	366	80	326	511	9	1386	1005	837	108	1424	1251	903	1397	251	456	0	44	342	566	97	133	326	193	366	255	74	13	758	89	21	492	1544	937	200	274	12	166	0	95	63	102	194	936	325	201	229	220	285	750	412	420	404	178	146	444	28	22	0	816	292	504	124	922	87	653	211	210	184	42	52	7	10
k__Bacteria___p__Bacillota___c__Clostridia___o__Lachnospirales___f__Lachnospiraceae___g__Lachnospiraceae NK4B4 group	0	0	0	15	28	0	0	0	12	0	0	0	0	0	0	0	14	0	0	0	0	0	0	0	0	0	45	12	12	0	0	0	0	20	0	0	0	18	7	0	0	0	0	0	8	0	11	0	0	43	0	0	0	0	0	0	327	0	0	0	0	0	0	0	0	0	0	0	0	0	0	0	0	0	0	0	0	0	12	0	11	0	0	0	0	0	0	0
k__Bacteria___p__Bacillota___c__Clostridia___o__Lachnospirales___f__Lachnospiraceae___g__Lachnospiraceae UCG-003	0	0	0	0	0	0	0	0	0	0	0	0	0	0	0	0	19	0	0	7	0	0	0	0	0	0	0	0	0	0	0	0	0	0	0	0	0	0	0	0	0	0	0	745	0	0	0	0	9	0	0	0	0	0	0	0	0	0	0	0	85	0	0	53	0	0	0	312	0	0	0	0	0	0	9	0	0	0	0	0	0	0	0	0	0	0	0	0
k__Bacteria___p__Bacillota___c__Clostridia___o__Lachnospirales___f__Lachnospiraceae___g__Lachnospiraceae UCG-004	67	444	136	142	114	161	123	10	238	0	369	320	117	87	177	26	213	18	285	155	30	139	134	104	54	449	55	77	297	347	209	0	111	131	196	208	64	17	42	110	216	667	32	317	23	9	93	197	81	101	74	22	21	0	150	41	15	48	42	158	69	96	17	23	0	64	47	99	0	11	9	72	37	47	85	22	27	154	213	52	92	61	51	54	29	29	0	28
k__Bacteria___p__Bacillota___c__Clostridia___o__Lachnospirales___f__Lachnospiraceae___g__Lachnospiraceae UCG-007	0	0	0	0	0	0	0	0	0	0	0	0	0	0	0	0	0	0	0	0	0	0	886	0	0	0	0	0	0	0	0	0	0	0	0	0	0	0	0	0	0	0	0	0	0	0	0	0	405	0	0	0	0	0	0	0	0	0	0	0	0	0	0	0	0	0	0	0	0	0	0	0	0	0	0	0	0	0	0	0	0	0	0	0	0	0	0	0
k__Bacteria___p__Bacillota___c__Clostridia___o__Lachnospirales___f__Lachnospiraceae___g__Lachnospiraceae UCG-008	0	0	0	0	0	0	0	0	0	0	0	0	0	0	0	0	0	0	0	0	0	2	0	0	0	0	0	0	0	0	3	0	0	0	0	0	0	0	0	0	0	0	0	0	0	0	0	0	0	0	0	0	0	0	0	0	0	0	0	0	0	0	0	0	0	0	0	0	3	0	0	0	0	0	0	0	0	0	0	0	0	0	0	0	0	0	0	0
k__Bacteria___p__Bacillota___c__Clostridia___o__Lachnospirales___f__Lachnospiraceae___g__Lachnospiraceae UCG-010	23	32	26	17	71	13	8	0	140	0	104	7	136	21	40	0	239	197	13	12	6	7	22	26	0	11	80	61	449	44	130	0	39	19	13	33	5	19	209	82	59	51	9	10	4	0	27	0	17	17	38	23	0	0	9	33	108	0	6	7	9	47	35	31	5	11	0	23	16	60	15	54	8	0	158	85	8	2	84	3	30	39	47	22	3	24	0	0
k__Bacteria___p__Bacillota___c__Clostridia___o__Lachnospirales___f__Lachnospiraceae___g__Marvinbryantia	0	8	10	8	20	11	0	0	16	0	0	0	0	0	7	14	22	29	0	0	0	8	0	8	0	0	37	5	0	0	18	0	24	9	0	0	12	8	0	0	0	0	0	0	20	0	0	15	6	0	0	14	0	0	0	0	0	0	0	0	0	0	17	0	0	0	11	0	0	0	0	0	0	0	0	0	0	0	35	0	0	12	0	5	0	0	0	0
k__Bacteria___p__Bacillota___c__Clostridia___o__Lachnospirales___f__Lachnospiraceae___g__Mediterraneibacter	10	56	73	34	39	72	170	85	200	28	63	78	1012	76	25	100	114	182	22	68	20	123	70	62	155	192	218	46	374	119	252	31	267	670	170	26	115	582	15	36	81	347	21	132	118	18	17	311	76	127	22	33	24	13	0	23	47	23	39	7	24	78	37	14	85	16	30	171	37	42	38	108	33	51	305	288	113	74	129	61	198	128	41	107	19	21	0	0
k__Bacteria___p__Bacillota___c__Clostridia___o__Lachnospirales___f__Lachnospiraceae___g__Murimonas	0	0	0	0	0	0	0	0	0	0	0	0	0	0	0	7	0	0	0	0	0	0	0	0	0	0	0	0	0	0	0	5	0	0	0	0	0	0	0	0	0	0	0	0	0	0	0	0	0	0	0	0	0	0	0	0	0	0	0	0	0	0	0	0	0	0	0	0	0	0	0	0	0	0	0	0	0	0	0	3	0	0	0	0	0	0	0	0
k__Bacteria___p__Bacillota___c__Clostridia___o__Lachnospirales___f__Lachnospiraceae___g__Oribacterium	0	0	0	0	187	0	39	0	0	0	0	0	0	399	127	0	0	0	0	0	0	0	13	337	0	0	0	0	0	0	0	0	0	0	0	0	25	209	0	0	0	0	0	0	0	10	0	0	8	0	0	13	0	0	0	0	0	0	0	0	0	0	0	0	0	0	0	0	0	0	0	0	0	15	0	0	0	0	0	0	0	0	0	0	0	0	0	0
k__Bacteria___p__Bacillota___c__Clostridia___o__Lachnospirales___f__Lachnospiraceae___g__Roseburia	1429	2197	215	1292	294	28	874	34	68	0	785	173	233	252	351	41	277	285	372	247	35	619	677	881	372	2366	1537	400	6086	2163	545	39	1982	1150	1188	1168	68	1291	91	1030	317	6645	61	1256	781	106	340	183	211	103	7161	11	67	365	547	62	566	392	335	992	281	558	80	170	353	71	202	1274	359	532	0	324	197	530	194	441	291	527	1020	72	1413	66	312	143	0	314	18	33
k__Bacteria___p__Bacillota___c__Clostridia___o__Lachnospirales___f__Lachnospiraceae___g__Sellimonas	0	0	0	0	0	0	0	0	0	0	0	0	0	0	0	0	0	0	0	0	0	0	0	0	0	0	0	0	0	0	0	0	0	0	0	0	0	0	0	0	0	0	0	0	0	0	0	0	0	0	12	0	0	0	0	0	0	0	0	0	0	0	0	0	0	0	0	0	0	0	0	0	0	0	0	0	0	0	0	0	0	0	0	0	0	0	0	0
k__Bacteria___p__Bacillota___c__Clostridia___o__Lachnospirales___f__Lachnospiraceae___g__Stomatobaculum	0	0	0	0	0	0	0	0	0	0	0	0	0	0	0	0	0	0	0	0	0	0	0	3	0	0	0	0	0	0	0	0	0	0	0	0	0	0	0	0	0	0	0	0	0	0	0	0	0	0	0	0	0	0	0	0	0	0	0	0	0	0	0	0	0	0	0	0	0	0	0	0	0	0	0	0	0	0	0	0	0	0	0	0	0	0	0	0
k__Bacteria___p__Bacillota___c__Clostridia___o__Lachnospirales___f__Lachnospiraceae___g__Tyzzerella	0	18	0	0	0	0	0	0	0	0	29	0	0	0	0	0	0	0	0	0	0	0	0	0	0	0	0	0	0	0	0	0	0	0	0	0	0	0	0	0	0	0	0	0	0	0	0	0	0	0	0	0	0	0	0	0	0	0	0	0	0	29	5	0	0	0	0	0	0	0	0	25	0	0	0	0	0	0	0	0	0	0	0	0	0	0	0	0
k__Bacteria___p__Bacillota___c__Clostridia___o__Lachnospirales___f__Lachnospiraceae___g__[Bacteroides] pectinophilus group	0	0	0	0	0	0	0	0	404	0	0	0	0	0	0	0	0	0	0	0	0	0	0	0	0	0	0	0	0	0	0	0	0	0	0	0	0	0	0	0	0	0	0	0	0	0	0	0	90	0	0	0	0	0	0	0	0	0	0	0	0	0	0	0	0	0	0	0	0	0	0	0	0	0	0	0	0	0	0	0	0	0	0	0	0	0	0	0
k__Bacteria___p__Bacillota___c__Clostridia___o__Lachnospirales___f__Lachnospiraceae___g__[Eubacterium]	0	0	0	0	0	0	0	0	0	0	0	0	0	0	0	0	0	0	0	0	0	0	0	0	0	0	0	0	0	0	0	0	0	0	0	0	0	0	0	0	0	0	0	0	0	0	0	0	0	0	0	0	0	0	0	0	0	0	0	0	0	0	0	0	0	0	0	0	0	3	0	0	0	0	0	0	0	0	0	0	0	0	0	0	0	0	0	0
k__Bacteria___p__Bacillota___c__Clostridia___o__Lachnospirales___f__Lachnospiraceae___g__[Eubacterium] eligens group	74	215	0	15	199	487	0	12	9	0	1158	319	13	44	91	20	1061	233	243	102	11	343	14	162	147	0	168	215	45	63	539	0	131	78	529	387	42	27	26	247	52	663	5	549	186	99	267	0	14	0	0	0	82	56	174	130	172	72	0	348	64	247	71	124	0	28	43	92	34	271	0	40	0	20	95	0	825	114	149	0	85	12	0	117	10	94	7	15
k__Bacteria___p__Bacillota___c__Clostridia___o__Lachnospirales___f__Lachnospiraceae___g__[Eubacterium] oxidoreducens group	0	0	0	1	3	7	0	0	4	0	17	0	1	2	0	0	6	0	0	0	0	34	2	0	0	0	0	0	0	2	0	0	0	0	21	0	2	6	12	0	2	0	42	0	2	0	0	0	4	10	0	0	0	0	20	0	3	0	6	0	3	0	0	0	2	0	2	2	5	0	3	0	0	10	0	0	0	0	0	2	0	5	0	0	2	18	0	0
k__Bacteria___p__Bacillota___c__Clostridia___o__Lachnospirales___f__Lachnospiraceae___g__[Eubacterium] ruminantium group	0	0	0	0	86	255	0	0	61	0	0	371	0	14	122	7	26	0	72	33	27	150	97	681	33	114	194	147	529	0	1296	0	0	92	0	824	8	66	0	328	40	0	0	27	56	25	142	0	76	33	68	0	37	0	17	0	39	125	58	0	0	0	54	0	183	0	587	85	16	0	0	0	7	0	0	0	228	100	147	0	27	145	145	32	33	224	0	19
k__Bacteria___p__Bacillota___c__Clostridia___o__Lachnospirales___f__Lachnospiraceae___g__[Eubacterium] ventriosum group	64	14	0	14	7	0	0	14	48	0	70	0	0	0	0	19	0	6	0	0	0	0	0	0	36	5	21	199	0	70	67	0	619	128	0	13	0	23	0	3	0	0	10	0	15	0	55	0	13	0	0	0	14	0	0	0	82	0	0	0	0	180	17	0	6	0	0	52	12	245	26	83	6	0	13	0	40	0	29	0	0	11	0	0	0	349	7	0
k__Bacteria___p__Bacillota___c__Clostridia___o__Lachnospirales___f__Lachnospiraceae___g__[Eubacterium] xylanophilum group	67	141	51	191	89	0	0	24	152	0	155	19	0	0	24	26	253	170	5	11	0	286	298	4	0	0	110	10	70	358	166	11	2094	290	159	90	35	0	18	7	47	0	17	150	4	0	133	0	124	0	0	0	30	19	0	0	69	0	18	45	140	0	43	34	57	0	21	77	26	0	243	84	0	0	62	548	76	0	23	0	71	26	68	0	0	30	0	12
k__Bacteria___p__Bacillota___c__Clostridia___o__Lachnospirales___f__Lachnospiraceae___g__[Ruminococcus] gauvreauii group	25	76	0	270	12	0	53	0	49	0	29	16	40	16	35	0	21	49	16	19	0	63	35	23	10	0	123	6	92	39	99	0	66	133	21	0	85	78	0	18	0	0	0	63	71	0	16	204	22	32	0	0	25	0	23	0	28	11	18	0	13	0	72	25	52	0	0	9	0	47	19	0	0	11	56	0	61	13	33	11	0	18	0	27	0	17	0	0
k__Bacteria___p__Bacillota___c__Clostridia___o__Lachnospirales___f__Lachnospiraceae___g__[Ruminococcus] gnavus group	0	0	0	0	0	0	0	0	7	13	0	0	0	0	0	0	0	0	0	0	0	0	0	0	0	46	0	44	0	0	0	0	0	0	19	0	0	0	0	0	0	657	0	0	0	0	0	0	0	0	0	0	0	0	0	0	0	0	0	0	0	0	0	0	0	0	0	0	0	0	0	0	0	0	0	0	0	0	0	0	0	0	0	0	0	0	0	0
k__Bacteria___p__Bacillota___c__Clostridia___o__Lachnospirales___f__Lachnospiraceae___g__possible genus Sk018	0	0	0	0	0	0	0	0	8	0	0	0	0	0	0	0	0	0	0	0	0	0	0	0	0	0	0	0	0	0	0	0	0	0	0	0	0	0	0	0	0	0	0	0	0	0	0	0	0	0	0	2	0	0	0	0	0	0	0	0	0	0	0	0	0	0	0	0	0	0	0	0	0	0	0	0	0	0	0	0	0	0	0	0	0	0	0	0
k__Bacteria___p__Bacillota___c__Clostridia___o__Monoglobales___f__Monoglobaceae___g__Monoglobus	110	74	10	75	46	9	0	60	192	0	275	16	9	11	0	79	39	89	4	6	0	17	359	0	19	0	183	215	85	97	30	0	671	346	166	26	0	195	121	0	11	63	0	18	61	19	36	0	4	108	12	18	15	5	0	29	52	181	0	6	45	18	216	15	196	8	22	15	53	18	41	56	4	3	104	120	54	6	51	27	43	13	12	0	0	153	0	8
k__Bacteria___p__Bacillota___c__Clostridia___o__Oscillospirales___f__Butyricicoccaceae___g__Agathobaculum	30	73	0	48	35	0	38	23	19	0	108	14	37	21	13	0	9	281	8	0	14	36	10	48	68	185	241	38	165	26	134	33	109	128	30	66	0	67	80	12	68	58	9	0	16	0	20	0	0	65	0	2	3	10	13	3	47	18	21	7	8	15	21	34	49	0	0	12	16	43	0	21	10	34	49	0	33	0	36	25	12	34	25	5	8	82	0	0
k__Bacteria___p__Bacillota___c__Clostridia___o__Oscillospirales___f__Butyricicoccaceae___g__Butyricicoccus	0	0	0	0	0	0	0	0	0	0	0	0	0	0	0	0	0	0	0	0	0	0	0	0	0	0	0	0	0	0	0	0	0	0	0	0	0	0	0	0	0	0	0	0	0	0	0	6	0	0	0	0	0	0	0	0	0	0	0	0	0	0	0	0	0	0	0	0	0	0	0	0	0	0	0	0	0	0	0	0	0	0	0	0	0	0	0	0
k__Bacteria___p__Bacillota___c__Clostridia___o__Oscillospirales___f__Butyricicoccaceae___g__UCG-008	0	0	0	0	0	0	0	0	0	0	0	0	0	0	0	0	3	0	0	0	2	0	3	0	0	0	0	0	0	0	0	0	32	0	0	0	0	0	0	0	0	0	0	0	0	0	0	0	0	0	0	0	0	0	0	0	0	0	0	0	0	0	0	0	0	0	0	0	0	0	0	0	0	0	0	0	0	0	0	0	0	0	0	0	0	0	0	0
k__Bacteria___p__Bacillota___c__Clostridia___o__Oscillospirales___f__Butyricicoccaceae___g__UCG-009	18	0	0	0	470	0	0	7	35	0	0	0	14	0	83	12	28	0	4	59	0	14	37	0	0	0	8	0	39	0	0	0	0	0	14	0	55	38	32	0	0	0	2	5	0	0	6	0	51	21	0	0	0	0	0	0	0	0	0	0	0	0	28	0	13	3	0	0	3	0	0	0	0	5	32	14	8	2	129	0	5	3	0	0	0	0	0	0
k__Bacteria___p__Bacillota___c__Clostridia___o__Oscillospirales___f__Ethanoligenenaceae___g__Acetanaerobacterium	0	4	0	0	0	0	0	0	0	0	0	0	0	0	3	9	2	0	0	0	0	0	0	0	0	0	0	0	0	0	5	0	0	0	0	0	0	0	0	0	0	0	0	0	0	0	0	0	0	0	0	0	0	0	0	0	0	0	0	0	0	0	0	0	0	0	0	0	0	0	0	0	0	0	0	0	3	0	0	0	0	0	0	0	0	0	0	0
k__Bacteria___p__Bacillota___c__Clostridia___o__Oscillospirales___f__Oscillospiraceae___g__Colidextribacter	7	94	7	9	68	24	11	24	12	57	109	79	30	8	35	40	65	21	44	18	0	20	32	27	11	0	35	27	41	71	58	0	122	88	19	57	100	0	38	22	31	6	0	29	14	9	28	0	48	72	14	20	10	8	37	19	15	0	13	0	23	0	127	5	20	22	17	11	5	9	0	17	9	14	45	124	4	5	80	28	26	44	9	7	10	16	5	0
k__Bacteria___p__Bacillota___c__Clostridia___o__Oscillospirales___f__Oscillospiraceae___g__Flavonifractor	0	18	7	0	0	0	0	30	0	33	3	11	0	0	0	39	0	0	0	0	0	0	0	7	0	63	0	0	4	11	9	0	0	10	6	0	0	0	0	0	0	11	0	0	0	0	0	0	6	0	0	0	0	0	0	0	7	0	0	0	0	0	0	10	0	0	0	0	0	0	10	0	0	0	0	13	7	0	0	0	0	0	0	0	0	0	0	0
k__Bacteria___p__Bacillota___c__Clostridia___o__Oscillospirales___f__Oscillospiraceae___g__Intestinimonas	0	42	40	0	14	0	11	6	0	0	8	6	20	2	9	14	13	0	6	6	8	30	23	60	11	0	59	0	32	0	23	0	16	0	0	0	70	69	22	10	0	0	4	0	0	0	11	0	16	28	0	0	0	5	0	8	12	0	0	5	0	0	7	0	24	0	0	0	3	8	0	0	0	30	0	54	0	21	3	17	8	0	0	0	7	0	0	0
k__Bacteria___p__Bacillota___c__Clostridia___o__Oscillospirales___f__Oscillospiraceae___g__NK4A214 group	36	0	56	347	349	74	6	521	522	0	13	125	48	11	57	562	154	140	41	105	34	172	401	62	66	0	216	84	48	165	353	17	263	772	600	55	139	160	207	156	318	0	21	0	160	76	111	14	155	233	7	0	5	2	32	128	61	6	31	18	60	0	153	0	83	5	11	0	41	57	5	0	25	145	169	311	103	0	73	42	12	6	39	170	19	35	15	10
k__Bacteria___p__Bacillota___c__Clostridia___o__Oscillospirales___f__Oscillospiraceae___g__Oscillibacter	0	258	50	15	88	24	0	106	72	43	0	0	43	0	40	109	48	27	26	24	8	137	57	30	20	32	43	5	78	7	35	17	28	48	27	4	52	32	44	24	41	4	0	16	39	0	12	9	0	27	57	0	0	0	8	17	3	0	33	15	0	0	74	10	15	0	0	10	0	16	33	10	14	0	21	118	38	0	44	10	0	0	16	0	13	8	0	0
k__Bacteria___p__Bacillota___c__Clostridia___o__Oscillospirales___f__Oscillospiraceae___g__Oscillospira	0	41	13	0	0	0	5	0	12	0	0	18	0	0	0	0	0	0	19	0	0	14	123	0	6	18	0	0	16	15	0	0	0	17	0	8	0	0	0	0	0	0	0	0	12	0	6	69	0	0	0	0	0	0	0	0	2	0	0	10	0	0	0	0	0	0	7	2	0	5	14	0	6	0	5	42	0	0	7	0	0	0	5	0	0	0	0	0
k__Bacteria___p__Bacillota___c__Clostridia___o__Oscillospirales___f__Oscillospiraceae___g__Papillibacter	0	0	0	0	3	0	0	0	0	0	0	0	0	0	4	0	0	5	0	0	0	0	0	0	0	0	0	0	0	0	0	0	0	0	0	0	0	0	0	0	0	0	0	0	0	0	0	0	0	0	0	0	0	0	0	0	0	0	0	0	0	0	0	0	0	0	0	0	0	0	0	0	0	0	0	0	0	0	0	0	0	0	0	0	0	0	0	0
k__Bacteria___p__Bacillota___c__Clostridia___o__Oscillospirales___f__Oscillospiraceae___g__Pseudoflavonifractor	0	0	0	0	0	0	0	0	0	0	0	0	0	0	0	0	0	12	0	0	0	0	0	0	0	0	0	0	0	0	0	0	0	0	0	0	0	0	0	0	0	0	0	0	0	0	0	0	0	0	0	0	0	0	0	0	0	0	0	0	0	0	0	0	0	0	0	0	0	0	0	0	0	0	0	36	0	0	0	0	0	0	0	0	0	0	0	0
k__Bacteria___p__Bacillota___c__Clostridia___o__Oscillospirales___f__Oscillospiraceae___g__Ruminiclostridium	0	0	8	0	3	0	0	0	0	0	0	0	0	0	0	0	0	0	0	0	0	2	0	0	0	0	0	0	0	0	0	0	0	0	0	0	0	0	0	0	0	0	0	0	0	0	43	0	0	0	0	0	0	0	0	383	0	0	0	0	0	0	0	0	0	0	0	0	0	0	0	0	0	0	0	5	0	0	0	0	0	0	0	0	0	0	0	0
k__Bacteria___p__Bacillota___c__Clostridia___o__Oscillospirales___f__Oscillospiraceae___g__UCG-002	139	0	5630	755	2708	640	170	3288	3084	0	734	193	4083	45	1456	3436	1883	3640	774	1383	263	1194	4638	151	135	0	5641	564	1759	999	1809	83	2578	1076	4151	309	1303	1037	1055	563	4587	0	602	402	2009	543	1013	367	1612	2595	184	133	233	16	448	1756	419	135	329	210	526	120	1342	2152	3558	64	55	210	212	639	383	177	300	619	1345	1944	663	55	706	896	135	494	812	443	183	164	75	107
k__Bacteria___p__Bacillota___c__Clostridia___o__Oscillospirales___f__Oscillospiraceae___g__UCG-003	0	0	65	152	132	153	55	26	449	0	321	667	197	55	315	36	254	612	177	99	36	254	102	102	77	0	194	188	438	1183	164	15	145	522	188	1211	281	35	98	234	223	0	19	142	534	51	162	0	97	51	48	22	16	0	67	15	216	23	32	224	175	18	72	212	144	28	0	52	28	34	30	82	129	42	213	131	33	15	168	93	21	40	35	38	48	29	10	11
k__Bacteria___p__Bacillota___c__Clostridia___o__Oscillospirales___f__Oscillospiraceae___g__UCG-005	75	41	71	111	575	65	10	93	773	0	8	41	216	18	125	106	282	184	91	161	27	23	631	16	77	0	583	145	104	115	332	0	339	159	654	39	545	47	257	961	521	3	141	15	178	63	326	0	443	211	72	125	31	0	65	144	136	0	66	14	23	6	545	287	60	7	30	0	170	73	7	7	17	96	631	268	104	6	274	92	27	134	67	70	39	10	7	7
k__Bacteria___p__Bacillota___c__Clostridia___o__Oscillospirales___f__Oscillospiraceae___g__UCG-007	0	0	0	0	0	0	0	0	0	0	0	0	0	0	0	0	0	0	0	0	0	0	9	0	0	0	0	0	0	0	0	0	0	0	0	0	0	0	0	0	0	0	0	0	0	0	0	0	0	0	0	0	0	0	0	0	0	0	0	0	0	0	0	0	0	0	0	0	0	0	0	0	0	0	0	0	0	0	0	0	0	0	0	0	0	0	0	0
k__Bacteria___p__Bacillota___c__Clostridia___o__Oscillospirales___f__Oscillospiraceae___g__V9D2013 group	0	0	0	0	0	0	0	0	0	0	0	0	0	0	0	0	0	0	0	0	0	0	0	0	0	0	15	0	0	0	0	0	0	0	0	0	0	0	0	0	0	0	0	0	0	0	0	0	0	0	0	0	0	0	0	0	0	0	0	0	0	0	0	0	0	0	0	0	0	0	0	0	0	0	0	0	0	0	0	0	0	0	0	0	0	0	0	0
k__Bacteria___p__Bacillota___c__Clostridia___o__Oscillospirales___f__Ruminococcaceae___g__Acutalibacter	0	12	16	13	17	0	0	72	11	1	6	9	47	0	0	89	9	13	13	0	4	25	23	44	6	47	48	10	0	27	65	0	117	25	20	9	25	3	9	0	9	0	20	8	2	0	24	0	0	10	0	11	7	0	0	23	13	7	0	0	0	0	22	0	27	0	30	7	3	3	5	0	2	8	22	109	33	0	2	5	0	0	0	12	0	56	0	0
k__Bacteria___p__Bacillota___c__Clostridia___o__Oscillospirales___f__Ruminococcaceae___g__Anaerofilum	0	0	0	0	0	0	0	0	0	0	0	0	6	0	0	4	0	0	0	0	0	0	29	0	0	0	0	0	0	0	6	0	0	0	0	0	0	0	0	0	0	0	0	0	6	0	0	0	0	0	0	0	0	0	0	0	0	0	0	0	0	0	0	0	0	0	0	0	0	0	0	0	0	0	0	17	0	0	0	0	0	0	0	0	0	0	0	0
k__Bacteria___p__Bacillota___c__Clostridia___o__Oscillospirales___f__Ruminococcaceae___g__Anaerotruncus	0	0	0	0	0	0	0	10	0	0	0	0	0	0	0	14	0	2	0	0	0	0	0	0	0	19	0	0	0	3	3	0	0	0	8	0	0	0	0	0	0	0	0	0	0	0	0	28	0	0	0	0	0	0	0	4	0	0	0	0	0	0	5	0	3	0	0	0	0	0	0	0	0	0	3	0	0	0	0	0	0	0	0	0	0	0	0	0
k__Bacteria___p__Bacillota___c__Clostridia___o__Oscillospirales___f__Ruminococcaceae___g__Angelakisella	0	0	16	0	0	0	0	0	0	0	0	0	0	0	3	0	0	4	0	4	0	0	4	0	0	0	2	0	0	0	17	0	0	4	5	0	0	0	0	0	8	0	0	0	0	0	0	0	0	0	0	0	0	0	0	0	0	0	7	0	0	0	0	0	0	0	0	0	0	0	0	0	0	0	0	13	0	0	0	0	0	0	3	0	0	0	0	0
k__Bacteria___p__Bacillota___c__Clostridia___o__Oscillospirales___f__Ruminococcaceae___g__CAG-352	0	0	370	25	112	0	0	2380	455	0	353	0	778	0	0	2836	0	0	0	358	0	42	48	0	35	0	3039	441	635	2161	0	18	2475	877	0	2313	52	0	15	0	0	0	23	245	2	0	0	0	0	29	0	4	13	0	0	140	0	0	0	0	0	0	23	0	0	0	0	105	0	0	41	0	0	0	0	76	1523	28	1293	0	0	61	0	135	52	0	0	23
k__Bacteria___p__Bacillota___c__Clostridia___o__Oscillospirales___f__Ruminococcaceae___g__Candidatus Soleaferrea	0	0	0	0	13	4	0	0	114	3	0	0	0	0	0	6	7	0	0	4	0	0	39	2	0	4	3	0	3	2	5	0	5	0	24	0	84	0	176	0	15	0	0	0	4	0	0	0	51	62	0	0	0	0	0	0	0	0	0	0	0	0	0	0	0	0	0	0	0	0	4	0	0	15	0	54	5	0	0	5	0	0	0	0	17	0	0	0
k__Bacteria___p__Bacillota___c__Clostridia___o__Oscillospirales___f__Ruminococcaceae___g__Caproiciproducens	0	0	0	0	6	4	0	14	24	2	0	0	0	0	2	11	0	3	0	3	0	4	18	0	0	0	38	3	6	7	7	0	0	4	0	0	4	0	11	0	7	0	0	0	0	0	0	0	0	0	0	13	0	0	0	0	0	0	3	0	0	0	0	0	4	0	0	0	0	0	0	0	0	0	22	22	0	0	0	5	0	0	3	0	0	0	0	0
k__Bacteria___p__Bacillota___c__Clostridia___o__Oscillospirales___f__Ruminococcaceae___g__DTU089	0	0	0	0	0	0	0	0	0	0	0	0	0	0	0	0	0	0	0	2	0	0	0	0	0	0	0	0	0	0	0	0	0	6	0	0	0	0	0	0	0	0	0	0	0	0	0	0	0	0	0	0	0	0	0	0	0	0	0	0	0	0	0	0	0	0	0	0	0	0	0	0	0	0	0	7	0	0	0	0	0	0	0	0	0	0	0	0
k__Bacteria___p__Bacillota___c__Clostridia___o__Oscillospirales___f__Ruminococcaceae___g__Faecalibacterium	1320	4402	1763	1606	1425	2053	1725	22	1745	8	4039	1491	2170	1540	1400	15	1267	2225	1816	1088	503	1225	701	4182	1977	1624	3323	2230	2833	5457	4028	582	6850	5954	1695	11120	3198	1283	765	5268	7032	1014	2884	1442	1762	883	3629	4630	995	2169	2314	597	384	323	872	8657	2406	632	708	599	600	1978	5439	1388	1176	3575	719	2020	492	2234	4081	2916	2402	3976	3456	2454	4586	1974	1991	1551	942	3001	2274	583	518	2288	214	208
k__Bacteria___p__Bacillota___c__Clostridia___o__Oscillospirales___f__Ruminococcaceae___g__Fournierella	0	0	0	0	77	55	17	0	163	0	0	0	0	28	0	0	35	0	50	18	0	0	26	12	0	0	47	0	5	0	0	0	7	0	34	0	0	0	0	14	250	0	0	0	0	0	38	0	84	0	0	0	0	0	0	0	0	0	10	0	0	0	36	0	2	0	0	0	0	21	0	0	0	0	0	0	0	0	3	27	0	0	0	0	8	0	0	0
k__Bacteria___p__Bacillota___c__Clostridia___o__Oscillospirales___f__Ruminococcaceae___g__Gemmiger	173	899	164	222	413	14	66	19	195	0	174	370	64	18	161	18	466	345	172	42	100	593	79	21	78	0	121	305	750	1506	599	14	735	898	669	277	88	267	13	34	422	50	56	102	365	29	377	225	517	264	14	15	34	26	296	141	522	88	190	125	347	40	208	276	1067	33	6	119	152	185	126	316	511	48	8	546	213	93	266	615	204	146	179	57	86	47	38	4
k__Bacteria___p__Bacillota___c__Clostridia___o__Oscillospirales___f__Ruminococcaceae___g__Harryflintia	0	0	0	0	0	0	0	0	0	0	0	0	0	0	0	0	0	0	0	0	0	0	0	0	0	0	0	0	0	0	0	0	0	0	0	0	0	0	0	0	0	0	0	0	0	0	0	0	0	0	0	0	0	0	0	0	0	0	0	0	0	0	0	0	0	0	0	0	0	0	0	0	0	0	0	11	0	0	0	0	0	0	0	0	0	0	0	0
k__Bacteria___p__Bacillota___c__Clostridia___o__Oscillospirales___f__Ruminococcaceae___g__Hydrogenoanaerobacterium	0	0	0	0	0	0	0	0	3	0	0	0	0	0	0	0	0	0	0	0	0	0	17	0	0	0	4	0	0	0	0	0	5	0	3	0	0	0	3	0	9	0	0	0	0	0	2	0	0	0	0	0	0	0	0	0	0	0	0	0	0	0	0	0	0	0	0	0	0	0	0	0	0	19	0	6	0	0	0	0	0	0	0	0	0	0	0	0
k__Bacteria___p__Bacillota___c__Clostridia___o__Oscillospirales___f__Ruminococcaceae___g__Negativibacillus	0	4	12	0	0	0	0	0	0	0	4	9	0	0	0	0	4	13	0	45	0	0	4	0	0	0	5	30	0	11	0	6	21	0	41	6	14	0	0	0	5	0	0	0	0	0	12	0	0	0	0	0	0	2	4	0	0	0	0	4	5	0	7	0	9	0	0	0	0	0	14	0	0	12	0	52	15	0	0	10	0	0	6	0	0	0	0	0
k__Bacteria___p__Bacillota___c__Clostridia___o__Oscillospirales___f__Ruminococcaceae___g__Paludicola	4	0	0	0	0	0	0	0	149	0	0	0	15	0	7	0	0	8	0	0	0	6	17	3	8	0	43	6	0	0	25	0	10	12	8	0	0	0	0	0	17	0	0	10	6	26	13	0	0	0	0	0	0	0	0	9	0	0	32	0	0	0	0	0	0	0	0	0	4	0	0	0	0	41	31	110	0	0	5	0	0	0	0	0	0	0	0	0
k__Bacteria___p__Bacillota___c__Clostridia___o__Oscillospirales___f__Ruminococcaceae___g__Phocea	0	0	0	0	0	0	0	4	0	0	4	6	0	0	0	5	0	8	0	0	0	7	0	0	0	17	0	8	0	0	0	0	6	0	0	0	0	0	0	0	0	0	0	0	0	0	0	0	0	0	0	0	0	0	0	0	0	0	0	0	0	0	0	0	0	0	0	0	0	4	0	0	0	0	0	6	0	0	0	0	0	0	0	0	0	0	0	0
k__Bacteria___p__Bacillota___c__Clostridia___o__Oscillospirales___f__Ruminococcaceae___g__Ruminococcus	390	274	65	85	359	296	30	294	369	0	160	293	294	19	134	330	328	316	237	222	80	140	684	352	236	281	428	355	175	639	2749	227	4872	2024	477	465	122	286	86	176	753	0	57	398	290	307	812	0	532	96	111	81	95	100	334	192	294	84	476	208	196	33	397	92	371	29	385	108	177	153	117	358	149	122	1210	234	249	191	344	57	7	93	505	116	49	187	29	19
k__Bacteria___p__Bacillota___c__Clostridia___o__Oscillospirales___f__Ruminococcaceae___g__Ruthenibacterium	1	10	8	0	6	0	0	15	0	11	15	0	0	0	0	23	0	24	0	0	0	0	7	16	5	30	0	0	11	4	69	0	24	9	0	0	0	0	0	0	15	0	0	0	4	0	0	0	0	0	0	0	0	0	0	36	0	0	0	0	0	0	15	0	3	0	0	0	0	0	8	0	0	0	0	39	6	0	0	0	2	0	0	0	0	0	0	0
k__Bacteria___p__Bacillota___c__Clostridia___o__Oscillospirales___f__Ruminococcaceae___g__Subdoligranulum	0	0	3	0	1	0	0	0	0	0	2	0	0	0	0	0	0	0	0	0	0	2	0	0	0	0	0	3	0	0	0	0	0	0	50	0	0	0	0	89	0	0	0	0	0	0	0	0	4	2	0	0	0	0	0	0	0	0	0	2	0	0	0	10	7	0	0	0	0	0	0	0	0	0	0	0	0	0	41	0	0	0	0	0	0	0	0	0
k__Bacteria___p__Bacillota___c__Clostridia___o__Oscillospirales___f__Ruminococcaceae___g__[Eubacterium] siraeum group	0	0	42	95	315	331	0	9	522	0	107	0	27	0	50	19	1934	634	4	419	0	1159	142	16	4	0	26	19	67	964	23	34	0	319	310	0	0	149	19	127	213	0	26	193	26	0	262	0	143	584	0	15	179	0	0	0	123	57	18	19	121	0	609	89	115	2	104	37	14	0	184	0	0	61	100	2732	0	0	296	0	0	107	55	16	0	6	0	26
k__Bacteria___p__Bacillota___c__Clostridia___o__Peptococcales___f__Peptococcaceae___g__Peptococcus	0	0	0	0	8	42	4	6	13	0	0	0	0	2	6	3	12	0	28	0	0	3	0	0	0	0	15	0	25	0	17	0	100	5	0	0	6	30	11	27	4	0	0	0	0	0	20	0	12	33	0	3	8	0	0	0	0	0	0	0	11	0	3	0	8	0	0	0	4	0	0	0	0	0	8	10	0	6	4	0	5	7	0	8	0	0	0	0
k__Bacteria___p__Bacillota___c__Clostridia___o__Peptostreptococcales-Tissierellales___f__Anaerovoracaceae___g__Family XIII AD3011 group	4	4	105	3	147	8	0	55	139	0	31	141	152	2	79	81	168	81	12	64	10	39	71	0	0	0	207	11	103	28	92	0	55	51	55	0	197	40	193	13	130	0	0	11	84	19	13	0	47	42	0	3	0	0	0	11	0	14	0	7	3	2	5	4	58	9	0	0	0	8	4	0	0	27	19	86	20	0	42	16	7	4	6	3	1	0	0	0
k__Bacteria___p__Bacillota___c__Clostridia___o__Peptostreptococcales-Tissierellales___f__Anaerovoracaceae___g__Family XIII UCG-001	6	22	11	0	28	0	12	0	19	0	6	17	7	0	16	0	0	28	5	0	0	0	11	0	6	0	19	13	10	10	4	0	113	13	61	10	31	59	15	9	13	0	0	0	14	0	12	0	7	28	0	0	0	0	0	0	12	0	5	0	7	0	5	0	11	0	0	0	0	11	5	2	0	2	11	16	10	0	0	3	6	0	0	0	4	4	0	2
k__Bacteria___p__Bacillota___c__Clostridia___o__Peptostreptococcales-Tissierellales___f__Anaerovoracaceae___g__Mogibacterium	0	0	0	0	0	0	2	0	0	0	0	0	2	0	0	0	0	0	0	0	0	0	3	0	0	0	0	0	0	0	0	0	21	0	2	0	0	2	0	0	0	0	0	0	0	0	0	0	0	0	0	0	0	0	0	0	0	0	0	0	0	0	0	0	0	0	0	0	0	0	3	0	0	0	0	0	0	0	0	0	0	0	0	0	0	0	0	0
k__Bacteria___p__Bacillota___c__Clostridia___o__Peptostreptococcales-Tissierellales___f__Anaerovoracaceae___g__[Eubacterium] brachy group	0	0	4	0	0	0	0	0	0	0	0	0	0	0	0	0	0	0	0	0	0	11	0	24	4	10	0	0	0	18	0	0	10	0	0	0	0	7	0	0	0	0	0	0	0	0	0	0	0	0	0	0	0	0	0	0	0	0	0	0	0	0	0	0	0	0	0	0	0	0	0	0	0	0	0	0	0	0	0	0	0	0	0	0	0	0	0	0
k__Bacteria___p__Bacillota___c__Clostridia___o__Peptostreptococcales-Tissierellales___f__Anaerovoracaceae___g__[Eubacterium] sulci group	0	0	0	0	0	0	0	0	0	0	0	0	0	0	0	0	0	0	0	0	0	0	0	0	0	0	0	0	0	0	4	0	0	0	0	0	0	0	0	0	0	0	0	0	0	0	0	0	0	0	0	0	0	0	0	6	0	0	0	0	0	0	0	0	0	0	0	0	0	0	0	0	0	0	0	0	0	0	0	0	0	0	0	0	0	0	0	0
k__Bacteria___p__Bacillota___c__Clostridia___o__Peptostreptococcales-Tissierellales___f__Family XI___g__Fenollaria	0	0	0	0	0	0	0	0	0	0	0	0	0	0	0	0	0	0	0	0	0	0	0	0	0	0	0	0	0	0	0	0	0	0	0	0	0	0	0	0	0	0	0	0	0	0	2	0	0	0	0	0	0	0	0	0	0	0	0	0	0	0	0	0	0	0	0	0	0	0	0	0	0	0	0	0	0	0	0	0	0	0	0	0	2	0	0	0
k__Bacteria___p__Bacillota___c__Clostridia___o__Peptostreptococcales-Tissierellales___f__Family XI___g__Parvimonas	0	0	0	0	0	0	0	0	0	0	0	0	0	0	0	0	0	0	0	0	0	0	0	0	0	0	0	0	0	0	0	0	0	0	0	0	0	0	0	0	0	0	0	0	0	0	0	0	0	0	0	0	0	0	0	3	0	0	0	0	0	0	0	0	0	0	0	0	0	0	0	0	0	0	0	0	0	0	0	0	0	0	0	0	0	0	0	0
k__Bacteria___p__Bacillota___c__Clostridia___o__Peptostreptococcales-Tissierellales___f__Family XI___g__Peptoniphilus	2	0	0	0	0	0	0	0	0	0	0	0	0	0	0	0	0	0	0	0	0	0	0	0	0	0	0	0	0	0	0	0	0	0	0	0	0	0	0	0	0	0	0	0	0	0	0	0	0	0	0	0	0	0	0	0	0	0	0	0	0	0	0	0	0	0	0	0	0	0	0	0	0	0	0	0	0	0	0	0	0	0	0	0	0	0	0	0
k__Bacteria___p__Bacillota___c__Clostridia___o__Peptostreptococcales-Tissierellales___f__Peptostreptococcaceae___g__Asaccharospora	0	0	2	0	0	0	0	0	0	0	0	0	0	0	0	0	0	0	0	0	0	0	0	0	0	0	0	0	0	0	0	0	0	0	0	0	0	0	0	0	0	0	0	0	3	2	0	0	0	0	0	0	0	0	0	0	0	0	0	0	0	0	0	0	0	0	0	0	0	0	0	0	5	0	0	0	0	0	0	0	0	0	0	0	0	0	0	0
k__Bacteria___p__Bacillota___c__Clostridia___o__Peptostreptococcales-Tissierellales___f__Peptostreptococcaceae___g__Intestinibacter	0	52	0	11	0	0	0	0	0	0	0	0	0	0	0	0	0	0	0	16	0	0	17	0	40	27	8	16	0	4	0	8	181	0	0	0	0	18	0	0	0	0	0	0	139	31	0	58	20	0	0	0	0	0	12	0	0	0	11	10	0	0	0	0	0	0	0	7	0	0	0	18	0	0	0	0	0	0	0	6	0	0	28	0	0	0	0	0
k__Bacteria___p__Bacillota___c__Clostridia___o__Peptostreptococcales-Tissierellales___f__Peptostreptococcaceae___g__Paeniclostridium	0	0	0	0	0	0	0	0	0	0	0	0	0	0	0	0	0	0	0	0	0	0	0	0	0	0	94	17	0	0	0	0	0	0	0	0	0	0	0	0	0	0	0	0	0	0	0	0	0	0	0	0	0	0	0	0	0	0	0	0	0	0	0	0	0	0	0	0	0	0	0	0	0	0	0	0	0	0	0	0	0	0	0	0	0	0	0	0
k__Bacteria___p__Bacillota___c__Clostridia___o__Peptostreptococcales-Tissierellales___f__Peptostreptococcaceae___g__Peptostreptococcus	0	0	0	0	0	0	0	0	0	0	0	0	0	0	0	0	0	0	0	0	0	0	0	0	0	5	0	0	0	0	0	0	0	0	0	0	0	0	0	0	0	0	0	0	0	0	0	0	0	0	0	0	0	0	0	0	0	0	0	0	0	0	0	0	0	0	0	0	0	0	0	0	0	0	0	0	0	0	0	0	0	0	0	0	0	0	0	0
k__Bacteria___p__Bacillota___c__Clostridia___o__Peptostreptococcales-Tissierellales___f__Peptostreptococcaceae___g__Romboutsia	41	106	96	40	13	0	233	44	112	35	19	26	56	195	8	74	114	124	108	50	15	26	363	95	398	37	91	33	80	127	118	0	375	539	161	116	5	95	21	145	54	1345	0	240	358	32	17	663	127	74	37	91	89	10	64	0	147	39	5	0	101	156	64	22	123	10	38	587	22	17	167	29	59	0	79	172	104	540	25	110	47	13	215	87	113	92	24	61
k__Bacteria___p__Bacillota___c__Clostridia___o__Peptostreptococcales-Tissierellales___f__Peptostreptococcaceae___g__Terrisporobacter	0	29	0	0	0	0	0	0	0	0	0	0	0	0	0	0	0	0	8	0	0	0	71	0	0	0	0	9	0	11	0	0	8	0	0	0	0	0	0	0	0	0	0	10	200	0	0	53	22	0	0	0	0	0	0	5	0	0	0	0	0	0	0	0	0	0	0	14	0	0	17	0	0	0	0	0	0	0	0	0	0	0	106	0	0	0	0	0
k__Bacteria___p__Bacillota___c__Clostridia___o__Peptostreptococcales-Tissierellales___f__Peptostreptococcaceae___g__[Eubacterium] tenue group	0	0	0	0	0	0	0	0	0	0	0	0	0	0	0	0	0	0	0	0	0	0	3	0	0	0	0	0	0	0	0	0	0	0	0	0	0	0	0	0	0	0	0	0	0	0	0	0	0	0	0	0	0	0	0	0	0	0	0	0	0	0	0	0	0	0	0	0	0	0	0	0	0	0	0	0	0	0	0	0	0	0	0	0	0	0	0	0
k__Bacteria___p__Bacillota___c__Clostridia___o__Peptostreptococcales-Tissierellales___f__Sedimentibacteraceae___g__Sedimentibacter	0	0	0	0	0	0	0	0	0	0	0	0	0	0	0	0	0	0	0	0	0	0	0	0	0	0	0	0	0	0	0	0	0	0	0	0	0	0	8	0	0	0	0	0	0	0	0	0	0	0	0	0	0	0	0	0	0	0	0	0	0	0	0	0	0	0	0	0	0	0	0	0	0	0	0	0	0	0	0	0	0	0	0	0	0	0	0	0
k__Bacteria___p__Bacillota___c__Negativicutes___o__Acidaminococcales___f__Acidaminococcaceae___g__Acidaminococcus	0	85	47	0	0	0	8	87	0	0	0	0	23	0	77	110	0	0	0	0	0	0	0	20	41	0	0	0	0	0	0	0	0	0	0	0	6	6	0	0	0	0	0	0	0	0	0	0	0	0	0	0	0	0	0	0	0	0	0	0	0	0	0	0	6	0	0	0	0	0	0	0	0	0	0	0	0	0	0	0	0	0	0	0	0	0	6	0
k__Bacteria___p__Bacillota___c__Negativicutes___o__Acidaminococcales___f__Acidaminococcaceae___g__Phascolarctobacterium	6	0	0	64	82	0	749	616	1116	57	0	487	238	25	5	837	1611	1428	0	117	23	11125	415	333	14	0	2	2756	5608	248	1540	84	0	361	62	294	27	0	163	2686	556	5491	8	58	408	7	2	0	0	0	54	11	0	10	0	309	0	17	30	73	0	578	18	211	0	40	0	0	7	240	45	0	13	0	275	2	8	0	28	6	181	0	199	42	0	39	0	10
k__Bacteria___p__Bacillota___c__Negativicutes___o__Acidaminococcales___f__Acidaminococcaceae___g__Succiniclasticum	0	0	0	0	0	0	0	0	0	0	0	0	0	0	0	0	0	0	0	0	0	0	0	0	0	0	0	0	0	0	0	0	2626	0	0	0	0	0	0	0	0	0	0	0	0	0	0	0	0	0	0	0	0	0	0	0	0	0	0	0	0	0	0	0	0	0	0	0	0	0	0	0	0	0	0	0	0	0	0	0	0	0	0	0	0	0	0	0
k__Bacteria___p__Bacillota___c__Negativicutes___o__Veillonellales-Selenomonadales___f__Selenomonadaceae___g__Anaerovibrio	0	0	0	0	0	0	0	0	0	0	0	0	0	1264	54	0	0	0	0	0	0	0	0	0	0	0	0	0	0	0	0	0	0	0	0	0	0	0	0	0	0	0	0	0	0	7	0	0	0	0	0	10	0	0	0	0	0	0	0	0	0	0	0	0	0	0	0	0	0	0	0	0	0	0	0	0	0	0	0	0	0	0	0	0	0	0	0	0
k__Bacteria___p__Bacillota___c__Negativicutes___o__Veillonellales-Selenomonadales___f__Selenomonadaceae___g__Megamonas	0	0	0	0	0	0	0	0	0	8	0	0	0	0	0	0	0	0	0	0	565	0	0	0	0	0	0	0	0	0	0	0	0	543	66	0	0	0	0	195	0	0	0	0	0	0	0	0	0	0	21	0	0	0	0	0	0	0	0	0	0	0	0	0	0	0	0	0	0	0	0	0	0	3	0	0	0	0	0	2	0	0	0	0	0	0	0	22
k__Bacteria___p__Bacillota___c__Negativicutes___o__Veillonellales-Selenomonadales___f__Selenomonadaceae___g__Mitsuokella	0	0	0	230	50	59	201	0	0	0	0	0	84	130	60	0	0	0	0	48	0	0	299	75	0	0	0	0	0	0	0	0	0	0	14	0	30	0	0	0	0	0	0	0	0	61	18	0	12	0	0	0	0	0	0	0	54	0	0	0	0	0	0	0	0	0	0	0	0	0	0	0	0	0	0	0	0	0	15	0	0	0	0	29	11	0	8	0
k__Bacteria___p__Bacillota___c__Negativicutes___o__Veillonellales-Selenomonadales___f__Selenomonadaceae___g__Propionispira	0	0	0	0	0	0	0	0	0	0	0	0	0	0	1	0	0	0	0	0	0	0	0	0	0	0	0	0	0	0	0	0	0	0	0	0	0	0	0	0	0	0	0	0	0	0	0	0	0	0	0	0	0	0	0	0	0	0	0	0	0	0	0	0	0	0	0	0	0	0	0	0	0	0	0	0	0	0	0	0	0	0	0	0	0	0	0	0
k__Bacteria___p__Bacillota___c__Negativicutes___o__Veillonellales-Selenomonadales___f__Veillonellaceae___g__Allisonella	0	0	16	9	12	0	9	4	0	0	0	5	12	0	14	7	11	7	0	0	0	0	58	5	22	0	17	10	58	18	0	0	60	23	12	9	0	10	0	8	0	0	0	0	7	0	9	0	0	0	0	0	0	0	0	0	0	0	0	0	16	0	0	0	0	0	0	0	0	0	0	0	0	0	0	0	8	0	0	0	0	0	6	24	5	9	0	0
k__Bacteria___p__Bacillota___c__Negativicutes___o__Veillonellales-Selenomonadales___f__Veillonellaceae___g__Dialister	77	436	2230	1047	998	0	0	0	121	0	131	0	280	230	515	0	181	0	1375	327	139	0	2837	588	3342	784	347	0	557	233	83	0	0	62	593	0	51	300	0	11	0	0	0	0	2894	158	151	7355	222	201	0	4	48	42	55	0	18	145	0	21	32	0	116	0	234	0	32	13	0	0	0	345	73	89	0	831	0	22	128	81	0	98	153	113	252	208	11	14
k__Bacteria___p__Bacillota___c__Negativicutes___o__Veillonellales-Selenomonadales___f__Veillonellaceae___g__Megasphaera	0	0	0	0	0	0	137	81	0	0	0	0	399	155	680	122	0	0	0	0	29	0	0	402	1232	0	234	154	0	0	0	0	0	0	92	0	298	10	0	0	0	0	0	0	0	181	6	0	48	40	0	6	5	0	0	0	0	0	0	0	0	0	0	0	0	0	0	0	0	0	0	0	0	0	0	0	0	0	22	0	0	0	0	0	42	0	48	0
k__Bacteria___p__Bacillota___c__Negativicutes___o__Veillonellales-Selenomonadales___f__Veillonellaceae___g__Veillonella	0	46	0	12	24	14	0	0	62	0	29	29	5	5	0	0	19	0	56	5	0	99	46	256	0	23	259	222	97	211	125	0	124	170	0	8	0	0	0	5	0	80	4	8	83	30	0	42	0	0	23	0	4	0	7	12	35	3	6	274	0	22	4	0	0	123	0	6	0	0	0	0	17	35	3	0	0	0	0	0	20	0	8	24	0	5	0	0
k__Bacteria___p__Bacteroidota___c__Bacteroidia___o__Bacteroidales___f__Bacteroidaceae___g__Bacteroides	1730	23537	965	4184	1854	145	9	5768	1295	8654	15998	18656	217	25	101	7045	4106	4530	732	491	610	3862	5823	684	1679	45754	2940	4339	3034	12672	26299	4239	19417	14711	13611	12801	25	1778	558	377	3546	24235	1258	5507	6022	27	1926	1534	550	180	11268	37	283	2259	203	21507	6994	830	4081	6116	4826	13816	12767	3587	6188	838	20130	7371	2074	7250	17750	22218	14494	222	5124	6312	6845	269	548	3237	9222	1258	3727	59	28	2019	323	1208
k__Bacteria___p__Bacteroidota___c__Bacteroidia___o__Bacteroidales___f__Barnesiellaceae___g__Barnesiella	482	0	117	136	8	21	0	0	0	112	2	0	80	0	0	0	1518	125	18	45	263	182	200	0	85	0	121	280	81	0	2462	367	0	2910	22	1287	0	311	48	19	284	0	0	0	1387	0	2332	0	253	13	60	0	34	38	9	0	1127	0	142	0	318	114	841	729	2728	0	0	0	777	970	377	244	515	21	0	178	2484	13	16	610	619	4	0	0	0	0	32	618
k__Bacteria___p__Bacteroidota___c__Bacteroidia___o__Bacteroidales___f__Barnesiellaceae___g__Coprobacter	12	0	7	5	8	15	0	50	0	27	21	0	0	0	0	72	64	0	0	0	6	0	0	6	3	0	0	10	11	10	0	136	0	152	112	0	0	0	11	0	0	0	0	0	0	0	11	0	12	0	0	0	0	0	0	0	0	0	0	0	0	0	9	7	139	0	0	176	0	24	0	9	0	26	57	0	56	0	0	2	48	4	0	0	0	0	4	2
k__Bacteria___p__Bacteroidota___c__Bacteroidia___o__Bacteroidales___f__Marinifilaceae___g__Butyricimonas	28	0	78	27	62	49	0	36	40	0	0	301	51	0	103	115	118	300	14	106	69	46	49	47	38	0	95	23	62	52	160	54	616	176	266	2363	40	109	136	72	0	0	17	0	165	0	40	0	139	152	34	8	235	16	130	569	238	21	78	0	43	5	0	321	99	27	0	41	98	51	220	0	42	155	233	16	325	4	62	354	114	167	276	48	2	54	0	0
k__Bacteria___p__Bacteroidota___c__Bacteroidia___o__Bacteroidales___f__Marinifilaceae___g__Gabonibacter	0	0	7	0	8	0	0	45	0	0	0	0	3	0	0	60	14	25	0	7	0	0	0	0	0	0	0	0	0	0	0	0	0	0	0	0	0	9	4	0	0	0	0	0	0	0	21	0	0	0	0	0	0	0	0	0	0	0	0	0	0	0	10	0	0	0	0	0	7	0	0	0	0	0	0	0	0	0	0	0	0	0	0	0	0	0	0	0
k__Bacteria___p__Bacteroidota___c__Bacteroidia___o__Bacteroidales___f__Marinifilaceae___g__Odoribacter	388	143	81	118	14	33	6	67	64	21	324	292	17	0	9	99	1502	726	88	30	117	368	311	52	83	0	179	150	209	346	501	68	3107	276	797	570	6	816	28	62	67	0	37	57	190	0	242	0	83	13	78	10	10	17	15	1420	147	163	38	159	216	35	178	500	285	21	175	263	94	103	186	125	283	70	256	134	202	16	116	161	142	32	165	29	3	185	19	37
k__Bacteria___p__Bacteroidota___c__Bacteroidia___o__Bacteroidales___f__Porphyromonadaceae___g__Porphyromonas	2	0	0	0	0	0	0	2	0	0	0	0	0	0	0	2	0	3	0	0	0	0	0	0	0	0	0	0	0	0	0	0	0	0	0	0	0	0	0	0	0	0	0	0	2	0	0	0	0	0	0	0	0	0	0	0	0	0	0	0	0	0	0	0	0	0	0	0	0	0	0	0	0	0	0	0	0	0	0	0	0	0	0	0	0	0	0	0
k__Bacteria___p__Bacteroidota___c__Bacteroidia___o__Bacteroidales___f__Prevotellaceae___g__Hoylesella	0	0	0	0	0	0	0	0	0	0	0	0	0	0	0	0	0	0	0	0	0	0	0	0	0	0	0	0	0	0	0	0	0	0	2	0	0	0	6	0	0	0	0	0	0	0	0	0	0	0	0	0	0	0	0	0	0	0	0	0	0	0	0	0	0	0	0	0	0	0	0	0	0	0	0	0	2	0	0	0	0	0	0	0	0	0	0	0
k__Bacteria___p__Bacteroidota___c__Bacteroidia___o__Bacteroidales___f__Prevotellaceae___g__Leyella	0	0	244	0	350	285	1680	0	331	0	0	0	1776	2821	2609	0	0	846	1863	465	0	0	328	2844	949	0	1196	1814	6093	8225	0	0	0	0	570	0	1123	212	6764	1478	2729	0	909	12965	1623	3182	0	6796	0	617	0	1494	0	15283	1783	0	0	3318	0	0	0	0	0	0	0	2935	0	0	0	0	9205	0	0	1411	0	1085	0	1156	1940	0	0	230	2935	1329	1984	0	337	0
k__Bacteria___p__Bacteroidota___c__Bacteroidia___o__Bacteroidales___f__Prevotellaceae___g__Massiliprevotella	0	0	252	0	68	293	23	94	75	0	834	0	179	15	66	160	0	0	0	0	0	1639	250	0	570	0	0	0	1787	0	0	0	0	1762	0	0	0	0	0	0	209	2207	0	0	0	73	0	0	92	9	0	2	176	0	0	0	0	0	401	0	0	0	0	0	0	150	0	0	0	0	0	0	0	337	0	0	0	0	0	0	0	0	0	52	36	0	38	0
k__Bacteria___p__Bacteroidota___c__Bacteroidia___o__Bacteroidales___f__Prevotellaceae___g__Paraprevotella	0	0	0	0	0	266	0	490	112	99	1607	0	64	0	0	612	1716	712	111	72	0	0	0	66	0	0	0	369	195	2574	0	0	3	0	0	130	0	104	107	44	619	580	19	0	561	12	639	0	17	0	258	0	0	123	213	0	0	160	507	464	540	0	0	157	121	0	0	0	0	96	512	0	131	10	234	574	280	39	33	22	341	39	780	9	0	199	11	100
k__Bacteria___p__Bacteroidota___c__Bacteroidia___o__Bacteroidales___f__Prevotellaceae___g__Prevotella	0	0	0	0	0	0	0	0	0	0	0	0	0	0	0	0	0	7	0	0	0	0	0	0	2	0	10	6	0	0	0	0	682	8	0	0	0	0	0	0	0	0	0	0	0	0	5	0	0	0	0	0	0	0	0	0	0	0	0	0	0	0	0	0	0	0	0	0	0	0	0	4	0	0	0	0	0	0	0	0	0	0	0	0	0	0	0	0
k__Bacteria___p__Bacteroidota___c__Bacteroidia___o__Bacteroidales___f__Prevotellaceae___g__Prevotellaceae Ga6A1 group	0	0	0	0	0	0	0	0	0	0	0	0	0	0	0	0	0	0	0	0	0	0	0	0	0	0	0	0	0	0	0	0	0	0	0	0	0	0	0	0	0	0	0	0	0	0	0	0	0	0	0	0	0	0	0	0	0	0	0	0	0	0	0	0	0	0	0	0	45	0	0	0	0	0	0	0	0	0	0	0	0	0	0	0	0	0	0	0
k__Bacteria___p__Bacteroidota___c__Bacteroidia___o__Bacteroidales___f__Prevotellaceae___g__Prevotellaceae NK3B31 group	0	0	0	0	0	0	0	0	0	0	0	0	154	97	151	0	0	0	0	67	0	0	0	0	240	0	0	0	0	0	0	0	0	0	0	0	137	0	0	0	0	0	0	0	0	146	0	0	0	139	0	105	0	0	0	0	0	0	0	0	0	0	0	0	0	119	0	0	0	0	0	0	0	29	0	0	0	0	144	0	0	142	0	83	37	0	29	0
k__Bacteria___p__Bacteroidota___c__Bacteroidia___o__Bacteroidales___f__Prevotellaceae___g__Prevotellaceae UCG-001	0	0	0	0	0	0	0	5	0	0	0	0	0	6	16	0	0	0	0	0	0	0	0	0	0	0	0	0	0	0	0	1365	0	0	0	0	0	0	0	0	0	0	0	0	0	0	0	0	0	0	0	6	0	0	0	0	0	0	0	0	0	0	0	0	0	0	78	0	0	0	0	0	0	0	0	0	0	0	0	0	0	0	0	0	0	0	0	0
k__Bacteria___p__Bacteroidota___c__Bacteroidia___o__Bacteroidales___f__Prevotellaceae___g__Prevotellaceae UCG-003	0	0	0	0	0	0	0	0	0	0	0	0	0	64	180	0	0	0	0	0	0	0	0	0	0	0	0	0	0	0	0	0	0	0	0	0	645	0	0	0	0	0	0	0	0	0	0	0	0	0	0	73	0	0	0	0	0	0	0	0	0	0	0	0	0	230	0	0	0	0	0	0	0	0	0	0	0	0	0	0	0	0	0	0	0	0	0	0
k__Bacteria___p__Bacteroidota___c__Bacteroidia___o__Bacteroidales___f__Prevotellaceae___g__Prevotellaceae UCG-004	0	0	0	0	0	0	0	0	0	0	0	0	0	0	121	0	0	0	0	0	0	0	0	0	0	0	0	0	0	0	0	0	0	0	0	0	0	0	0	0	0	0	0	0	0	0	0	0	0	0	0	3	0	0	0	0	0	0	0	0	0	0	0	0	0	0	0	0	0	0	0	0	0	0	0	0	0	0	0	0	0	0	0	0	0	0	0	0
k__Bacteria___p__Bacteroidota___c__Bacteroidia___o__Bacteroidales___f__Prevotellaceae___g__Segatella	6513	0	23172	36032	14086	13848	27852	0	7081	6113	6774	12228	17254	37288	8141	0	6898	7684	23623	11752	14301	19598	18951	31492	43443	4504	21776	23419	10362	0	12	0	0	0	1151	0	664	16464	9239	29480	7856	2142	258	6180	32963	15228	4858	45017	5004	6743	0	6584	12416	0	9186	1237	0	16363	11988	3522	11739	0	0	11349	928	15667	0	0	3329	10152	0	0	8979	12364	757	497	1197	12642	13138	933	9903	13356	11234	17058	18325	17454	6433	11014
k__Bacteria___p__Bacteroidota___c__Bacteroidia___o__Bacteroidales___f__Prevotellaceae___g__Xylanibacter	0	0	0	0	0	0	0	0	0	0	0	0	0	2	0	0	0	0	0	0	0	0	0	0	0	0	0	0	0	0	0	0	0	0	0	0	0	0	0	0	0	0	0	0	0	0	0	0	0	0	0	281	0	0	0	0	0	0	0	0	0	0	0	0	0	60	0	0	0	0	0	0	0	0	0	0	0	0	0	0	0	0	0	0	0	0	0	0
k__Bacteria___p__Bacteroidota___c__Bacteroidia___o__Bacteroidales___f__Rikenellaceae___g__Alistipes	843	2820	799	1216	15	122	4	1763	145	1811	1356	476	34	0	151	2030	4545	3578	104	103	937	741	341	274	644	146	474	663	413	1365	7586	1056	10144	3360	1676	1731	17	3350	68	131	3902	22	175	186	2042	36	1834	0	42	21	548	0	42	137	125	6197	1582	125	342	1834	522	429	3016	4201	2795	6	1341	1365	821	2702	805	1398	4725	114	1636	2233	6854	68	95	1207	743	227	1219	21	0	401	101	266
k__Bacteria___p__Bacteroidota___c__Bacteroidia___o__Bacteroidales___f__Rikenellaceae___g__Rikenella	0	0	0	0	3	0	0	15	0	0	0	0	0	0	0	18	8	0	0	0	0	0	0	0	0	0	0	0	0	5	0	0	0	8	0	0	0	0	0	0	0	0	0	0	0	0	3	0	0	0	0	0	0	0	0	0	0	0	0	0	0	0	0	0	3	0	0	0	0	0	0	0	0	0	0	0	0	0	0	0	0	0	0	0	0	0	0	0
k__Bacteria___p__Bacteroidota___c__Bacteroidia___o__Bacteroidales___f__Rikenellaceae___g__Rikenellaceae RC9 gut group	0	0	0	0	1177	0	10	788	1628	0	511	0	1679	185	1851	963	0	0	86	127	0	0	2345	0	130	0	2600	0	49	0	0	57	0	0	0	0	3107	0	1328	485	0	0	259	0	0	2832	0	0	1479	1295	0	595	0	0	220	0	0	0	332	0	0	0	0	0	17	109	0	0	0	0	1509	0	0	1464	0	0	0	0	0	0	0	0	0	770	137	0	0	15
k__Bacteria___p__Bacteroidota___c__Bacteroidia___o__Bacteroidales___f__Rikenellaceae___g__SP3-e08	0	0	0	0	2	0	0	0	0	0	0	0	0	0	0	0	0	0	0	0	0	0	0	0	0	0	0	0	0	0	0	0	0	0	0	0	0	0	0	0	0	0	4	0	0	0	0	0	0	0	0	0	0	0	0	0	0	0	0	0	0	0	0	0	0	0	0	0	0	0	0	0	0	0	0	0	0	0	0	0	0	0	0	0	0	0	0	0
k__Bacteria___p__Bacteroidota___c__Bacteroidia___o__Bacteroidales___f__Rikenellaceae___g__dgA-11 gut group	0	0	0	0	0	0	0	0	0	0	0	0	0	0	0	0	0	0	0	0	0	0	0	0	0	0	0	0	0	0	0	0	0	0	0	0	0	0	0	0	0	0	0	0	0	0	0	0	0	0	0	33	0	0	0	0	0	0	0	0	0	0	0	0	0	0	0	0	0	0	0	0	0	0	0	0	0	0	0	0	0	0	0	0	0	0	0	0
k__Bacteria___p__Bacteroidota___c__Bacteroidia___o__Bacteroidales___f__Tannerellaceae___g__Parabacteroides	469	3330	1055	1050	40	20	13	1642	801	989	619	367	516	33	41	2001	134	767	61	1630	60	840	647	609	599	2934	545	770	1988	1479	1254	187	1128	738	1518	159	815	906	4217	371	1422	654	392	335	1487	30	404	0	93	26	161	623	98	140	40	326	349	240	232	317	318	116	1232	897	1002	47	0	2034	155	1090	852	437	962	1355	235	775	1127	17	148	844	208	270	519	35	7	1584	165	138
k__Bacteria___p__Bacteroidota___c__Bacteroidia___o__Flavobacteriales___f__Flavobacteriaceae___g__Psychroflexus	0	0	0	0	0	0	0	0	0	4	0	0	0	0	0	0	0	0	0	0	0	0	0	0	0	0	0	0	0	0	0	0	0	0	0	0	0	0	0	0	0	0	0	0	0	0	0	0	0	0	0	0	0	0	0	0	0	0	0	0	0	0	0	0	0	0	0	0	0	0	0	0	0	0	0	0	0	0	0	0	0	0	0	0	0	0	0	0
k__Bacteria___p__Bacteroidota___c__Bacteroidia___o__Flavobacteriales___f__Weeksellaceae___g__Chryseobacterium	0	0	0	0	0	0	0	0	0	3	0	0	0	0	0	0	0	0	0	0	0	0	0	0	0	0	0	0	0	0	0	0	7	0	0	0	0	0	0	0	0	0	0	0	0	0	0	0	0	0	0	0	0	0	0	0	0	0	0	0	0	0	0	0	0	0	0	0	0	0	0	0	0	0	0	0	0	0	0	0	0	0	0	0	0	0	0	0
k__Bacteria___p__Bacteroidota___c__Bacteroidia___o__Sphingobacteriales___f__Sphingobacteriaceae___g__Sphingobacterium	0	0	0	0	0	0	0	0	0	0	0	0	0	0	0	0	0	0	0	0	0	0	0	0	0	0	0	0	0	0	0	2	0	0	0	0	0	0	0	0	0	0	0	0	0	0	0	0	0	0	0	0	0	0	0	0	0	0	0	0	0	0	0	0	0	0	0	0	0	0	0	0	0	0	0	0	0	0	0	0	0	0	0	0	0	0	0	0
k__Bacteria___p__Campylobacterota___c__Campylobacteria___o__Campylobacterales___f__Arcobacteraceae___g__Arcobacter	0	0	0	0	0	0	0	0	0	0	0	0	0	0	0	0	0	0	0	0	0	0	0	0	0	0	0	0	0	0	0	0	3	0	0	0	0	0	0	0	0	0	0	0	0	0	0	0	0	0	0	0	0	0	0	0	0	0	0	0	0	0	0	0	0	0	0	0	0	0	0	0	5	0	0	0	0	0	0	0	0	0	0	0	0	0	0	0
k__Bacteria___p__Campylobacterota___c__Campylobacteria___o__Campylobacterales___f__Campylobacteraceae___g__Campylobacter	0	0	0	0	0	0	0	5	0	0	0	4	0	0	0	13	0	0	0	0	0	0	0	0	2	0	0	0	0	0	0	0	0	0	0	0	0	0	0	0	0	0	0	0	0	0	0	0	0	0	0	0	0	0	0	0	0	0	0	0	0	0	0	0	2	7	0	0	0	0	0	4	0	0	0	0	0	0	0	0	0	0	0	0	0	0	0	0
k__Bacteria___p__Campylobacterota___c__Campylobacteria___o__Campylobacterales___f__Helicobacteraceae___g__Helicobacter	0	0	0	0	0	0	0	0	0	0	0	0	0	0	0	0	0	0	0	0	0	0	0	0	0	0	0	0	0	0	0	0	0	0	0	0	0	0	0	0	0	0	0	0	0	0	0	0	0	0	0	0	0	0	0	0	0	0	14	0	0	0	0	0	0	0	0	0	0	0	0	0	0	0	0	0	0	0	0	0	0	0	0	0	0	0	0	0
k__Bacteria___p__Cyanobacteriota___c__Vampirivibrionia___o__Gastranaerophilales___f__Gastranaerophilaceae___g__CAG-196	0	0	0	0	0	0	0	0	0	0	0	0	0	0	0	0	65	0	0	0	0	8	0	0	0	0	0	0	0	0	0	0	0	0	0	0	0	0	3	0	0	0	10	0	0	0	90	0	0	0	0	43	0	0	0	0	0	0	0	0	0	0	0	0	0	0	0	0	0	0	0	0	0	0	0	0	0	0	0	0	0	0	0	0	0	0	0	0
k__Bacteria___p__Cyanobacteriota___c__Vampirivibrionia___o__Gastranaerophilales___f__Gastranaerophilaceae___g__Zag_111	0	0	0	0	33	0	0	0	36	0	1286	0	0	0	215	0	480	0	0	72	0	701	0	0	0	0	0	0	0	0	0	0	0	0	0	0	201	0	245	1155	0	0	246	7948	0	18	908	0	193	0	0	99	3177	343	400	0	0	89	0	0	0	0	0	29	78	0	0	0	0	0	0	0	0	0	72	0	0	299	0	0	0	548	0	0	15	0	0	27
k__Bacteria___p__Elusimicrobiota___c__Elusimicrobia___o__Elusimicrobiales___f__Elusimicrobiaceae___g__Elusimicrobium	0	0	0	0	0	11	0	0	147	0	0	0	220	0	0	0	0	0	0	447	0	0	0	0	0	0	0	0	0	0	0	0	0	0	0	0	0	0	0	0	0	0	0	0	0	0	0	0	31	0	0	7	0	0	0	0	0	0	0	0	0	0	0	0	0	0	0	0	0	0	0	0	0	0	0	0	0	0	0	0	0	518	0	0	0	0	0	3499
k__Bacteria___p__Fusobacteriota___c__Fusobacteriia___o__Fusobacteriales___f__Fusobacteriaceae___g__Cetobacterium	0	0	0	0	0	0	0	0	0	0	0	0	0	0	0	0	0	0	0	0	0	0	0	0	0	0	0	0	0	0	0	0	0	0	0	0	0	3	0	0	0	0	0	0	0	0	0	0	0	0	0	0	0	0	0	0	0	0	0	67	0	0	0	0	0	0	0	0	0	0	0	0	0	0	0	0	0	0	0	0	0	0	0	0	0	0	0	0
k__Bacteria___p__Fusobacteriota___c__Fusobacteriia___o__Fusobacteriales___f__Fusobacteriaceae___g__Fusobacterium	0	0	0	0	0	0	0	0	0	0	0	29	0	0	4	0	0	0	0	0	0	0	0	0	0	13	0	0	0	0	0	0	0	0	11	0	0	0	0	0	0	0	0	0	0	0	0	0	0	0	0	0	0	0	0	0	0	0	0	0	0	0	0	2	0	6	0	9	12	0	0	0	0	0	0	0	0	0	0	0	0	0	0	0	0	0	0	0
k__Bacteria___p__Fusobacteriota___c__Fusobacteriia___o__Fusobacteriales___f__Leptotrichiaceae___g__Leptotrichia	0	0	0	0	0	0	0	0	0	0	0	2	0	0	0	0	0	0	0	0	0	0	0	0	0	0	0	0	0	0	0	0	0	0	0	0	0	0	0	0	0	0	0	0	0	0	0	0	0	0	0	0	0	0	0	0	0	0	0	0	0	0	0	0	0	0	0	0	0	0	0	0	0	0	0	0	0	0	0	0	0	0	0	0	0	0	0	0
k__Bacteria___p__Fusobacteriota___c__Fusobacteriia___o__Fusobacteriales___f__Leptotrichiaceae___g__Sneathia	0	0	0	0	0	0	0	0	0	0	0	0	0	0	0	0	0	0	0	0	0	0	0	0	0	0	0	0	0	0	0	0	0	0	0	0	0	0	0	0	0	0	0	0	0	0	0	0	0	0	0	0	0	0	0	0	0	0	0	0	0	0	3	0	0	0	0	0	0	0	0	0	0	0	0	0	0	0	0	0	0	0	0	0	0	0	0	0
k__Bacteria___p__Nitrospirota___c__Nitrospiria___o__Nitrospirales___f__Nitrospiraceae___g__Nitrospira	0	0	0	0	0	0	0	0	0	0	0	0	0	0	0	0	0	0	0	0	0	0	0	0	0	0	0	0	0	0	0	0	4	0	0	0	0	0	0	0	0	0	0	0	0	0	0	0	0	0	0	0	0	0	0	0	0	0	0	0	0	0	0	0	0	0	0	0	0	0	0	0	0	0	0	0	0	0	0	0	0	0	0	0	0	0	0	0
k__Bacteria___p__Patescibacteria___c__Saccharimonadia___o__Saccharimonadales___f__Saccharimonadaceae___g__Candidatus Saccharimonas	0	0	0	0	0	0	0	0	0	0	0	0	0	2	0	0	0	0	0	0	0	0	0	0	0	0	0	0	0	0	0	0	0	0	2	0	0	0	0	0	0	0	0	0	0	0	0	0	0	0	0	0	0	0	0	0	0	0	0	0	0	0	0	0	0	0	0	0	0	0	0	0	0	0	0	0	0	0	0	0	0	0	0	0	0	0	0	0
k__Bacteria___p__Patescibacteria___c__Saccharimonadia___o__Saccharimonadales___f__Saccharimonadaceae___g__TM7x	0	0	0	0	5	0	0	0	0	0	0	2	0	2	0	0	0	0	0	0	0	0	0	0	0	0	0	0	0	0	0	0	0	0	0	0	0	0	0	0	0	0	0	0	0	0	0	4	0	0	0	0	0	0	0	0	0	0	0	0	0	0	0	0	0	0	0	0	0	0	0	0	0	0	2	0	0	0	0	0	0	0	0	0	0	0	0	0
k__Bacteria___p__Pseudomonadota___c__Alphaproteobacteria___o__Acetobacterales___f__Acetobacteraceae___g__Swingsia	0	0	0	0	0	0	0	0	0	0	0	0	0	0	0	0	0	0	0	0	0	0	0	0	0	0	0	0	0	0	0	0	0	0	0	0	0	0	0	0	0	0	0	0	0	0	0	0	0	0	0	0	3	0	0	0	0	0	0	0	0	0	0	0	0	0	0	0	0	0	0	0	0	0	0	0	0	0	0	0	0	0	0	0	0	0	0	0
k__Bacteria___p__Pseudomonadota___c__Alphaproteobacteria___o__Caulobacterales___f__Caulobacteraceae___g__Brevundimonas	0	0	0	0	0	0	0	0	0	0	0	0	0	0	0	0	0	0	0	0	0	0	0	0	0	0	0	0	0	0	0	0	0	0	0	0	0	0	0	0	0	0	0	0	0	0	0	3	0	0	0	0	0	0	0	0	0	0	0	0	0	0	0	0	0	0	0	0	0	0	0	0	0	0	0	0	0	0	0	0	0	0	0	0	0	0	0	0
k__Bacteria___p__Pseudomonadota___c__Alphaproteobacteria___o__Hyphomicrobiales___f__Beijerinckiaceae___g__Methylobacterium	0	0	0	0	0	0	0	0	0	13	0	0	0	0	0	0	0	0	0	0	0	0	0	0	0	0	0	0	0	0	0	0	0	0	0	0	0	0	0	0	0	0	0	0	0	0	0	0	0	7	0	0	0	0	0	0	0	0	0	0	0	0	0	0	2	0	0	0	0	0	0	0	0	0	12	9	0	0	0	0	0	0	0	0	0	0	0	0
k__Bacteria___p__Pseudomonadota___c__Alphaproteobacteria___o__Hyphomicrobiales___f__Beijerinckiaceae___g__Methylorubrum	12	0	0	0	0	0	0	0	0	14	0	0	0	0	0	0	0	0	0	0	0	0	0	0	0	0	0	0	0	0	0	15	6	0	0	0	0	0	0	0	0	0	0	0	0	0	0	0	0	10	6	6	3	7	0	0	0	3	0	4	5	5	0	0	0	0	3	0	13	7	4	0	5	0	17	0	0	0	5	0	0	0	0	4	0	5	14	0
k__Bacteria___p__Pseudomonadota___c__Alphaproteobacteria___o__Hyphomicrobiales___f__Rhizobiaceae___g__Agrobacterium	2	3	0	0	0	0	0	0	0	0	0	2	11	0	0	0	0	4	0	0	8	0	0	0	0	0	0	0	0	0	0	0	9	0	0	10	17	0	2	4	57	0	6	0	18	0	0	46	3	5	34	0	4	0	0	5	2	0	0	0	0	3	0	0	0	0	0	0	0	5	5	0	0	0	66	0	0	0	6	0	0	0	5	0	10	0	4	0
k__Bacteria___p__Pseudomonadota___c__Alphaproteobacteria___o__Hyphomicrobiales___f__Rhizobiaceae___g__Endobacterium	0	0	0	0	0	0	0	0	0	0	0	0	0	0	0	0	0	0	0	0	0	0	0	0	0	0	0	0	0	0	0	7	0	0	0	0	0	0	0	0	0	0	0	0	0	0	0	0	0	0	0	0	0	4	0	0	0	0	0	0	0	0	0	0	0	0	0	0	0	0	0	0	0	0	0	0	0	0	0	0	0	0	0	0	0	0	0	0
k__Bacteria___p__Pseudomonadota___c__Alphaproteobacteria___o__Hyphomicrobiales___f__Rhizobiaceae___g__Mangrovicella	0	0	0	0	0	0	0	0	0	0	0	0	0	0	0	0	0	0	0	0	0	0	0	0	0	0	0	0	0	0	0	0	0	0	0	0	0	0	0	0	0	0	0	0	0	0	0	0	0	0	0	0	0	0	0	0	0	0	0	0	0	0	0	0	0	0	0	0	3	0	0	0	0	0	0	0	0	0	0	0	0	0	0	0	0	0	0	0
k__Bacteria___p__Pseudomonadota___c__Alphaproteobacteria___o__Hyphomicrobiales___f__Rhizobiaceae___g__Pseudorhizobium	0	0	0	0	0	0	0	0	0	0	0	0	0	0	0	0	0	0	0	0	0	0	0	0	0	0	0	0	0	0	0	0	0	0	0	0	0	0	0	0	0	0	0	0	0	0	0	0	0	0	0	0	0	6	0	0	0	0	0	0	0	0	0	0	0	0	0	0	0	0	0	0	0	0	0	0	0	0	0	0	0	0	0	0	0	0	0	0
k__Bacteria___p__Pseudomonadota___c__Alphaproteobacteria___o__Hyphomicrobiales___f__Rhizobiaceae___g__[Rhizobium] sphaerophysae group	2	0	0	0	0	0	0	0	0	0	0	0	0	0	0	0	0	0	0	0	0	0	0	0	0	0	0	0	0	0	0	0	0	0	0	0	0	0	0	0	0	0	0	0	0	0	0	0	0	0	0	0	0	0	0	0	2	0	0	0	0	0	0	0	5	0	0	0	0	0	0	0	0	0	0	0	0	0	0	0	0	0	0	0	0	0	0	0
k__Bacteria___p__Pseudomonadota___c__Alphaproteobacteria___o__Sphingomonadales___f__Sphingomonadaceae___g__Blastomonas	0	0	0	0	0	0	0	0	0	0	0	0	0	0	0	0	0	0	0	0	0	0	0	0	0	0	0	0	0	0	0	0	3	0	0	0	0	0	0	0	0	0	0	0	0	0	0	0	0	0	0	0	0	0	0	0	0	0	0	0	0	0	0	0	0	0	0	0	0	0	0	0	0	0	0	0	0	0	0	0	0	0	0	0	0	0	0	0
k__Bacteria___p__Pseudomonadota___c__Alphaproteobacteria___o__Sphingomonadales___f__Sphingomonadaceae___g__Sphingomonas	3	0	0	0	0	0	0	0	0	16	0	0	0	0	0	0	0	0	0	0	0	0	0	0	0	0	0	0	0	0	0	0	0	0	0	0	0	0	0	0	0	0	0	0	0	0	0	0	0	12	0	0	0	9	0	0	0	0	3	3	0	0	0	0	0	0	0	0	0	0	6	0	0	0	5	0	0	0	0	0	0	0	0	3	0	2	10	0
k__Bacteria___p__Pseudomonadota___c__Alphaproteobacteria___o__Sphingomonadales___f__Sphingomonadaceae___g__Sphingosinithalassobacter	0	0	0	0	0	0	0	0	0	0	0	0	0	0	0	0	0	0	0	0	5	0	0	0	0	0	0	0	0	0	0	0	0	0	0	0	0	0	0	0	0	0	0	0	0	0	0	0	0	2	0	0	0	0	0	0	0	0	0	0	0	0	0	2	0	0	0	0	0	0	0	0	0	0	0	0	0	0	0	0	0	0	0	0	0	0	11	7
k__Bacteria___p__Pseudomonadota___c__Gammaproteobacteria___o__Burkholderiales___f__Alcaligenaceae___g__Achromobacter	0	0	0	0	0	0	0	0	0	0	0	0	0	0	0	0	0	0	0	0	0	0	0	0	0	0	0	0	0	0	0	0	3	0	0	4	2	0	0	0	0	0	0	0	0	0	0	9	0	0	0	0	0	0	0	5	0	0	0	0	0	0	0	0	0	0	0	3	0	0	0	0	0	0	27	0	0	0	0	0	0	0	0	0	0	0	0	0
k__Bacteria___p__Pseudomonadota___c__Gammaproteobacteria___o__Burkholderiales___f__Burkholderiaceae___g__Burkholderia-Caballeronia-Paraburkholderia	0	0	0	0	0	0	0	0	0	0	0	0	0	0	0	0	0	0	0	0	0	0	0	0	0	0	0	0	0	0	0	0	14	0	0	0	0	0	0	0	0	0	0	0	6	0	0	10	0	0	0	0	0	0	0	0	0	0	0	0	0	0	0	0	0	0	0	0	0	0	0	0	0	0	45	0	0	0	0	0	0	0	0	0	4	0	0	0
k__Bacteria___p__Pseudomonadota___c__Gammaproteobacteria___o__Burkholderiales___f__Comamonadaceae___g__Acidovorax	0	0	0	0	0	0	0	0	0	0	0	0	0	0	0	0	0	0	0	0	0	0	0	0	0	0	0	0	0	0	0	0	8	0	0	0	0	0	0	0	0	0	0	0	0	0	0	0	0	0	0	0	0	0	0	0	0	0	0	0	0	0	0	0	0	0	0	0	0	0	0	0	0	0	0	0	0	0	0	0	0	0	0	0	0	0	0	0
k__Bacteria___p__Pseudomonadota___c__Gammaproteobacteria___o__Burkholderiales___f__Comamonadaceae___g__Aquincola	0	0	0	0	0	3	2	0	0	0	0	0	0	0	0	0	0	0	0	0	0	0	0	0	0	0	0	0	0	0	0	0	0	0	0	0	0	0	0	0	0	0	0	0	0	0	0	0	0	0	0	0	0	0	0	0	0	0	0	0	0	0	0	0	0	0	0	0	0	0	0	0	0	0	0	0	0	0	0	0	0	0	0	0	0	0	0	0
k__Bacteria___p__Pseudomonadota___c__Gammaproteobacteria___o__Burkholderiales___f__Comamonadaceae___g__Delftia	0	0	0	0	0	0	0	0	0	0	0	0	0	3	0	0	0	0	0	0	0	0	0	0	0	0	0	0	0	0	0	0	0	0	0	5	0	0	0	1	0	0	0	0	0	0	0	23	0	3	0	0	0	0	0	27	0	0	0	0	0	0	2	0	0	0	0	0	0	0	0	0	0	0	58	0	0	0	0	0	0	0	0	0	0	0	0	0
k__Bacteria___p__Pseudomonadota___c__Gammaproteobacteria___o__Burkholderiales___f__Neisseriaceae___g__Neisseria	0	0	0	0	0	0	0	0	0	0	0	0	0	0	13	0	0	0	0	0	0	0	0	0	0	0	0	0	0	0	0	0	0	0	0	0	0	0	0	0	0	0	0	0	0	0	0	0	0	0	0	0	0	0	0	0	0	0	0	0	0	0	0	0	0	0	0	0	0	0	0	0	0	0	0	0	0	0	0	0	0	0	0	0	0	0	0	0
k__Bacteria___p__Pseudomonadota___c__Gammaproteobacteria___o__Burkholderiales___f__Oxalobacteraceae___g__Oxalobacter	0	0	17	10	8	0	0	5	24	0	0	0	0	0	9	10	21	22	0	11	0	0	36	10	0	0	25	0	6	22	0	0	0	8	0	0	6	0	4	0	21	0	0	0	0	0	7	0	0	0	0	0	0	0	0	0	0	0	0	0	0	0	5	0	13	0	0	0	0	0	0	0	0	0	0	62	0	0	0	0	0	0	0	0	0	0	0	0
k__Bacteria___p__Pseudomonadota___c__Gammaproteobacteria___o__Burkholderiales___f__Sutterellaceae___g__Parasutterella	0	0	26	11	14	0	0	0	0	3	825	7	19	0	9	7	43	0	272	6	0	114	18	9	0	0	64	0	0	188	937	0	182	574	7	72	0	0	281	334	223	168	39	0	0	0	4	1352	0	0	20	0	4	0	45	303	11	9	0	0	20	7	48	3	0	5	0	0	11	0	93	0	23	0	7	133	16	0	95	0	0	0	0	0	0	0	0	4
k__Bacteria___p__Pseudomonadota___c__Gammaproteobacteria___o__Burkholderiales___f__Sutterellaceae___g__Sutterella	187	193	833	398	140	322	819	124	106	517	0	1681	613	286	268	162	446	148	275	191	52	0	16	710	820	1469	30	502	1114	571	3	109	1173	0	589	1237	335	52	185	0	370	1573	0	10	131	556	387	0	362	759	0	28	340	400	506	0	137	124	209	0	304	281	8	314	36	595	19	1128	78	128	0	1433	242	360	336	90	172	13	68	35	637	493	653	173	228	449	13	93
k__Bacteria___p__Pseudomonadota___c__Gammaproteobacteria___o__Burkholderiales___f__Sutterellaceae___g__Turicimonas	0	0	15	0	0	0	0	0	0	0	0	0	0	0	0	0	0	0	0	0	0	0	0	0	0	0	0	0	0	0	0	0	0	0	0	0	0	0	0	0	0	0	0	0	0	0	0	0	0	0	0	0	0	0	0	0	0	0	11	0	0	0	8	0	0	0	0	0	0	0	0	0	0	0	0	0	0	6	0	0	0	0	0	0	0	0	0	0
k__Bacteria___p__Pseudomonadota___c__Gammaproteobacteria___o__Enterobacterales___f__Alteromonadaceae___g__Rheinheimera	0	0	0	0	0	0	0	0	0	0	0	0	0	0	0	0	0	0	0	0	0	0	0	0	0	0	0	0	0	0	0	0	0	0	0	0	0	0	0	0	0	0	0	0	0	0	0	0	0	2	0	0	0	0	0	0	0	0	0	0	0	0	0	0	0	0	0	0	0	0	0	0	0	0	0	0	0	0	0	0	0	0	0	0	0	0	0	0
k__Bacteria___p__Pseudomonadota___c__Gammaproteobacteria___o__Enterobacterales___f__Enterobacteriaceae___g__Aquamonas	0	0	0	0	0	0	0	0	0	0	0	0	0	0	0	0	0	8	0	0	0	0	0	0	0	0	0	0	0	0	0	0	0	5	0	0	0	0	0	0	0	0	0	0	0	0	0	0	0	0	0	0	0	0	0	0	0	0	0	0	0	0	2	0	0	0	0	0	0	0	0	0	0	0	0	0	0	0	0	0	0	7	0	0	2	0	0	0
k__Bacteria___p__Pseudomonadota___c__Gammaproteobacteria___o__Enterobacterales___f__Enterobacteriaceae___g__Buttiauxella	0	0	0	0	0	0	0	0	0	0	0	0	0	0	0	0	0	0	0	0	0	0	0	0	0	0	0	0	0	19	0	0	0	0	0	0	0	0	0	0	0	0	0	0	0	0	0	0	0	0	0	0	0	0	0	0	0	0	0	0	0	0	0	0	0	0	0	0	0	0	0	0	0	0	0	0	0	0	0	0	0	0	0	0	0	0	0	0
k__Bacteria___p__Pseudomonadota___c__Gammaproteobacteria___o__Enterobacterales___f__Enterobacteriaceae___g__Citrobacter	0	0	0	0	0	0	0	0	0	0	0	0	0	0	0	0	5	0	0	0	0	0	0	0	0	0	0	0	0	0	0	0	0	0	0	0	0	0	0	0	0	0	0	0	0	0	0	25	0	0	0	0	0	0	0	0	0	0	0	0	0	0	0	0	0	0	0	0	0	0	0	0	0	0	0	0	0	0	0	0	0	0	0	0	0	0	0	0
k__Bacteria___p__Pseudomonadota___c__Gammaproteobacteria___o__Enterobacterales___f__Enterobacteriaceae___g__Enterobacter	0	0	77	0	0	0	0	0	0	0	0	0	0	255	0	0	0	0	0	7	0	0	5	0	0	0	356	0	0	77	0	0	0	0	0	0	0	0	0	0	0	0	0	0	16	0	0	0	0	8	0	17	0	0	0	0	0	0	0	0	0	0	0	0	0	0	0	0	0	0	0	0	0	78	16	0	0	0	0	0	0	0	0	0	0	0	6	0
k__Bacteria___p__Pseudomonadota___c__Gammaproteobacteria___o__Enterobacterales___f__Enterobacteriaceae___g__Escherichia-Shigella	0	9	81	0	64	0	50	15	11	18	3	0	14	0	13	8	68	1302	13	10	24	26	0	5	165	148	0	5445	936	198	23	0	184	237	882	0	0	9	9	7	2288	19	14	0	257	12	0	29	10	0	6	0	3	0	0	12	7	0	0	60	0	6	0	0	0	0	5	0	3	0	0	44	0	36	0	0	5	4	23	0	51	867	14	10	32	0	0	0
k__Bacteria___p__Pseudomonadota___c__Gammaproteobacteria___o__Enterobacterales___f__Enterobacteriaceae___g__Klebsiella	0	0	0	0	0	0	0	0	0	0	0	0	0	0	0	0	0	0	0	0	0	0	0	0	0	0	24	0	17	0	0	0	0	0	38	0	0	0	0	0	0	0	0	0	22	0	9	0	14	0	0	29	0	0	7	0	0	5	0	0	0	0	0	0	0	303	0	0	0	0	0	0	0	15	0	0	0	0	0	0	0	0	0	0	0	0	0	0
k__Bacteria___p__Pseudomonadota___c__Gammaproteobacteria___o__Enterobacterales___f__Enterobacteriaceae___g__Lelliottia	0	0	14	0	0	0	0	0	0	0	0	0	0	0	0	0	0	0	0	0	0	0	0	0	0	0	0	0	0	64	0	0	0	0	0	0	0	0	0	0	0	0	0	0	0	0	0	0	10	0	12	0	0	0	0	0	0	0	0	0	0	0	0	12	0	0	0	0	0	0	0	0	0	17	0	0	0	0	0	0	0	0	0	0	0	0	0	0
k__Bacteria___p__Pseudomonadota___c__Gammaproteobacteria___o__Enterobacterales___f__Enterobacteriaceae___g__Raoultella	0	0	0	0	0	0	0	0	0	0	0	0	0	0	0	0	0	0	0	0	0	0	0	0	0	0	0	0	0	44	0	0	0	0	0	0	0	0	0	0	0	0	0	0	0	0	0	0	0	0	0	0	0	0	0	0	0	0	0	0	0	0	0	0	0	0	0	0	0	0	0	0	0	0	0	0	0	0	0	0	0	0	0	0	0	0	0	0
k__Bacteria___p__Pseudomonadota___c__Gammaproteobacteria___o__Enterobacterales___f__Erwiniaceae___g__Mixta	0	0	0	0	0	0	0	0	0	0	0	0	0	0	0	0	0	0	0	0	0	0	0	0	0	0	0	0	0	0	0	0	0	2	0	0	0	0	0	0	0	0	0	0	0	0	0	0	0	0	0	0	0	0	0	0	0	0	0	0	0	0	0	0	0	0	0	0	0	0	0	0	0	0	0	0	0	0	0	0	0	0	0	0	0	0	0	0
k__Bacteria___p__Pseudomonadota___c__Gammaproteobacteria___o__Enterobacterales___f__Hafniaceae___g__Hafnia-Obesumbacterium	0	0	0	29	0	0	0	0	0	0	0	0	0	14	0	0	553	0	0	0	11	0	0	0	0	0	7	0	0	3310	0	0	0	0	0	0	0	0	0	0	17	0	0	0	42	0	0	0	0	0	0	0	0	0	0	0	0	0	0	0	0	0	0	0	0	0	0	0	0	0	0	0	0	0	0	0	0	0	0	0	0	0	0	0	0	0	0	0
k__Bacteria___p__Pseudomonadota___c__Gammaproteobacteria___o__Enterobacterales___f__Idiomarinaceae___g__Idiomarina	0	0	0	0	0	0	0	0	0	0	0	0	0	0	0	0	0	0	0	0	0	0	0	0	0	0	0	0	0	0	0	0	0	0	0	0	0	0	0	0	0	0	0	0	0	0	0	0	0	0	0	0	0	0	0	0	0	0	0	0	0	0	0	0	0	0	0	0	0	0	0	0	0	0	4	2	0	0	0	0	0	0	0	0	0	0	0	0
k__Bacteria___p__Pseudomonadota___c__Gammaproteobacteria___o__Enterobacterales___f__Morganellaceae___g__Providencia	0	0	0	0	0	0	0	0	0	0	0	0	0	0	0	0	0	0	0	0	0	0	0	0	0	0	0	0	0	0	0	0	0	0	0	0	0	0	0	0	0	0	0	0	0	0	0	0	0	0	0	0	0	0	0	0	0	0	0	0	0	0	2	0	0	0	0	0	0	0	0	0	0	0	0	0	0	0	0	0	0	0	0	0	0	0	0	0
k__Bacteria___p__Pseudomonadota___c__Gammaproteobacteria___o__Enterobacterales___f__Pasteurellaceae___g__Actinobacillus	0	0	0	0	0	0	0	0	0	0	0	0	0	0	0	0	0	0	0	0	0	0	0	0	0	0	0	0	0	0	0	0	0	0	0	0	0	0	0	0	0	0	0	0	0	0	0	0	0	0	0	0	0	0	0	0	0	0	0	0	0	0	0	0	0	13	0	0	0	0	0	0	0	0	0	0	0	0	0	0	0	0	0	0	0	0	0	0
k__Bacteria___p__Pseudomonadota___c__Gammaproteobacteria___o__Enterobacterales___f__Pasteurellaceae___g__Conservatibacter	0	0	0	0	0	0	0	0	0	0	0	0	0	0	0	0	0	0	0	0	0	0	2	0	0	0	0	0	0	0	0	0	0	0	0	0	0	0	0	0	0	0	0	0	0	0	0	0	0	0	13	0	0	0	0	0	0	0	0	0	0	5	0	0	0	4	0	0	2	0	0	0	0	2	0	0	0	12	0	0	0	0	5	0	2	0	0	0
k__Bacteria___p__Pseudomonadota___c__Gammaproteobacteria___o__Enterobacterales___f__Pasteurellaceae___g__Haemophilus	0	213	0	105	6	46	71	0	21	0	3	189	3	14	0	0	0	0	296	13	3	35	149	482	25	32	36	781	30	141	0	0	24	87	27	0	0	9	0	4	8	177	2	12	320	5	0	36	21	13	18	11	0	0	53	6	19	0	0	0	4	96	9	38	0	1498	39	28	0	0	45	6	0	0	0	0	0	6	0	0	6	2	30	54	8	3	0	4
k__Bacteria___p__Pseudomonadota___c__Gammaproteobacteria___o__Enterobacterales___f__Pectobacteriaceae___g__Nissabacter	0	0	0	0	0	0	0	0	0	0	0	0	0	0	0	0	8	0	0	0	0	0	0	0	0	0	0	0	0	0	0	0	0	0	0	0	0	0	0	0	0	0	0	0	2	0	0	0	0	0	0	0	0	0	0	0	0	0	0	0	0	0	0	0	0	0	0	0	0	0	0	0	0	0	0	0	0	0	0	0	0	0	0	0	0	0	0	0
k__Bacteria___p__Pseudomonadota___c__Gammaproteobacteria___o__Enterobacterales___f__Pectobacteriaceae___g__Pectobacterium	0	0	0	0	0	0	0	0	0	13	0	0	0	0	0	0	0	0	0	0	9	0	0	0	0	0	0	0	0	0	0	0	0	0	0	0	0	0	0	0	0	0	0	0	0	0	0	0	0	8	0	0	0	8	0	0	0	0	0	0	0	0	0	0	0	0	0	0	0	7	0	0	0	0	17	5	0	0	0	0	0	0	0	0	0	0	7	0
k__Bacteria___p__Pseudomonadota___c__Gammaproteobacteria___o__Enterobacterales___f__Succinivibrionaceae___g__Succinivibrio	0	67	0	0	7079	5880	0	23012	4470	0	0	110	0	0	247	27390	0	0	0	13733	0	0	0	5973	0	0	0	0	0	0	0	0	0	0	0	0	177	0	10	0	0	0	0	0	0	2315	0	0	0	0	0	0	0	0	0	0	0	0	0	0	0	0	0	78	0	0	0	0	0	0	0	0	0	0	890	0	0	0	0	0	0	0	0	0	11677	0	3989	4467
k__Bacteria___p__Pseudomonadota___c__Gammaproteobacteria___o__Enterobacterales___f__Vibrionaceae___g__Vibrio	0	0	0	0	0	0	0	0	0	0	0	0	0	0	0	0	0	0	0	0	0	0	0	0	0	0	0	0	0	0	0	0	0	0	0	0	0	0	0	0	0	0	0	0	0	0	0	0	0	0	0	0	0	0	0	0	0	0	0	0	0	0	0	0	0	0	0	0	2	0	0	0	0	0	0	0	0	0	0	0	0	0	0	0	0	0	0	0
k__Bacteria___p__Pseudomonadota___c__Gammaproteobacteria___o__Enterobacterales___f__Yersiniaceae___g__Serratia	0	0	0	0	0	0	0	0	0	0	0	0	0	0	0	0	0	0	0	0	0	0	0	0	0	0	0	0	0	0	0	0	0	0	0	0	0	0	0	0	0	0	0	0	0	0	0	0	0	0	0	0	0	0	0	0	0	0	0	0	0	0	0	0	5	0	0	0	0	0	0	0	0	0	0	0	0	0	0	0	0	0	0	0	0	0	0	0
k__Bacteria___p__Pseudomonadota___c__Gammaproteobacteria___o__Lysobacterales___f__Lysobacteraceae___g__Stenotrophomonas	5	0	0	0	0	0	0	0	0	3	0	0	0	0	0	0	0	0	0	0	0	0	0	0	0	0	0	0	0	0	0	8	0	0	0	0	0	0	0	0	0	0	0	0	0	0	0	0	0	13	5	6	9	3	0	0	0	0	0	0	0	0	0	0	7	0	4	0	0	5	4	0	4	0	11	0	0	0	0	0	0	0	0	2	0	0	4	0
k__Bacteria___p__Pseudomonadota___c__Gammaproteobacteria___o__Pseudomonadales___f__Halomonadaceae___g__Halomonas	0	0	0	0	0	0	0	0	0	0	0	0	0	0	0	0	0	0	0	0	0	0	0	0	0	0	0	0	0	0	0	0	0	0	0	0	0	0	0	0	0	0	0	0	0	0	0	0	0	0	0	0	2	0	0	0	0	0	0	0	0	0	0	0	0	0	0	0	0	0	0	0	0	0	4	0	0	0	0	2	0	0	0	0	0	0	0	0
k__Bacteria___p__Pseudomonadota___c__Gammaproteobacteria___o__Pseudomonadales___f__Moraxellaceae___g__Enhydrobacter	0	0	0	0	0	0	0	0	0	0	0	0	0	0	0	0	0	0	0	0	0	18	0	0	0	0	0	0	0	0	0	0	0	0	0	0	0	0	0	0	0	0	0	0	0	0	0	0	0	0	0	0	0	0	0	0	0	0	0	0	0	0	0	0	0	0	0	0	0	0	0	0	0	0	0	0	0	0	0	0	0	0	0	0	0	0	0	0
k__Bacteria___p__Pseudomonadota___c__Gammaproteobacteria___o__Pseudomonadales___f__Pseudomonadaceae___g__Pseudomonas	0	0	0	0	0	0	0	0	0	18	0	0	0	0	0	0	0	0	0	0	19	0	0	0	0	0	0	0	0	0	0	19	0	0	0	0	0	0	0	0	373	0	6	0	0	0	0	0	0	25	17	0	20	12	0	0	0	8	5	8	0	0	8	0	4	0	0	0	4	0	0	3	10	0	19	0	5	0	0	6	0	0	0	0	0	10	7	11
k__Bacteria___p__Spirochaetota___c__Spirochaetia___o__Spirochaetales___f__Spirochaetaceae___g__Treponema	0	0	0	0	0	0	0	0	4204	0	0	0	0	0	0	0	0	0	0	0	0	0	0	0	0	0	0	0	0	0	0	0	0	0	0	0	0	0	0	0	0	0	618	0	0	0	0	0	21272	0	0	13004	0	0	0	0	0	0	0	0	0	0	0	0	0	0	0	0	0	0	0	0	0	0	0	0	0	0	0	0	0	0	0	0	0	0	0	0
k__Bacteria___p__Synergistota___c__Synergistia___o__Synergistales___f__Synergistaceae___g__Cloacibacillus	0	0	0	0	0	0	0	0	0	0	0	0	0	0	0	0	2	0	0	0	0	0	0	0	0	0	0	0	0	0	0	0	0	0	8	0	0	0	4	0	5	0	0	0	0	0	0	0	0	0	0	0	0	0	0	0	2	0	0	0	0	0	4	0	0	0	0	0	0	0	0	0	0	0	0	0	0	0	0	0	0	0	0	0	0	0	0	0
k__Bacteria___p__Synergistota___c__Synergistia___o__Synergistales___f__Synergistaceae___g__Synergistes	0	0	0	0	0	0	0	0	0	0	0	0	0	0	0	0	0	0	0	0	0	0	0	0	0	0	0	0	0	0	0	9	0	0	0	0	0	0	0	0	0	0	0	0	0	0	0	0	0	0	0	0	0	0	0	0	0	0	0	0	0	0	0	0	0	0	0	0	0	0	0	0	0	0	0	0	0	0	0	0	0	0	0	0	0	0	0	0
k__Bacteria___p__Thermodesulfobacteriota___c__Desulfovibrionia___o__Desulfovibrionales___f__Desulfovibrionaceae___g__Bilophila	20	319	63	27	5	34	0	56	5	3	6	92	118	0	0	72	103	284	7	16	2	69	59	163	9	215	84	3	208	104	0	0	0	10	64	12	0	0	117	16	10	0	0	10	25	0	5	0	0	4	2	0	7	4	0	0	4	19	0	0	3	0	22	0	22	0	8	6	0	0	4	19	0	16	18	152	17	0	5	17	23	5	7	0	0	0	0	3
k__Bacteria___p__Thermodesulfobacteriota___c__Desulfovibrionia___o__Desulfovibrionales___f__Desulfovibrionaceae___g__Desulfobaculum	0	0	0	0	0	0	0	0	0	0	0	0	0	0	0	0	0	0	0	0	0	0	0	0	0	0	0	0	0	0	0	0	0	0	0	0	0	0	0	0	0	0	0	0	0	0	0	0	2	0	0	0	0	0	0	0	0	0	0	0	0	0	0	0	0	0	0	0	0	0	0	0	0	0	0	0	0	0	0	0	0	0	0	0	0	0	0	0
k__Bacteria___p__Thermodesulfobacteriota___c__Desulfovibrionia___o__Desulfovibrionales___f__Desulfovibrionaceae___g__Desulfovibrio	0	0	83	0	64	43	4	201	496	0	0	334	49	8	115	222	8	11	0	48	0	0	13	464	74	32	474	48	280	0	0	2	26	0	0	0	90	158	508	0	15	0	18	0	54	7	98	0	58	96	0	0	0	0	0	10	34	0	0	0	0	0	21	0	166	0	0	0	26	0	0	0	0	0	0	3	0	0	6	72	13	9	0	16	11	0	0	0
k__Bacteria___p__Thermodesulfobacteriota___c__Desulfovibrionia___o__Desulfovibrionales___f__Desulfovibrionaceae___g__Mailhella	0	0	0	0	0	0	0	4	0	0	0	0	0	3	31	6	0	0	0	0	0	0	0	0	0	0	0	0	0	0	0	0	0	0	0	0	0	0	0	0	0	0	0	0	0	0	0	0	0	0	0	0	0	0	0	0	0	0	0	0	0	0	0	0	0	0	0	0	0	0	0	0	0	0	0	0	0	0	0	78	9	0	0	0	0	0	0	0
k__Bacteria___p__Verrucomicrobiota___c__Lentisphaeria___o__Oligosphaerales___f__Oligosphaeraceae___g__Z20	0	0	0	0	0	0	0	0	0	0	0	0	26	0	589	0	0	0	0	0	0	0	0	0	0	0	0	0	0	0	0	0	0	0	0	0	2183	0	0	0	0	0	0	0	0	0	0	0	0	0	0	9	0	0	0	0	0	0	0	0	0	0	0	0	0	0	0	0	0	0	0	0	0	0	0	0	0	0	0	0	0	0	0	0	0	0	0	0
k__Bacteria___p__Verrucomicrobiota___c__Lentisphaeria___o__Victivallales___f__Victivallaceae___g__Victivallis	10	0	0	0	15	5	0	34	4	0	0	0	0	0	7	36	0	6	0	3	0	3	9	0	0	0	0	0	0	10	0	0	0	0	33	150	25	0	74	0	0	0	0	0	0	0	34	0	19	105	0	2	4	0	0	45	0	6	0	0	11	0	12	0	13	0	0	4	50	0	0	0	0	7	14	0	0	0	0	35	0	5	0	8	0	0	0	0
k__Bacteria___p__Verrucomicrobiota___c__Verrucomicrobiia___o__Verrucomicrobiales___f__Akkermansiaceae___g__Akkermansia	0	0	32	29	67	0	0	34	16	0	9	77	0	0	0	45	423	698	0	0	0	20	86	0	5	0	41	8	0	0	0	32	0	271	125	16	0	1095	0	0	404	0	21	8	10	0	61	0	22	0	0	0	0	0	11	77	0	0	115	12	0	0	60	0	4	0	0	0	60	0	0	0	0	0	435	1406	41	0	30	0	0	0	0	0	0	7	0	0
k__Bacteria___p__Actinomycetota___c__Actinobacteria___o__Bifidobacteriales___f__Bifidobacteriaceae___g__Bifidobacterium___s__Bifidobacterium_animalis	0	0	0	0	0	0	0	0	0	0	0	0	0	0	0	0	0	0	0	0	0	0	0	0	0	0	0	0	0	0	0	0	0	0	0	0	0	0	0	0	0	0	0	0	0	0	0	0	0	0	0	0	0	0	0	0	0	0	0	0	0	0	0	0	0	0	0	0	0	0	0	0	0	0	0	0	22	0	0	0	0	0	0	0	0	0	0	0
k__Bacteria___p__Actinomycetota___c__Actinobacteria___o__Bifidobacteriales___f__Bifidobacteriaceae___g__Bifidobacterium___s__Bifidobacterium_bifidum	0	0	5	0	0	0	0	0	0	0	0	0	0	0	0	0	0	0	0	0	0	0	0	0	15	0	0	0	0	0	0	0	84	0	0	0	0	0	0	0	0	0	0	0	0	0	0	0	0	0	0	0	0	0	0	0	0	0	0	0	0	0	0	0	0	0	0	7	0	0	0	0	0	0	0	0	0	0	0	18	0	0	0	0	0	0	0	0
k__Bacteria___p__Actinomycetota___c__Actinobacteria___o__Bifidobacteriales___f__Bifidobacteriaceae___g__Bifidobacterium___s__Bifidobacterium_dentium	0	0	0	0	0	0	0	0	0	0	0	0	0	0	0	0	0	0	0	0	0	0	0	0	0	0	0	0	0	0	0	0	0	0	0	0	0	0	0	0	0	0	0	0	0	0	0	0	0	0	0	0	0	0	0	0	0	0	0	0	0	0	0	5	0	0	0	0	0	0	0	0	0	0	0	0	0	0	0	0	0	0	0	0	0	0	0	0
k__Bacteria___p__Actinomycetota___c__Actinobacteria___o__Bifidobacteriales___f__Bifidobacteriaceae___g__Bifidobacterium___s__Bifidobacterium_longum	0	56	0	0	0	0	6	0	0	17	0	10	0	0	0	0	0	37	0	0	0	0	0	0	0	0	0	0	0	0	0	0	857	0	0	0	38	0	0	0	0	0	0	0	14	61	0	0	0	0	0	0	0	0	28	0	0	0	18	0	0	0	0	0	0	0	0	33	0	0	0	22	0	0	0	35	0	0	0	0	0	0	12	0	0	0	0	0
k__Bacteria___p__Actinomycetota___c__Actinobacteria___o__Bifidobacteriales___f__Bifidobacteriaceae___g__Bifidobacterium___s__Bifidobacterium_merycicum	0	0	0	0	0	0	0	0	0	0	0	0	0	0	0	0	0	0	0	0	0	0	0	0	6	0	0	0	0	0	0	0	0	0	0	0	0	0	0	0	0	0	0	0	0	0	0	0	0	0	0	0	0	0	0	0	0	0	0	0	0	0	0	0	0	0	0	0	0	0	0	0	0	0	0	0	0	0	0	0	0	0	0	0	0	0	0	0
k__Bacteria___p__Actinomycetota___c__Actinobacteria___o__Micrococcales___f__Brevibacteriaceae___g__Brevibacterium___s__Brevibacterium_aureum	0	0	0	0	0	0	0	0	0	0	0	0	0	0	0	0	0	0	0	0	0	0	0	0	0	0	0	0	0	0	0	0	0	0	0	0	0	0	0	0	0	0	0	0	0	0	0	0	0	0	0	0	0	0	0	0	0	0	0	2	0	0	0	0	0	0	0	0	0	0	0	0	0	0	0	0	0	0	0	0	0	0	0	0	0	0	0	0
k__Bacteria___p__Actinomycetota___c__Actinobacteria___o__Micrococcales___f__Micrococcaceae___g__Rothia___s__Rothia_mucilaginosa	0	0	0	0	0	0	0	0	0	0	0	0	0	0	0	0	0	0	0	0	0	0	0	11	0	0	0	0	4	0	0	0	0	3	2	0	0	0	0	0	0	0	0	0	0	0	0	0	0	0	0	0	0	0	0	0	0	0	0	0	0	0	0	0	0	0	0	0	0	0	0	0	0	0	0	0	0	0	0	0	0	0	0	0	0	0	0	0
k__Bacteria___p__Actinomycetota___c__Coriobacteriia___o__Coriobacteriales___f__Atopobiaceae___g__Parolsenella___s__Parolsenella_catena	0	0	0	0	5	0	0	0	0	0	0	0	0	0	0	0	0	0	0	0	0	0	0	0	0	0	0	0	0	0	0	0	0	0	0	0	0	0	0	0	0	0	0	0	0	0	0	0	0	0	0	0	0	0	0	0	0	0	0	0	0	0	0	0	0	0	0	0	0	0	0	0	0	0	0	0	0	0	0	0	0	0	0	0	0	0	0	0
k__Bacteria___p__Actinomycetota___c__Coriobacteriia___o__Coriobacteriales___f__Coriobacteriaceae___g__Collinsella___s__Collinsella_aerofaciens	0	0	24	18	48	11	0	93	19	9	3	11	80	19	52	135	31	130	64	20	9	0	38	42	40	40	66	48	54	26	21	0	301	105	191	20	12	67	0	6	63	10	9	0	44	24	21	0	35	76	0	0	8	0	0	6	10	0	16	0	9	0	51	3	0	0	0	16	0	34	22	9	11	0	20	0	16	7	38	4	7	0	0	8	6	10	0	0
k__Bacteria___p__Actinomycetota___c__Coriobacteriia___o__Coriobacteriales___f__Coriobacteriaceae___g__Collinsella___s__Collinsella_bouchesdurhonensis	0	0	0	0	0	0	0	0	0	0	0	0	0	0	0	0	0	0	0	0	0	0	0	0	0	0	0	0	0	0	0	0	19	0	0	0	0	0	0	0	0	0	0	0	0	0	0	0	0	0	0	0	0	0	0	0	0	0	0	0	0	0	0	0	0	0	0	0	0	0	0	0	0	0	0	0	0	0	0	0	0	0	0	0	0	0	0	0
k__Bacteria___p__Actinomycetota___c__Coriobacteriia___o__Coriobacteriales___f__Coriobacteriales Incertae Sedis___g__Raoultibacter___s__Raoultibacter_massiliensis	0	0	0	0	0	0	0	0	0	0	0	0	0	0	0	0	0	0	0	0	0	0	0	0	0	0	0	0	0	0	0	0	2	0	0	0	0	0	0	0	0	0	0	0	0	0	0	0	0	0	0	0	0	0	0	0	0	0	0	0	0	0	0	0	0	0	0	0	0	0	0	0	0	0	0	0	0	0	0	0	0	0	0	0	0	0	0	0
k__Bacteria___p__Actinomycetota___c__Coriobacteriia___o__Coriobacteriales___f__Coriobacteriales Incertae Sedis___g__Raoultibacter___s__Raoultibacter_timonensis	0	0	0	0	0	0	0	0	0	0	0	0	0	0	0	0	0	0	0	0	0	0	0	0	0	0	0	0	0	4	0	0	0	0	0	0	0	0	0	0	0	0	0	0	0	0	0	0	0	0	0	0	0	0	0	0	0	0	0	0	0	0	0	0	0	0	0	0	0	0	0	0	0	0	0	0	0	0	0	0	0	0	0	0	0	0	0	0
k__Bacteria___p__Actinomycetota___c__Coriobacteriia___o__Coriobacteriales___f__Eggerthellaceae___g__Eggerthella___s__Eggerthella_lenta	0	0	0	0	0	0	0	0	0	0	0	0	0	0	0	0	0	0	0	0	0	0	0	0	0	0	0	0	0	0	0	0	0	0	0	0	0	0	0	0	0	0	0	8	0	0	0	0	0	0	0	0	0	0	0	0	0	0	0	0	0	0	0	0	0	0	0	0	0	0	0	0	0	0	0	0	0	0	0	0	0	0	0	0	0	0	0	0
k__Bacteria___p__Actinomycetota___c__Coriobacteriia___o__Coriobacteriales___f__Eggerthellaceae___g__Senegalimassilia___s__Senegalimassilia_anaerobia	0	0	0	0	0	0	0	0	0	0	0	0	0	0	0	0	0	0	0	0	0	0	0	0	0	0	0	12	9	0	0	0	0	0	0	0	0	0	0	0	10	0	0	0	0	0	0	0	0	0	0	0	0	0	0	0	0	0	0	0	0	0	0	0	0	0	0	0	0	0	0	0	0	0	0	0	8	0	0	0	0	0	0	0	0	0	0	0
k__Bacteria___p__Actinomycetota___c__Coriobacteriia___o__Coriobacteriales___f__Eggerthellaceae___g__Slackia___s__Slackia_isoflavoniconvertens	0	0	4	56	13	0	0	15	0	0	0	66	0	0	4	12	0	33	0	0	0	42	10	4	0	0	11	8	5	0	0	0	15	11	0	0	0	63	0	0	61	0	0	0	16	0	49	0	7	19	0	0	0	0	0	0	0	0	0	0	0	0	0	0	9	0	0	0	0	0	0	0	0	0	0	0	0	0	0	0	0	0	0	0	0	0	0	0
k__Bacteria___p__Bacillota___c__Bacilli___o__Erysipelotrichales___f__Erysipelatoclostridiaceae___g__Catenibacterium___s__Catenibacterium_mitsuokai	0	0	215	0	574	0	39	0	0	0	0	59	433	24	243	0	0	0	0	0	0	0	0	107	0	0	0	0	74	0	0	0	633	0	0	40	1320	293	0	0	233	0	285	0	0	300	0	0	0	643	0	56	32	0	0	0	0	0	0	0	0	0	0	0	0	0	0	0	0	0	44	0	37	19	0	0	0	0	0	0	0	19	0	183	33	0	0	0
k__Bacteria___p__Bacillota___c__Bacilli___o__Erysipelotrichales___f__Erysipelatoclostridiaceae___g__Coprobacillus___s__Coprobacillus_cateniformis	0	0	0	0	0	0	0	0	0	0	0	0	0	0	0	0	0	0	0	0	0	0	0	0	0	29	0	0	0	0	0	0	96	0	0	0	0	0	0	0	15	0	0	0	0	0	0	0	0	0	0	0	0	0	0	0	0	0	0	0	0	0	0	0	0	0	0	0	0	0	0	0	0	0	0	0	0	0	0	0	0	0	0	0	0	0	0	0
k__Bacteria___p__Bacillota___c__Bacilli___o__Erysipelotrichales___f__Erysipelatoclostridiaceae___g__Erysipelotrichaceae UCG-003___s__bacterium	16	59	0	15	0	52	0	0	0	0	121	0	0	0	0	11	38	18	12	0	6	32	0	0	0	0	5	8	0	212	0	9	0	44	14	0	0	0	0	20	0	0	3	67	31	0	8	0	0	0	29	0	0	21	5	3	9	54	0	7	22	0	0	54	61	46	0	101	0	41	0	0	0	0	15	200	196	23	14	8	45	88	13	26	0	0	0	0
k__Bacteria___p__Bacillota___c__Bacilli___o__Erysipelotrichales___f__Erysipelatoclostridiaceae___g__Longibaculum___s__Longibaculum_muris	0	0	0	0	0	0	0	0	0	0	0	0	0	0	0	0	0	0	0	0	0	0	0	0	0	0	0	0	0	0	0	0	0	0	0	0	0	0	0	0	0	18	0	0	0	0	0	0	0	0	0	0	0	0	0	0	0	0	0	0	0	0	0	0	0	0	0	0	0	0	0	0	0	0	0	0	0	0	0	0	0	0	0	0	0	0	0	0
k__Bacteria___p__Bacillota___c__Bacilli___o__Erysipelotrichales___f__Erysipelatoclostridiaceae___g__Massiliomicrobiota___s__Massiliomicrobiota_timonensis	0	7	0	0	0	0	0	0	0	0	0	0	0	0	0	0	0	0	0	0	0	0	0	0	0	0	0	0	0	0	0	0	0	0	0	0	0	0	0	0	0	0	0	0	0	0	0	0	0	0	0	0	0	0	0	0	0	0	0	0	0	0	0	0	0	0	0	0	0	0	0	0	0	0	0	0	0	0	0	0	0	0	0	0	0	0	0	0
k__Bacteria___p__Bacillota___c__Bacilli___o__Erysipelotrichales___f__Erysipelotrichaceae___g__Dielma___s__Dielma_fastidiosa	0	9	0	0	0	0	0	0	0	8	0	0	0	0	0	0	0	13	0	0	0	0	0	0	0	23	0	0	0	2	0	0	0	0	0	0	0	0	0	0	3	0	0	0	0	0	0	20	0	0	0	0	0	0	0	0	0	0	0	0	0	0	0	0	0	0	0	0	5	0	0	0	0	0	0	11	0	0	0	0	0	0	0	0	0	0	0	0
k__Bacteria___p__Bacillota___c__Bacilli___o__Erysipelotrichales___f__Erysipelotrichaceae___g__Holdemanella___s__Holdemanella_biformis	0	0	0	0	19	0	0	0	0	0	64	0	0	24	0	0	0	58	0	0	0	28	0	23	0	0	0	0	162	0	0	0	38	0	68	77	0	374	85	0	105	0	0	0	41	0	0	51	55	118	0	0	0	0	26	30	355	0	0	0	0	0	0	0	0	31	0	0	0	0	0	0	0	0	0	219	0	0	0	30	0	239	0	0	0	0	0	0
k__Bacteria___p__Bacillota___c__Bacilli___o__Erysipelotrichales___f__Erysipelotrichaceae___g__Holdemania___s__Holdemania_filiformis	0	0	0	0	0	0	0	0	0	0	3	0	3	0	0	0	0	0	0	0	0	0	0	0	0	0	0	0	0	0	0	0	3	0	3	0	0	0	0	0	0	0	0	0	0	0	0	0	0	0	0	0	0	0	0	0	0	0	0	0	0	0	0	0	0	0	0	0	0	0	0	0	0	0	0	0	0	0	0	0	0	0	0	0	0	0	0	0
k__Bacteria___p__Bacillota___c__Bacilli___o__Erysipelotrichales___f__Erysipelotrichaceae___g__Holdemania___s__Holdemania_massiliensis	0	10	5	0	0	0	0	11	0	0	0	0	0	0	0	14	0	0	0	0	0	6	0	0	0	0	0	0	0	0	3	0	0	0	0	3	0	0	0	0	0	0	0	0	0	0	0	0	0	0	0	0	0	0	0	0	0	0	0	0	0	0	0	0	0	0	0	0	0	0	0	0	0	0	0	20	0	0	0	0	0	0	0	0	0	0	0	0
k__Bacteria___p__Bacillota___c__Bacilli___o__Erysipelotrichales___f__Erysipelotrichaceae___g__Turicibacter___s__Turicibacter_sanguinis	0	0	0	0	0	0	0	0	0	0	0	0	0	0	0	0	0	0	0	6	0	0	19	0	0	0	0	2	0	0	0	0	85	0	14	0	0	0	0	0	0	0	0	14	46	0	0	251	0	5	0	0	0	0	0	191	0	0	0	0	16	0	0	0	0	0	0	140	0	0	0	0	0	0	0	0	0	0	0	0	0	0	23	0	5	0	0	0
k__Bacteria___p__Bacillota___c__Bacilli___o__Lactobacillales___f__Enterococcaceae___g__Enterococcus___s__Enterococcus_faecium	0	0	0	0	0	0	0	0	0	0	0	0	0	0	0	0	0	0	0	0	0	0	0	0	0	0	0	0	0	0	0	0	0	0	0	0	0	0	0	0	0	0	0	0	0	0	0	24	0	0	0	0	0	0	0	0	0	0	0	0	0	0	0	0	0	0	0	0	0	0	0	0	0	0	0	0	0	0	0	0	0	0	0	0	0	0	0	0
k__Bacteria___p__Bacillota___c__Bacilli___o__Lactobacillales___f__Lactobacillaceae___g__Lactobacillus___s__Lactobacillus_delbrueckii	0	0	0	0	0	0	0	0	0	0	0	2	0	0	0	0	0	0	0	0	0	0	0	0	0	0	0	0	0	0	0	2	0	0	0	0	0	0	0	0	0	0	0	0	0	0	0	0	0	0	0	0	0	0	0	0	0	0	0	0	0	0	0	0	0	0	0	0	0	0	0	0	0	0	0	0	0	0	0	0	0	0	0	0	0	0	0	0
k__Bacteria___p__Bacillota___c__Bacilli___o__Lactobacillales___f__Lactobacillaceae___g__Leuconostoc___s__Leuconostoc_carnosum	0	0	0	0	0	0	0	0	0	0	0	0	0	0	0	0	0	0	0	0	0	0	0	0	0	0	0	0	0	0	0	0	0	0	0	0	0	0	0	0	0	0	0	0	0	0	0	0	0	0	0	0	0	0	0	0	0	0	0	0	0	0	0	0	0	0	0	0	0	0	0	0	0	0	11	0	0	0	0	0	0	0	0	0	0	0	0	0
k__Bacteria___p__Bacillota___c__Bacilli___o__Lactobacillales___f__Lactobacillaceae___g__Leuconostoc___s__Leuconostoc_kimchii	46	0	0	0	0	0	0	0	0	100	0	0	0	0	0	0	0	0	0	0	76	0	0	0	0	0	0	0	0	0	0	74	0	0	0	0	0	0	0	0	0	0	49	0	0	0	0	0	0	58	33	50	91	53	0	0	53	33	37	48	70	38	92	37	34	38	65	28	54	85	53	33	46	47	137	72	75	9	47	56	16	18	34	27	38	59	80	67
k__Bacteria___p__Bacillota___c__Bacilli___o__Lactobacillales___f__Lactobacillaceae___g__Weissella___s__Weissella_koreensis	13	0	0	0	0	0	0	0	0	31	0	0	0	0	0	0	0	0	0	0	13	0	0	0	0	0	0	0	0	0	0	18	0	0	0	0	0	0	0	0	0	0	0	0	0	0	0	0	0	28	10	9	8	24	0	0	10	9	0	10	21	0	23	19	17	9	17	0	0	27	14	0	0	0	36	22	15	0	10	0	0	0	0	7	0	11	10	12
k__Bacteria___p__Bacillota___c__Bacilli___o__Lactobacillales___f__Lactobacillaceae___g__Weissella___s__Weissella_soli	29	0	0	0	0	0	0	0	0	23	0	0	0	0	0	0	0	0	0	0	28	0	0	0	0	0	0	0	0	0	0	30	0	0	0	0	0	0	0	0	0	0	21	0	0	0	0	0	0	30	20	21	22	26	0	0	17	8	13	10	22	0	17	15	8	26	16	0	14	41	17	0	15	12	62	21	20	0	10	15	0	0	14	11	7	18	30	14
k__Bacteria___p__Bacillota___c__Bacilli___o__Lactobacillales___f__Streptococcaceae___g__Lactococcus___s__Lactococcus_piscium	0	0	0	0	0	0	0	0	0	0	0	0	0	0	0	0	0	0	0	0	0	0	0	0	0	0	0	0	0	30	0	0	0	0	0	0	0	0	0	0	0	0	0	0	0	0	0	0	0	0	0	0	0	0	0	0	0	0	0	0	0	0	0	0	0	0	0	0	0	0	0	0	0	0	0	0	0	0	0	0	0	0	0	0	0	0	0	0
k__Bacteria___p__Bacillota___c__Bacilli___o__Lactobacillales___f__Streptococcaceae___g__Streptococcus___s__Streptococcus_infantarius	0	0	0	0	0	0	0	0	0	0	0	0	0	0	0	0	0	0	0	0	0	0	0	0	0	0	0	0	0	0	38	0	0	0	0	0	0	0	0	0	0	0	0	0	0	0	0	0	0	0	0	0	0	0	0	0	0	0	0	0	0	0	0	0	0	0	0	0	0	0	0	0	0	0	0	0	0	0	0	0	0	0	0	0	0	0	0	0
k__Bacteria___p__Bacillota___c__Bacilli___o__Lactobacillales___f__Streptococcaceae___g__Streptococcus___s__Streptococcus_parasanguinis	0	0	0	0	0	0	0	0	0	0	0	0	0	0	0	0	0	0	0	0	0	0	0	12	0	0	0	0	0	0	0	0	25	0	0	0	0	0	0	0	0	0	0	0	0	0	0	0	0	0	0	0	0	0	0	0	0	0	0	0	0	0	0	0	0	0	0	0	0	0	0	0	0	0	0	0	0	0	0	0	0	0	0	0	0	0	0	0
k__Bacteria___p__Bacillota___c__Bacilli___o__Staphylococcales___f__Gemellaceae___g__Gemella___s__Gemella_morbillorum	0	0	0	0	0	0	0	0	0	0	0	0	0	0	0	0	0	0	0	0	0	0	0	0	0	0	2	0	0	0	0	0	0	0	0	0	0	0	0	0	0	0	0	0	0	0	0	0	0	0	0	0	0	0	0	0	0	0	0	0	0	0	0	0	0	0	0	0	0	0	0	0	0	0	0	0	0	0	0	0	0	0	0	0	0	0	0	0
k__Bacteria___p__Bacillota___c__Bacilli___o__Staphylococcales___f__Gemellaceae___g__Gemella___s__Gemella_sanguinis	0	0	0	0	0	0	0	0	0	0	0	0	0	0	0	0	0	0	0	0	0	0	0	0	0	0	0	4	0	0	3	0	0	0	0	0	0	0	0	0	0	0	0	0	0	0	0	0	0	0	0	0	0	0	0	0	0	0	0	0	0	0	0	0	0	0	0	0	0	0	0	0	0	0	0	0	0	0	0	0	0	0	0	0	0	0	0	0
k__Bacteria___p__Bacillota___c__Clostridia___o__Clostridiales___f__Clostridiaceae___g__Clostridium___s__Clostridium_neonatale	0	0	0	0	0	0	0	0	0	0	0	0	0	0	0	0	0	0	0	0	0	0	0	0	0	0	0	0	0	0	0	0	0	0	0	0	0	0	0	0	0	0	0	0	0	0	0	26	0	0	0	0	0	0	0	0	0	0	0	0	0	0	0	0	0	0	0	0	0	0	0	0	0	0	0	0	0	0	0	0	0	0	0	0	0	0	0	0
k__Bacteria___p__Bacillota___c__Clostridia___o__Clostridiales___f__Clostridiaceae___g__Clostridium___s__Clostridium_paraputrificum	0	0	0	0	0	0	0	0	0	0	0	0	0	0	0	0	0	0	0	0	0	0	0	0	0	0	0	0	0	0	0	0	0	0	0	0	0	0	0	0	0	0	0	0	0	0	0	0	0	0	0	0	0	0	0	0	0	0	0	0	0	0	0	0	0	0	0	0	0	0	0	0	0	0	0	0	0	0	0	0	0	0	8	0	0	0	0	0
k__Bacteria___p__Bacillota___c__Clostridia___o__Clostridiales___f__Clostridiaceae___g__Clostridium___s__Clostridium_tertium	0	0	0	0	0	0	0	0	0	0	0	0	0	0	0	0	0	0	0	0	0	0	0	0	0	0	0	0	0	0	0	0	0	0	0	0	0	0	0	0	150	0	7	0	0	0	0	0	0	0	0	0	0	0	0	0	0	0	0	0	0	0	0	0	0	0	0	0	0	0	0	0	0	0	0	0	0	0	0	0	0	0	0	0	0	0	0	0
k__Bacteria___p__Bacillota___c__Clostridia___o__Clostridiales___f__Clostridiaceae___g__Sarcina___s__Sarcina_ventriculi	0	0	0	0	0	0	0	0	0	0	0	0	0	0	0	0	0	0	0	0	0	0	0	0	0	0	0	0	0	0	0	0	0	0	0	0	0	0	0	0	0	0	0	0	0	0	0	0	0	0	0	0	0	0	0	0	0	0	33	0	0	0	0	0	0	0	0	0	0	0	0	0	0	0	0	0	0	0	0	0	0	0	0	0	0	0	0	0
k__Bacteria___p__Bacillota___c__Clostridia___o__Lachnospirales___f__Lachnospiraceae___g__Anaerostipes___s__Anaerostipes_hadrus	0	510	0	128	0	87	25	9	18	18	167	11	52	7	0	16	22	18	95	0	72	217	19	22	37	0	34	38	24	47	37	27	91	969	25	24	0	93	19	55	23	588	10	191	0	14	0	142	14	31	0	24	0	95	0	0	12	38	39	17	133	335	30	143	28	0	40	208	14	64	74	18	19	0	128	205	101	0	50	8	12	27	34	38	0	34	0	0
k__Bacteria___p__Bacillota___c__Clostridia___o__Lachnospirales___f__Lachnospiraceae___g__Blautia___s__Blautia_faecis	93	87	50	62	15	9	50	37	21	0	83	149	42	0	30	47	35	129	15	17	27	0	35	70	96	59	53	26	33	250	258	0	66	301	36	21	86	73	29	24	33	134	14	22	36	0	0	0	0	42	43	0	0	0	21	0	42	18	8	37	42	19	50	76	39	8	8	80	0	36	40	49	27	0	197	60	107	21	0	0	21	27	23	17	0	12	0	0
k__Bacteria___p__Bacillota___c__Clostridia___o__Lachnospirales___f__Lachnospiraceae___g__Blautia___s__Blautia_luti	0	0	0	0	0	0	0	0	0	0	0	0	0	0	0	0	0	0	0	0	0	0	0	0	0	0	0	0	0	0	0	0	121	0	0	0	0	0	0	0	0	0	0	0	0	0	0	0	0	0	0	0	0	0	0	0	0	0	0	0	0	0	0	0	0	0	0	0	0	0	0	0	0	0	0	0	0	0	0	0	0	0	0	0	0	0	0	0
k__Bacteria___p__Bacillota___c__Clostridia___o__Lachnospirales___f__Lachnospiraceae___g__Blautia___s__Blautia_massiliensis	75	359	78	17	38	21	98	19	37	0	84	80	152	46	36	35	43	119	479	8	66	224	28	114	77	334	208	36	83	46	1950	15	811	71	117	129	112	143	115	33	25	0	0	114	188	18	40	164	58	99	14	0	27	116	29	0	38	40	34	30	86	68	98	22	34	14	17	126	38	48	41	84	11	23	99	67	64	51	129	74	53	120	98	70	9	39	12	16
k__Bacteria___p__Bacillota___c__Clostridia___o__Lachnospirales___f__Lachnospiraceae___g__Blautia___s__Blautia_obeum	0	15	18	26	28	0	40	226	77	0	23	241	51	0	0	284	54	16	22	14	34	89	35	9	9	0	103	42	74	45	99	0	152	182	32	53	83	31	10	0	12	0	9	59	21	0	31	0	24	6	0	16	9	14	0	0	0	20	21	10	36	20	117	21	52	0	0	95	39	48	15	29	14	22	20	0	62	18	62	33	39	0	9	31	0	18	0	0
k__Bacteria___p__Bacillota___c__Clostridia___o__Lachnospirales___f__Lachnospiraceae___g__Blautia___s__Blautia_stercoris	23	45	0	0	0	0	0	14	22	0	0	42	0	0	0	18	0	0	0	0	0	0	0	0	0	0	0	0	0	0	0	0	0	33	0	38	0	0	0	0	0	0	0	0	0	0	0	0	0	0	0	0	0	0	0	0	0	0	0	0	0	50	0	24	0	28	0	0	0	20	0	0	0	0	351	0	0	23	0	0	0	0	0	0	0	0	0	0
k__Bacteria___p__Bacillota___c__Clostridia___o__Lachnospirales___f__Lachnospiraceae___g__Butyrivibrio___s__Butyrivibrio_crossotus	0	0	2833	0	833	291	0	0	1385	0	0	0	0	0	3891	0	337	91	0	5833	0	0	432	0	0	0	565	0	2269	0	0	0	0	0	0	0	1725	56	83	707	422	0	120	485	8	0	5239	0	584	0	0	0	434	0	5	0	0	0	0	0	0	0	0	0	0	0	0	140	313	0	0	0	0	0	3658	0	0	57	0	0	475	479	0	0	182	0	0	0
k__Bacteria___p__Bacillota___c__Clostridia___o__Lachnospirales___f__Lachnospiraceae___g__Coprococcus___s__Coprococcus_catus	0	27	14	9	12	8	8	6	30	0	23	0	0	10	7	0	15	24	14	11	0	18	122	0	10	0	20	7	163	19	45	0	71	49	16	0	57	19	19	0	24	0	0	0	24	0	17	28	36	17	0	0	11	0	11	0	0	0	12	0	0	0	11	9	10	11	0	11	0	24	0	8	0	6	0	0	5	0	28	0	0	11	25	6	0	7	0	0
k__Bacteria___p__Bacillota___c__Clostridia___o__Lachnospirales___f__Lachnospiraceae___g__Coprococcus___s__Coprococcus_comes	26	179	25	28	46	0	46	31	135	0	112	63	33	15	131	41	27	75	33	34	12	41	42	41	9	89	435	159	73	66	171	0	170	441	108	43	72	199	177	41	41	225	28	30	39	135	53	75	106	158	0	38	25	0	139	27	43	16	10	0	23	19	40	51	71	26	0	82	0	16	23	20	8	10	89	0	97	37	286	49	20	85	11	49	14	0	4	0
k__Bacteria___p__Bacillota___c__Clostridia___o__Lachnospirales___f__Lachnospiraceae___g__Coprococcus___s__Coprococcus_eutactus	0	0	164	623	41	0	67	0	0	0	0	0	0	45	0	0	200	0	0	0	0	913	120	0	700	292	78	35	76	0	0	0	0	156	0	0	0	250	0	0	0	0	0	0	48	13	0	0	0	24	33	0	0	0	153	0	25	24	95	0	200	0	0	0	0	0	0	56	35	0	0	11	30	0	0	0	387	32	0	0	96	0	0	127	27	0	0	0
k__Bacteria___p__Bacillota___c__Clostridia___o__Lachnospirales___f__Lachnospiraceae___g__Dorea___s__Dorea_formicigenerans	13	21	24	20	21	10	21	21	43	0	16	19	50	12	42	26	39	75	7	46	16	20	7	21	8	150	48	41	61	17	29	0	78	37	114	14	45	119	8	10	74	78	5	21	20	16	11	38	21	20	24	0	8	0	13	0	15	11	8	0	13	5	7	24	33	11	25	5	13	15	11	11	7	9	29	58	35	4	52	0	15	43	12	46	8	9	0	0
k__Bacteria___p__Bacillota___c__Clostridia___o__Lachnospirales___f__Lachnospiraceae___g__Dorea___s__Dorea_longicatena	45	514	68	50	26	39	125	102	44	8	60	60	191	61	68	109	63	183	71	70	48	96	190	68	177	0	663	156	163	99	145	11	437	191	72	52	112	185	211	29	200	136	58	51	222	93	62	231	82	523	10	23	28	18	56	15	28	63	54	67	37	31	65	15	85	31	44	84	27	58	59	44	12	36	516	100	270	43	210	31	9	158	52	52	8	40	12	10
k__Bacteria___p__Bacillota___c__Clostridia___o__Lachnospirales___f__Lachnospiraceae___g__Eisenbergiella___s__Eisenbergiella_massiliensis	0	7	0	0	0	0	0	0	0	0	0	0	0	0	0	0	0	0	0	0	0	0	0	0	0	0	0	0	0	0	0	0	0	0	0	0	0	0	0	0	0	0	0	0	0	0	0	0	0	0	0	0	0	4	0	0	0	0	0	0	0	0	0	0	0	0	0	0	0	0	0	0	0	0	0	0	0	0	0	0	0	0	0	0	0	0	0	0
k__Bacteria___p__Bacillota___c__Clostridia___o__Lachnospirales___f__Lachnospiraceae___g__Eisenbergiella___s__Eisenbergiella_tayi	0	0	0	0	0	0	0	0	0	0	0	0	0	0	0	4	0	0	0	0	0	0	0	0	0	17	0	0	0	0	0	0	0	0	0	0	0	0	0	0	0	0	0	0	0	0	0	0	0	0	0	0	0	0	0	0	0	0	0	0	0	0	0	0	0	0	0	0	0	0	0	0	0	0	0	0	0	0	0	0	0	0	0	0	0	0	0	0
k__Bacteria___p__Bacillota___c__Clostridia___o__Lachnospirales___f__Lachnospiraceae___g__Faecalimonas___s__Faecalimonas_umbilicata	0	0	0	0	0	0	0	0	0	0	0	0	0	0	0	0	0	0	0	0	0	0	0	0	0	4	0	0	0	0	0	0	0	0	0	0	0	0	0	0	0	0	0	0	0	0	0	0	0	0	0	0	0	0	0	0	0	0	0	0	0	0	0	0	0	0	0	0	0	0	0	0	0	0	0	0	0	0	0	0	0	0	0	0	0	0	0	0
k__Bacteria___p__Bacillota___c__Clostridia___o__Lachnospirales___f__Lachnospiraceae___g__Fusicatenibacter___s__Fusicatenibacter_saccharivorans	258	297	22	31	35	31	82	66	117	3	114	158	52	46	48	61	201	52	48	33	7	68	256	45	29	241	119	34	115	131	175	75	1741	935	79	120	125	540	0	30	81	103	44	38	177	14	22	165	136	96	0	15	48	95	91	27	105	22	103	145	292	127	110	60	185	236	1119	193	25	139	32	108	30	27	463	134	13	31	36	21	61	174	64	36	0	45	16	0
k__Bacteria___p__Bacillota___c__Clostridia___o__Lachnospirales___f__Lachnospiraceae___g__Hungatella___s__Hungatella_hathewayi	0	0	5	0	0	0	0	0	0	0	0	0	0	0	0	0	0	0	0	0	0	0	0	0	0	156	0	6	0	0	5	0	0	6	10	0	0	0	0	0	0	0	8	0	0	0	0	0	0	0	0	0	0	0	0	0	0	0	0	0	0	0	0	0	0	0	0	0	0	0	0	0	0	0	0	60	0	0	0	0	0	0	0	0	0	0	0	0
k__Bacteria___p__Bacillota___c__Clostridia___o__Lachnospirales___f__Lachnospiraceae___g__Lachnoclostridium___s__Lachnoclostridium_edouardi	0	115	171	77	49	0	55	33	35	13	320	75	60	43	65	45	315	139	14	141	0	183	18	175	109	0	84	347	761	287	233	0	86	170	151	19	0	131	34	28	34	328	9	0	45	0	37	0	0	17	15	0	16	30	0	24	0	37	0	0	20	167	14	29	37	0	0	21	0	20	16	0	37	49	22	0	0	0	38	0	56	54	27	17	0	0	0	0
k__Bacteria___p__Bacillota___c__Clostridia___o__Lachnospirales___f__Lachnospiraceae___g__Lachnospira___s__Lachnospira_pectinoschiza	35	995	109	110	0	48	333	13	16	0	543	138	19	26	24	10	239	58	26	74	7	300	23	139	157	392	39	137	33	1152	135	8	135	0	208	41	0	90	8	32	12	407	0	60	126	60	211	0	13	11	23	0	8	30	177	25	87	142	29	0	113	145	24	8	0	0	61	21	19	23	91	71	164	0	20	32	43	32	151	83	48	6	87	63	93	16	5	9
k__Bacteria___p__Bacillota___c__Clostridia___o__Lachnospirales___f__Lachnospiraceae___g__Lachnospiraceae FCS020 group___s__bacterium	0	0	14	0	0	0	0	0	0	0	0	0	0	0	0	0	0	0	0	0	0	11	6	7	0	0	0	13	0	7	5	0	31	12	0	0	0	0	0	0	0	0	0	0	0	0	0	0	0	0	0	0	0	0	0	0	0	0	0	0	10	0	0	0	0	0	0	0	0	0	0	0	0	0	0	0	0	0	0	0	0	0	0	0	0	0	0	0
k__Bacteria___p__Bacillota___c__Clostridia___o__Lachnospirales___f__Lachnospiraceae___g__Lachnospiraceae NK4A136 group___s__bacterium	0	125	36	576	0	0	0	0	160	0	0	0	43	31	0	0	0	0	0	191	9	0	112	85	0	681	46	152	202	198	91	0	0	162	0	0	0	43	70	0	0	51	0	101	0	0	102	0	113	45	274	0	0	0	24	0	47	56	0	87	86	53	0	58	0	0	204	128	63	56	289	0	22	0	75	99	0	0	277	0	90	77	168	94	0	0	0	10
k__Bacteria___p__Bacillota___c__Clostridia___o__Lachnospirales___f__Lachnospiraceae___g__Mediterraneibacter___s__Mediterraneibacter_faecis	0	0	29	34	39	72	170	29	114	0	52	17	928	76	25	40	114	72	22	68	20	61	70	0	0	0	211	23	374	87	212	22	202	254	97	26	115	464	15	36	81	33	21	132	118	18	0	311	76	127	0	33	24	13	0	10	12	23	39	7	24	78	37	0	50	16	6	171	37	42	20	42	19	49	305	288	95	74	114	0	54	128	41	107	19	21	0	0
k__Bacteria___p__Bacillota___c__Clostridia___o__Lachnospirales___f__Lachnospiraceae___g__Roseburia___s__Roseburia_hominis	0	31	18	207	47	0	0	0	24	0	0	26	37	0	0	0	0	42	0	0	17	158	136	0	33	0	130	0	0	59	56	0	0	59	58	0	18	56	0	56	89	0	0	0	0	0	0	0	0	10	0	0	0	0	0	12	0	0	0	623	0	0	47	33	137	0	185	0	0	0	0	0	0	0	0	56	141	0	13	0	119	0	0	0	0	74	0	0
k__Bacteria___p__Bacillota___c__Clostridia___o__Lachnospirales___f__Lachnospiraceae___g__Roseburia___s__Roseburia_intestinalis	569	33	0	221	0	0	228	34	0	0	264	0	49	82	15	41	0	32	78	14	0	0	96	209	0	0	0	160	1133	590	200	39	805	238	123	451	0	0	78	102	0	5116	0	308	50	0	129	0	0	0	599	0	16	278	0	0	211	257	0	45	101	222	0	0	0	49	0	754	199	34	0	0	158	0	89	0	0	490	0	0	38	0	196	83	0	0	0	13
k__Bacteria___p__Bacillota___c__Clostridia___o__Lachnospirales___f__Lachnospiraceae___g__Roseburia___s__Roseburia_inulinivorans	393	1996	27	35	47	20	470	0	14	0	376	31	118	170	152	0	213	145	63	209	18	159	111	618	244	2328	1132	219	4644	753	262	0	703	647	326	713	16	935	13	263	108	981	0	0	723	97	121	30	135	0	5347	0	19	87	80	24	265	135	316	167	110	245	0	112	56	22	0	504	151	488	0	324	39	10	45	105	55	37	650	64	319	37	78	35	0	159	18	20
k__Bacteria___p__Bacillota___c__Clostridia___o__Monoglobales___f__Monoglobaceae___g__Monoglobus___s__Monoglobus_pectinilyticus	0	0	0	0	0	0	0	0	0	0	0	0	0	0	0	0	0	0	0	0	0	0	0	0	0	0	0	0	0	0	0	0	0	0	0	0	0	0	0	0	0	0	0	0	0	0	0	0	0	0	0	0	0	0	0	0	0	0	0	0	0	0	5	0	0	0	0	0	0	0	0	0	0	0	0	0	0	0	0	0	0	0	0	0	0	0	0	0
k__Bacteria___p__Bacillota___c__Clostridia___o__Oscillospirales___f__Butyricicoccaceae___g__Agathobaculum___s__Agathobaculum_butyriciproducens	0	0	0	0	0	0	0	19	0	0	0	0	0	0	0	0	0	0	0	0	14	9	0	0	0	0	46	0	0	0	80	0	0	51	0	0	0	0	0	0	0	0	0	0	0	0	0	0	0	0	0	0	0	0	13	0	0	0	0	0	0	0	0	0	0	0	0	12	0	43	0	0	10	0	0	0	0	0	0	0	0	0	0	0	0	0	0	0
k__Bacteria___p__Bacillota___c__Clostridia___o__Oscillospirales___f__Butyricicoccaceae___g__Butyricicoccus___s__Butyricicoccus_pullicaecorum	0	0	0	0	0	0	0	0	0	0	0	0	0	0	0	0	0	0	0	0	0	0	0	0	0	0	0	0	0	0	0	0	0	0	0	0	0	0	0	0	0	0	0	0	0	0	0	6	0	0	0	0	0	0	0	0	0	0	0	0	0	0	0	0	0	0	0	0	0	0	0	0	0	0	0	0	0	0	0	0	0	0	0	0	0	0	0	0
k__Bacteria___p__Bacillota___c__Clostridia___o__Oscillospirales___f__Oscillospiraceae___g__Colidextribacter___s__Colidextribacter_massiliensis	0	6	0	0	0	0	0	0	0	0	0	0	4	4	0	0	0	0	8	0	0	0	0	6	0	0	0	0	0	8	0	0	0	0	0	0	0	0	0	0	0	0	0	0	8	0	0	0	12	0	0	0	0	0	0	0	0	0	13	0	0	0	0	0	0	0	0	0	0	0	0	0	0	0	0	0	4	0	19	0	0	0	0	0	0	0	0	0
k__Bacteria___p__Bacillota___c__Clostridia___o__Oscillospirales___f__Oscillospiraceae___g__Flavonifractor___s__Flavonifractor_plautii	0	18	0	0	0	0	0	30	0	6	3	11	0	0	0	39	0	0	0	0	0	0	0	7	0	63	0	0	4	0	0	0	0	10	6	0	0	0	0	0	0	11	0	0	0	0	0	0	0	0	0	0	0	0	0	0	7	0	0	0	0	0	0	10	0	0	0	0	0	0	10	0	0	0	0	13	0	0	0	0	0	0	0	0	0	0	0	0
k__Bacteria___p__Bacillota___c__Clostridia___o__Oscillospirales___f__Oscillospiraceae___g__Intestinimonas___s__Intestinimonas_butyriciproducens	0	3	0	0	0	0	0	0	0	0	0	0	0	0	0	5	0	0	0	0	0	0	0	0	0	0	0	0	0	0	19	0	0	0	0	0	0	0	0	0	0	0	0	0	0	0	0	0	0	0	0	0	0	0	0	8	0	0	0	0	0	0	0	0	17	0	0	0	0	0	0	0	0	0	0	41	0	0	0	0	0	0	0	0	0	0	0	0
k__Bacteria___p__Bacillota___c__Clostridia___o__Oscillospirales___f__Ruminococcaceae___g__Anaerotruncus___s__Anaerotruncus_colihominis	0	0	0	0	0	0	0	10	0	0	0	0	0	0	0	11	0	0	0	0	0	0	0	0	0	19	0	0	0	0	0	0	0	0	0	0	0	0	0	0	0	0	0	0	0	0	0	28	0	0	0	0	0	0	0	0	0	0	0	0	0	0	0	0	0	0	0	0	0	0	0	0	0	0	0	0	0	0	0	0	0	0	0	0	0	0	0	0
k__Bacteria___p__Bacillota___c__Clostridia___o__Oscillospirales___f__Ruminococcaceae___g__Anaerotruncus___s__Anaerotruncus_rubiinfantis	0	0	0	0	0	0	0	0	0	0	0	0	0	0	0	0	0	2	0	0	0	0	0	0	0	0	0	0	0	3	3	0	0	0	8	0	0	0	0	0	0	0	0	0	0	0	0	0	0	0	0	0	0	0	0	0	0	0	0	0	0	0	0	0	3	0	0	0	0	0	0	0	0	0	0	0	0	0	0	0	0	0	0	0	0	0	0	0
k__Bacteria___p__Bacillota___c__Clostridia___o__Oscillospirales___f__Ruminococcaceae___g__Faecalibacterium___s__Faecalibacterium_prausnitzii	1112	3613	1268	1343	1016	1774	1337	22	1169	0	3102	1164	1586	1382	818	15	1102	1210	1163	953	434	1085	589	3385	1644	1344	2422	2099	2597	5006	2922	457	5920	4843	1377	9046	2007	1119	680	3882	5319	699	2524	421	1515	589	2254	2155	650	1389	2254	248	269	208	436	6133	1794	546	456	350	372	1686	4618	1307	777	3401	554	1941	351	1634	2024	2357	2253	3379	3336	2037	3613	653	1611	1092	755	2436	1320	378	406	1981	67	166
k__Bacteria___p__Bacillota___c__Clostridia___o__Oscillospirales___f__Ruminococcaceae___g__Gemmiger___s__Gemmiger_formicilis	56	243	142	211	137	0	50	19	94	0	80	265	33	18	143	18	227	264	29	34	74	401	21	0	61	0	97	223	605	870	73	14	215	283	271	91	27	102	13	17	205	28	38	76	231	17	112	23	346	230	14	15	20	0	143	108	334	84	123	45	154	27	59	46	494	23	0	26	137	130	97	76	128	13	0	0	158	75	254	63	56	54	40	45	64	34	38	4
k__Bacteria___p__Bacillota___c__Clostridia___o__Oscillospirales___f__Ruminococcaceae___g__Harryflintia___s__Harryflintia_acetispora	0	0	0	0	0	0	0	0	0	0	0	0	0	0	0	0	0	0	0	0	0	0	0	0	0	0	0	0	0	0	0	0	0	0	0	0	0	0	0	0	0	0	0	0	0	0	0	0	0	0	0	0	0	0	0	0	0	0	0	0	0	0	0	0	0	0	0	0	0	0	0	0	0	0	0	11	0	0	0	0	0	0	0	0	0	0	0	0
k__Bacteria___p__Bacillota___c__Clostridia___o__Oscillospirales___f__Ruminococcaceae___g__Negativibacillus___s__Negativibacillus_massiliensis	0	4	0	0	0	0	0	0	0	0	0	0	0	0	0	0	0	0	0	0	0	0	0	0	0	0	0	0	0	0	0	0	0	0	0	0	0	0	0	0	0	0	0	0	0	0	0	0	0	0	0	0	0	0	0	0	0	0	0	0	0	0	0	0	0	0	0	0	0	0	0	0	0	0	0	14	0	0	0	0	0	0	0	0	0	0	0	0
k__Bacteria___p__Bacillota___c__Clostridia___o__Oscillospirales___f__Ruminococcaceae___g__Phocea___s__Phocea_massiliensis	0	0	0	0	0	0	0	4	0	0	4	6	0	0	0	5	0	8	0	0	0	0	0	0	0	17	0	8	0	0	0	0	0	0	0	0	0	0	0	0	0	0	0	0	0	0	0	0	0	0	0	0	0	0	0	0	0	0	0	0	0	0	0	0	0	0	0	0	0	0	0	0	0	0	0	0	0	0	0	0	0	0	0	0	0	0	0	0
k__Bacteria___p__Bacillota___c__Clostridia___o__Oscillospirales___f__Ruminococcaceae___g__Ruminococcus___s__Ruminococcus_bicirculans	0	0	0	0	46	0	0	0	0	0	82	0	135	0	0	0	151	0	0	0	9	0	20	91	28	236	257	0	106	0	2015	7	3192	0	95	304	12	0	0	16	266	0	0	230	0	231	85	0	127	0	0	0	0	63	0	0	0	37	0	103	0	0	0	0	0	0	40	23	0	0	0	0	55	8	0	0	0	10	0	13	0	0	487	49	0	55	0	12
k__Bacteria___p__Bacillota___c__Clostridia___o__Oscillospirales___f__Ruminococcaceae___g__Ruminococcus___s__Ruminococcus_bromii	70	0	0	0	0	0	6	0	0	0	13	0	0	0	72	0	0	88	0	0	0	0	0	0	24	0	0	0	0	13	0	0	955	0	147	0	8	0	0	10	272	0	8	0	0	0	28	0	132	0	0	0	12	21	61	0	60	0	0	59	0	0	0	0	104	0	138	40	0	0	0	105	43	103	59	154	0	0	0	0	0	0	8	0	0	0	8	0
k__Bacteria___p__Bacillota___c__Clostridia___o__Oscillospirales___f__Ruminococcaceae___g__Ruminococcus___s__Ruminococcus_callidus	133	0	65	0	9	0	2	0	0	0	0	45	139	0	8	0	5	0	0	9	15	10	49	3	55	0	0	0	0	123	0	0	0	0	0	0	0	237	0	0	0	0	0	0	69	18	0	0	4	0	0	0	9	16	0	0	17	47	6	11	68	0	0	92	0	0	0	0	0	0	0	81	0	9	0	0	0	10	164	0	0	0	0	25	0	0	0	0
k__Bacteria___p__Bacillota___c__Clostridia___o__Oscillospirales___f__Ruminococcaceae___g__Ruminococcus___s__Ruminococcus_champanellensis	0	0	0	0	197	0	0	0	108	0	0	0	0	0	0	0	0	224	0	0	0	0	0	0	0	0	0	0	0	0	0	0	0	0	0	0	0	0	0	0	200	0	0	0	0	0	0	0	236	0	0	0	0	0	0	0	0	0	0	0	0	0	0	0	100	0	0	0	0	0	0	0	0	0	0	44	0	0	0	0	0	0	0	0	0	0	0	0
k__Bacteria___p__Bacillota___c__Clostridia___o__Oscillospirales___f__Ruminococcaceae___g__Ruthenibacterium___s__Ruthenibacterium_lactatiformans	0	10	8	0	6	0	0	15	0	11	15	0	0	0	0	23	0	24	0	0	0	0	7	16	5	30	0	0	11	4	69	0	24	9	0	0	0	0	0	0	15	0	0	0	4	0	0	0	0	0	0	0	0	0	0	36	0	0	0	0	0	0	15	0	3	0	0	0	0	0	0	0	0	0	0	39	0	0	0	0	2	0	0	0	0	0	0	0
k__Bacteria___p__Bacillota___c__Clostridia___o__Peptostreptococcales-Tissierellales___f__Peptostreptococcaceae___g__Intestinibacter___s__Intestinibacter_bartlettii	0	52	0	11	0	0	0	0	0	0	0	0	0	0	0	0	0	0	0	16	0	0	17	0	40	27	8	16	0	4	0	8	181	0	0	0	0	18	0	0	0	0	0	0	139	31	0	58	20	0	0	0	0	0	12	0	0	0	11	10	0	0	0	0	0	0	0	7	0	0	0	18	0	0	0	0	0	0	0	6	0	0	28	0	0	0	0	0
k__Bacteria___p__Bacillota___c__Clostridia___o__Peptostreptococcales-Tissierellales___f__Peptostreptococcaceae___g__Peptostreptococcus___s__Peptostreptococcus_stomatis	0	0	0	0	0	0	0	0	0	0	0	0	0	0	0	0	0	0	0	0	0	0	0	0	0	5	0	0	0	0	0	0	0	0	0	0	0	0	0	0	0	0	0	0	0	0	0	0	0	0	0	0	0	0	0	0	0	0	0	0	0	0	0	0	0	0	0	0	0	0	0	0	0	0	0	0	0	0	0	0	0	0	0	0	0	0	0	0
k__Bacteria___p__Bacillota___c__Negativicutes___o__Acidaminococcales___f__Acidaminococcaceae___g__Acidaminococcus___s__Acidaminococcus_fermentans	0	0	0	0	0	0	8	0	0	0	0	0	0	0	34	0	0	0	0	0	0	0	0	0	0	0	0	0	0	0	0	0	0	0	0	0	0	0	0	0	0	0	0	0	0	0	0	0	0	0	0	0	0	0	0	0	0	0	0	0	0	0	0	0	0	0	0	0	0	0	0	0	0	0	0	0	0	0	0	0	0	0	0	0	0	0	6	0
k__Bacteria___p__Bacillota___c__Negativicutes___o__Acidaminococcales___f__Acidaminococcaceae___g__Acidaminococcus___s__Acidaminococcus_intestini	0	85	47	0	0	0	0	0	0	0	0	0	0	0	0	0	0	0	0	0	0	0	0	20	0	0	0	0	0	0	0	0	0	0	0	0	0	0	0	0	0	0	0	0	0	0	0	0	0	0	0	0	0	0	0	0	0	0	0	0	0	0	0	0	0	0	0	0	0	0	0	0	0	0	0	0	0	0	0	0	0	0	0	0	0	0	0	0
k__Bacteria___p__Bacillota___c__Negativicutes___o__Acidaminococcales___f__Acidaminococcaceae___g__Phascolarctobacterium___s__Phascolarctobacterium_faecium	6	0	0	64	0	0	0	0	0	0	0	0	0	0	0	0	1611	0	0	0	4	10815	0	0	14	0	2	0	0	0	1478	0	0	361	62	125	0	0	0	2676	0	0	0	58	402	0	0	0	0	0	54	0	0	10	0	309	0	17	0	73	0	228	18	0	0	0	0	0	0	0	0	0	13	0	0	0	8	0	0	6	8	0	170	0	0	39	0	10
k__Bacteria___p__Bacillota___c__Negativicutes___o__Acidaminococcales___f__Acidaminococcaceae___g__Phascolarctobacterium___s__Phascolarctobacterium_succinatutens	0	0	0	0	0	0	150	267	73	6	0	0	29	0	0	342	0	568	0	53	0	0	60	19	0	0	0	2756	2403	0	0	0	0	0	0	0	0	0	24	0	126	0	8	0	0	0	0	0	0	0	0	0	0	0	0	0	0	0	0	0	0	0	0	0	0	0	0	0	7	0	0	0	0	0	220	0	0	0	9	0	0	0	0	42	0	0	0	0
k__Bacteria___p__Bacillota___c__Negativicutes___o__Veillonellales-Selenomonadales___f__Selenomonadaceae___g__Megamonas___s__Megamonas_funiformis	0	0	0	0	0	0	0	0	0	8	0	0	0	0	0	0	0	0	0	0	565	0	0	0	0	0	0	0	0	0	0	0	0	0	66	0	0	0	0	195	0	0	0	0	0	0	0	0	0	0	21	0	0	0	0	0	0	0	0	0	0	0	0	0	0	0	0	0	0	0	0	0	0	0	0	0	0	0	0	2	0	0	0	0	0	0	0	0
k__Bacteria___p__Bacillota___c__Negativicutes___o__Veillonellales-Selenomonadales___f__Selenomonadaceae___g__Mitsuokella___s__Mitsuokella_jalaludinii	0	0	0	0	17	59	0	0	0	0	0	0	67	88	53	0	0	0	0	48	0	0	289	64	0	0	0	0	0	0	0	0	0	0	0	0	30	0	0	0	0	0	0	0	0	37	0	0	0	0	0	0	0	0	0	0	54	0	0	0	0	0	0	0	0	0	0	0	0	0	0	0	0	0	0	0	0	0	0	0	0	0	0	23	0	0	8	0
k__Bacteria___p__Bacillota___c__Negativicutes___o__Veillonellales-Selenomonadales___f__Selenomonadaceae___g__Mitsuokella___s__Mitsuokella_multacida	0	0	0	96	0	0	16	0	0	0	0	0	0	0	0	0	0	0	0	0	0	0	0	0	0	0	0	0	0	0	0	0	0	0	0	0	0	0	0	0	0	0	0	0	0	0	0	0	0	0	0	0	0	0	0	0	0	0	0	0	0	0	0	0	0	0	0	0	0	0	0	0	0	0	0	0	0	0	0	0	0	0	0	0	0	0	0	0
k__Bacteria___p__Bacillota___c__Negativicutes___o__Veillonellales-Selenomonadales___f__Veillonellaceae___g__Allisonella___s__Allisonella_histaminiformans	0	0	0	0	12	0	9	0	0	0	0	0	12	0	0	0	0	0	0	0	0	0	58	5	22	0	0	0	58	0	0	0	0	0	0	0	0	10	0	0	0	0	0	0	7	0	0	0	0	0	0	0	0	0	0	0	0	0	0	0	16	0	0	0	0	0	0	0	0	0	0	0	0	0	0	0	8	0	0	0	0	0	0	0	5	0	0	0
k__Bacteria___p__Bacillota___c__Negativicutes___o__Veillonellales-Selenomonadales___f__Veillonellaceae___g__Dialister___s__Dialister_invisus	50	436	0	0	0	0	0	0	0	0	96	0	0	0	0	0	0	0	0	0	96	0	0	0	0	0	0	0	0	0	42	0	0	55	0	0	0	0	0	11	0	0	0	0	2783	0	0	6998	0	0	0	0	27	25	0	0	0	0	0	0	0	0	0	0	0	0	26	13	0	0	0	304	0	0	0	0	0	0	0	0	0	0	140	0	0	0	0	8
k__Bacteria___p__Bacillota___c__Negativicutes___o__Veillonellales-Selenomonadales___f__Veillonellaceae___g__Dialister___s__Dialister_propionicifaciens	0	0	0	0	0	0	0	0	0	0	0	0	0	0	0	0	0	0	0	0	0	0	0	0	0	0	0	0	0	0	0	0	0	0	0	0	0	0	0	0	0	0	0	0	0	0	0	0	0	0	0	0	0	0	0	0	0	0	0	0	0	0	0	0	0	0	0	0	0	0	0	0	0	55	0	0	0	0	0	0	0	0	0	0	0	0	0	0
k__Bacteria___p__Bacillota___c__Negativicutes___o__Veillonellales-Selenomonadales___f__Veillonellaceae___g__Dialister___s__Dialister_succinatiphilus	0	0	0	0	0	0	0	0	0	0	0	0	0	0	0	0	0	0	0	0	0	0	0	0	0	0	0	0	0	0	0	0	0	0	0	0	0	0	0	0	0	0	0	0	0	0	0	0	0	0	0	0	0	0	0	0	18	0	0	0	0	0	0	0	187	0	0	0	0	0	0	0	0	0	0	0	0	0	0	0	0	0	0	0	0	0	0	0
k__Bacteria___p__Bacillota___c__Negativicutes___o__Veillonellales-Selenomonadales___f__Veillonellaceae___g__Megasphaera___s__Megasphaera_elsdenii	0	0	0	0	0	0	0	0	0	0	0	0	0	0	0	0	0	0	0	0	0	0	0	0	0	0	0	26	0	0	0	0	0	0	0	0	0	0	0	0	0	0	0	0	0	0	0	0	0	0	0	0	0	0	0	0	0	0	0	0	0	0	0	0	0	0	0	0	0	0	0	0	0	0	0	0	0	0	0	0	0	0	0	0	0	0	0	0
k__Bacteria___p__Bacillota___c__Negativicutes___o__Veillonellales-Selenomonadales___f__Veillonellaceae___g__Megasphaera___s__Megasphaera_hexanoica	0	0	0	0	0	0	0	54	0	0	0	0	26	0	0	36	0	0	0	0	0	0	0	0	0	0	0	0	0	0	0	0	0	0	0	0	0	10	0	0	0	0	0	0	0	0	0	0	0	0	0	0	0	0	0	0	0	0	0	0	0	0	0	0	0	0	0	0	0	0	0	0	0	0	0	0	0	0	0	0	0	0	0	0	0	0	0	0
k__Bacteria___p__Bacillota___c__Negativicutes___o__Veillonellales-Selenomonadales___f__Veillonellaceae___g__Veillonella___s__Veillonella_atypica	0	0	0	12	0	0	0	0	0	0	11	10	0	0	0	0	0	0	10	0	0	9	0	9	0	0	35	0	4	38	0	0	0	19	0	0	0	0	0	0	0	0	0	0	0	0	0	6	0	0	4	0	0	0	7	0	0	0	6	0	0	0	0	0	0	0	0	0	0	0	0	0	0	14	0	0	0	0	0	0	0	0	0	0	0	0	0	0
k__Bacteria___p__Bacillota___c__Negativicutes___o__Veillonellales-Selenomonadales___f__Veillonellaceae___g__Veillonella___s__Veillonella_dispar	0	0	0	0	24	0	0	0	36	0	18	0	0	5	0	0	0	0	46	0	0	17	46	110	0	0	206	25	93	0	0	0	124	98	0	0	0	0	0	3	0	56	4	8	29	30	0	36	0	0	8	0	4	0	0	0	27	0	0	0	0	0	0	0	0	0	0	0	0	0	0	0	0	21	0	0	0	0	0	0	20	0	0	20	0	5	0	0
k__Bacteria___p__Bacillota___c__Negativicutes___o__Veillonellales-Selenomonadales___f__Veillonellaceae___g__Veillonella___s__Veillonella_parvula	0	0	0	0	0	0	0	0	0	0	0	0	0	0	0	0	0	0	0	0	0	0	0	0	0	0	0	0	0	0	10	0	0	0	0	0	0	0	0	0	0	0	0	0	0	0	0	0	0	0	0	0	0	0	0	0	0	0	0	0	0	0	0	0	0	0	0	0	0	0	0	0	17	0	0	0	0	0	0	0	0	0	0	0	0	0	0	0
k__Bacteria___p__Bacillota___c__Negativicutes___o__Veillonellales-Selenomonadales___f__Veillonellaceae___g__Veillonella___s__Veillonella_rogosae	0	42	0	0	0	0	0	0	26	0	0	19	5	0	0	0	7	0	0	0	0	0	0	36	0	7	18	44	0	65	0	0	0	53	0	0	0	0	0	0	0	0	0	0	0	0	0	0	0	0	11	0	0	0	0	12	0	0	0	0	0	17	4	0	0	34	0	0	0	0	0	0	0	0	0	0	0	0	0	0	0	0	0	0	0	0	0	0
k__Bacteria___p__Bacillota___c__Negativicutes___o__Veillonellales-Selenomonadales___f__Veillonellaceae___g__Veillonella___s__Veillonella_tobetsuensis	0	0	0	0	0	0	0	0	0	0	0	0	0	0	0	0	0	0	0	5	0	0	0	24	0	0	0	68	0	0	0	0	0	0	0	0	0	0	0	0	0	0	0	0	0	0	0	0	0	0	0	0	0	0	0	0	0	0	0	0	0	0	0	0	0	0	0	0	0	0	0	0	0	0	0	0	0	0	0	0	0	0	0	0	0	0	0	0
k__Bacteria___p__Bacteroidota___c__Bacteroidia___o__Bacteroidales___f__Bacteroidaceae___g__Bacteroides___s__Bacteroides_bouchesdurhonensis	0	0	0	0	0	0	0	0	0	0	0	0	0	0	0	0	0	42	0	0	0	0	0	0	0	0	0	0	0	0	0	0	0	0	0	0	0	0	53	0	0	0	0	0	0	0	0	0	0	0	0	0	0	0	0	0	0	0	0	0	0	0	0	0	0	0	0	0	0	0	0	0	0	0	0	0	0	0	0	0	0	0	0	0	0	0	0	0
k__Bacteria___p__Bacteroidota___c__Bacteroidia___o__Bacteroidales___f__Bacteroidaceae___g__Bacteroides___s__Bacteroides_caccae	21	193	0	193	0	6	0	546	0	612	275	0	0	0	0	620	110	561	0	12	87	0	0	0	236	2611	932	347	61	205	1980	146	510	312	865	122	0	182	0	182	0	0	323	13	128	0	186	0	5	4	233	0	8	66	85	0	119	103	114	0	311	74	484	352	222	14	0	463	0	522	170	0	0	32	316	0	0	27	0	23	178	0	269	0	0	159	53	69
k__Bacteria___p__Bacteroidota___c__Bacteroidia___o__Bacteroidales___f__Bacteroidaceae___g__Bacteroides___s__Bacteroides_clarus	0	0	0	0	0	0	0	0	0	0	0	0	0	0	0	0	0	0	0	0	0	0	0	0	0	0	0	0	0	0	0	0	0	0	0	0	0	0	7	0	0	0	0	0	0	0	11	0	0	0	0	0	0	0	0	0	0	0	0	0	0	0	0	0	0	4	0	0	0	0	0	0	0	0	0	0	0	0	0	0	0	0	0	0	0	0	0	0
k__Bacteria___p__Bacteroidota___c__Bacteroidia___o__Bacteroidales___f__Bacteroidaceae___g__Bacteroides___s__Bacteroides_coprocola	0	0	0	0	0	0	0	0	0	0	0	0	0	0	0	0	0	0	0	0	0	0	0	0	0	0	0	0	0	0	0	0	0	0	0	0	0	0	0	0	0	0	0	0	0	0	0	0	45	0	0	0	0	0	0	0	0	0	0	0	0	4614	0	255	0	0	0	0	0	0	0	0	0	0	11	0	0	0	0	175	0	0	0	0	0	0	0	0
k__Bacteria___p__Bacteroidota___c__Bacteroidia___o__Bacteroidales___f__Bacteroidaceae___g__Bacteroides___s__Bacteroides_coprophilus	0	0	75	0	0	0	0	0	0	0	0	0	0	0	0	0	0	0	0	0	80	0	0	0	0	0	0	0	0	0	0	0	0	0	0	0	0	0	0	0	0	0	0	0	0	0	0	0	0	0	0	0	0	0	0	0	0	0	0	0	0	0	0	0	0	0	0	0	0	0	0	0	0	0	0	0	0	0	0	0	0	0	0	0	0	0	0	0
k__Bacteria___p__Bacteroidota___c__Bacteroidia___o__Bacteroidales___f__Bacteroidaceae___g__Bacteroides___s__Bacteroides_cutis	0	0	0	0	0	0	0	0	0	0	0	0	0	0	0	0	0	0	0	0	0	0	0	0	0	0	0	0	0	0	0	0	0	0	0	0	0	0	0	0	0	0	0	0	0	0	0	0	0	0	0	0	0	0	0	0	0	0	0	0	0	0	0	0	0	0	0	0	0	0	0	0	0	0	0	0	0	0	0	0	0	0	0	0	0	11	0	0
k__Bacteria___p__Bacteroidota___c__Bacteroidia___o__Bacteroidales___f__Bacteroidaceae___g__Bacteroides___s__Bacteroides_eggerthii	33	0	0	0	0	0	0	1452	32	0	0	0	0	0	0	1746	48	0	0	0	0	0	0	0	9	0	0	0	173	448	0	276	3044	0	0	143	0	19	0	0	234	42	18	0	0	0	175	0	0	0	1179	0	0	348	0	0	0	0	0	0	399	0	871	14	0	0	4034	0	0	0	0	0	0	0	0	642	0	0	16	34	31	0	0	0	0	9	0	0
k__Bacteria___p__Bacteroidota___c__Bacteroidia___o__Bacteroidales___f__Bacteroidaceae___g__Bacteroides___s__Bacteroides_finegoldii	0	0	0	0	0	0	0	0	0	0	0	0	0	0	0	0	666	0	0	43	21	0	0	0	0	0	0	196	143	0	0	227	0	0	0	165	0	0	0	0	0	0	0	0	0	0	22	0	0	0	58	0	0	0	0	0	0	0	0	0	79	100	0	393	38	0	0	1836	0	33	0	334	37	8	0	0	169	0	0	0	0	0	0	0	0	196	0	0
k__Bacteria___p__Bacteroidota___c__Bacteroidia___o__Bacteroidales___f__Bacteroidaceae___g__Bacteroides___s__Bacteroides_fragilis	32	0	0	0	0	0	0	79	67	196	0	0	0	0	0	90	0	0	0	0	0	0	0	0	0	2954	0	0	0	0	1372	57	1008	101	0	0	0	0	0	0	0	217	0	0	0	0	0	0	0	0	26	0	0	0	0	0	102	0	0	106	0	0	121	0	0	7	238	0	0	0	14	80	47	0	20	0	419	0	0	0	0	0	0	0	0	0	0	0
k__Bacteria___p__Bacteroidota___c__Bacteroidia___o__Bacteroidales___f__Bacteroidaceae___g__Bacteroides___s__Bacteroides_intestinalis	0	938	7	0	328	0	0	0	0	0	0	0	0	0	0	0	183	347	0	0	0	0	0	0	0	0	0	0	0	270	0	0	0	0	0	0	0	0	9	0	0	0	0	64	0	0	0	0	36	0	0	0	0	0	0	0	0	0	0	0	0	12	0	0	0	0	0	107	0	0	0	0	0	16	71	0	0	0	0	0	0	0	0	0	0	0	0	0
k__Bacteria___p__Bacteroidota___c__Bacteroidia___o__Bacteroidales___f__Bacteroidaceae___g__Bacteroides___s__Bacteroides_massiliensis	834	3390	0	1279	0	0	0	0	0	0	1772	6158	0	0	0	0	0	93	34	0	0	0	0	0	0	0	0	559	0	976	0	0	486	1244	107	198	0	0	0	0	0	0	272	0	494	0	251	0	30	0	0	0	0	0	0	12765	338	0	0	0	1258	415	0	528	0	0	0	0	261	3636	2665	0	0	0	0	2108	338	0	0	1653	4568	0	0	0	0	362	0	145
k__Bacteria___p__Bacteroidota___c__Bacteroidia___o__Bacteroidales___f__Bacteroidaceae___g__Bacteroides___s__Bacteroides_nordii	0	0	6	0	0	0	0	0	0	0	0	0	0	0	0	0	0	0	0	0	0	0	0	0	0	0	0	0	0	64	0	0	735	0	0	79	0	0	0	0	0	0	0	0	0	0	0	0	0	0	74	0	3	0	0	0	0	0	0	0	0	0	0	0	0	0	0	186	0	0	43	0	9	0	0	93	0	0	0	0	0	0	0	0	0	0	0	0
k__Bacteria___p__Bacteroidota___c__Bacteroidia___o__Bacteroidales___f__Bacteroidaceae___g__Bacteroides___s__Bacteroides_ovatus	0	410	0	18	14	0	0	9	0	0	106	0	0	0	0	8	0	19	27	0	15	54	25	0	403	1109	0	188	254	74	74	0	1172	86	543	0	0	0	0	0	55	366	0	669	40	0	63	0	50	0	30	0	20	0	0	0	140	0	14	16	12	0	30	0	295	0	0	48	60	0	43	76	0	0	84	17	250	0	0	22	24	54	126	10	0	18	0	0
k__Bacteria___p__Bacteroidota___c__Bacteroidia___o__Bacteroidales___f__Bacteroidaceae___g__Bacteroides___s__Bacteroides_plebeius	0	0	0	0	0	0	0	0	0	0	0	0	0	0	0	0	0	0	0	0	0	0	0	0	4	0	0	0	0	0	0	0	3	0	0	0	0	0	0	0	0	0	0	0	0	0	0	0	0	0	0	0	0	0	0	24	0	0	944	0	0	0	0	0	0	0	0	0	353	0	0	0	8589	0	0	0	0	0	0	0	0	0	0	0	0	0	0	0
k__Bacteria___p__Bacteroidota___c__Bacteroidia___o__Bacteroidales___f__Bacteroidaceae___g__Bacteroides___s__Bacteroides_salyersiae	53	0	0	0	0	0	0	0	0	0	0	0	0	0	0	0	0	0	0	0	0	0	0	0	0	0	0	0	0	0	0	0	0	0	0	0	0	0	0	0	0	0	0	0	0	0	0	0	0	0	0	0	0	0	0	0	0	8	0	0	0	0	0	196	0	0	0	0	0	0	0	0	0	0	0	0	0	0	0	0	0	0	0	0	0	24	0	0
k__Bacteria___p__Bacteroidota___c__Bacteroidia___o__Bacteroidales___f__Bacteroidaceae___g__Bacteroides___s__Bacteroides_sartorii	0	0	0	0	0	0	0	0	0	0	0	0	0	0	0	0	0	0	0	0	0	0	0	0	0	0	0	0	0	0	0	0	0	0	0	0	0	10	0	0	0	0	0	0	0	0	0	0	0	0	0	0	0	0	0	0	0	0	0	0	0	0	0	0	0	0	0	0	0	0	0	0	0	0	0	0	0	0	0	0	0	0	0	0	0	0	0	0
k__Bacteria___p__Bacteroidota___c__Bacteroidia___o__Bacteroidales___f__Bacteroidaceae___g__Bacteroides___s__Bacteroides_stercoris	77	489	0	67	0	0	0	0	0	390	0	114	0	0	0	0	73	0	0	11	0	481	11	0	288	5623	0	126	332	650	1046	0	1206	878	0	3372	0	0	0	12	0	643	0	0	724	0	47	0	16	0	1070	0	50	233	0	82	0	0	0	0	301	1633	0	232	653	0	0	0	41	0	5577	8417	33	0	0	0	2124	0	0	53	0	0	0	0	0	0	0	98
k__Bacteria___p__Bacteroidota___c__Bacteroidia___o__Bacteroidales___f__Bacteroidaceae___g__Bacteroides___s__Bacteroides_thetaiotaomicron	18	295	48	34	16	0	0	29	0	82	128	231	0	0	0	43	87	10	18	41	7	52	535	34	56	926	278	144	136	177	479	618	268	135	396	270	0	199	40	65	91	363	37	394	93	0	177	0	0	0	24	0	12	46	0	138	25	41	74	104	129	32	307	135	160	69	0	211	111	207	416	46	34	9	140	23	428	6	220	30	26	13	36	0	0	313	3	85
k__Bacteria___p__Bacteroidota___c__Bacteroidia___o__Bacteroidales___f__Bacteroidaceae___g__Bacteroides___s__Bacteroides_uniformis	334	2617	102	289	52	7	0	1065	25	55	385	1079	22	0	0	1296	513	267	6	199	0	32	69	43	132	0	932	583	211	1631	2568	974	3781	3083	187	3024	0	441	127	0	1562	1052	80	241	909	0	189	1379	24	57	609	0	84	96	5	462	628	39	129	1803	392	127	191	274	2199	26	5714	315	95	924	364	598	288	42	48	1044	973	0	24	42	28	106	727	0	0	33	83	55
k__Bacteria___p__Bacteroidota___c__Bacteroidia___o__Bacteroidales___f__Bacteroidaceae___g__Bacteroides___s__Bacteroides_vulgatus	87	11649	191	1981	1007	0	9	2038	640	6090	8869	463	48	0	63	2521	586	750	330	101	114	924	185	99	386	16339	549	118	643	3840	10597	1197	1993	3666	9236	2042	0	280	0	43	42	14826	383	2192	1554	0	353	0	88	40	5097	0	82	764	0	5097	3298	278	499	649	1298	3725	6983	113	504	567	5972	1423	0	535	2119	9925	4779	18	228	342	1537	30	145	469	2437	710	730	23	11	289	71	268
k__Bacteria___p__Bacteroidota___c__Bacteroidia___o__Bacteroidales___f__Barnesiellaceae___g__Barnesiella___s__Barnesiella_intestinihominis	0	0	0	0	0	19	0	0	0	0	0	0	0	0	0	0	0	0	0	45	0	0	68	0	0	0	0	0	0	0	954	0	0	0	0	1036	0	0	0	0	0	0	0	0	1	0	0	0	0	0	0	0	0	0	0	0	0	0	0	0	0	0	0	0	69	0	0	0	0	0	0	0	0	0	0	178	0	0	0	0	0	0	0	0	0	0	0	0
k__Bacteria___p__Bacteroidota___c__Bacteroidia___o__Bacteroidales___f__Barnesiellaceae___g__Coprobacter___s__Coprobacter_secundus	0	0	0	0	8	0	0	5	0	27	21	0	0	0	0	9	17	0	0	0	6	0	0	6	3	0	0	10	11	0	0	0	0	0	88	0	0	0	11	0	0	0	0	0	0	0	11	0	12	0	0	0	0	0	0	0	0	0	0	0	0	0	0	7	10	0	0	0	0	0	0	0	0	26	57	0	13	0	0	2	6	0	0	0	0	0	4	0
k__Bacteria___p__Bacteroidota___c__Bacteroidia___o__Bacteroidales___f__Marinifilaceae___g__Butyricimonas___s__Butyricimonas_synergistica	0	0	0	0	0	0	0	0	0	0	0	0	0	0	0	0	0	6	0	0	0	0	0	0	0	0	0	0	0	0	0	0	0	0	0	0	0	0	0	0	0	0	0	0	0	0	0	0	0	0	0	0	0	0	0	0	0	0	0	0	0	0	0	0	0	0	0	0	0	0	0	0	0	0	0	0	0	0	0	0	0	0	0	0	0	0	0	0
k__Bacteria___p__Bacteroidota___c__Bacteroidia___o__Bacteroidales___f__Marinifilaceae___g__Butyricimonas___s__Butyricimonas_virosa	13	0	0	0	0	0	0	0	0	0	0	0	25	0	0	0	56	0	0	0	0	46	8	8	0	0	0	0	0	11	73	0	0	84	100	1006	0	16	0	0	0	0	0	0	101	0	0	0	0	0	0	0	0	16	0	0	0	0	75	0	20	0	0	148	26	0	0	0	0	0	0	0	0	61	0	0	0	4	25	0	0	0	31	0	0	0	0	0
k__Bacteria___p__Bacteroidota___c__Bacteroidia___o__Bacteroidales___f__Marinifilaceae___g__Gabonibacter___s__Gabonibacter_massiliensis	0	0	0	0	0	0	0	0	0	0	0	0	0	0	0	0	14	0	0	0	0	0	0	0	0	0	0	0	0	0	0	0	0	0	0	0	0	0	0	0	0	0	0	0	0	0	0	0	0	0	0	0	0	0	0	0	0	0	0	0	0	0	0	0	0	0	0	0	0	0	0	0	0	0	0	0	0	0	0	0	0	0	0	0	0	0	0	0
k__Bacteria___p__Bacteroidota___c__Bacteroidia___o__Bacteroidales___f__Marinifilaceae___g__Gabonibacter___s__Gabonibacter_timonensis	0	0	0	0	0	0	0	0	0	0	0	0	0	0	0	0	0	0	0	0	0	0	0	0	0	0	0	0	0	0	0	0	0	0	0	0	0	0	0	0	0	0	0	0	0	0	16	0	0	0	0	0	0	0	0	0	0	0	0	0	0	0	0	0	0	0	0	0	0	0	0	0	0	0	0	0	0	0	0	0	0	0	0	0	0	0	0	0
k__Bacteria___p__Bacteroidota___c__Bacteroidia___o__Bacteroidales___f__Marinifilaceae___g__Odoribacter___s__Odoribacter_splanchnicus	344	140	81	118	14	33	6	67	64	21	324	292	17	0	9	99	779	720	55	30	93	303	311	52	83	0	134	150	209	346	234	68	2314	276	797	570	6	816	28	60	67	0	37	57	190	0	239	0	83	13	44	0	10	9	15	1420	44	163	38	154	212	35	118	500	285	21	175	258	94	103	186	125	275	70	254	134	134	16	40	161	142	32	163	29	3	185	14	37
k__Bacteria___p__Bacteroidota___c__Bacteroidia___o__Bacteroidales___f__Porphyromonadaceae___g__Porphyromonas___s__Porphyromonas_asaccharolytica	0	0	0	0	0	0	0	0	0	0	0	0	0	0	0	0	0	3	0	0	0	0	0	0	0	0	0	0	0	0	0	0	0	0	0	0	0	0	0	0	0	0	0	0	0	0	0	0	0	0	0	0	0	0	0	0	0	0	0	0	0	0	0	0	0	0	0	0	0	0	0	0	0	0	0	0	0	0	0	0	0	0	0	0	0	0	0	0
k__Bacteria___p__Bacteroidota___c__Bacteroidia___o__Bacteroidales___f__Prevotellaceae___g__Massiliprevotella___s__Massiliprevotella_massiliensis	0	0	132	0	68	165	23	94	0	0	834	0	0	15	66	123	0	0	0	0	0	870	250	0	108	0	0	0	1414	0	0	0	0	1373	0	0	0	0	0	0	0	2091	0	0	0	73	0	0	0	9	0	2	58	0	0	0	0	0	259	0	0	0	0	0	0	150	0	0	0	0	0	0	0	170	0	0	0	0	0	0	0	0	0	31	36	0	14	0
k__Bacteria___p__Bacteroidota___c__Bacteroidia___o__Bacteroidales___f__Prevotellaceae___g__Prevotella___s__Prevotella_corporis	0	0	0	0	0	0	0	0	0	0	0	0	0	0	0	0	0	0	0	0	0	0	0	0	0	0	0	0	0	0	0	0	0	0	0	0	0	0	0	0	0	0	0	0	0	0	0	0	0	0	0	0	0	0	0	0	0	0	0	0	0	0	0	0	0	0	0	0	0	0	0	4	0	0	0	0	0	0	0	0	0	0	0	0	0	0	0	0
k__Bacteria___p__Bacteroidota___c__Bacteroidia___o__Bacteroidales___f__Rikenellaceae___g__Alistipes___s__Alistipes_finegoldii	54	0	73	29	0	27	0	87	0	15	0	245	0	0	0	103	361	223	0	0	14	9	0	47	0	0	0	10	35	26	0	79	673	0	558	251	0	23	0	18	415	0	0	0	49	0	71	0	0	0	0	0	0	0	0	470	55	0	0	0	19	0	46	84	304	0	0	0	109	332	62	37	59	16	1171	274	279	0	38	0	95	10	98	0	0	0	0	50
k__Bacteria___p__Bacteroidota___c__Bacteroidia___o__Bacteroidales___f__Rikenellaceae___g__Alistipes___s__Alistipes_ihumii	0	0	0	0	0	0	0	0	0	0	0	0	0	0	0	0	0	0	0	0	0	0	0	0	0	0	0	0	0	0	0	0	0	32	0	0	0	21	0	0	0	0	0	0	149	0	13	0	0	0	0	0	0	0	0	0	0	0	0	0	0	0	0	0	0	0	0	0	0	0	0	0	0	0	0	0	0	0	0	0	0	0	0	0	0	5	0	0
k__Bacteria___p__Bacteroidota___c__Bacteroidia___o__Bacteroidales___f__Rikenellaceae___g__Alistipes___s__Alistipes_indistinctus	0	0	459	17	0	0	0	31	0	0	11	0	0	0	0	65	0	0	0	3	22	0	0	79	0	0	0	0	0	0	143	0	181	0	0	5	0	0	9	0	2183	0	0	117	420	0	0	0	0	0	0	0	0	6	0	5	0	14	0	0	28	0	0	0	65	0	0	0	0	0	16	0	25	0	42	90	111	0	0	157	10	44	82	0	0	10	0	0
k__Bacteria___p__Bacteroidota___c__Bacteroidia___o__Bacteroidales___f__Rikenellaceae___g__Alistipes___s__Alistipes_inops	0	0	0	0	0	0	0	0	0	0	0	0	0	0	0	0	0	36	0	0	0	0	0	0	0	0	0	0	0	0	0	19	0	0	0	0	0	0	0	0	0	0	0	0	0	0	0	0	0	0	0	0	0	0	0	0	0	0	0	821	0	0	0	0	0	0	0	0	0	0	0	0	0	0	0	0	0	0	0	0	0	0	0	0	0	0	0	0
k__Bacteria___p__Bacteroidota___c__Bacteroidia___o__Bacteroidales___f__Rikenellaceae___g__Alistipes___s__Alistipes_obesi	0	0	0	38	0	0	4	250	40	0	23	80	9	0	0	232	149	162	79	25	16	0	0	50	0	0	0	50	217	155	0	40	14	1062	0	358	0	144	9	0	310	0	18	0	142	0	65	0	0	0	14	0	0	0	41	1205	211	43	0	155	0	0	120	39	220	0	0	0	0	119	0	0	51	77	0	433	78	0	0	92	0	33	310	0	0	15	29	0
k__Bacteria___p__Bacteroidota___c__Bacteroidia___o__Bacteroidales___f__Rikenellaceae___g__Alistipes___s__Alistipes_putredinis	665	5	6	888	0	0	0	722	6	1772	1089	28	0	0	4	876	3267	1688	0	0	814	0	10	0	570	0	15	279	26	781	5114	869	6765	816	31	832	0	3076	0	96	0	0	128	0	757	0	1348	0	8	0	418	0	0	0	48	4246	1043	0	63	0	294	363	2185	3325	1746	0	794	1089	242	1463	446	1227	4288	0	147	0	5592	0	0	519	486	0	373	0	0	0	0	141
k__Bacteria___p__Bacteroidota___c__Bacteroidia___o__Bacteroidales___f__Rikenellaceae___g__Alistipes___s__Alistipes_senegalensis	0	168	0	0	0	0	0	0	0	0	0	0	0	0	147	0	0	117	21	0	0	0	0	22	31	118	60	0	0	0	212	0	58	0	179	0	7	0	43	0	0	0	0	0	79	0	18	0	34	0	0	0	0	0	0	0	57	0	0	0	0	0	77	0	23	0	40	0	0	0	0	0	0	0	0	0	0	0	42	0	10	0	0	0	0	99	0	0
k__Bacteria___p__Bacteroidota___c__Bacteroidia___o__Bacteroidales___f__Rikenellaceae___g__Alistipes___s__Alistipes_shahii	28	231	0	0	0	18	0	148	0	0	0	106	0	0	0	135	563	86	0	0	0	0	27	0	0	0	0	72	0	108	709	0	182	86	96	39	0	59	0	0	902	0	23	45	0	0	246	0	0	0	96	0	33	26	0	0	52	0	0	192	0	0	0	705	0	0	493	84	0	440	41	40	0	0	0	1289	347	0	0	0	100	63	0	0	0	0	8	0
k__Bacteria___p__Bacteroidota___c__Bacteroidia___o__Bacteroidales___f__Tannerellaceae___g__Parabacteroides___s__Parabacteroides_distasonis	25	1562	272	130	26	6	5	332	15	287	78	159	252	0	32	424	57	171	26	29	13	220	424	235	24	825	128	60	210	238	1072	26	145	215	455	87	4	152	11	115	415	63	335	19	144	0	75	0	0	18	69	0	67	24	14	270	61	16	90	208	70	70	209	208	241	34	0	87	81	169	0	217	0	185	0	554	242	12	44	65	82	65	173	0	0	147	27	17
k__Bacteria___p__Bacteroidota___c__Bacteroidia___o__Bacteroidales___f__Tannerellaceae___g__Parabacteroides___s__Parabacteroides_gordonii	0	0	0	0	0	0	0	0	0	0	0	0	0	0	0	0	0	0	0	0	0	0	0	0	0	0	0	0	0	0	0	0	0	0	0	0	0	0	0	0	0	0	0	0	0	0	0	0	0	0	0	0	0	0	0	8	0	0	0	0	0	0	0	0	0	0	0	0	0	0	0	0	0	0	0	0	0	0	0	0	0	0	0	0	0	0	0	0
k__Bacteria___p__Bacteroidota___c__Bacteroidia___o__Bacteroidales___f__Tannerellaceae___g__Parabacteroides___s__Parabacteroides_merdae	439	1724	729	883	14	14	8	1156	30	580	319	206	92	0	9	1389	64	573	35	109	47	447	11	246	503	0	0	700	1508	1105	0	0	774	478	914	65	0	152	46	256	880	546	56	190	1238	0	329	0	77	8	86	0	0	99	26	0	239	216	98	0	222	29	935	579	300	13	0	1906	0	876	457	0	870	52	235	131	549	5	20	718	89	16	341	35	4	1437	123	47
k__Bacteria___p__Bacteroidota___c__Bacteroidia___o__Bacteroidales___f__Tannerellaceae___g__Parabacteroides___s__Parabacteroides_timonensis	0	0	0	0	0	0	0	0	0	0	0	0	0	0	0	0	0	0	0	0	0	0	25	0	0	0	0	0	0	0	0	0	0	0	0	0	0	0	0	0	0	0	0	0	0	0	0	0	0	0	0	0	0	0	0	0	0	0	0	0	0	0	0	0	0	0	0	0	0	0	0	0	0	0	0	0	0	0	0	0	0	0	0	0	0	0	0	0
k__Bacteria___p__Bacteroidota___c__Bacteroidia___o__Sphingobacteriales___f__Sphingobacteriaceae___g__Sphingobacterium___s__Sphingobacterium_multivorum	0	0	0	0	0	0	0	0	0	0	0	0	0	0	0	0	0	0	0	0	0	0	0	0	0	0	0	0	0	0	0	2	0	0	0	0	0	0	0	0	0	0	0	0	0	0	0	0	0	0	0	0	0	0	0	0	0	0	0	0	0	0	0	0	0	0	0	0	0	0	0	0	0	0	0	0	0	0	0	0	0	0	0	0	0	0	0	0
k__Bacteria___p__Campylobacterota___c__Campylobacteria___o__Campylobacterales___f__Campylobacteraceae___g__Campylobacter___s__Campylobacter_concisus	0	0	0	0	0	0	0	0	0	0	0	4	0	0	0	0	0	0	0	0	0	0	0	0	0	0	0	0	0	0	0	0	0	0	0	0	0	0	0	0	0	0	0	0	0	0	0	0	0	0	0	0	0	0	0	0	0	0	0	0	0	0	0	0	0	7	0	0	0	0	0	0	0	0	0	0	0	0	0	0	0	0	0	0	0	0	0	0
k__Bacteria___p__Campylobacterota___c__Campylobacteria___o__Campylobacterales___f__Campylobacteraceae___g__Campylobacter___s__Campylobacter_hominis	0	0	0	0	0	0	0	5	0	0	0	0	0	0	0	13	0	0	0	0	0	0	0	0	2	0	0	0	0	0	0	0	0	0	0	0	0	0	0	0	0	0	0	0	0	0	0	0	0	0	0	0	0	0	0	0	0	0	0	0	0	0	0	0	0	0	0	0	0	0	0	4	0	0	0	0	0	0	0	0	0	0	0	0	0	0	0	0
k__Bacteria___p__Fusobacteriota___c__Fusobacteriia___o__Fusobacteriales___f__Fusobacteriaceae___g__Cetobacterium___s__Cetobacterium_somerae	0	0	0	0	0	0	0	0	0	0	0	0	0	0	0	0	0	0	0	0	0	0	0	0	0	0	0	0	0	0	0	0	0	0	0	0	0	0	0	0	0	0	0	0	0	0	0	0	0	0	0	0	0	0	0	0	0	0	0	67	0	0	0	0	0	0	0	0	0	0	0	0	0	0	0	0	0	0	0	0	0	0	0	0	0	0	0	0
k__Bacteria___p__Fusobacteriota___c__Fusobacteriia___o__Fusobacteriales___f__Fusobacteriaceae___g__Fusobacterium___s__Fusobacterium_mortiferum	0	0	0	0	0	0	0	0	0	0	0	0	0	0	0	0	0	0	0	0	0	0	0	0	0	0	0	0	0	0	0	0	0	0	0	0	0	0	0	0	0	0	0	0	0	0	0	0	0	0	0	0	0	0	0	0	0	0	0	0	0	0	0	0	0	0	0	0	12	0	0	0	0	0	0	0	0	0	0	0	0	0	0	0	0	0	0	0
k__Bacteria___p__Fusobacteriota___c__Fusobacteriia___o__Fusobacteriales___f__Fusobacteriaceae___g__Fusobacterium___s__Fusobacterium_nucleatum	0	0	0	0	0	0	0	0	0	0	0	0	0	0	0	0	0	0	0	0	0	0	0	0	0	0	0	0	0	0	0	0	0	0	9	0	0	0	0	0	0	0	0	0	0	0	0	0	0	0	0	0	0	0	0	0	0	0	0	0	0	0	0	0	0	0	0	0	0	0	0	0	0	0	0	0	0	0	0	0	0	0	0	0	0	0	0	0
k__Bacteria___p__Fusobacteriota___c__Fusobacteriia___o__Fusobacteriales___f__Fusobacteriaceae___g__Fusobacterium___s__Fusobacterium_periodonticum	0	0	0	0	0	0	0	0	0	0	0	29	0	0	0	0	0	0	0	0	0	0	0	0	0	0	0	0	0	0	0	0	0	0	0	0	0	0	0	0	0	0	0	0	0	0	0	0	0	0	0	0	0	0	0	0	0	0	0	0	0	0	0	0	0	0	0	9	0	0	0	0	0	0	0	0	0	0	0	0	0	0	0	0	0	0	0	0
k__Bacteria___p__Pseudomonadota___c__Alphaproteobacteria___o__Hyphomicrobiales___f__Beijerinckiaceae___g__Methylorubrum___s__Methylorubrum_podarium	0	0	0	0	0	0	0	0	0	0	0	0	0	0	0	0	0	0	0	0	0	0	0	0	0	0	0	0	0	0	0	0	0	0	0	0	0	0	0	0	0	0	0	0	0	0	0	0	0	0	0	0	0	0	0	0	0	0	0	4	0	0	0	0	0	0	0	0	0	0	0	0	0	0	0	0	0	0	0	0	0	0	0	0	0	0	0	0
k__Bacteria___p__Pseudomonadota___c__Alphaproteobacteria___o__Sphingomonadales___f__Sphingomonadaceae___g__Sphingomonas___s__Sphingomonas_panni	0	0	0	0	0	0	0	0	0	0	0	0	0	0	0	0	0	0	0	0	0	0	0	0	0	0	0	0	0	0	0	0	0	0	0	0	0	0	0	0	0	0	0	0	0	0	0	0	0	0	0	0	0	0	0	0	0	0	0	0	0	0	0	0	0	0	0	0	0	0	6	0	0	0	5	0	0	0	0	0	0	0	0	0	0	0	0	0
k__Bacteria___p__Pseudomonadota___c__Gammaproteobacteria___o__Burkholderiales___f__Oxalobacteraceae___g__Oxalobacter___s__Oxalobacter_formigenes	0	0	0	0	0	0	0	0	24	0	0	0	0	0	0	0	0	22	0	0	0	0	0	10	0	0	0	0	6	22	0	0	0	0	0	0	0	0	0	0	0	0	0	0	0	0	7	0	0	0	0	0	0	0	0	0	0	0	0	0	0	0	0	0	0	0	0	0	0	0	0	0	0	0	0	0	0	0	0	0	0	0	0	0	0	0	0	0
k__Bacteria___p__Pseudomonadota___c__Gammaproteobacteria___o__Burkholderiales___f__Sutterellaceae___g__Parasutterella___s__Parasutterella_excrementihominis	0	0	0	11	0	0	0	0	0	0	0	0	19	0	9	7	23	0	129	0	0	0	0	9	0	0	0	0	0	0	0	0	0	0	0	0	0	0	0	213	0	0	0	0	0	0	4	1352	0	0	20	0	0	0	0	303	11	0	0	0	20	0	0	0	0	0	0	0	0	0	93	0	0	0	0	22	0	0	16	0	0	0	0	0	0	0	0	0
k__Bacteria___p__Pseudomonadota___c__Gammaproteobacteria___o__Burkholderiales___f__Sutterellaceae___g__Parasutterella___s__Parasutterella_secunda	0	0	0	0	0	0	0	0	0	0	0	0	0	0	0	0	0	0	0	0	0	0	18	0	0	0	0	0	0	0	0	0	174	366	0	0	0	0	0	0	0	0	0	0	0	0	0	0	0	0	0	0	0	0	0	0	0	0	0	0	0	0	0	0	0	0	0	0	0	0	0	0	0	0	0	0	0	0	0	0	0	0	0	0	0	0	0	0
k__Bacteria___p__Pseudomonadota___c__Gammaproteobacteria___o__Burkholderiales___f__Sutterellaceae___g__Sutterella___s__Sutterella_seckii	0	0	0	0	0	0	0	0	0	0	0	0	0	0	0	0	0	0	0	0	0	0	0	0	0	0	0	0	0	0	0	0	0	0	0	0	0	0	0	0	0	0	0	0	0	0	0	0	0	0	0	0	0	0	0	0	0	0	31	0	0	0	0	0	0	0	0	0	0	0	0	0	0	43	0	0	0	0	0	0	0	0	0	0	0	0	0	0
k__Bacteria___p__Pseudomonadota___c__Gammaproteobacteria___o__Burkholderiales___f__Sutterellaceae___g__Sutterella___s__Sutterella_stercoricanis	0	0	55	0	0	0	0	0	0	0	0	0	0	0	0	0	0	0	0	0	0	0	0	0	0	0	0	0	0	0	0	0	423	0	0	0	0	0	0	0	201	0	0	0	0	0	0	0	0	0	0	0	0	0	0	0	0	0	0	0	0	0	0	0	0	0	0	0	0	0	0	0	0	0	0	0	0	0	0	0	0	0	0	0	0	0	0	0
k__Bacteria___p__Pseudomonadota___c__Gammaproteobacteria___o__Burkholderiales___f__Sutterellaceae___g__Sutterella___s__Sutterella_wadsworthensis	187	0	419	347	42	10	754	87	0	469	0	1157	436	142	101	114	397	90	0	59	0	0	0	615	465	0	0	387	254	571	3	0	0	0	589	1237	0	52	0	0	0	1279	0	0	131	15	99	0	13	10	0	0	336	400	0	0	22	0	0	0	295	281	8	264	18	386	0	1126	76	114	0	148	229	10	0	90	172	0	0	35	550	0	544	13	28	0	3	0
k__Bacteria___p__Pseudomonadota___c__Gammaproteobacteria___o__Enterobacterales___f__Enterobacteriaceae___g__Enterobacter___s__Enterobacter_asburiae	0	0	0	0	0	0	0	0	0	0	0	0	0	15	0	0	0	0	0	0	0	0	0	0	0	0	0	0	0	0	0	0	0	0	0	0	0	0	0	0	0	0	0	0	0	0	0	0	0	0	0	0	0	0	0	0	0	0	0	0	0	0	0	0	0	0	0	0	0	0	0	0	0	0	0	0	0	0	0	0	0	0	0	0	0	0	0	0
k__Bacteria___p__Pseudomonadota___c__Gammaproteobacteria___o__Enterobacterales___f__Enterobacteriaceae___g__Raoultella___s__Raoultella_planticola	0	0	0	0	0	0	0	0	0	0	0	0	0	0	0	0	0	0	0	0	0	0	0	0	0	0	0	0	0	44	0	0	0	0	0	0	0	0	0	0	0	0	0	0	0	0	0	0	0	0	0	0	0	0	0	0	0	0	0	0	0	0	0	0	0	0	0	0	0	0	0	0	0	0	0	0	0	0	0	0	0	0	0	0	0	0	0	0
k__Bacteria___p__Pseudomonadota___c__Gammaproteobacteria___o__Enterobacterales___f__Pasteurellaceae___g__Haemophilus___s__Haemophilus_parainfluenzae	0	51	0	59	0	0	0	0	0	0	0	75	0	0	0	0	0	0	36	0	3	0	0	85	0	0	0	92	0	35	0	0	0	0	0	0	0	0	0	0	8	70	2	12	5	0	0	0	0	0	18	0	0	0	11	0	0	0	0	0	0	0	0	0	0	533	0	0	0	0	0	0	0	0	0	0	0	0	0	0	0	0	0	0	0	0	0	0
k__Bacteria___p__Pseudomonadota___c__Gammaproteobacteria___o__Enterobacterales___f__Pasteurellaceae___g__Haemophilus___s__Haemophilus_pittmaniae	0	0	0	0	0	0	15	0	0	0	0	0	0	0	0	0	0	0	0	0	0	0	0	0	0	0	0	0	0	0	0	0	0	0	0	0	0	0	0	4	0	0	0	0	0	0	0	0	0	0	0	0	0	0	0	0	0	0	0	0	0	13	0	0	0	0	0	0	0	0	0	0	0	0	0	0	0	0	0	0	0	0	0	0	0	0	0	0
k__Bacteria___p__Pseudomonadota___c__Gammaproteobacteria___o__Enterobacterales___f__Yersiniaceae___g__Serratia___s__Serratia_odorifera	0	0	0	0	0	0	0	0	0	0	0	0	0	0	0	0	0	0	0	0	0	0	0	0	0	0	0	0	0	0	0	0	0	0	0	0	0	0	0	0	0	0	0	0	0	0	0	0	0	0	0	0	0	0	0	0	0	0	0	0	0	0	0	0	5	0	0	0	0	0	0	0	0	0	0	0	0	0	0	0	0	0	0	0	0	0	0	0
k__Bacteria___p__Pseudomonadota___c__Gammaproteobacteria___o__Lysobacterales___f__Lysobacteraceae___g__Stenotrophomonas___s__Stenotrophomonas_maltophilia	0	0	0	0	0	0	0	0	0	0	0	0	0	0	0	0	0	0	0	0	0	0	0	0	0	0	0	0	0	0	0	0	0	0	0	0	0	0	0	0	0	0	0	0	0	0	0	0	0	0	0	0	0	3	0	0	0	0	0	0	0	0	0	0	0	0	0	0	0	0	4	0	0	0	0	0	0	0	0	0	0	0	0	0	0	0	0	0
k__Bacteria___p__Pseudomonadota___c__Gammaproteobacteria___o__Pseudomonadales___f__Halomonadaceae___g__Halomonas___s__Halomonas_taeanensis	0	0	0	0	0	0	0	0	0	0	0	0	0	0	0	0	0	0	0	0	0	0	0	0	0	0	0	0	0	0	0	0	0	0	0	0	0	0	0	0	0	0	0	0	0	0	0	0	0	0	0	0	0	0	0	0	0	0	0	0	0	0	0	0	0	0	0	0	0	0	0	0	0	0	4	0	0	0	0	0	0	0	0	0	0	0	0	0
k__Bacteria___p__Pseudomonadota___c__Gammaproteobacteria___o__Pseudomonadales___f__Moraxellaceae___g__Enhydrobacter___s__Enhydrobacter_aerosaccus	0	0	0	0	0	0	0	0	0	0	0	0	0	0	0	0	0	0	0	0	0	18	0	0	0	0	0	0	0	0	0	0	0	0	0	0	0	0	0	0	0	0	0	0	0	0	0	0	0	0	0	0	0	0	0	0	0	0	0	0	0	0	0	0	0	0	0	0	0	0	0	0	0	0	0	0	0	0	0	0	0	0	0	0	0	0	0	0
k__Bacteria___p__Spirochaetota___c__Spirochaetia___o__Spirochaetales___f__Spirochaetaceae___g__Treponema___s__Treponema_succinifaciens	0	0	0	0	0	0	0	0	3176	0	0	0	0	0	0	0	0	0	0	0	0	0	0	0	0	0	0	0	0	0	0	0	0	0	0	0	0	0	0	0	0	0	540	0	0	0	0	0	0	0	0	35	0	0	0	0	0	0	0	0	0	0	0	0	0	0	0	0	0	0	0	0	0	0	0	0	0	0	0	0	0	0	0	0	0	0	0	0
k__Bacteria___p__Synergistota___c__Synergistia___o__Synergistales___f__Synergistaceae___g__Cloacibacillus___s__Cloacibacillus_evryensis	0	0	0	0	0	0	0	0	0	0	0	0	0	0	0	0	0	0	0	0	0	0	0	0	0	0	0	0	0	0	0	0	0	0	8	0	0	0	4	0	5	0	0	0	0	0	0	0	0	0	0	0	0	0	0	0	0	0	0	0	0	0	4	0	0	0	0	0	0	0	0	0	0	0	0	0	0	0	0	0	0	0	0	0	0	0	0	0
k__Bacteria___p__Thermodesulfobacteriota___c__Desulfovibrionia___o__Desulfovibrionales___f__Desulfovibrionaceae___g__Bilophila___s__Bilophila_wadsworthia	20	314	63	27	5	34	0	35	5	3	6	67	106	0	0	49	10	21	7	0	2	69	0	163	0	215	84	3	208	102	0	0	0	0	0	12	0	0	115	16	10	0	0	10	25	0	5	0	0	4	2	0	7	4	0	0	4	0	0	0	3	0	20	0	20	0	8	6	0	0	4	19	0	16	16	0	0	0	3	14	0	5	7	0	0	0	0	0
k__Bacteria___p__Thermodesulfobacteriota___c__Desulfovibrionia___o__Desulfovibrionales___f__Desulfovibrionaceae___g__Desulfovibrio___s__Desulfovibrio_desulfuricans	0	0	0	0	0	0	0	0	0	0	0	0	0	0	0	0	0	0	0	0	0	0	0	0	0	0	0	0	0	0	0	0	0	0	0	0	0	0	0	0	15	0	0	0	0	0	0	0	0	0	0	0	0	0	0	0	0	0	0	0	0	0	0	0	0	0	0	0	0	0	0	0	0	0	0	0	0	0	0	0	0	0	0	0	0	0	0	0
k__Bacteria___p__Thermodesulfobacteriota___c__Desulfovibrionia___o__Desulfovibrionales___f__Desulfovibrionaceae___g__Desulfovibrio___s__Desulfovibrio_fairfieldensis	0	0	0	0	0	0	0	0	0	0	0	0	0	0	0	0	8	11	0	0	0	0	0	0	0	32	0	0	0	0	0	0	0	0	0	0	0	0	0	0	0	0	0	0	0	0	0	0	0	0	0	0	0	0	0	0	0	0	0	0	0	0	21	0	0	0	0	0	0	0	0	0	0	0	0	0	0	0	6	0	0	0	0	0	0	0	0	0
k__Bacteria___p__Verrucomicrobiota___c__Lentisphaeria___o__Victivallales___f__Victivallaceae___g__Victivallis___s__Victivallis_vadensis	0	0	0	0	15	5	0	12	4	0	0	0	0	0	0	14	0	0	0	0	0	3	9	0	0	0	0	0	0	0	0	0	0	0	33	150	0	0	59	0	0	0	0	0	0	0	0	0	0	0	0	2	4	0	0	0	0	6	0	0	11	0	0	0	0	0	0	0	0	0	0	0	0	0	14	0	0	0	0	0	0	0	0	8	0	0	0	0
k__Bacteria___p__Verrucomicrobiota___c__Verrucomicrobiia___o__Verrucomicrobiales___f__Akkermansiaceae___g__Akkermansia___s__Akkermansia_muciniphila	0	0	32	29	67	0	0	34	16	0	0	64	0	0	0	45	421	698	0	0	0	20	86	0	5	0	41	8	0	0	0	0	0	264	0	16	0	1021	0	0	404	0	21	8	10	0	61	0	22	0	0	0	0	0	11	77	0	0	111	12	0	0	60	0	4	0	0	0	52	0	0	0	0	0	424	1159	41	0	30	0	0	0	0	0	0	7	0	0
