clade_name	SRR30794472	SRR30794473	SRR30794474	SRR30794475	SRR30794476	SRR30794477	SRR30794478	SRR30794479	SRR30794480	SRR30794481	SRR30794482	SRR30794483	SRR30794484	SRR30794485	SRR30794486	SRR30794487	SRR30794488	SRR30794489	SRR30794490	SRR30794491	SRR30794492	SRR30794493	SRR30794494	SRR30794495	SRR30794496	SRR30794497	SRR30794498	SRR30794499	SRR30794500	SRR30794501	SRR30794502	SRR30794503	SRR30794504	SRR30794505	SRR30794506	SRR30794507	SRR30794508	SRR30794509	SRR30794510	SRR30794511	SRR30794512	SRR30794513	SRR30794514	SRR30794515	SRR30794516	SRR30794517	SRR30794518	SRR30794519	SRR30794520	SRR30794521	SRR30794522	SRR30794523	SRR30794524	SRR30794525	SRR30794526	SRR30794527	SRR30794528	SRR30794529	SRR30794530	SRR30794531	SRR30794532	SRR30794533	SRR30794534	SRR30794535	SRR30794536	SRR30794537	SRR30794538	SRR30794539	SRR30794540	SRR30794541	SRR30794542	SRR30794543	SRR30794544	SRR30794545	SRR30794546	SRR30794547	SRR30794548	SRR30794549	SRR30794550	SRR30794551	SRR30794552	SRR30794553	SRR30794554	SRR30794555	SRR30794556	SRR30794557	SRR30794558	SRR30794559	SRR30794560	SRR30794561	SRR30794562	SRR30794563	SRR30794564	SRR30794565	SRR30794566	SRR30794567	SRR30794568	SRR30794569	SRR30794570	SRR30794571	SRR30794572	SRR30794573	SRR30794574	SRR30794575	SRR30794576	SRR30794577	SRR30794578	SRR30794579	SRR30794580	SRR30794581	SRR30794582	SRR30794583	SRR30794584	SRR30794585	SRR30794586	SRR30794587	SRR30794588	SRR30794589	SRR30794590	SRR30794591	SRR30794592	SRR30794593	SRR30794594	SRR30794595	SRR30794596	SRR30794597	SRR30794598	SRR30794599	SRR30794600	SRR30794601	SRR30794602	SRR30794603	SRR30794604	SRR30794605	SRR30794606	SRR30794607	SRR30794608	SRR30794609	SRR30794610	SRR30794611	SRR30794612	SRR30794613	SRR30794614	SRR30794615	SRR30794616	SRR30794617	SRR30794618	SRR30794619	SRR30794620	SRR30794621	SRR30794622	SRR30794623	SRR30794624	SRR30794625	SRR30794626	SRR30794627	SRR30794628	SRR30794629	SRR30794630	SRR30794631	SRR30794632	SRR30794633	SRR30794634	SRR30794635	SRR30794636	SRR30794637	SRR30794638	SRR30794639	SRR30794640
d__Archaea___p__Euryarchaeota___c__Methanobacteria___o__Methanobacteriales___f__Methanobacteriaceae___g__Methanobrevibacter	0	0	0	0	0	0	0	0	0	31	0	268	0	19	0	1	0	0	0	0	0	0	0	0	0	0	0	0	0	10	32	4	0	0	0	0	0	0	0	169	166	523	0	5	42	0	0	0	0	0	0	0	0	293	20	0	664	2	0	0	25	364	49	278	0	0	0	0	0	0	0	0	0	359	880	0	0	0	0	0	0	0	0	0	0	0	0	3730	0	330	37	19	0	0	0	0	0	0	15	0	38	24	117	0	0	0	0	0	0	0	0	0	0	1105	445	0	0	0	0	140	612	518	3	22	5	0	0	0	0	0	0	0	1947	1944	0	0	0	0	8	0	1	0	0	0	0	0	0	0	0	0	0	0	0	0	0	0	0	0	27	39	50	0	0	0	0	0	0	0	0
d__Archaea___p__Euryarchaeota___c__Methanobacteria___o__Methanobacteriales___f__Methanobacteriaceae___g__Methanosphaera	0	0	0	0	0	0	0	0	0	0	0	0	0	0	0	0	0	0	0	0	5	0	26	0	0	0	0	0	0	0	0	0	0	0	0	0	0	0	0	0	0	0	0	0	0	0	0	0	0	0	0	0	0	0	0	0	0	0	0	0	0	0	0	0	0	0	0	0	0	0	0	0	0	0	0	0	0	0	0	0	0	0	0	0	0	0	0	0	0	0	0	0	0	0	0	0	0	0	0	0	0	0	0	0	0	0	0	0	0	0	0	0	0	0	0	0	0	0	0	0	0	0	0	0	0	0	0	0	0	0	0	0	0	0	0	0	0	0	0	0	0	0	0	0	0	0	0	0	0	0	0	0	0	0	0	0	0	0	8	13	56	0	0	0	0	0	0	0	0
d__Archaea___p__Thermoplasmatota___c__Thermoplasmata___o__Methanomassiliicoccales___f__Methanomassiliicoccaceae___g__Methanomassiliicoccus	0	0	0	0	0	0	0	0	0	0	0	0	0	0	0	0	0	0	0	0	0	0	0	0	0	0	0	0	0	0	0	0	0	0	0	0	0	0	0	0	0	0	0	0	0	0	18	0	0	24	0	0	0	0	0	0	0	0	0	0	0	3	3	8	0	0	0	0	0	0	0	0	0	43	65	0	0	0	0	0	0	0	0	0	0	0	0	0	0	0	0	0	0	0	0	0	0	0	0	0	0	0	0	0	0	0	0	0	0	0	0	0	0	0	0	54	0	0	0	0	0	0	0	0	0	0	0	0	0	0	0	0	0	0	0	0	0	0	0	0	0	0	0	0	0	0	0	0	0	0	0	0	0	0	0	0	0	0	0	0	0	0	0	0	0	0	0	49	6
d__Archaea___p__Thermoplasmatota___c__Thermoplasmata___o__Methanomassiliicoccales___f__Methanomethylophilaceae	0	0	0	0	0	0	0	0	0	0	0	0	0	60	4	4	0	0	0	0	0	0	0	0	0	0	0	0	0	0	0	0	0	0	0	0	0	0	0	0	0	0	0	0	0	0	0	0	0	0	0	0	0	0	0	0	0	0	0	0	0	0	0	0	0	0	0	0	0	0	0	0	0	0	0	0	0	0	0	0	0	0	0	0	0	0	0	0	0	0	0	0	0	0	0	0	0	0	0	0	0	0	0	0	0	0	0	0	0	0	0	0	0	0	0	0	0	0	0	0	0	0	0	0	0	0	0	0	0	0	0	0	0	0	0	0	0	0	0	0	0	0	0	0	0	0	0	0	0	0	0	0	0	0	0	0	0	0	0	0	0	0	0	0	0	0	0	0	0
d__Archaea___p__Thermoplasmatota___c__Thermoplasmata___o__Methanomassiliicoccales___f__Methanomethylophilaceae___g__Candidatus_Methanogranum	0	0	0	0	0	0	0	0	0	0	0	0	0	0	0	0	0	0	0	0	0	0	0	0	0	0	0	0	0	0	0	0	0	0	0	0	0	0	0	176	163	213	0	0	0	0	0	0	0	0	0	0	0	0	0	0	0	0	0	0	0	0	0	0	0	0	0	0	0	0	0	0	0	0	0	0	0	0	0	0	0	0	0	0	0	0	0	0	0	0	0	0	0	0	0	0	0	0	0	0	0	0	0	0	0	0	0	0	0	0	0	0	0	0	0	0	0	0	0	0	0	0	0	0	0	0	0	0	0	0	0	0	0	0	0	0	0	0	0	0	0	0	0	0	0	0	0	0	0	0	0	0	0	0	0	0	0	0	0	0	0	0	0	0	0	0	0	0	0
d__Bacteria	0	0	0	0	0	0	0	0	0	0	0	0	0	0	0	0	0	0	0	0	0	0	0	0	0	0	0	0	0	0	0	0	0	0	0	0	0	0	0	0	0	0	0	0	0	0	0	0	0	0	0	0	0	0	0	0	0	0	0	0	0	0	0	0	0	0	0	0	0	0	0	0	0	0	0	0	0	0	0	0	0	3	0	0	0	0	0	0	0	0	0	0	0	0	0	0	0	0	0	0	0	0	0	0	0	0	0	0	0	0	0	0	0	0	0	0	0	0	0	0	0	0	0	0	0	0	0	0	0	0	0	0	0	5	0	0	0	0	0	0	0	0	0	0	0	0	0	0	0	0	0	0	0	0	0	0	0	0	0	0	0	0	0	0	0	0	0	0	0
d__Bacteria___p__Actinobacteriota___c__Actinobacteria___o__Actinomycetales___f__Actinomycetaceae___g__Actinomyces	0	0	0	4	0	0	0	1	1	1	3	7	0	6	1	0	0	0	1	0	0	0	0	2	0	0	1	3	13	3	0	0	20	3	6	3	0	3	0	1	0	2	2	0	2	4	0	0	16	0	0	6	2	0	1	0	7	0	1	0	1	2	0	1	0	0	1	1	1	0	1	0	9	0	4	0	2	2	4	1	0	0	0	8	1	0	3	25	0	3	3	0	0	5	1	2	2	1	2	0	3	4	0	0	1	0	0	0	1	0	2	0	5	2	3	0	1	0	2	0	4	5	0	0	0	2	1	2	22	0	3	2	0	0	2	0	4	4	0	14	0	3	1	5	1	1	0	0	0	5	6	2	2	3	0	2	0	0	1	2	0	0	2	10	2	2	0	0	0
d__Bacteria___p__Actinobacteriota___c__Actinobacteria___o__Actinomycetales___f__Actinomycetaceae___g__Varibaculum	0	0	0	0	0	0	0	0	0	0	0	0	0	0	0	0	0	0	0	0	0	0	0	0	0	0	0	0	0	0	0	0	0	0	0	0	0	0	0	0	0	0	0	0	0	0	0	0	0	0	0	0	0	0	0	0	0	0	0	0	0	0	0	0	0	0	0	0	0	0	0	0	0	0	0	0	0	0	0	0	0	0	0	2	0	0	1	0	0	0	0	0	0	0	0	0	0	0	0	0	0	0	0	0	0	0	0	0	0	0	0	0	0	0	0	0	0	0	0	0	0	0	0	0	0	0	0	0	0	0	4	0	0	0	0	0	0	0	0	0	0	0	0	0	0	0	0	0	0	0	7	0	0	0	0	0	0	0	0	0	0	0	0	0	0	0	0	0	0
d__Bacteria___p__Actinobacteriota___c__Actinobacteria___o__Bifidobacteriales___f__Bifidobacteriaceae___g__Bifidobacterium	0	3	101	456	146	0	0	643	339	2862	762	1687	58	0	0	0	1	0	0	0	0	312	0	110	817	2580	221	196	915	9	139	250	423	309	2498	9	0	440	2	238	703	905	275	187	1259	181	0	0	65	0	1	1	0	10	23	0	831	6	346	126	27	0	0	0	0	0	7	118	93	11	8	15	552	37	208	10	24	16	276	956	1757	206	423	271	6	233	513	4881	12	1457	511	301	2108	446	161	899	367	201	274	99	177	54	307	32	9	111	186	268	109	38	33	8	45	4799	1061	11	27	198	491	158	235	1455	49	35	22	350	337	450	3759	0	0	0	6829	3189	0	0	212	633	60	471	20	10	19	37	13	79	494	6	0	2	0	978	686	3082	0	90	0	0	432	1947	68	272	94	137	4	0	292	7	28
d__Bacteria___p__Actinobacteriota___c__Actinobacteria___o__Bifidobacteriales___f__Bifidobacteriaceae___g__Gardnerella	0	0	0	0	0	0	0	0	0	0	0	0	0	0	0	0	0	0	0	0	0	0	0	0	0	0	0	0	0	0	0	0	0	0	0	0	0	0	0	0	0	0	0	0	0	0	0	0	0	0	0	0	0	0	0	0	0	0	0	0	0	0	0	0	0	0	0	0	0	0	0	0	2	0	0	0	0	0	0	0	0	0	0	0	0	0	34	0	0	0	0	0	0	0	0	0	0	0	0	0	0	0	0	0	0	0	0	0	0	0	0	0	0	0	0	0	0	0	0	0	0	0	0	0	0	0	0	0	0	0	0	0	0	111	0	0	0	0	0	0	0	0	0	0	0	0	0	0	0	0	0	0	0	0	0	0	0	0	0	0	0	0	0	0	0	0	0	0	0
d__Bacteria___p__Actinobacteriota___c__Actinobacteria___o__Corynebacteriales___f__Corynebacteriaceae___g__Lawsonella	0	0	0	0	0	0	0	0	0	0	0	0	0	0	0	0	0	0	0	0	0	0	0	0	0	0	0	0	0	0	0	0	0	0	0	0	0	0	0	0	0	0	0	0	0	0	0	0	0	0	0	0	0	0	0	0	0	0	0	0	0	0	0	0	0	0	0	0	0	0	0	0	2	0	0	0	0	0	7	0	0	0	0	0	0	0	1	0	0	0	0	0	0	0	0	0	0	0	0	0	0	0	0	0	0	0	0	0	0	0	0	0	0	0	0	0	0	0	0	0	0	0	0	0	0	0	0	0	0	0	0	0	0	6	0	0	0	0	0	0	0	0	0	0	0	0	0	0	0	0	0	0	0	0	0	0	0	0	0	0	0	0	0	0	0	0	0	0	0
d__Bacteria___p__Actinobacteriota___c__Actinobacteria___o__Micrococcales___f__Micrococcaceae___g__Rothia	0	0	2	0	0	0	0	0	0	3	0	10	0	0	1	1	3	2	5	0	2	0	1	3	0	0	0	0	9	0	1	0	6	1	5	0	0	0	0	0	0	0	0	0	0	7	0	0	1	0	0	0	0	1	0	1	0	0	0	0	1	6	0	0	0	0	0	0	0	0	0	0	2	0	3	0	0	0	4	4	0	0	1	0	0	3	0	0	0	0	1	0	0	0	1	0	0	0	5	0	11	11	1	0	0	0	0	0	0	0	0	1	0	0	0	0	0	0	0	0	0	3	0	0	1	0	1	0	0	0	1	0	0	0	4	0	0	0	0	0	0	0	0	0	1	0	0	0	0	1	0	0	0	0	1	0	0	1	1	3	0	0	0	0	0	0	0	2	0
d__Bacteria___p__Actinobacteriota___c__Coriobacteriia___o__Coriobacteriales___f__Atopobiaceae___g__Atopobium	0	0	0	0	0	0	0	0	0	0	0	0	0	0	0	0	0	0	0	0	0	0	0	0	0	0	0	0	0	0	0	0	0	0	0	0	0	0	0	0	0	0	0	0	0	0	0	0	0	0	0	0	0	0	0	0	0	0	0	0	0	0	0	0	0	0	0	0	0	0	0	0	16	0	0	0	0	0	0	0	0	0	0	0	0	0	0	0	0	0	0	0	0	0	0	0	0	0	0	0	0	0	0	0	0	0	0	0	0	0	0	0	0	0	0	0	0	0	0	0	0	0	0	0	0	0	0	0	0	0	0	0	0	8	0	0	0	0	0	0	0	0	0	0	0	0	0	0	0	0	0	0	0	0	0	0	0	0	0	0	0	0	0	0	0	0	0	0	0
d__Bacteria___p__Actinobacteriota___c__Coriobacteriia___o__Coriobacteriales___f__Atopobiaceae___g__Coriobacteriaceae_UCG-002	0	0	0	0	0	0	0	0	0	0	0	0	0	0	0	0	0	0	0	0	0	0	0	0	0	0	0	0	0	0	0	0	0	0	0	0	0	0	0	0	0	0	0	0	0	0	0	0	0	0	0	0	0	0	0	0	0	0	0	0	0	0	0	0	0	0	0	0	0	0	0	0	18	0	0	0	0	0	0	0	0	0	0	0	0	0	0	0	0	0	0	0	0	0	0	0	0	0	0	0	0	0	0	0	0	0	0	0	0	0	0	0	0	0	0	0	0	0	0	0	0	0	0	0	0	0	0	0	0	0	0	0	0	0	0	0	0	0	0	0	0	0	0	0	0	0	0	0	0	0	0	0	0	0	0	0	0	0	0	0	0	0	0	0	0	0	0	0	0
d__Bacteria___p__Actinobacteriota___c__Coriobacteriia___o__Coriobacteriales___f__Atopobiaceae___g__Libanicoccus	0	0	0	0	0	0	0	0	0	0	0	0	0	0	0	0	0	0	0	0	0	0	0	0	0	0	0	0	0	0	0	0	0	0	0	0	0	0	0	0	0	0	0	0	0	0	0	0	0	0	0	0	0	0	0	0	0	0	0	0	0	0	0	0	0	0	0	0	0	0	0	0	0	0	0	0	0	0	0	0	0	0	0	0	0	0	0	0	0	0	0	0	0	0	0	0	0	0	0	0	0	0	0	0	0	0	0	0	0	0	0	0	0	0	0	0	0	0	0	0	0	0	0	0	0	0	0	0	0	0	0	0	0	0	0	0	0	0	0	0	0	0	0	0	0	0	29	19	0	0	0	0	0	0	0	0	0	0	0	0	0	0	0	0	0	0	0	0	0
d__Bacteria___p__Actinobacteriota___c__Coriobacteriia___o__Coriobacteriales___f__Atopobiaceae___g__Olsenella	0	0	0	0	0	0	0	0	0	0	0	0	0	0	0	0	0	0	0	0	0	0	0	0	0	0	0	0	0	0	0	0	0	0	0	0	0	0	0	0	0	0	0	0	0	0	0	0	0	0	0	0	0	0	0	0	0	0	0	0	0	0	0	0	0	0	1	0	0	0	0	0	0	0	0	0	0	0	0	4	0	0	0	0	0	0	0	0	0	0	0	0	0	0	0	0	0	0	0	0	0	0	0	0	0	0	0	0	0	0	0	0	0	0	0	0	0	0	0	0	0	0	0	5	11	0	0	0	61	0	0	0	0	0	0	0	0	0	0	82	0	0	0	0	0	0	0	0	0	0	0	0	0	0	0	0	0	0	0	0	0	0	0	0	0	0	0	0	0
d__Bacteria___p__Actinobacteriota___c__Coriobacteriia___o__Coriobacteriales___f__Atopobiaceae___g__uncultured	0	0	0	4	0	0	0	1	0	0	0	0	0	1	0	0	0	0	0	0	0	0	2	0	0	0	0	0	0	0	0	0	0	0	0	0	0	0	0	6	0	0	0	0	0	0	0	0	0	0	0	0	0	1	0	0	0	1	0	0	0	0	0	0	1	2	0	0	0	0	0	0	0	0	0	0	0	0	0	0	0	4	5	0	0	0	0	8	0	7	0	0	0	0	0	0	0	0	0	0	0	0	0	0	0	0	0	0	0	0	0	0	0	0	0	0	0	0	0	0	0	0	0	0	0	0	0	0	4	0	0	0	2	13	0	0	0	0	0	10	0	0	0	0	0	0	1	4	0	0	0	6	0	2	0	0	0	0	0	3	6	0	0	0	0	0	0	0	0
d__Bacteria___p__Actinobacteriota___c__Coriobacteriia___o__Coriobacteriales___f__Coriobacteriaceae___g__Collinsella	226	8	157	563	134	120	94	0	9	0	89	0	138	6	15	19	22	64	68	0	192	100	491	109	227	430	146	170	1183	268	126	143	797	234	884	41	0	127	0	122	74	307	211	54	188	130	645	860	80	451	0	0	0	65	30	86	941	45	102	31	107	0	0	0	56	64	21	110	119	127	129	72	1211	102	222	0	0	286	167	241	2234	193	579	1618	17	0	0	3186	0	688	232	107	101	94	287	20	28	39	251	0	84	59	166	59	28	60	295	330	339	36	0	18	89	524	512	52	39	0	13	99	64	140	51	49	78	254	182	156	2774	0	63	57	1057	1687	52	110	70	37	38	3161	50	0	0	0	0	0	114	80	0	0	0	515	213	447	40	0	228	1173	344	258	152	0	0	0	120	184	27	91	228
d__Bacteria___p__Actinobacteriota___c__Coriobacteriia___o__Coriobacteriales___f__Coriobacteriaceae___g__Enorma	0	0	0	0	0	0	0	0	0	0	0	0	0	0	0	0	0	0	0	0	0	0	0	0	0	0	0	0	0	0	0	0	0	0	0	0	0	0	0	0	0	0	0	0	0	0	0	0	0	0	0	0	0	0	0	0	5	0	0	0	0	0	0	0	0	0	0	0	0	0	0	0	0	0	0	0	0	0	0	0	0	0	0	0	0	0	0	0	0	0	0	0	0	0	0	0	0	0	0	0	0	0	0	0	0	0	0	0	0	0	0	0	0	6	10	0	0	0	0	0	0	0	0	0	0	0	0	0	0	0	0	0	0	0	0	0	1	0	0	0	0	0	0	0	0	0	0	0	0	0	0	0	0	0	0	0	0	0	0	0	0	33	33	0	0	0	0	0	0
d__Bacteria___p__Actinobacteriota___c__Coriobacteriia___o__Coriobacteriales___f__Coriobacteriales_Incertae_Sedis___g__Raoultibacter	0	0	0	0	0	0	0	0	0	0	0	0	0	0	0	0	0	0	0	0	0	0	0	0	0	0	0	0	0	0	0	0	0	0	0	0	0	0	0	0	0	0	0	0	0	0	0	0	0	0	0	0	0	0	0	0	0	0	0	0	0	0	0	0	0	0	0	0	0	0	0	0	0	0	0	0	0	0	0	0	0	0	0	0	0	0	0	0	0	0	0	0	0	0	0	0	0	0	0	0	0	0	0	0	0	0	0	0	0	0	0	0	0	0	0	0	0	0	0	0	0	0	0	0	0	0	0	0	0	0	0	0	0	7	0	0	0	0	0	0	0	0	0	0	0	0	0	0	0	5	0	0	0	0	0	0	0	0	0	0	0	0	0	0	0	0	0	0	0
d__Bacteria___p__Actinobacteriota___c__Coriobacteriia___o__Coriobacteriales___f__Coriobacteriales_Incertae_Sedis___g__uncultured	0	0	11	125	7	0	0	0	0	12	8	26	0	7	5	0	11	12	5	0	0	4	0	0	9	3	1	7	11	2	1	4	0	0	0	1	0	0	0	2	3	1	0	0	0	0	0	0	0	0	0	0	0	6	6	0	23	0	0	0	18	36	32	31	0	0	0	4	2	0	0	0	123	13	25	0	0	0	1	0	0	0	6	3	3	0	0	150	0	20	5	1	1	0	2	0	0	0	0	0	0	1	6	3	4	2	0	0	0	0	0	0	0	23	8	11	0	0	3	5	25	19	0	0	0	0	0	0	13	0	0	0	41	8	0	0	0	0	0	15	0	0	0	8	0	1	0	0	7	25	14	19	20	23	3	0	0	0	0	0	0	0	0	0	0	0	0	24	22
d__Bacteria___p__Actinobacteriota___c__Coriobacteriia___o__Coriobacteriales___f__Eggerthellaceae	0	0	0	0	0	0	0	0	0	0	0	0	0	0	0	0	0	0	0	0	0	0	0	0	0	0	0	0	0	0	0	0	0	0	0	0	0	0	0	0	1	0	0	0	0	0	0	0	0	0	0	0	0	0	0	0	0	0	0	0	0	0	0	0	0	0	0	0	0	0	0	0	0	0	0	0	0	0	0	0	0	6	26	32	0	0	0	0	0	0	0	0	0	0	0	0	0	0	0	0	0	0	0	0	0	0	0	0	0	0	0	0	0	0	0	0	0	0	0	0	0	0	0	0	0	0	0	0	0	0	0	0	0	0	0	0	0	0	0	0	0	0	0	0	0	0	0	0	0	0	0	0	0	0	0	0	0	0	0	0	0	0	0	0	0	0	0	0	0
d__Bacteria___p__Actinobacteriota___c__Coriobacteriia___o__Coriobacteriales___f__Eggerthellaceae___g__Adlercreutzia	7	0	7	72	10	0	0	5	3	0	14	0	8	24	31	16	0	0	0	0	0	9	2	22	0	5	2	0	0	2	8	4	0	0	0	1	0	0	0	4	1	0	13	0	0	0	40	24	0	45	8	0	0	5	6	0	11	3	3	4	16	6	9	23	0	0	0	1	0	5	26	19	15	33	15	0	0	19	2	5	6	7	10	10	2	0	0	114	0	18	3	3	0	0	1	0	0	0	0	0	1	0	8	0	1	3	9	50	0	3	0	0	25	9	17	8	0	0	4	6	7	15	0	0	0	6	21	15	13	1	10	6	14	25	0	0	0	0	17	11	17	7	2	12	0	2	0	0	11	264	34	15	2	10	9	0	10	10	2	7	1	0	0	0	9	11	0	6	18
d__Bacteria___p__Actinobacteriota___c__Coriobacteriia___o__Coriobacteriales___f__Eggerthellaceae___g__CHKCI002	0	0	0	0	0	0	0	0	0	0	0	0	0	0	0	0	0	0	0	0	0	0	0	0	0	0	0	0	0	0	0	0	0	0	0	0	0	0	0	9	0	0	0	0	0	0	0	0	0	0	0	0	0	0	0	0	0	0	0	0	0	0	0	0	0	0	0	0	0	0	0	0	0	0	0	0	0	0	0	0	0	0	0	0	0	0	0	0	0	0	0	0	0	0	0	0	0	0	0	0	0	0	0	0	0	0	0	0	0	0	0	0	0	0	0	0	0	0	0	0	0	0	0	0	0	0	0	0	0	0	0	0	0	0	0	0	0	0	0	0	0	0	0	0	0	0	0	0	0	0	0	0	0	0	0	0	0	0	0	0	0	0	0	0	0	0	0	0	0
d__Bacteria___p__Actinobacteriota___c__Coriobacteriia___o__Coriobacteriales___f__Eggerthellaceae___g__DNF00809	0	0	0	0	0	0	0	0	0	0	0	0	0	0	0	0	0	0	0	0	0	0	0	0	0	0	0	0	0	0	0	0	0	0	0	0	0	0	0	0	0	0	0	0	0	0	0	0	0	0	0	0	0	0	0	0	0	0	0	0	0	0	0	0	0	0	0	0	0	0	0	0	0	0	0	0	0	0	0	0	0	0	0	0	0	0	0	0	0	0	0	0	0	0	0	0	0	0	0	0	0	0	0	0	0	0	0	0	0	0	0	0	0	0	0	0	0	0	0	0	0	0	0	0	0	0	0	0	0	0	0	0	0	7	0	0	0	0	0	0	0	0	0	0	0	0	0	0	0	0	0	0	0	0	0	0	0	0	0	0	0	0	0	0	0	0	0	0	0
d__Bacteria___p__Actinobacteriota___c__Coriobacteriia___o__Coriobacteriales___f__Eggerthellaceae___g__Eggerthella	5	40	2	16	1	13	1	7	4	28	3	87	0	13	20	25	5	10	2	0	0	0	0	6	4	2	0	0	5	0	0	0	0	0	0	6	0	32	3	1	0	0	0	0	15	9	3	0	59	9	7	30	10	0	3	0	35	1	0	0	4	10	1	5	1	7	0	0	0	0	0	0	38	6	16	16	0	19	0	0	0	0	0	3	4	42	143	0	3	0	1	0	1	0	8	5	8	5	0	10	0	0	0	0	0	0	0	2	1	3	12	0	50	27	29	2	5	2	7	0	1	0	0	0	0	2	0	0	1	9	21	50	19	36	0	0	0	0	0	2	0	3	5	11	0	9	0	1	11	89	53	11	2	2	9	0	7	7	0	0	0	4	25	45	4	8	0	3	9
d__Bacteria___p__Actinobacteriota___c__Coriobacteriia___o__Coriobacteriales___f__Eggerthellaceae___g__Enterorhabdus	0	0	0	5	0	0	0	0	0	1	0	0	0	0	1	0	0	0	0	1	6	0	2	0	0	1	1	0	0	0	0	0	0	0	0	0	0	0	0	0	2	1	0	0	0	0	1	0	0	2	0	0	0	0	0	1	5	0	0	1	3	0	0	0	0	0	0	0	0	0	0	0	15	4	4	0	0	6	0	1	1	2	0	4	0	0	3	5	0	0	0	0	0	0	0	0	0	0	2	0	1	1	0	0	0	0	0	3	0	0	0	0	0	13	4	0	0	0	0	0	0	0	0	3	0	0	0	0	4	0	9	0	0	3	1	4	0	0	0	0	0	0	0	0	0	0	0	0	0	15	2	8	4	12	0	0	0	0	11	14	6	0	0	0	0	0	0	2	0
d__Bacteria___p__Actinobacteriota___c__Coriobacteriia___o__Coriobacteriales___f__Eggerthellaceae___g__Enteroscipio	0	0	0	0	0	0	0	0	0	0	0	2	0	0	0	0	0	0	0	0	0	0	0	0	0	0	0	0	0	0	0	0	0	0	0	0	0	0	0	0	0	0	0	0	12	1	0	0	0	0	0	0	0	0	0	0	0	0	0	0	0	0	0	0	0	0	0	0	0	0	0	0	13	1	1	0	0	0	0	0	0	0	0	0	0	2	0	0	0	0	0	0	0	0	0	0	0	0	0	0	0	0	0	0	0	0	0	0	0	0	0	0	0	0	0	0	0	0	0	0	0	0	0	0	0	0	0	0	0	0	0	0	0	0	0	0	0	0	0	0	0	0	0	0	0	0	0	0	0	0	0	0	0	0	0	0	0	0	0	0	0	0	0	0	0	0	0	0	0
d__Bacteria___p__Actinobacteriota___c__Coriobacteriia___o__Coriobacteriales___f__Eggerthellaceae___g__Gordonibacter	1	0	0	12	0	0	0	0	0	0	0	0	0	2	0	2	0	0	0	0	0	0	0	2	0	5	0	0	0	0	0	0	1	0	0	0	0	0	0	0	2	0	0	0	0	0	0	0	0	0	0	0	0	0	0	0	3	0	1	0	0	13	0	8	1	0	1	1	0	0	0	7	5	0	8	0	0	2	0	0	0	1	5	12	0	0	0	6	0	0	0	0	0	0	0	0	0	0	0	0	0	0	0	0	0	0	1	0	0	0	2	0	0	0	3	1	0	0	0	0	3	5	0	0	0	0	5	0	11	0	0	0	8	1	0	0	0	0	1	2	1	0	0	0	0	0	0	3	0	30	10	2	0	2	0	0	1	5	0	0	0	1	4	0	0	0	0	3	0
d__Bacteria___p__Actinobacteriota___c__Coriobacteriia___o__Coriobacteriales___f__Eggerthellaceae___g__Parvibacter	0	0	0	0	0	0	0	0	0	0	0	0	0	0	0	0	3	0	2	0	0	0	0	0	0	0	0	0	0	0	0	0	8	18	26	0	0	0	0	0	0	0	0	0	0	0	0	0	0	0	0	0	0	0	0	0	0	0	0	0	0	0	0	0	0	0	0	0	0	0	0	0	0	0	0	0	0	0	0	0	0	0	0	0	0	0	0	0	0	0	0	0	0	0	0	0	0	0	0	0	0	0	0	0	0	0	0	0	0	0	0	0	0	0	0	0	0	0	0	0	0	0	0	0	0	0	0	0	0	0	0	0	0	0	0	0	0	0	0	0	0	0	0	0	9	0	0	0	0	0	0	0	0	0	0	3	0	0	0	0	0	0	0	0	0	0	0	0	0
d__Bacteria___p__Actinobacteriota___c__Coriobacteriia___o__Coriobacteriales___f__Eggerthellaceae___g__Senegalimassilia	0	0	0	0	0	0	0	0	0	0	0	0	23	0	0	0	0	0	0	6	27	0	15	0	0	0	0	37	45	0	0	0	0	0	0	0	0	0	0	22	14	20	0	0	0	0	0	0	0	0	0	0	0	0	0	4	0	4	0	0	0	0	0	0	0	0	0	0	0	0	0	0	0	0	0	0	0	0	18	7	10	61	81	131	0	0	0	0	0	0	0	0	0	0	0	0	0	0	12	0	14	4	0	0	0	0	8	32	0	0	0	0	0	0	0	0	0	0	0	0	0	0	10	23	17	0	0	0	77	0	0	0	0	0	2	2	9	6	4	123	16	0	0	0	0	0	4	11	0	0	0	0	0	0	0	0	0	0	17	38	25	30	163	0	0	0	0	0	0
d__Bacteria___p__Actinobacteriota___c__Coriobacteriia___o__Coriobacteriales___f__Eggerthellaceae___g__Slackia	0	0	0	0	0	19	10	0	0	0	0	0	7	0	0	0	0	0	0	7	61	0	32	0	14	18	2	0	0	0	0	0	35	14	37	0	4	0	13	1	0	0	0	0	0	0	0	0	0	0	0	0	0	0	0	0	0	0	15	16	0	0	0	0	7	43	0	5	3	10	8	11	0	0	0	0	0	0	6	2	9	14	34	56	0	0	0	79	0	30	3	0	0	0	0	0	0	0	0	0	0	0	0	0	0	0	0	0	0	0	0	0	0	0	0	0	0	0	0	0	0	0	0	5	5	0	0	0	79	0	0	0	38	19	4	3	0	0	0	54	0	0	0	0	0	0	6	10	0	0	0	0	0	0	0	0	0	0	0	1	0	0	0	0	0	0	0	0	0
d__Bacteria___p__Actinobacteriota___c__Coriobacteriia___o__Coriobacteriales___f__Eggerthellaceae___g__uncultured	0	0	0	0	0	0	0	0	0	0	0	0	6	0	0	0	0	0	0	4	6	0	5	0	0	0	0	0	0	0	0	0	28	10	20	0	0	0	0	11	20	25	7	0	0	0	0	0	0	0	0	0	0	0	0	2	0	1	0	0	0	0	0	0	20	5	0	0	0	0	0	0	0	0	0	0	0	0	22	10	32	12	13	14	0	0	0	0	0	0	0	0	0	0	0	0	0	0	1	0	6	2	0	0	0	0	0	0	0	0	0	0	0	0	0	0	0	0	0	0	0	0	4	5	17	26	36	19	0	0	0	0	0	0	0	2	0	0	0	0	10	0	0	0	0	0	12	26	0	0	0	0	0	0	0	0	0	0	0	7	5	0	0	0	0	0	0	0	0
d__Bacteria___p__Actinobacteriota___c__Coriobacteriia___o__Coriobacteriales___f__uncultured___g__uncultured	0	0	0	0	0	0	0	0	0	0	0	0	0	0	0	0	0	0	0	0	0	0	0	0	0	0	0	0	0	0	0	0	0	0	0	0	0	0	0	0	0	0	0	0	0	0	0	0	0	0	0	0	0	2	0	0	0	0	0	0	0	0	0	0	0	0	0	0	0	0	0	0	0	0	0	0	0	0	2	0	5	36	43	75	0	0	0	20	0	6	0	0	0	0	0	0	0	0	0	0	0	0	0	0	0	0	0	0	0	0	0	0	0	0	0	0	0	0	0	0	0	0	0	0	0	0	0	0	6	0	0	0	0	0	0	0	0	0	0	0	3	0	0	0	0	0	0	0	0	0	0	0	0	0	0	0	0	0	0	0	0	0	0	0	0	0	0	0	0
d__Bacteria___p__Bacteroidota___c__Bacteroidia	0	0	0	0	0	0	0	0	0	0	0	0	0	5	13	7	0	0	0	0	0	0	0	0	0	0	0	0	0	0	0	0	0	0	0	0	0	0	0	0	0	0	0	0	0	0	0	0	0	0	0	0	0	0	0	0	0	0	0	0	0	38	108	214	3	11	0	0	0	0	0	0	0	0	0	0	0	0	0	0	0	0	0	0	0	0	0	0	0	0	0	0	0	0	0	0	0	0	0	0	0	0	0	0	0	0	0	0	0	0	0	0	0	0	0	0	0	0	12	0	0	0	0	0	0	0	0	0	0	0	0	0	0	0	0	0	0	0	0	0	0	0	0	0	0	0	0	0	0	0	0	0	0	0	7	0	0	0	17	14	7	0	0	0	0	0	0	0	0
d__Bacteria___p__Bacteroidota___c__Bacteroidia___o__Bacteroidales	0	0	0	0	0	0	0	0	0	0	0	0	0	98	184	34	0	0	0	0	0	0	0	0	0	0	0	0	0	0	0	0	0	0	0	0	0	0	0	2	0	0	0	0	0	0	0	0	0	0	13	47	23	617	349	0	0	0	0	0	0	0	0	1	0	0	0	0	0	0	0	0	0	44	75	0	0	0	0	0	0	0	1	0	0	0	0	0	0	0	0	0	0	0	0	0	0	0	0	0	0	0	0	0	0	0	0	0	0	0	0	0	0	0	0	0	0	0	19	0	0	0	0	0	0	0	0	0	0	0	0	0	0	27	0	0	0	0	0	0	0	0	0	0	0	0	0	0	0	0	0	0	0	0	0	0	0	0	0	0	0	0	0	0	0	0	0	0	0
d__Bacteria___p__Bacteroidota___c__Bacteroidia___o__Bacteroidales___f__Bacteroidaceae___g__Bacteroides	20256	26269	15128	10482	12109	31133	20817	5730	6347	11802	18252	6132	5670	3870	11146	6405	17467	10921	8763	31302	11903	22360	18719	26546	14323	18770	4679	28326	13541	11167	3497	2688	10563	4573	13925	32613	26681	20934	27267	3840	10683	7352	8179	9416	14400	22464	9653	11529	29835	18337	14714	15950	13796	10729	12790	8263	5392	6756	24324	22594	9695	20436	22039	18232	14969	25028	16038	3078	7816	22023	21353	14914	7154	18408	8163	27582	21515	27311	2481	1087	8428	14443	11610	7389	3580	22952	20291	1183	20227	13327	23559	13606	23812	19961	20736	27792	24192	23453	10300	22777	4972	3927	7054	18854	17947	16551	20319	16262	26790	18401	22423	12184	17713	4385	8418	8670	22286	19364	18189	12218	8585	11355	605	1258	4209	10494	7736	9949	1436	30059	24189	21148	12180	9186	535	1047	11869	25940	7491	710	4795	32669	37991	24502	25378	26301	3462	11966	23529	8660	16927	8310	1271	3102	15382	29663	24298	15540	1574	2441	2782	16541	24965	24655	20496	21174	27762	15596	13228
d__Bacteria___p__Bacteroidota___c__Bacteroidia___o__Bacteroidales___f__Barnesiellaceae___g__Barnesiella	0	0	174	715	178	0	0	0	0	0	36	0	312	1086	610	388	0	0	0	0	0	12	0	0	0	0	0	0	0	138	81	165	0	0	0	0	0	0	0	1221	1056	1225	12	0	0	0	0	0	0	0	0	0	0	0	0	0	0	0	0	0	0	0	0	0	0	0	303	328	520	0	0	0	351	0	0	0	0	465	0	0	0	1011	944	1120	0	0	0	0	0	0	0	0	0	0	0	0	0	0	0	0	0	0	122	0	0	0	0	0	0	0	0	0	0	0	0	124	0	0	0	70	170	170	0	8	11	31	120	96	0	262	400	671	0	0	0	0	54	169	0	0	0	0	0	273	0	324	0	0	0	0	0	0	0	0	0	0	0	0	153	254	271	0	0	0	0	0	14	248	312
d__Bacteria___p__Bacteroidota___c__Bacteroidia___o__Bacteroidales___f__Barnesiellaceae___g__Coprobacter	0	0	0	0	0	0	0	0	0	0	0	1	0	38	55	47	36	42	22	0	0	0	0	0	8	3	8	0	0	26	12	4	0	0	0	0	0	0	0	30	93	27	58	0	0	0	0	0	0	0	54	40	17	22	99	0	0	40	0	0	1	0	0	0	89	52	0	0	0	0	0	0	0	0	0	0	0	0	0	0	0	5	4	3	0	0	0	3	0	33	0	0	0	0	0	0	0	0	87	0	40	30	10	0	0	0	0	0	0	0	0	0	0	0	0	2	0	0	0	7	34	15	1	0	1	35	49	103	0	0	0	0	0	0	0	0	16	35	44	0	36	0	0	99	0	102	0	0	0	0	0	0	1	0	118	0	0	0	5	5	4	0	0	0	0	0	0	3	7
d__Bacteria___p__Bacteroidota___c__Bacteroidia___o__Bacteroidales___f__Barnesiellaceae___g__uncultured	0	0	119	29	106	0	0	0	0	0	8	0	0	0	0	0	0	0	0	0	0	7	0	0	0	0	0	0	0	0	0	0	0	0	0	0	0	0	0	0	0	0	0	0	0	0	0	0	0	0	0	0	0	0	0	0	0	0	0	0	0	0	0	0	0	0	0	0	0	0	0	0	0	0	0	0	0	0	0	0	0	0	0	0	0	0	0	0	0	0	0	0	0	0	0	0	0	0	0	0	0	0	35	0	0	0	0	0	0	0	0	0	0	0	0	0	0	0	0	54	84	134	0	0	0	0	0	0	0	0	0	0	0	0	0	0	0	0	0	0	0	0	0	0	0	0	0	0	0	0	0	0	0	0	0	0	0	0	15	37	28	0	0	0	0	0	7	0	0
d__Bacteria___p__Bacteroidota___c__Bacteroidia___o__Bacteroidales___f__Marinifilaceae___g__Butyricimonas	0	0	0	0	0	0	0	0	0	0	32	0	61	82	79	61	0	0	0	0	88	24	92	0	195	110	53	0	0	97	76	64	83	73	96	0	0	0	0	112	94	162	24	0	0	0	0	0	0	0	0	0	0	31	3	102	0	90	0	0	251	20	36	66	33	166	17	85	84	0	0	0	117	148	230	0	0	69	7	0	134	35	49	51	110	0	0	6	0	59	0	0	3	7	8	0	0	0	231	0	179	97	109	1	8	20	0	0	0	0	0	0	0	0	0	34	0	0	0	38	115	83	72	78	162	0	0	0	0	0	0	0	1	0	9	43	0	0	124	0	74	0	0	0	0	0	197	491	80	57	61	363	91	200	55	0	120	68	59	103	106	0	0	0	0	0	22	66	61
d__Bacteria___p__Bacteroidota___c__Bacteroidia___o__Bacteroidales___f__Marinifilaceae___g__Odoribacter	0	70	56	140	166	0	0	121	175	282	87	2605	45	173	155	107	0	0	0	153	30	97	54	34	192	37	21	0	0	89	60	38	156	195	80	60	0	0	0	895	943	687	67	20	288	57	3977	88	0	966	137	832	590	94	143	0	147	97	0	0	163	50	66	164	70	142	45	0	0	386	110	76	88	118	38	0	0	101	54	11	81	236	384	180	266	0	0	5	105	48	0	0	64	20	42	55	1	98	186	94	113	49	177	35	42	38	0	0	0	0	225	0	0	212	212	90	96	73	140	68	115	96	62	72	101	267	190	333	2	85	41	169	0	0	11	125	74	130	98	0	54	0	0	173	0	100	53	121	85	26	39	293	116	247	117	0	340	139	34	73	78	0	0	0	0	0	74	115	205
d__Bacteria___p__Bacteroidota___c__Bacteroidia___o__Bacteroidales___f__Marinifilaceae___g__Sanguibacteroides	0	0	0	0	0	0	0	0	0	0	0	0	0	0	0	0	0	0	0	0	0	0	0	0	0	0	0	0	0	0	0	0	0	0	0	0	0	0	0	0	0	0	0	0	0	0	0	0	0	0	0	0	0	0	0	0	0	0	0	0	0	0	0	0	7	52	0	0	0	0	0	0	0	0	0	0	0	0	0	0	0	0	0	0	0	0	0	0	0	0	0	0	0	0	0	0	0	0	0	0	0	0	0	0	0	0	0	0	0	0	0	0	0	0	0	0	0	0	0	0	0	0	0	0	0	0	0	0	0	0	0	0	0	0	0	0	0	0	0	0	0	0	0	0	0	0	0	0	0	0	0	0	0	0	0	0	0	0	2	13	14	0	0	0	0	0	0	0	0
d__Bacteria___p__Bacteroidota___c__Bacteroidia___o__Bacteroidales___f__Muribaculaceae___g__Muribaculaceae	0	0	0	0	0	0	0	0	0	0	0	0	235	1622	2968	2313	0	0	0	0	0	0	0	0	0	0	0	0	0	0	0	0	90	256	336	0	0	0	0	13	55	186	246	0	0	0	0	0	0	0	0	0	0	921	270	0	0	0	0	0	313	128	307	104	0	0	0	0	0	0	0	0	17	0	0	0	0	0	0	0	0	0	0	0	0	0	0	0	0	0	0	0	0	0	0	0	0	0	233	0	193	177	12	0	0	0	0	0	0	0	0	0	0	0	0	1054	0	1	0	0	0	0	108	164	324	0	0	0	0	0	0	0	0	23	1	38	0	0	0	0	0	0	0	0	0	0	0	0	0	0	0	645	330	886	0	0	648	947	0	0	0	0	0	84	0	0	2	575	1967
d__Bacteria___p__Bacteroidota___c__Bacteroidia___o__Bacteroidales___f__Muribaculaceae___g__Muribaculum	0	0	0	0	0	0	0	0	0	0	0	0	0	0	0	0	0	0	0	0	0	0	0	0	0	0	0	0	0	0	0	0	0	0	0	0	0	0	0	0	0	0	0	0	0	0	0	0	0	0	0	0	0	0	0	0	0	0	0	0	0	0	0	0	0	0	0	0	0	0	0	0	0	0	0	0	0	0	0	0	0	0	0	0	0	0	0	0	0	0	0	0	0	0	0	0	0	0	0	0	0	0	11	0	0	0	0	0	0	0	0	0	0	0	0	0	0	0	0	0	0	0	0	0	0	0	0	0	0	0	0	0	0	0	0	0	0	0	0	0	0	0	0	0	0	0	0	0	0	0	0	0	0	0	0	0	0	0	0	0	0	0	0	0	0	0	0	0	0
d__Bacteria___p__Bacteroidota___c__Bacteroidia___o__Bacteroidales___f__Porphyromonadaceae___g__Porphyromonas	0	0	0	0	0	0	0	0	0	0	0	0	0	0	0	0	0	0	0	0	0	0	0	0	0	0	0	0	0	0	0	0	1	0	0	0	0	0	0	3	0	0	0	0	2	0	2	0	0	0	0	0	0	0	0	0	1	0	0	0	0	0	0	3	0	0	0	0	0	0	0	0	22	0	4	0	0	0	0	0	0	5	3	4	0	0	2	0	0	0	0	2	0	0	0	0	0	0	0	0	0	0	0	0	0	0	0	3	0	0	0	0	0	2	0	0	0	0	0	0	0	0	0	0	0	0	0	0	0	0	5	0	5	143	0	0	1	0	0	2	0	0	0	0	0	0	0	0	0	0	21	3	0	0	0	0	0	0	0	0	0	0	0	0	0	0	0	0	0
d__Bacteria___p__Bacteroidota___c__Bacteroidia___o__Bacteroidales___f__Prevotellaceae	0	0	0	1	0	0	0	0	0	0	0	0	0	0	0	0	0	0	0	0	0	0	0	0	0	0	0	0	0	0	0	0	0	0	0	0	0	0	0	0	0	0	0	0	0	0	0	0	0	0	0	0	1	0	0	0	0	0	0	0	0	0	0	1	0	0	0	0	0	0	0	0	9	0	6	0	0	0	0	0	0	0	0	0	0	0	0	0	0	0	0	0	0	0	0	0	0	0	0	0	0	0	0	0	0	0	0	0	0	0	0	0	0	0	0	0	0	0	0	271	16	67	0	0	0	0	0	0	0	0	7	0	0	2	21	69	0	0	0	1	0	0	0	0	0	0	0	0	0	1	4	0	0	0	0	0	0	0	0	0	0	0	0	0	0	0	0	0	0
d__Bacteria___p__Bacteroidota___c__Bacteroidia___o__Bacteroidales___f__Prevotellaceae___g__Alloprevotella	0	0	0	0	0	0	0	0	0	0	1	0	0	0	0	0	0	0	0	0	0	0	0	0	0	0	0	0	0	0	0	0	74	366	443	0	0	0	0	0	0	0	0	0	0	0	0	0	0	0	0	0	0	0	0	3523	1	0	0	0	8	0	0	0	0	0	0	0	0	0	0	0	0	0	0	0	0	0	0	0	2	0	0	0	5040	0	0	0	0	0	0	0	0	0	0	0	0	0	0	0	0	0	0	0	0	0	0	0	0	0	0	0	0	0	0	0	0	0	0	0	0	0	2173	1910	2765	0	0	0	6	0	0	0	0	0	4038	731	0	0	0	0	1	0	0	0	0	0	1812	2891	0	6	0	0	0	0	0	0	1706	826	0	0	0	0	0	0	0	0	3	0	0
d__Bacteria___p__Bacteroidota___c__Bacteroidia___o__Bacteroidales___f__Prevotellaceae___g__Paraprevotella	0	0	893	224	1521	0	0	0	0	0	1010	0	590	0	0	0	836	405	2196	1282	257	291	169	0	126	155	296	0	0	0	0	0	0	0	0	76	0	0	0	0	0	0	179	151	356	166	0	0	0	0	0	0	0	0	0	0	0	92	0	0	115	0	0	0	943	155	0	77	59	0	0	0	3	0	0	305	433	0	185	79	106	0	0	0	52	0	0	0	639	0	39	0	0	0	0	0	0	0	99	656	128	58	0	0	0	0	0	0	0	0	844	0	0	0	0	0	0	0	0	1383	636	194	0	0	0	52	240	99	0	0	0	0	0	0	20	55	0	0	207	0	154	0	0	0	0	1	486	576	0	2	0	163	352	177	321	0	306	106	360	838	602	1310	909	0	0	0	616	0	0
d__Bacteria___p__Bacteroidota___c__Bacteroidia___o__Bacteroidales___f__Prevotellaceae___g__Prevotella	0	0	0	0	0	0	0	0	0	0	0	0	0	0	0	0	0	0	0	0	0	0	0	0	0	0	6	0	1	0	1	0	62	1	2	0	0	0	0	7	0	0	0	1261	82	863	140	140	0	975	0	2	0	0	0	7604	0	2	0	0	303	0	0	0	0	1	0	0	0	0	0	0	45	0	2	0	0	0	0	0	0	11	4	0	0	0	28	0	0	0	0	4	0	0	0	0	0	0	0	0	0	0	0	0	0	0	0	6	1	0	0	1	0	0	0	0	0	0	0	0	1	0	3410	3023	3504	0	0	1	6	0	15	0	2	180	3784	2350	0	0	0	2	0	0	0	0	0	0	3	3	0	0	24	1813	259	265	10	0	0	0	0	0	0	8130	182	0	0	1	0	0	2
d__Bacteria___p__Bacteroidota___c__Bacteroidia___o__Bacteroidales___f__Prevotellaceae___g__Prevotella_7	0	0	0	0	0	0	0	0	0	0	0	0	163	0	0	0	1	0	0	209	230	0	95	0	159	46	207	0	0	0	0	0	0	0	0	0	0	0	0	0	0	0	0	628	166	277	0	0	0	0	0	0	0	0	0	0	0	0	0	0	278	169	31	133	0	0	0	0	0	0	0	0	0	0	0	0	0	0	1355	477	1142	0	0	0	0	0	0	0	0	0	0	0	0	0	0	0	0	0	0	0	0	0	0	0	0	0	0	0	0	0	0	0	0	0	0	0	0	0	0	988	39	153	86	67	55	0	0	0	0	0	0	0	0	13	0	0	0	0	0	0	0	0	0	0	0	0	0	0	0	0	0	0	0	0	0	0	0	0	319	215	402	0	0	0	0	0	0	0	0
d__Bacteria___p__Bacteroidota___c__Bacteroidia___o__Bacteroidales___f__Prevotellaceae___g__Prevotella_9	0	4	0	0	4	0	0	17059	10141	1	1	0	6290	0	0	0	14	0	0	0	0	0	1	0	14142	950	19854	0	25	8620	15323	17429	367	5162	756	0	0	0	0	255	991	542	14804	0	3	0	0	0	0	1	8	3	2	0	0	0	0	18466	0	0	2707	0	0	0	0	0	0	19344	18569	2	0	0	0	0	3	6	1	0	22958	17504	5596	23	28	42	15467	4	0	5	0	158	0	0	0	0	0	0	0	0	4119	0	9798	12373	0	0	0	0	0	1	0	0	0	0	0	0	0	0	8	4	0	0	0	0	14213	14166	7454	4092	8542	8654	36	4	0	3	16	5	17439	19775	0	0	8928	15	9010	0	0	0	0	0	20290	8224	0	53	0	626	13462	8380	0	0	0	4	18234	16073	13360	0	0	0	0	0	0	0	0
d__Bacteria___p__Bacteroidota___c__Bacteroidia___o__Bacteroidales___f__Prevotellaceae___g__Prevotellaceae_NK3B31_group	0	0	0	0	0	0	0	0	0	0	0	0	0	410	2570	2650	0	0	0	0	0	0	9	0	0	0	0	0	0	0	0	0	0	0	0	0	0	0	0	0	0	0	0	0	1	0	0	0	0	0	0	0	0	0	0	0	0	0	0	0	0	0	0	0	0	0	0	0	0	0	0	0	0	0	0	0	0	0	0	1	0	0	0	0	0	0	0	0	0	0	0	0	0	0	0	0	0	0	0	0	0	0	12578	0	0	0	0	0	0	0	0	0	0	0	0	0	0	0	0	0	0	0	0	0	0	0	0	0	0	0	0	0	0	0	0	0	0	0	0	0	0	0	0	0	0	0	0	0	0	0	0	0	0	0	0	0	0	0	0	0	1	0	0	0	0	0	0	0	0
d__Bacteria___p__Bacteroidota___c__Bacteroidia___o__Bacteroidales___f__Prevotellaceae___g__Prevotellaceae_UCG-001	0	0	0	0	0	0	0	0	0	0	0	0	0	0	0	0	0	0	0	0	0	0	0	0	0	0	0	0	0	0	0	0	0	0	0	0	0	0	0	0	0	0	0	0	0	0	6	0	0	0	0	0	0	0	0	0	0	0	0	0	5	0	0	0	0	0	0	0	0	0	0	0	4	0	3	0	0	0	0	0	0	2	0	2	0	0	0	0	0	2	0	0	0	0	0	0	0	0	0	0	0	0	0	0	0	0	0	0	0	0	0	0	0	0	0	0	0	0	0	0	0	0	0	0	0	0	0	0	0	0	3	0	0	0	0	0	0	0	0	0	0	0	0	0	0	0	0	0	0	0	0	0	0	0	0	0	0	0	0	0	0	0	0	0	0	0	0	0	0
d__Bacteria___p__Bacteroidota___c__Bacteroidia___o__Bacteroidales___f__Prevotellaceae___g__uncultured	0	0	0	0	0	0	0	0	0	0	0	0	0	0	0	0	0	0	0	0	0	0	0	0	0	0	0	0	0	0	0	0	0	0	0	0	0	0	0	0	0	0	0	0	0	0	0	0	0	0	0	0	0	0	0	0	0	0	0	0	0	0	0	0	0	0	0	0	0	0	0	0	0	0	0	0	0	0	0	0	0	0	0	0	0	0	0	0	0	0	0	0	0	0	0	0	0	0	0	0	0	0	0	0	0	0	0	0	0	0	0	0	0	0	0	0	0	0	0	1047	60	251	0	0	0	0	0	0	0	0	0	0	0	0	370	258	0	0	0	0	0	0	0	0	0	0	0	0	0	0	0	0	0	0	0	0	73	606	0	0	0	0	0	0	0	0	0	0	0
d__Bacteria___p__Bacteroidota___c__Bacteroidia___o__Bacteroidales___f__Rikenellaceae	0	0	0	0	0	0	0	0	0	0	0	0	0	0	0	0	0	0	0	0	0	0	0	0	0	0	0	0	0	0	0	0	0	0	0	0	0	0	0	0	0	0	0	0	0	0	0	0	0	0	0	0	0	0	0	0	0	0	0	0	0	0	0	0	0	0	0	0	0	0	0	0	0	0	52	0	0	0	0	0	0	0	0	0	0	0	0	0	0	0	0	0	0	0	0	0	0	0	0	0	0	0	0	0	0	0	0	0	0	0	0	0	0	0	0	0	0	0	0	0	0	0	0	0	0	0	0	0	0	0	0	0	0	0	0	0	0	0	0	0	0	0	0	0	0	0	0	0	0	0	0	0	0	0	0	0	0	0	0	0	0	0	0	0	0	0	0	0	0
d__Bacteria___p__Bacteroidota___c__Bacteroidia___o__Bacteroidales___f__Rikenellaceae___g__Alistipes	173	173	1462	1030	1076	0	0	190	955	862	342	316	508	600	423	336	201	372	242	365	145	242	1135	174	1798	797	80	5	59	1183	697	938	117	60	151	237	0	0	5	1010	900	917	614	134	708	210	898	488	0	384	3778	3314	5589	923	532	0	326	382	1083	600	518	341	467	950	260	1448	238	144	199	575	929	1233	509	2183	2946	0	0	354	340	68	1563	5719	5546	3193	480	6444	644	198	308	2471	975	200	166	23	89	40	9	63	1556	439	837	511	464	136	95	127	1164	1113	34	1452	736	633	2067	514	816	434	139	91	342	787	2571	1461	69	148	236	1777	1076	1515	79	186	880	1495	377	378	6	5	512	952	869	87	446	1	10	577	0	420	564	1434	532	2445	1653	1716	591	1418	755	0	1071	1411	420	555	575	77	210	76	219	646	188	622	799
d__Bacteria___p__Bacteroidota___c__Bacteroidia___o__Bacteroidales___f__Rikenellaceae___g__Rikenella	0	0	0	0	0	0	0	0	0	0	0	0	0	0	0	0	0	0	0	0	0	0	0	0	0	0	0	0	0	0	0	0	0	0	0	0	0	0	0	0	0	0	0	0	0	0	0	0	0	0	0	0	0	7	0	0	0	0	0	0	0	0	0	0	0	0	0	0	0	0	0	0	0	0	0	0	0	0	0	0	0	0	0	0	0	0	0	0	0	0	0	0	0	0	0	0	0	0	0	0	0	0	0	0	0	0	0	0	0	0	0	0	0	0	0	0	0	0	0	0	0	0	0	0	0	0	0	0	0	0	0	0	0	0	0	0	0	0	0	0	0	0	0	0	0	0	0	0	0	0	0	0	0	0	0	0	0	0	0	0	0	0	0	0	0	0	0	0	0
d__Bacteria___p__Bacteroidota___c__Bacteroidia___o__Bacteroidales___f__Rikenellaceae___g__Rikenellaceae_RC9_gut_group	0	0	0	0	0	0	0	0	0	0	0	0	0	9	8	0	0	0	0	0	0	1	0	0	0	0	0	0	0	0	0	0	0	0	0	0	0	0	0	0	0	0	0	0	0	0	0	0	0	0	0	0	0	0	0	634	0	0	0	0	0	2	6	31	0	0	0	0	0	0	0	0	0	0	0	0	0	0	0	0	0	0	0	0	0	0	0	0	0	0	0	0	0	0	0	0	0	0	0	0	0	0	0	0	0	0	0	0	0	0	0	0	0	0	0	0	0	0	0	0	0	0	0	0	0	0	0	0	0	0	0	0	0	0	31	365	0	0	0	0	0	0	0	0	0	0	0	0	0	0	0	0	0	0	0	0	0	0	0	0	0	0	0	0	0	0	0	0	0
d__Bacteria___p__Bacteroidota___c__Bacteroidia___o__Bacteroidales___f__Tannerellaceae	0	0	0	0	0	0	0	0	0	0	0	0	0	0	0	0	0	0	0	0	0	0	0	0	0	0	0	0	0	0	0	0	0	11	12	0	0	0	0	0	0	0	0	0	0	0	0	0	0	0	0	0	0	0	0	0	0	0	0	0	0	0	0	0	0	0	0	0	0	0	0	0	0	0	0	0	0	0	0	0	0	0	0	0	0	0	0	0	0	0	0	0	0	0	0	0	0	0	0	0	0	0	0	0	0	0	0	0	0	0	0	0	0	0	0	2	0	0	0	0	0	0	0	0	0	0	0	0	0	0	0	0	0	0	0	0	0	0	0	0	0	0	0	0	0	0	0	0	0	0	0	0	0	0	0	0	0	0	0	3	0	0	0	0	0	0	0	2	5
d__Bacteria___p__Bacteroidota___c__Bacteroidia___o__Bacteroidales___f__Tannerellaceae___g__Parabacteroides	2326	1218	1575	1266	518	1399	853	2166	490	1518	709	286	942	892	1583	526	1147	2165	3176	1441	1132	546	1549	569	1615	1170	267	1028	1773	1105	326	378	1034	749	2122	498	932	855	2310	975	529	934	739	962	1757	606	734	1121	2361	1110	3423	1244	1162	1935	2014	1023	1071	686	1225	484	2760	1174	804	864	2851	735	475	559	489	955	1390	1550	442	2323	1730	526	748	2013	796	2302	2009	1005	1043	942	889	0	0	422	1339	283	845	338	4689	2408	310	8116	4935	1271	511	1226	545	325	588	366	615	425	2179	1317	1666	2921	1978	960	1495	417	982	662	3798	618	1215	278	526	580	981	1179	534	544	1837	1360	387	547	888	1153	144	285	47	201	321	2226	553	96	390	1376	1070	607	1310	665	1387	2779	1950	733	3000	2044	432	1028	719	1299	615	609	1665	2053	709	3289	1749	592	2874	1864	379	1574	981
d__Bacteria___p__Bacteroidota___c__Bacteroidia___o__Bacteroidales___f__Tannerellaceae___g__Tannerellaceae	1323	0	0	0	0	0	0	0	0	0	0	0	26	790	645	351	0	0	0	39	19	0	307	0	49	2	0	0	0	29	13	15	0	0	0	0	0	0	0	0	0	0	0	0	0	0	0	0	0	0	0	0	0	0	0	0	0	16	0	0	59	0	0	0	0	0	0	0	0	2	32	91	0	0	0	0	0	0	0	0	0	55	89	75	0	0	0	0	0	0	0	0	0	0	0	0	0	0	0	0	0	0	6	0	0	0	123	213	0	0	0	0	0	0	0	0	0	0	0	0	0	0	0	0	0	0	0	0	2	0	0	0	0	0	0	0	0	0	14	0	29	0	0	0	0	0	0	0	0	0	0	274	60	233	54	0	0	0	0	0	0	0	0	0	2070	2227	0	0	0
d__Bacteria___p__Bacteroidota___c__Bacteroidia___o__Flavobacteriales___f__Weeksellaceae___g__Empedobacter	0	0	0	0	0	0	0	0	0	0	0	0	0	0	0	8	0	0	0	0	0	0	0	0	0	0	0	0	0	0	0	0	0	0	0	0	0	0	0	0	0	0	0	0	0	0	0	0	0	0	0	0	0	0	0	0	0	0	0	0	0	0	0	0	0	0	0	0	0	0	0	0	0	0	0	0	0	0	0	0	0	0	0	0	0	0	0	0	0	0	0	0	0	0	0	0	0	0	0	0	0	0	0	0	0	0	0	0	0	0	0	0	0	0	0	0	0	0	0	0	0	0	0	0	0	0	0	0	0	0	0	0	0	0	0	0	0	0	0	0	0	0	0	0	0	0	0	0	0	0	0	0	0	0	0	0	0	0	0	0	0	0	0	0	0	0	0	0	0
d__Bacteria___p__Campylobacterota___c__Campylobacteria___o__Campylobacterales___f__Campylobacteraceae___g__Campylobacter	0	0	0	0	0	0	0	0	0	0	0	0	0	0	0	1	0	0	0	0	0	0	0	0	0	0	0	0	2	0	0	0	4	0	0	0	0	0	0	0	0	0	0	0	0	0	5	1	0	0	0	0	0	0	0	0	0	0	0	0	1	0	0	0	0	0	0	0	0	0	0	0	6	2	7	0	0	0	0	0	0	2	2	2	0	0	0	0	0	0	0	0	0	0	1	0	0	0	0	0	0	0	0	0	0	0	0	0	0	0	0	0	0	0	0	0	0	0	0	0	0	0	0	0	0	0	0	0	0	0	0	0	0	4	0	0	0	0	0	0	0	0	0	0	0	0	0	0	0	0	2	0	0	0	0	0	0	0	0	0	0	0	0	0	0	0	0	0	1
d__Bacteria___p__Cyanobacteria___c__Cyanobacteriia___o__Chloroplast___f__Chloroplast___g__Chloroplast	0	0	0	7	0	0	2	0	0	0	11	0	0	0	0	0	0	4	0	0	0	49	0	0	0	17	0	29	0	0	0	0	0	42	0	0	6	0	11	5	0	1	0	0	0	0	0	5	0	0	0	2	0	0	0	0	0	0	0	0	0	2	1	0	0	0	0	0	0	0	0	1	0	0	0	0	0	0	0	2	0	0	10	6	0	12	0	0	0	0	0	1	0	0	0	1	0	0	1	0	0	0	2	0	0	0	0	0	0	0	0	0	4	0	2	1	0	4	0	0	1	0	0	4	1	7	0	0	0	0	8	0	0	0	0	0	0	0	0	0	0	3	0	1	0	0	0	0	2	56	10	0	0	0	3	0	0	0	0	2	1	0	0	0	0	0	3	0	0
d__Bacteria___p__Cyanobacteria___c__Vampirivibrionia___o__Gastranaerophilales___f__Gastranaerophilales___g__Gastranaerophilales	0	0	310	13	31	0	0	38	12	0	0	0	0	462	336	93	0	0	0	0	0	0	2	0	0	0	0	89	0	0	0	0	0	0	0	0	0	0	0	79	312	29	0	0	0	0	3	14	0	15	373	816	286	1894	97	0	0	0	0	0	0	0	0	0	0	0	0	0	0	3	1092	2337	0	128	4	0	0	0	0	0	0	0	0	0	0	0	0	0	0	0	0	0	0	0	0	0	0	0	0	0	0	0	26	135	438	1257	0	0	0	0	0	0	0	0	0	741	734	0	187	0	0	0	0	6	0	0	0	0	0	0	1	0	0	0	0	0	0	0	0	0	18	0	0	0	0	0	37	82	0	0	36	0	0	0	50	0	0	0	0	0	0	0	0	0	0	0	0	37	629
d__Bacteria___p__Desulfobacterota___c__Desulfovibrionia___o__Desulfovibrionales___f__Desulfovibrionaceae___g__Bilophila	97	231	107	448	63	0	0	130	59	231	59	560	528	126	33	31	86	95	62	0	0	27	0	0	22	26	9	0	0	169	72	73	103	55	45	79	0	0	0	61	60	107	61	21	64	34	179	174	0	157	490	502	621	232	112	0	68	144	0	0	248	308	271	227	32	279	47	38	74	197	165	194	117	125	93	0	0	158	86	18	197	121	162	58	6	0	0	91	0	100	130	59	71	21	62	0	0	0	121	0	50	33	38	22	66	44	93	88	107	67	0	66	153	154	69	10	234	70	62	63	108	114	3	4	4	92	94	109	143	0	108	77	66	161	8	106	63	88	106	75	94	200	305	117	58	42	61	105	0	0	0	170	32	114	133	149	92	182	35	316	208	0	0	152	263	432	44	16	10
d__Bacteria___p__Desulfobacterota___c__Desulfovibrionia___o__Desulfovibrionales___f__Desulfovibrionaceae___g__Desulfovibrio	0	0	19	58	18	0	0	0	0	56	0	93	449	6	0	0	0	0	0	0	0	0	0	0	68	45	0	0	0	0	0	0	0	0	0	1	0	0	1	58	68	100	0	0	0	0	0	0	0	0	0	0	0	753	0	0	0	0	0	0	471	90	34	86	1	45	0	0	0	0	0	0	110	5	26	0	0	0	27	1	87	0	0	0	0	0	0	2156	0	533	77	75	0	0	0	0	0	0	135	0	177	99	0	0	0	0	0	0	0	0	0	0	0	0	0	35	0	0	0	0	0	0	0	0	4	340	295	369	680	0	0	0	77	230	2	0	0	0	0	338	0	0	0	0	0	0	0	0	0	98	65	580	210	476	7	0	0	0	0	17	5	0	0	0	0	0	0	48	51
d__Bacteria___p__Desulfobacterota___c__Desulfovibrionia___o__Desulfovibrionales___f__Desulfovibrionaceae___g__Mailhella	0	0	0	0	0	0	0	0	0	0	0	0	0	0	0	0	0	0	0	0	0	0	0	0	0	0	0	0	0	0	0	0	0	0	0	0	0	0	0	0	0	0	0	0	0	0	0	0	0	0	0	0	0	0	0	0	0	0	0	0	0	0	0	0	10	4	0	0	0	0	0	0	0	0	0	0	0	0	0	0	0	0	0	0	87	0	0	0	0	0	0	0	0	0	0	0	0	0	0	0	0	0	0	0	0	0	0	0	0	0	0	0	0	0	0	0	0	0	0	0	0	0	0	0	0	0	0	0	0	0	0	0	0	0	0	0	0	0	0	0	0	0	0	0	0	0	0	0	0	0	0	0	0	0	0	0	0	0	0	0	0	0	0	0	0	0	0	0	0
d__Bacteria___p__Desulfobacterota___c__Desulfovibrionia___o__Desulfovibrionales___f__Desulfovibrionaceae___g__uncultured	0	0	14	6	13	0	0	0	0	0	0	0	0	11	1	3	0	0	0	0	0	0	0	0	5	9	0	0	0	0	0	0	0	0	0	0	0	0	0	5	6	3	0	0	5	0	0	0	0	0	1	8	6	0	0	0	8	5	0	0	9	13	26	18	0	4	11	0	0	0	0	0	0	11	15	0	0	17	0	0	0	6	22	16	0	0	0	0	0	0	0	0	0	0	0	0	0	0	0	0	0	0	22	0	0	0	0	0	0	0	0	0	0	14	11	0	0	0	0	0	0	0	0	0	0	0	0	0	0	0	0	0	0	0	0	0	0	0	8	0	4	0	0	0	0	0	0	0	0	0	0	10	9	6	0	0	0	0	0	5	9	0	0	0	0	0	0	0	0
d__Bacteria___p__Firmicutes	0	0	0	0	0	0	0	0	0	2	1	1	0	10	0	0	0	4	4	0	0	1	0	1	0	0	0	0	0	0	0	0	0	0	0	2	0	0	0	28	6	13	2	0	2	0	13	0	0	17	1	1	2	19	2	0	2	1	0	0	3	7	0	3	1	2	0	0	1	2	2	0	7	7	19	0	0	0	0	0	0	8	44	49	0	0	0	2	0	8	5	2	0	0	0	0	0	0	3	1	3	0	0	0	1	0	0	0	0	0	0	0	0	6	5	0	0	0	2	2	5	5	0	2	8	4	8	5	2	0	0	0	2	5	0	0	1	0	0	0	1	0	0	0	0	0	0	1	0	5	2	1	6	0	25	0	2	0	0	0	1	0	0	0	1	0	0	13	11
d__Bacteria___p__Firmicutes___c__Bacilli___o__Acholeplasmatales___f__Acholeplasmataceae___g__Anaeroplasma	0	0	0	0	0	0	0	0	0	0	0	0	0	0	0	0	0	0	0	0	0	0	0	0	0	0	0	0	0	0	0	0	0	0	0	0	0	0	0	0	0	0	0	0	0	0	0	0	0	0	0	0	0	4946	324	0	0	0	0	0	0	0	0	0	0	0	0	0	0	0	0	0	0	24	27	0	0	0	0	0	0	0	0	0	0	0	0	0	0	0	0	0	0	0	0	0	0	0	0	0	0	0	0	0	0	0	0	0	0	0	0	0	0	0	0	0	0	0	0	0	0	0	0	0	0	0	0	0	0	0	0	0	0	0	0	0	0	0	0	0	0	0	0	0	0	0	0	0	0	0	0	0	0	0	0	0	0	0	0	0	0	0	0	0	0	0	0	0	0
d__Bacteria___p__Firmicutes___c__Bacilli___o__Erysipelotrichales___f__Erysipelatoclostridiaceae	0	0	13	123	23	2	0	0	0	7	0	23	0	1	0	8	5	7	13	0	0	0	0	0	0	0	0	2	0	0	0	0	0	0	0	0	0	0	0	0	0	0	0	0	0	0	13	15	0	15	21	8	2	0	0	0	0	0	0	1	0	0	3	54	0	0	0	1	0	0	0	0	0	2	14	0	0	0	0	0	0	0	0	0	0	0	0	0	0	0	0	0	0	0	0	0	0	0	0	0	0	0	0	0	0	0	0	0	0	5	0	0	2	0	0	0	0	0	0	0	0	0	0	0	0	0	2	0	0	0	0	0	0	0	0	0	0	0	0	0	0	0	0	0	0	0	0	1	5	6	24	1	1	0	8	0	4	3	0	0	0	0	0	0	0	0	0	0	0
d__Bacteria___p__Firmicutes___c__Bacilli___o__Erysipelotrichales___f__Erysipelatoclostridiaceae___g__Candidatus_Stoquefichus	0	0	1	1	0	0	0	0	0	0	3	4	0	0	0	0	0	0	0	0	0	3	0	0	0	4	0	0	0	3	5	0	0	0	0	0	0	0	0	0	0	0	0	0	4	0	10	4	0	17	0	0	0	30	0	0	8	0	0	0	8	4	0	3	0	0	0	1	0	0	0	0	30	0	0	56	51	5	0	0	0	1	8	6	0	20	196	13	17	2	0	0	0	0	0	0	0	0	0	16	0	0	0	0	0	0	10	0	0	0	74	0	0	6	7	0	0	1	0	0	1	0	0	0	0	0	0	0	0	0	0	0	26	43	0	0	0	0	0	0	0	6	1	73	51	26	0	0	0	0	0	0	0	0	0	16	0	0	0	0	0	0	0	43	0	0	0	0	0
d__Bacteria___p__Firmicutes___c__Bacilli___o__Erysipelotrichales___f__Erysipelatoclostridiaceae___g__Catenibacterium	0	0	0	0	0	0	0	0	0	0	0	0	0	0	0	0	0	0	0	146	443	0	467	0	167	254	58	0	0	0	0	0	391	590	756	0	0	0	0	0	0	0	153	0	0	0	0	0	0	0	0	0	0	0	0	217	0	125	0	0	0	0	0	0	0	0	0	0	0	0	0	0	0	0	0	0	0	0	0	0	0	0	0	0	0	0	0	0	0	0	0	0	0	0	0	0	0	0	0	0	0	0	0	0	0	0	0	0	0	0	0	0	0	0	1	0	0	0	0	0	0	0	0	0	1	0	0	0	0	0	0	0	0	0	459	255	0	0	371	0	498	0	0	0	0	0	0	0	0	0	0	0	0	0	0	0	0	0	0	0	0	0	0	0	0	0	0	0	0
d__Bacteria___p__Firmicutes___c__Bacilli___o__Erysipelotrichales___f__Erysipelatoclostridiaceae___g__Coprobacillus	0	0	0	0	0	0	0	1	0	45	0	0	0	0	0	0	0	0	0	0	0	1	40	0	0	0	0	0	0	0	0	0	0	0	0	0	0	0	0	0	0	0	0	0	0	0	0	0	0	0	0	0	0	0	0	0	53	0	0	0	0	0	0	0	0	0	0	0	0	0	0	0	0	0	0	0	0	0	0	0	0	0	0	0	0	0	11	2	0	0	0	0	0	0	0	0	0	0	0	0	4	0	0	0	0	0	0	5	0	0	1	0	0	0	0	0	0	0	0	0	0	15	0	0	0	0	0	0	0	0	37	6	0	0	0	0	0	0	0	0	9	0	0	0	0	0	0	0	0	0	0	3	0	0	0	0	0	0	0	0	0	0	0	0	0	0	0	0	0
d__Bacteria___p__Firmicutes___c__Bacilli___o__Erysipelotrichales___f__Erysipelatoclostridiaceae___g__Erysipelatoclostridium	3	23	1	9	2	16	26	3	2	17	6	4	3	0	6	0	10	6	5	0	9	6	0	0	1	0	0	7	12	2	2	2	0	0	0	34	10	43	22	0	4	0	2	0	0	6	0	9	34	6	17	29	7	10	8	1	0	1	23	8	4	2	0	0	7	13	0	3	4	6	0	7	0	3	7	63	38	0	10	8	3	1	0	0	15	18	571	3	7	4	4	3	3	0	6	1	6	7	0	0	2	0	0	0	0	0	8	10	0	9	7	0	15	0	0	8	2	5	0	3	9	26	1	4	5	14	9	2	7	3	12	51	55	20	0	0	3	1	8	9	30	2	4	23	17	2	0	1	5	17	75	10	0	2	18	8	8	5	3	1	0	11	28	12	5	11	1	0	1
d__Bacteria___p__Firmicutes___c__Bacilli___o__Erysipelotrichales___f__Erysipelatoclostridiaceae___g__Erysipelotrichaceae_UCG-003	61	0	122	743	277	0	0	36	29	0	217	0	322	145	280	147	124	285	394	0	83	227	20	66	0	0	0	221	287	0	0	0	0	0	0	0	0	0	0	166	264	147	6	0	0	0	0	0	0	0	0	0	0	36	83	0	110	0	14	98	89	134	64	162	0	0	27	3	0	127	205	55	0	79	243	0	0	63	37	35	62	72	98	258	40	0	0	86	31	26	0	0	30	10	11	0	0	0	9	78	11	18	197	95	105	86	0	0	113	34	51	15	21	180	83	79	8	11	144	28	30	38	171	246	268	102	270	92	33	0	46	26	0	0	1	0	0	0	0	221	0	0	0	0	0	0	226	158	198	641	73	58	66	51	0	0	0	0	48	67	93	0	0	0	66	45	159	137	469
d__Bacteria___p__Firmicutes___c__Bacilli___o__Erysipelotrichales___f__Erysipelatoclostridiaceae___g__UCG-004	0	0	2	0	2	0	0	0	0	0	0	0	0	0	0	0	0	0	0	0	0	0	0	0	0	0	0	0	0	0	0	0	0	0	0	0	0	0	0	1	11	6	0	0	0	0	0	0	0	0	0	0	0	46	1	0	0	0	0	0	0	0	0	0	0	0	0	0	0	0	0	0	0	0	0	0	0	0	0	0	0	0	0	0	0	0	0	0	0	0	0	0	0	0	0	0	0	0	0	0	0	0	10	0	0	0	0	0	0	0	0	0	0	0	0	0	0	0	0	0	0	0	0	0	0	0	0	0	0	0	0	0	0	0	0	0	0	0	0	0	0	0	0	0	0	0	0	0	0	0	0	0	0	0	0	0	0	0	10	6	15	0	0	0	0	0	0	0	0
d__Bacteria___p__Firmicutes___c__Bacilli___o__Erysipelotrichales___f__Erysipelotrichaceae	0	0	2	8	3	0	0	0	0	0	0	0	0	0	0	0	0	0	0	0	0	0	0	0	0	0	0	0	0	0	0	0	0	0	0	0	0	0	0	7	0	0	0	0	0	0	0	0	0	0	0	0	0	0	0	0	12	0	0	0	0	0	0	0	0	0	0	0	0	0	0	0	235	46	120	0	0	0	0	0	0	2	12	22	0	0	0	0	0	0	0	0	0	0	0	0	0	0	0	0	0	0	0	0	0	0	0	0	0	0	0	0	0	31	14	27	0	0	0	0	0	0	0	0	0	0	0	0	0	0	0	0	5	12	0	0	0	0	0	0	0	0	0	0	0	0	0	0	0	0	0	0	0	0	4	0	0	0	8	0	4	0	0	0	0	0	0	26	20
d__Bacteria___p__Firmicutes___c__Bacilli___o__Erysipelotrichales___f__Erysipelotrichaceae___g__Anaerorhabdus_furcosa_group	0	0	0	0	0	0	0	0	0	0	0	0	0	0	0	0	0	0	0	0	0	0	0	0	0	0	0	0	0	0	0	0	0	0	0	0	0	0	0	0	0	0	0	0	0	0	0	0	0	0	0	0	0	0	0	0	0	0	0	0	0	0	0	0	0	0	0	0	0	0	0	0	0	0	0	0	0	0	0	0	0	0	0	0	0	0	0	0	0	0	0	0	0	0	0	0	0	0	0	0	0	0	0	0	0	0	0	0	0	0	0	0	0	0	0	0	0	0	0	0	0	0	0	0	0	0	0	0	0	0	0	0	0	0	0	0	0	0	0	0	0	0	0	0	0	0	0	0	0	0	0	0	0	5	0	0	0	0	0	0	0	0	0	0	0	0	0	0	0
d__Bacteria___p__Firmicutes___c__Bacilli___o__Erysipelotrichales___f__Erysipelotrichaceae___g__Clostridium_innocuum_group	0	4	0	0	0	0	0	4	1	9	0	0	1	0	3	3	1	0	0	0	0	0	3	2	0	2	0	2	7	0	0	0	107	0	0	1	0	12	7	15	0	0	0	0	0	2	19	0	3	0	2	1	0	0	1	0	5	0	2	0	0	0	0	8	1	0	0	2	0	0	1	0	16	2	17	12	6	0	0	0	1	22	6	28	0	11	34	4	0	9	0	2	0	0	0	3	3	5	3	1	2	0	0	1	0	3	2	2	4	0	4	1	2	42	13	0	0	0	0	0	2	2	0	0	0	0	0	0	2	1	3	0	9	25	0	0	2	0	1	0	0	0	2	5	4	3	0	0	3	7	18	27	2	0	2	4	0	5	0	0	0	3	5	10	0	0	0	0	1
d__Bacteria___p__Firmicutes___c__Bacilli___o__Erysipelotrichales___f__Erysipelotrichaceae___g__Catenisphaera	0	0	0	0	0	0	0	0	0	0	0	0	0	0	0	0	0	0	0	0	0	0	0	0	0	0	0	0	0	41	7	0	0	0	0	0	0	1	0	0	0	0	12	0	0	0	0	0	0	0	0	0	0	0	0	0	265	0	0	0	64	0	0	0	0	0	0	0	0	0	0	0	0	0	0	0	0	0	0	0	0	0	0	0	0	0	0	11	0	2	0	0	0	0	0	0	0	0	12	0	14	5	0	0	0	0	0	0	0	0	0	0	0	157	250	0	0	0	0	0	0	0	0	0	0	0	0	0	0	0	0	0	0	0	0	0	0	0	0	0	0	0	0	0	0	0	0	0	0	0	0	0	0	0	0	0	0	0	0	0	0	0	0	0	0	0	0	0	0
d__Bacteria___p__Firmicutes___c__Bacilli___o__Erysipelotrichales___f__Erysipelotrichaceae___g__Dielma	0	0	0	1	0	16	2	0	0	0	4	0	0	1	0	0	15	15	14	2	1	3	0	0	6	2	0	7	22	3	1	2	21	2	16	10	0	0	6	1	1	0	0	3	0	0	3	0	0	0	9	7	9	0	0	0	0	0	2	0	5	3	3	34	3	36	2	0	0	5	3	4	15	2	0	18	35	1	1	0	0	23	13	40	0	0	0	0	2	14	2	17	0	0	0	0	0	0	1	0	1	0	0	0	0	2	0	0	0	3	8	0	2	0	0	1	0	0	3	0	1	8	0	3	8	1	3	0	7	2	7	7	0	0	1	6	0	1	0	11	3	0	2	12	0	9	2	2	0	0	0	38	2	4	15	0	12	10	0	2	0	0	0	0	0	3	6	2	2
d__Bacteria___p__Firmicutes___c__Bacilli___o__Erysipelotrichales___f__Erysipelotrichaceae___g__Erysipelotrichaceae	0	0	0	0	0	0	0	0	0	0	0	0	0	0	0	0	0	0	0	0	0	0	0	0	0	0	0	0	0	0	0	0	0	0	0	0	0	0	0	0	0	0	0	0	0	0	0	0	0	0	0	0	0	0	0	0	0	0	0	0	0	0	0	0	0	0	0	0	0	0	0	0	0	0	0	0	0	0	0	0	0	0	0	0	0	0	0	0	0	0	0	0	0	0	0	0	0	0	0	0	0	0	0	0	0	0	0	0	0	0	0	0	0	0	0	0	0	0	0	0	0	0	0	0	0	0	0	0	0	0	0	0	3	0	0	0	0	0	0	0	0	0	0	0	0	0	0	0	0	0	0	0	0	0	0	0	0	0	0	0	0	0	0	0	0	0	0	0	0
d__Bacteria___p__Firmicutes___c__Bacilli___o__Erysipelotrichales___f__Erysipelotrichaceae___g__Erysipelotrichaceae_UCG-006	0	0	0	0	0	0	0	0	0	0	0	0	0	0	0	0	0	0	0	0	0	0	0	0	0	0	0	0	0	0	0	0	0	0	0	0	0	0	0	0	0	0	0	0	0	0	0	0	0	0	0	0	0	0	0	14	0	0	0	0	0	0	0	0	0	0	0	0	0	0	0	0	0	0	0	0	0	0	0	0	0	0	0	0	0	0	0	0	0	0	0	0	0	0	0	0	0	0	0	0	0	0	0	0	0	0	0	0	0	0	0	0	0	0	0	0	0	0	0	0	0	0	0	0	0	0	0	0	0	0	0	0	0	0	0	0	0	0	0	0	0	0	0	0	0	0	0	0	0	0	0	0	0	0	0	0	0	0	0	0	0	0	0	0	0	0	0	0	0
d__Bacteria___p__Firmicutes___c__Bacilli___o__Erysipelotrichales___f__Erysipelotrichaceae___g__Faecalicoccus	0	0	0	0	0	0	0	0	0	0	0	0	1	0	0	0	0	0	0	0	0	0	0	0	0	0	0	0	0	0	0	0	2	1	10	0	0	0	0	0	0	0	0	0	0	0	0	0	0	0	0	0	0	0	0	0	129	0	0	0	0	3	2	14	0	0	0	0	0	0	0	0	0	0	0	0	0	0	0	0	0	0	0	0	1	0	0	0	0	0	0	0	0	0	0	0	0	0	0	0	0	0	0	0	0	0	0	0	0	0	0	0	0	152	178	0	2	5	0	0	0	0	0	0	0	0	0	0	0	0	0	0	0	0	0	0	0	0	0	0	0	0	0	0	0	0	0	0	0	0	0	0	0	0	0	0	0	0	0	0	0	0	0	0	0	0	0	0	0
d__Bacteria___p__Firmicutes___c__Bacilli___o__Erysipelotrichales___f__Erysipelotrichaceae___g__Faecalitalea	2	5	0	0	0	1	3	0	3	16	0	18	0	20	31	21	0	0	0	0	1	3	1	0	0	0	0	0	0	1	0	0	0	3	0	6	0	0	15	0	0	0	0	1	0	1	2	0	9	6	87	60	45	0	0	0	4	0	0	0	0	2	5	25	0	0	0	0	2	0	2	6	102	16	28	0	0	0	0	0	0	0	0	0	1	0	22	1	1	5	0	0	0	1	6	0	1	10	0	6	0	0	10	0	0	0	10	8	1	20	28	3	7	0	0	0	0	0	3	0	0	0	0	0	0	0	0	0	8	0	0	0	7	21	0	0	0	0	2	17	1	1	3	45	16	33	0	0	32	59	226	0	0	0	0	15	0	0	0	0	0	23	108	106	1	3	3	3	3
d__Bacteria___p__Firmicutes___c__Bacilli___o__Erysipelotrichales___f__Erysipelotrichaceae___g__Holdemanella	0	0	0	0	0	0	0	0	0	0	0	0	70	0	0	0	0	0	0	542	283	0	263	0	175	39	87	0	3	0	0	0	185	26	33	0	0	0	0	742	43	12	298	0	0	0	0	0	0	0	0	0	0	0	0	780	0	142	0	0	2	562	154	1653	183	235	0	513	110	0	0	0	360	0	0	0	0	0	164	87	35	0	0	0	0	0	0	415	0	112	0	0	318	281	270	0	0	0	59	0	61	19	0	0	0	0	0	1	0	0	0	0	0	0	0	0	0	0	0	583	246	469	127	93	234	0	0	0	1567	0	0	0	0	0	147	139	0	0	230	2719	154	0	0	0	0	0	149	181	0	1	0	0	0	0	0	0	0	0	714	538	694	0	0	0	0	0	0	0	0
d__Bacteria___p__Firmicutes___c__Bacilli___o__Erysipelotrichales___f__Erysipelotrichaceae___g__Holdemania	7	0	6	6	0	29	11	4	9	21	21	19	7	5	2	3	23	38	44	11	0	15	8	3	20	27	3	23	9	20	15	10	0	0	0	10	0	11	7	3	2	0	7	11	6	7	11	19	1	9	22	23	15	9	11	0	14	3	9	10	6	14	17	11	23	8	4	3	4	0	5	14	19	11	11	0	0	11	2	1	4	13	9	11	10	2	14	5	20	3	9	4	4	6	3	0	0	0	2	24	0	0	5	1	0	3	7	13	4	8	19	7	6	21	13	13	9	1	3	2	9	2	5	5	13	9	9	7	7	15	21	28	5	6	0	0	6	0	5	2	4	0	8	25	28	19	2	9	11	23	48	15	4	8	4	11	19	14	3	0	2	0	0	23	15	4	23	10	15
d__Bacteria___p__Firmicutes___c__Bacilli___o__Erysipelotrichales___f__Erysipelotrichaceae___g__Merdibacter	0	0	0	0	0	0	0	0	0	0	1	0	0	0	0	0	0	0	0	0	0	0	0	0	0	0	0	3	1	0	0	0	0	0	0	0	0	0	0	7	4	0	0	0	0	0	1	5	0	3	0	0	0	26	3	0	14	0	0	0	0	0	0	0	0	0	0	0	0	0	0	0	45	1	0	0	1	0	0	0	0	14	6	12	0	0	0	1	0	0	0	0	0	0	0	0	0	0	0	0	0	0	0	0	1	0	0	0	0	0	0	0	0	41	11	3	0	0	0	1	0	4	0	0	0	0	0	0	0	0	0	0	3	7	0	0	0	0	0	0	0	0	0	0	1	0	0	0	0	0	0	9	3	2	9	1	0	0	0	0	0	0	0	0	0	0	0	0	0
d__Bacteria___p__Firmicutes___c__Bacilli___o__Erysipelotrichales___f__Erysipelotrichaceae___g__Solobacterium	0	0	0	0	0	0	0	0	0	0	0	0	0	0	0	0	0	0	0	0	0	0	0	0	0	0	0	0	0	0	0	0	0	0	0	0	0	0	0	0	0	0	0	0	0	0	0	0	0	0	0	0	0	0	0	0	0	0	0	0	0	0	0	0	0	0	0	0	0	0	0	0	0	0	0	0	0	0	0	0	0	0	0	0	0	0	0	0	0	0	0	0	0	0	0	0	0	0	12	0	11	9	0	0	0	0	0	0	0	0	0	0	0	0	0	0	0	0	0	0	0	0	0	0	0	0	0	0	0	0	0	0	0	0	0	0	0	0	0	3	0	0	0	0	0	0	0	0	0	0	0	0	0	0	0	0	0	0	0	0	0	0	0	0	0	0	0	0	0
d__Bacteria___p__Firmicutes___c__Bacilli___o__Erysipelotrichales___f__Erysipelotrichaceae___g__Turicibacter	0	1	0	0	7	6	167	0	0	0	1	107	1	0	0	0	0	0	0	3	38	1	69	0	15	0	0	0	0	0	0	0	0	0	0	1	0	2	0	0	0	16	0	29	12	171	0	0	3	0	11	0	0	0	1	41	19	22	34	27	0	8	2	0	0	1	3	13	117	0	2	0	12	1	28	0	0	0	0	0	0	66	181	248	121	0	0	278	4	106	2	0	0	141	51	0	0	0	0	0	1	0	0	5	33	22	3	39	0	0	0	0	0	4	3	1	0	0	3	5	22	31	0	0	0	0	1	3	40	0	0	0	0	8	4	0	26	4	67	1	20	0	0	5	1	0	0	0	0	0	0	13	8	25	3	0	0	0	26	3	11	0	0	0	0	0	0	0	0
d__Bacteria___p__Firmicutes___c__Bacilli___o__Izemoplasmatales___f__Izemoplasmatales___g__Izemoplasmatales	0	0	4	0	28	0	0	0	0	0	0	0	0	0	0	0	0	0	0	0	0	0	0	0	0	0	0	0	0	0	0	0	0	0	0	0	0	0	0	45	46	51	0	0	0	0	0	0	0	0	0	0	0	4	3	0	0	0	0	0	0	0	0	0	0	0	0	0	0	0	0	0	0	48	41	0	0	0	0	0	0	0	0	0	0	0	0	0	0	0	36	0	0	0	0	0	0	0	0	0	0	0	25	0	0	0	0	0	0	0	0	0	0	0	0	0	0	0	0	74	405	62	0	2	0	180	45	6	0	0	0	0	0	0	0	0	0	0	0	0	0	0	0	0	0	0	0	0	0	0	0	0	0	0	108	0	0	0	0	0	0	0	0	0	0	0	0	0	0
d__Bacteria___p__Firmicutes___c__Bacilli___o__Lactobacillales	0	0	0	16	0	0	0	0	0	0	0	2	0	0	0	0	0	0	0	0	2	0	0	0	0	0	0	0	0	0	0	0	8	0	2	0	0	0	0	0	0	0	0	0	0	3	0	0	0	0	0	0	0	0	0	4	0	0	0	0	0	0	0	0	0	0	0	2	0	0	0	0	0	2	0	0	0	0	0	0	0	0	1	0	0	0	0	5	0	0	0	0	0	0	0	0	0	0	1	0	0	1	0	0	0	0	0	0	0	0	0	1	0	0	0	0	1	0	0	0	0	7	0	0	0	0	0	0	2	0	1	0	0	0	0	0	0	2	0	0	0	0	0	0	0	0	0	0	0	0	0	0	0	0	9	1	0	0	0	0	0	0	0	1	0	0	0	0	0
d__Bacteria___p__Firmicutes___c__Bacilli___o__Lactobacillales___f__Enterococcaceae___g__Enterococcus	0	0	0	0	0	0	2	0	0	0	0	0	0	0	0	0	0	3	0	0	0	0	0	0	396	0	0	0	0	3	0	0	0	0	0	0	0	0	0	0	0	0	0	2	4	0	0	0	0	0	0	0	0	0	0	0	0	0	0	0	0	0	0	0	7	0	0	0	0	0	0	0	0	0	0	0	0	0	0	0	0	0	0	9	0	0	0	4	0	0	2	0	0	0	0	0	0	0	26	0	20	28	0	0	1	0	0	0	0	0	0	0	0	0	0	0	0	0	0	0	0	0	0	0	0	0	0	0	2	0	0	0	4	0	0	0	113	0	0	0	0	0	0	0	0	0	0	0	0	0	0	0	0	0	0	0	0	0	0	0	0	0	0	0	0	0	0	0	0
d__Bacteria___p__Firmicutes___c__Bacilli___o__Lactobacillales___f__Lactobacillaceae	0	0	0	0	3	0	0	0	0	0	0	0	0	0	0	2	0	0	0	0	0	0	8	1	0	0	0	6	111	0	0	0	1	0	0	0	0	0	0	0	0	0	2	0	0	0	1	0	0	2	0	0	0	0	0	0	0	0	0	0	0	0	0	0	0	0	0	0	0	0	0	0	0	0	1	0	0	0	1	1	1	0	0	0	0	22	1	0	0	0	0	0	2	0	0	0	0	0	0	0	0	0	0	0	0	0	1	0	0	0	0	0	0	0	0	0	0	0	0	0	0	0	0	0	0	1	0	0	0	1	2	0	28	1	0	0	0	0	0	0	0	0	0	0	0	0	0	0	0	0	0	0	0	0	3	0	0	0	0	0	0	0	0	1	0	0	0	0	0
d__Bacteria___p__Firmicutes___c__Bacilli___o__Lactobacillales___f__Lactobacillaceae___g__HT002	0	0	0	0	0	0	0	0	0	0	0	0	0	0	0	0	0	0	0	0	0	0	0	0	0	0	0	0	0	0	0	0	0	0	0	0	0	0	0	0	0	0	0	0	0	0	0	39	0	0	0	0	0	0	0	0	0	0	0	0	0	0	0	0	0	0	0	0	0	0	0	0	0	0	0	0	0	0	0	0	0	0	0	0	0	11	0	0	0	0	0	0	0	0	0	0	0	0	0	0	0	0	0	0	0	0	0	0	0	0	0	0	0	0	0	0	0	0	4	0	0	0	0	0	0	0	0	0	0	0	0	0	58	17	0	0	0	0	0	0	0	0	0	0	0	0	0	0	0	0	0	0	0	0	0	0	0	0	0	0	0	0	0	0	0	0	0	0	0
d__Bacteria___p__Firmicutes___c__Bacilli___o__Lactobacillales___f__Lactobacillaceae___g__Lacticaseibacillus	0	0	0	5	2	0	0	0	0	0	0	2	0	0	9	0	0	0	0	0	0	0	0	0	0	0	0	0	0	0	0	0	0	4	0	0	0	23	0	4	0	0	0	0	0	8	0	0	2	0	0	4	0	0	0	9	1	0	5	0	0	0	0	2	0	0	0	0	0	0	14	4	0	4	0	0	0	0	0	8	0	0	0	0	0	1	0	0	0	0	0	0	0	0	0	0	2	12	0	0	0	0	0	0	0	1	4	0	0	2	0	0	0	0	1	0	0	4	0	0	0	0	0	4	0	0	4	2	0	0	0	0	10	2	0	3	0	0	0	7	0	0	0	0	0	0	0	0	0	7	0	0	0	0	0	0	0	9	3	0	15	5	0	0	0	0	0	0	0
d__Bacteria___p__Firmicutes___c__Bacilli___o__Lactobacillales___f__Lactobacillaceae___g__Lactobacillus	0	0	0	0	0	0	0	0	0	0	0	0	0	0	0	0	0	0	0	0	0	0	0	0	0	0	0	0	0	0	0	0	0	0	0	0	0	3	0	0	0	0	0	0	0	0	0	2	0	0	0	0	0	0	0	0	0	0	0	0	0	0	0	0	0	0	0	0	0	0	0	0	0	0	0	0	0	0	0	0	0	0	1	4	0	0	3	0	0	0	0	0	0	0	0	0	0	0	0	0	0	0	0	0	0	1	0	0	0	0	0	0	0	0	0	0	0	1	0	0	0	0	0	0	0	0	0	0	0	0	0	0	8	9	0	0	0	0	1	0	0	0	0	0	0	0	2	4	1	12	0	1	0	0	0	0	0	0	0	0	0	0	0	4	0	0	0	0	0
d__Bacteria___p__Firmicutes___c__Bacilli___o__Lactobacillales___f__Lactobacillaceae___g__Latilactobacillus	5	0	0	0	4	0	0	0	0	0	0	0	0	0	0	0	0	0	0	1	0	0	0	0	0	0	0	0	0	0	0	0	0	0	0	0	0	4	0	0	0	0	2	0	0	1	15	0	0	0	0	0	0	0	0	0	0	0	0	0	0	0	0	0	0	0	0	0	0	0	0	1	0	0	0	0	1	0	0	0	0	0	0	0	0	0	0	0	0	0	0	0	0	0	0	0	0	0	0	0	0	0	0	0	0	0	0	0	0	3	0	0	0	0	0	0	0	0	0	0	0	0	0	0	0	0	0	0	191	0	0	0	0	0	0	0	0	0	0	0	0	0	0	0	0	0	0	0	0	0	0	0	0	0	0	0	0	1	0	0	0	0	0	0	0	1	0	0	0
d__Bacteria___p__Firmicutes___c__Bacilli___o__Lactobacillales___f__Lactobacillaceae___g__Leuconostoc	0	0	0	0	3	3	0	0	0	4	0	0	0	0	0	0	0	1	0	0	0	1	4	0	0	0	0	0	0	0	0	1	0	0	0	1	0	6	0	0	18	14	0	0	0	0	0	0	0	0	0	0	0	0	0	0	0	0	0	0	0	0	0	0	0	1	0	1	0	0	0	0	0	0	0	0	0	0	0	0	0	0	0	1	0	0	0	8	1	6	1	0	0	0	0	0	0	0	0	0	4	0	0	0	2	2	0	0	0	0	0	0	0	3	1	0	0	3	0	0	0	1	0	0	0	0	0	0	8	0	0	0	7	0	0	0	6	0	0	2	0	0	0	0	0	0	0	0	0	0	0	1	0	0	1	1	0	6	0	2	0	0	0	0	0	0	0	0	0
d__Bacteria___p__Firmicutes___c__Bacilli___o__Lactobacillales___f__Lactobacillaceae___g__Ligilactobacillus	0	0	0	0	3	0	0	0	0	0	0	0	0	0	0	0	0	0	0	0	0	0	0	0	0	0	0	0	768	0	0	0	0	0	0	0	0	0	0	0	0	0	4	0	0	0	0	0	0	0	0	0	0	0	0	0	0	0	0	0	0	0	0	0	0	0	0	0	0	0	0	0	2	0	0	0	0	0	0	0	0	0	0	0	0	446	16	0	0	0	0	0	0	0	0	0	0	0	15	0	0	0	0	0	0	0	0	0	1	0	0	0	0	0	0	0	0	0	0	0	0	1	0	0	0	2	1	1	0	0	0	0	0	0	1	0	0	0	0	0	13	0	0	0	0	0	0	0	0	0	0	0	0	0	0	0	0	0	0	0	0	0	0	0	0	0	0	0	0
d__Bacteria___p__Firmicutes___c__Bacilli___o__Lactobacillales___f__Lactobacillaceae___g__Limosilactobacillus	0	0	0	0	3	0	0	0	0	0	0	0	0	0	0	0	0	0	0	0	0	0	0	0	0	1	0	2	7	0	0	0	0	0	0	0	0	0	0	0	0	0	0	3	0	3	0	0	0	0	0	0	0	0	0	0	0	0	1	0	0	0	0	0	0	0	0	0	0	0	0	0	0	0	1	0	0	0	0	0	0	0	0	0	0	59	0	0	0	0	0	0	0	0	0	0	0	0	0	0	1	4	0	0	0	0	0	0	0	0	0	0	0	0	0	0	0	0	0	0	0	0	0	0	0	0	0	0	0	0	0	0	0	0	0	0	0	0	0	0	0	0	0	0	0	0	0	0	0	0	0	0	0	0	0	0	0	0	0	0	0	0	0	0	0	0	0	0	0
d__Bacteria___p__Firmicutes___c__Bacilli___o__Lactobacillales___f__Lactobacillaceae___g__Pediococcus	0	0	0	0	0	0	0	0	0	0	0	0	0	0	0	0	0	0	0	0	0	0	1	0	0	0	0	0	0	0	0	0	1	0	0	0	0	0	0	0	0	0	0	0	0	0	0	0	0	0	0	0	0	0	0	0	0	0	0	0	0	0	0	0	0	0	0	0	0	0	0	0	1	0	0	0	0	0	1	0	0	0	0	0	0	0	0	0	0	0	0	0	0	0	0	0	0	0	1	0	0	0	0	0	0	0	0	0	0	0	0	0	0	18	0	0	0	0	0	0	0	0	0	0	0	0	0	0	127	0	0	0	0	0	0	0	0	0	0	0	0	0	0	0	0	0	0	0	0	0	0	0	0	0	0	3	0	0	0	0	0	0	0	0	0	0	0	0	0
d__Bacteria___p__Firmicutes___c__Bacilli___o__Lactobacillales___f__Lactobacillaceae___g__Weissella	0	0	0	0	0	0	0	0	0	0	0	0	0	0	0	0	0	0	0	0	0	0	0	0	0	0	0	0	0	0	0	0	0	0	0	0	0	0	0	0	1	0	0	0	0	0	0	0	0	0	0	0	0	0	0	0	0	0	0	0	0	0	0	0	0	0	0	0	0	0	0	0	0	0	5	0	0	0	0	0	0	0	0	23	0	0	0	15	0	0	0	0	0	0	0	0	0	0	0	0	0	0	3	0	0	0	0	0	0	0	0	0	0	0	0	0	0	0	0	0	0	0	0	0	0	0	0	0	0	0	0	0	0	0	0	0	1	0	0	0	0	0	0	0	0	0	0	0	0	0	0	0	0	0	0	0	0	0	0	0	0	0	0	0	0	0	0	0	0
d__Bacteria___p__Firmicutes___c__Bacilli___o__Lactobacillales___f__Streptococcaceae___g__Lactococcus	4	2	0	0	0	0	12	2	5	7	0	7	1	0	0	8	0	0	5	0	0	4	0	15	14	0	4	2	10	0	0	24	8	0	0	0	0	2	8	3	15	11	8	0	0	6	0	16	23	1	0	0	0	0	0	2	0	0	16	3	12	7	1	30	2	5	1	10	0	0	5	0	21	0	7	0	4	1	0	2	0	0	3	19	0	0	1	20	2	8	2	0	0	0	0	7	0	6	3	0	0	13	7	0	0	20	5	0	0	1	0	0	0	0	4	0	0	2	0	4	3	16	21	0	21	0	2	0	15	2	0	8	0	0	0	4	1	0	0	32	4	0	19	2	0	0	0	4	146	66	11	7	0	5	0	3	2	0	0	2	4	5	0	2	0	0	0	0	4
d__Bacteria___p__Firmicutes___c__Bacilli___o__Lactobacillales___f__Streptococcaceae___g__Streptococcus	35	33	31	17	14	5	500	6	48	39	98	1088	26	28	243	26	33	46	133	10	20	445	12	187	14	32	23	444	2765	23	10	9	386	222	239	20	0	1855	17	96	27	167	156	528	15	57	44	35	283	71	26	253	158	50	7	873	18	42	112	32	9	29	3	23	12	11	9	42	14	0	494	361	46	481	401	33	38	34	979	1217	1490	250	70	143	206	202	21	465	10	76	17	5	33	34	41	13	152	1369	790	24	1596	1572	194	6	34	218	115	25	0	35	95	7	51	138	54	97	118	374	30	125	192	713	70	99	13	90	178	332	102	10	51	28	742	78	51	153	140	215	11	1183	11	47	49	32	15	8	45	54	217	281	51	34	80	35	240	31	62	631	66	243	164	51	63	150	55	46	16	268	120
d__Bacteria___p__Firmicutes___c__Bacilli___o__Mycoplasmatales___f__Mycoplasmataceae___g__Mycoplasma	7	0	3	5	0	2	4	2	1	4	4	4	1	4	0	0	3	3	4	8	2	3	17	0	0	10	0	7	2	0	8	7	10	0	12	4	1	5	1	11	0	0	0	2	2	0	0	11	6	0	1	17	10	2	0	0	4	5	3	0	3	2	11	8	2	4	11	0	12	2	4	7	16	1	3	2	4	0	0	1	2	14	8	8	0	3	2	1	6	1	10	10	5	12	1	3	5	3	0	2	0	2	0	11	4	0	0	1	0	9	1	7	0	4	5	0	0	6	3	0	3	7	1	0	0	0	1	0	74	3	6	3	8	13	11	3	5	9	1	6	15	1	2	0	10	3	0	3	3	6	4	6	12	8	1	7	0	0	0	0	0	2	1	8	5	10	5	0	1
d__Bacteria___p__Firmicutes___c__Bacilli___o__RF39___f__RF39___g__RF39	0	0	0	0	0	0	0	0	0	0	0	0	0	377	170	300	0	0	0	0	0	0	0	0	0	0	0	0	0	0	0	0	0	0	0	0	0	0	0	53	113	184	0	0	0	0	0	0	0	0	0	0	0	40	12	0	0	0	0	0	0	0	0	0	0	0	0	0	0	0	0	0	0	0	0	0	0	0	0	0	0	181	41	40	0	0	0	0	0	0	0	0	0	0	0	0	0	0	0	0	0	0	69	0	0	0	0	0	0	0	0	0	0	0	0	1	0	0	55	0	0	0	4	2	7	0	0	0	0	0	0	0	0	0	0	0	0	0	0	0	0	0	0	0	0	0	0	0	0	0	0	0	0	0	20	0	0	0	0	0	0	0	0	0	0	0	0	3	7
d__Bacteria___p__Firmicutes___c__Bacilli___o__Staphylococcales___f__Gemellaceae___g__Gemella	0	2	1	0	0	0	0	0	0	0	0	2	0	0	0	1	0	0	0	0	0	0	0	1	0	0	0	0	0	0	0	0	7	0	1	0	0	0	0	0	0	0	0	0	0	0	0	0	0	0	0	0	0	0	0	0	0	0	0	0	0	0	0	0	0	1	0	0	0	0	0	2	0	0	0	2	0	0	0	1	0	0	0	0	1	1	1	21	0	2	0	0	0	0	2	0	0	1	2	0	3	3	0	0	0	0	3	0	2	0	0	0	0	4	1	0	1	0	0	0	0	1	1	0	1	0	0	0	12	0	0	0	0	23	0	0	0	1	0	19	0	0	0	2	0	0	0	0	0	4	1	0	3	0	0	0	1	1	0	3	0	0	0	7	0	0	0	0	0
d__Bacteria___p__Firmicutes___c__Clostridia	0	0	18	24	11	0	0	15	7	71	2	58	1	77	34	17	1	0	17	6	6	0	12	46	6	2	1	0	7	8	20	12	0	0	0	7	0	0	0	784	211	304	12	0	5	4	67	33	0	22	5	28	27	340	80	19	125	20	27	29	7	226	274	354	2	8	3	67	15	1	1	1	319	643	3473	0	0	2	3	0	31	368	287	675	10	1	1	280	0	49	171	103	0	1	0	0	0	0	45	32	23	19	56	0	0	0	31	34	0	2	0	0	0	374	105	408	0	0	141	223	2282	1946	5	46	23	11	8	12	17	13	0	0	228	130	0	0	4	8	7	7	12	0	2	31	0	4	0	7	12	574	221	50	263	64	115	0	8	17	15	112	55	162	163	17	0	0	0	623	372
d__Bacteria___p__Firmicutes___c__Clostridia___o__Christensenellales___f__Christensenellaceae	0	0	0	0	0	0	0	0	0	78	0	50	0	0	0	0	0	0	0	0	0	0	0	44	0	0	0	0	0	0	0	0	0	0	0	0	0	0	0	0	1	0	0	0	0	0	0	0	0	0	0	0	0	36	30	0	1534	0	0	0	0	0	0	0	0	0	0	0	0	0	0	0	1	0	0	0	0	0	0	0	0	3	1	17	0	0	0	0	0	0	0	0	0	0	0	0	0	0	35	0	0	4	11	0	0	0	0	0	0	0	0	0	0	955	1117	220	0	0	0	21	178	256	0	0	0	0	0	0	0	0	0	0	0	0	0	0	0	0	0	0	0	0	0	0	0	0	0	0	0	2448	853	0	68	0	0	0	0	0	5	143	55	0	0	0	0	0	0	268	127
d__Bacteria___p__Firmicutes___c__Clostridia___o__Christensenellales___f__Christensenellaceae___g__Catabacter	0	0	0	0	0	0	0	0	0	0	0	0	0	0	0	0	0	0	0	0	0	0	0	0	0	0	0	0	0	0	0	0	2	0	2	0	0	0	0	1	0	0	0	0	3	0	0	0	0	0	0	0	0	0	0	0	0	0	1	0	0	0	0	0	0	0	0	0	0	0	0	0	0	4	4	0	0	0	0	0	2	0	0	1	0	0	0	0	0	0	0	1	0	0	0	0	0	0	0	0	0	0	0	0	0	0	0	0	0	0	0	0	0	0	0	0	0	0	0	0	0	0	0	0	0	0	0	0	4	0	0	0	0	8	0	1	0	0	0	1	0	0	0	2	0	0	0	1	0	0	0	0	0	0	0	0	0	0	0	0	0	0	0	1	0	0	0	0	0
d__Bacteria___p__Firmicutes___c__Clostridia___o__Christensenellales___f__Christensenellaceae___g__Christensenella	0	0	0	6	1	0	0	0	0	1	0	1	0	2	8	0	0	2	2	0	0	0	2	0	1	2	0	0	0	0	0	0	6	0	7	0	0	0	0	2	0	7	0	0	0	2	1	1	0	0	0	0	0	0	0	0	0	0	0	1	2	4	0	0	0	0	0	0	0	0	0	0	0	0	5	0	0	0	0	0	6	3	2	10	0	0	0	22	0	2	1	3	0	0	0	0	0	0	2	0	0	0	0	0	0	0	0	5	0	0	0	0	0	0	1	0	0	0	0	0	2	0	0	0	1	4	0	0	13	0	0	0	0	4	0	0	0	0	3	9	0	0	0	0	0	0	0	4	0	0	0	2	0	2	0	0	0	0	0	0	1	0	0	0	0	0	0	0	0
d__Bacteria___p__Firmicutes___c__Clostridia___o__Christensenellales___f__Christensenellaceae___g__Christensenellaceae_R-7_group	27	0	53	90	108	0	0	0	0	76	0	68	45	1747	1851	1434	0	0	0	0	11	0	45	22	7	0	0	0	0	0	0	0	0	2	0	0	0	0	0	1511	411	326	100	9	65	19	42	65	0	95	0	0	0	68	66	23	214	26	11	5	0	127	57	221	0	0	0	28	31	0	0	0	202	129	500	0	0	0	0	0	18	198	185	238	93	0	0	57	0	26	109	25	0	0	0	0	0	0	9	0	10	8	123	17	35	18	31	57	0	0	0	0	0	270	218	333	0	0	624	604	2004	654	11	100	59	100	72	95	786	0	0	0	386	116	0	0	3	13	31	87	11	0	0	0	0	0	38	62	5	328	697	48	62	60	30	0	0	0	119	214	155	0	2	0	25	18	0	148	99
d__Bacteria___p__Firmicutes___c__Clostridia___o__Christensenellales___f__Christensenellaceae___g__uncultured	4	0	12	8	9	0	0	0	2	28	5	40	10	11	11	13	0	17	29	21	3	4	49	12	12	8	3	0	0	0	0	0	1	10	3	0	0	0	0	462	187	207	6	2	9	0	0	4	0	1	0	14	9	96	16	5	40	3	8	3	32	21	6	10	5	4	4	6	1	5	2	12	96	21	10	0	0	7	0	1	9	71	29	54	0	20	51	12	2	14	39	25	0	0	0	0	0	0	8	0	16	6	18	0	1	0	0	4	4	2	0	4	4	52	27	22	0	0	13	10	46	13	2	16	17	19	31	28	10	0	0	0	24	8	0	0	0	0	9	1	2	0	0	0	0	0	1	5	1	20	1	40	34	27	43	0	4	0	7	4	7	0	0	0	0	1	1	26	26
d__Bacteria___p__Firmicutes___c__Clostridia___o__Clostridia_UCG-014___f__Clostridia_UCG-014___g__Clostridia_UCG-014	0	0	3	8	0	0	0	0	0	160	166	55	67	512	33	92	58	0	219	0	0	148	0	0	0	0	0	0	0	0	0	1	0	0	0	0	0	0	0	3967	1782	1400	0	0	0	0	0	0	0	0	0	0	0	643	434	0	122	0	0	0	0	69	0	0	0	0	0	0	0	1	33	222	3751	0	15	37	126	0	52	775	0	887	324	1981	0	0	0	0	0	0	915	97	0	0	0	0	0	0	0	0	0	0	290	0	0	0	0	0	0	0	0	0	0	149	34	82	0	0	68	622	4792	2616	298	927	174	185	131	51	1	0	0	0	0	0	0	1	0	0	0	0	0	0	0	0	0	0	264	595	0	868	443	1318	272	437	443	0	0	0	246	484	610	0	2	0	0	0	26	124	275
d__Bacteria___p__Firmicutes___c__Clostridia___o__Clostridia_vadinBB60_group___f__Clostridia_vadinBB60_group___g__Clostridia_vadinBB60_group	0	0	4	0	12	0	0	5	11	21	0	1	6	273	15	16	10	34	11	0	5	0	11	0	0	0	0	0	0	2	0	0	0	0	0	0	0	0	0	2102	812	950	9	0	0	0	15	3	0	7	0	28	12	683	64	13	22	3	2	2	23	31	131	197	0	0	7	0	0	0	0	0	5	338	540	0	0	0	4	1	11	18	12	8	2	0	0	0	0	0	68	9	0	0	0	0	0	0	73	0	104	44	81	0	0	0	8	6	0	0	0	0	0	53	23	342	4	2	1	313	299	453	7	41	12	37	9	18	0	0	0	0	0	0	0	0	2	81	3	0	1	0	0	2	0	3	0	0	12	20	69	15	97	124	67	0	0	0	7	18	35	0	0	0	0	0	0	412	105
d__Bacteria___p__Firmicutes___c__Clostridia___o__Clostridia___f__Gracilibacteraceae___g__uncultured	0	0	0	0	0	0	0	0	0	108	0	1	0	0	0	0	0	0	0	0	0	0	0	0	0	0	0	0	0	0	0	0	0	0	0	0	0	0	0	0	0	0	0	0	0	0	1	0	0	1	0	0	0	0	0	0	0	0	4	0	0	0	0	0	0	0	0	0	0	0	0	0	0	19	25	0	0	0	0	0	0	0	0	0	0	0	0	0	0	0	0	0	0	0	0	0	0	0	0	0	0	0	0	0	0	0	0	0	0	0	0	0	0	0	0	7	0	0	0	0	0	0	0	0	0	0	0	0	0	0	0	0	4	3	0	0	0	0	0	0	0	0	0	0	0	0	0	0	7	133	59	0	0	0	8	0	0	0	0	0	0	0	0	0	0	0	0	21	13
d__Bacteria___p__Firmicutes___c__Clostridia___o__Clostridiales___f__Clostridiaceae	0	0	0	0	0	0	0	0	0	0	0	0	0	0	0	0	0	0	0	0	15	0	0	0	0	0	0	0	0	0	0	0	0	0	0	0	0	0	1	0	0	0	0	0	0	42	0	0	0	0	0	0	0	0	0	0	0	0	0	7	0	0	0	0	0	0	0	0	0	0	0	0	0	0	0	0	0	0	0	0	0	0	0	0	165	0	0	0	0	1	0	0	0	0	0	0	0	0	0	0	0	0	0	0	0	0	0	0	0	0	0	0	0	0	0	0	0	0	0	0	0	0	0	0	0	0	0	0	0	0	0	0	0	1	0	0	0	0	0	1	0	0	0	0	0	0	0	0	0	0	0	0	0	0	0	0	0	0	0	0	0	0	0	0	0	0	0	0	0
d__Bacteria___p__Firmicutes___c__Clostridia___o__Clostridiales___f__Clostridiaceae___g__Clostridium_sensu_stricto_1	0	3	46	169	0	0	42	0	3	0	26	6	0	30	2	93	9	19	1	1	209	5	64	0	7	3	1	0	0	2	29	0	0	0	2	0	0	1	14	15	14	50	11	319	27	811	1	75	0	16	0	0	0	18	26	5	5	2	88	10	15	56	0	0	1	1	1	172	135	0	3	2	259	3	9	0	51	48	0	0	3	568	481	165	669	0	0	249	1	82	1	0	0	63	0	0	0	3	12	794	22	323	15	0	17	0	12	131	0	10	7	1	0	2	1	0	33	200	8	49	495	131	117	179	9	0	4	0	5798	8	106	5	137	8	2	0	19	0	1	25	0	0	0	19	2	448	0	0	0	47	266	12	40	65	6	0	4	13	19	6	85	29	0	5	0	0	0	5	0
d__Bacteria___p__Firmicutes___c__Clostridia___o__Clostridiales___f__Clostridiaceae___g__Sarcina	0	0	0	0	0	0	0	0	0	0	0	0	0	0	0	0	0	0	0	0	0	0	0	0	81	0	32	0	0	0	0	173	0	0	0	0	0	0	0	0	0	0	0	0	0	0	0	0	0	0	0	0	0	0	0	0	0	0	0	0	0	0	0	0	0	0	0	0	0	0	0	0	1	0	0	0	0	0	0	0	0	0	0	0	0	0	0	0	0	0	0	0	0	0	0	0	0	0	0	0	0	0	0	0	0	0	0	0	0	0	0	0	0	0	0	0	0	0	0	0	0	6	0	0	0	0	0	0	0	0	0	0	0	0	0	0	0	0	0	0	0	0	0	0	0	0	0	0	0	0	0	4	0	0	0	0	0	0	0	0	0	0	0	0	0	0	0	0	0
d__Bacteria___p__Firmicutes___c__Clostridia___o__Eubacteriales___f__Anaerofustaceae___g__Anaerofustis	0	0	0	0	0	0	0	1	0	0	0	0	0	0	0	0	0	0	0	0	0	0	0	0	0	0	0	0	0	0	0	0	0	0	0	0	0	0	0	0	0	0	0	0	2	0	0	0	0	0	0	0	0	0	0	0	0	0	0	0	0	0	0	0	0	0	0	0	0	0	0	0	0	0	0	0	0	0	0	0	0	0	0	4	0	0	0	5	0	0	0	0	0	0	0	0	0	0	0	0	0	0	0	0	0	0	0	0	0	0	0	0	0	1	0	0	0	0	0	0	0	0	0	0	0	0	0	0	1	0	0	0	0	0	0	0	0	0	0	0	0	0	0	0	0	0	0	0	0	0	0	0	0	0	0	0	0	0	0	0	0	0	0	0	0	0	0	0	0
d__Bacteria___p__Firmicutes___c__Clostridia___o__Eubacteriales___f__Eubacteriaceae___g__Eubacterium	0	0	2	13	5	0	0	0	0	1	0	2	0	0	0	0	0	0	0	0	0	0	2	1	16	8	1	0	0	0	0	0	4	0	3	0	0	0	0	0	0	0	1	2	7	2	7	2	0	17	0	0	0	0	0	0	20	0	0	0	0	0	0	0	3	5	0	0	0	0	0	0	17	0	2	0	0	0	0	0	0	0	0	0	0	47	94	0	0	0	0	3	0	0	0	0	0	0	0	0	0	0	0	0	0	0	0	3	0	0	0	0	0	27	23	0	0	0	0	0	3	5	0	2	6	0	0	0	11	0	0	0	6	11	0	0	0	0	0	4	0	0	0	0	0	0	0	0	0	0	0	0	0	0	2	0	0	0	0	0	1	0	0	0	0	0	0	0	0
d__Bacteria___p__Firmicutes___c__Clostridia___o__Lachnospirales	0	0	0	0	0	0	0	0	0	0	0	0	0	0	0	0	0	0	0	0	0	0	0	0	0	0	0	0	0	0	0	0	0	0	0	0	0	0	0	0	0	0	0	0	0	0	0	0	0	0	0	0	0	0	0	0	0	0	0	0	0	0	0	0	0	0	0	0	0	0	0	0	0	0	0	0	0	0	0	0	0	16	11	17	0	0	0	0	0	0	0	0	0	0	0	0	0	0	0	0	1	0	0	0	0	0	0	0	0	0	0	0	0	0	0	0	0	0	0	0	0	0	0	0	0	0	0	0	0	0	0	0	0	0	0	0	0	0	0	0	0	0	0	0	0	0	0	0	0	0	0	0	0	0	0	0	0	0	0	0	0	0	0	0	0	0	0	0	0
d__Bacteria___p__Firmicutes___c__Clostridia___o__Lachnospirales___f__Defluviitaleaceae___g__Defluviitaleaceae_UCG-011	0	0	5	9	5	0	0	0	0	4	0	5	0	0	0	0	0	0	1	2	1	0	11	3	0	0	0	0	0	0	0	0	0	0	0	0	0	0	0	14	3	7	3	4	2	1	0	0	0	0	0	0	0	0	2	0	19	0	0	0	0	2	4	9	0	0	1	0	0	0	0	0	0	5	5	0	0	0	0	0	6	7	19	32	1	0	2	5	0	2	0	0	0	0	0	0	0	0	3	0	1	3	2	0	0	0	1	2	0	0	0	0	0	18	15	3	0	0	10	3	6	8	7	8	7	4	0	2	3	0	0	0	2	3	0	0	0	0	0	1	0	0	0	0	0	0	0	0	0	0	7	2	0	1	6	0	4	4	0	0	1	0	0	0	0	0	0	0	0
d__Bacteria___p__Firmicutes___c__Clostridia___o__Lachnospirales___f__Lachnospiraceae	4109	4569	4917	7241	3907	3074	3126	2026	3628	4024	1607	4445	4431	4796	7011	8152	4866	7163	6641	2162	2366	2528	1949	3792	4582	3058	1417	3469	4937	1436	1513	3595	5188	1926	2901	4269	1300	4526	2727	1621	2447	2794	4934	2173	1652	2314	2172	4487	4301	3833	2325	4651	3057	1875	4237	2654	3435	1464	3415	2810	4309	3839	2961	2079	1150	3180	1878	1800	1847	2943	3045	3943	1226	2866	1055	4636	8046	3208	1617	1862	2753	1246	1804	1928	1464	3458	3260	2628	4309	1947	921	261	2155	1672	3089	2133	1768	2139	2030	3517	2385	1984	3686	6077	3079	4113	3452	2517	2817	1773	4368	1408	2093	5474	5105	2550	2799	2395	3399	2255	1275	1631	2174	3281	3906	2403	3284	3348	4636	1683	2717	2901	1653	571	843	655	3859	2283	1273	10471	1792	1662	2952	1472	4168	1720	874	1549	3793	4128	6047	1909	3369	2678	3831	2989	3018	3647	1929	2194	4443	3415	3572	1882	2791	3792	1995	2309	5597
d__Bacteria___p__Firmicutes___c__Clostridia___o__Lachnospirales___f__Lachnospiraceae___g__Bacteroides_pectinophilus_group	0	0	0	0	0	0	0	0	0	0	0	0	0	0	0	0	0	91	162	0	0	0	0	0	0	0	0	0	0	0	0	0	0	0	0	0	0	0	0	0	0	0	0	0	0	0	0	0	0	0	0	0	0	0	0	0	0	0	0	0	0	0	0	0	0	0	0	0	0	0	0	0	0	0	0	0	0	0	0	0	0	0	0	0	0	0	0	0	0	0	0	0	0	0	0	0	0	0	0	0	0	0	0	0	0	0	0	0	0	0	0	0	0	0	0	0	0	0	0	0	0	0	0	0	0	0	0	0	0	0	0	0	0	0	0	0	0	0	0	0	0	0	0	0	0	0	0	0	0	0	0	0	0	0	0	0	0	0	0	0	0	0	0	0	0	0	0	0	0
d__Bacteria___p__Firmicutes___c__Clostridia___o__Lachnospirales___f__Lachnospiraceae___g__Eubacterium_eligens_group	1400	0	587	184	259	0	0	52	63	0	198	0	237	36	311	670	18	1226	457	0	3	880	9	0	9	0	0	258	126	7	15	53	0	0	0	0	0	0	0	181	353	476	0	235	105	0	9	99	0	6	124	46	67	691	227	360	0	2	0	0	8	0	0	0	0	0	162	0	0	51	400	129	43	21	0	0	0	0	2	65	149	185	310	221	57	5	0	12	0	2	84	10	0	0	0	0	0	0	11	0	132	85	51	0	0	0	98	503	83	195	0	179	91	30	48	444	1	0	0	31	24	8	73	100	37	2	26	7	6	0	0	0	0	0	0	0	452	109	27	2	49	0	0	0	0	1	249	904	0	0	0	18	57	55	296	0	0	0	26	42	106	184	256	0	76	312	266	320	383
d__Bacteria___p__Firmicutes___c__Clostridia___o__Lachnospirales___f__Lachnospiraceae___g__Eubacterium_fissicatena_group	0	3	0	2	2	6	0	0	0	1	2	0	0	5	0	1	2	3	4	0	1	0	0	0	3	5	2	0	3	0	1	0	5	2	1	1	0	6	0	0	0	4	0	0	0	0	6	4	0	8	0	0	2	1	0	0	28	0	0	0	2	1	1	3	2	0	0	3	2	0	8	0	3	8	19	0	0	0	4	0	1	3	9	49	0	0	7	5	0	1	0	0	0	0	0	0	0	0	3	0	0	3	0	0	0	0	2	4	0	0	0	0	2	12	17	2	0	0	2	0	4	2	0	0	0	3	2	3	9	0	0	0	3	5	0	0	0	1	1	3	2	0	0	52	0	0	1	0	0	6	1	7	1	1	0	1	2	1	0	0	1	3	5	7	1	1	1	4	0
d__Bacteria___p__Firmicutes___c__Clostridia___o__Lachnospirales___f__Lachnospiraceae___g__Eubacterium_hallii_group	369	2	267	1361	471	0	0	313	415	660	43	1252	196	88	137	160	489	588	500	153	104	41	358	201	584	151	91	343	695	164	125	289	41	35	246	346	32	539	209	56	314	870	368	0	1	0	481	794	88	391	221	325	595	229	324	264	329	139	335	123	260	193	227	149	0	0	188	232	85	132	263	159	144	612	196	60	63	350	236	169	468	54	45	80	67	0	0	1645	59	395	0	0	220	262	378	184	175	551	167	593	94	115	162	154	115	171	507	269	182	256	845	90	423	245	202	366	210	244	231	155	99	129	84	166	128	273	560	410	573	218	325	245	1291	1108	157	62	477	199	203	1370	213	246	279	641	38	290	203	433	360	674	294	188	267	200	501	17	420	720	189	230	176	427	778	359	491	462	34	376	635
d__Bacteria___p__Firmicutes___c__Clostridia___o__Lachnospirales___f__Lachnospiraceae___g__Eubacterium_oxidoreducens_group	0	0	0	0	0	0	0	0	0	0	0	0	0	0	0	0	0	1	0	0	0	0	0	0	0	0	0	0	0	0	0	0	0	0	0	0	0	0	0	0	0	0	0	0	0	0	0	0	0	0	0	0	0	0	0	0	0	0	0	0	0	0	0	0	0	0	0	0	0	0	0	0	0	0	0	0	0	1	0	0	0	0	0	0	0	0	0	0	0	0	0	0	0	0	0	0	0	0	0	0	0	0	0	0	0	0	0	0	0	0	0	0	0	0	0	0	0	0	0	0	0	0	0	0	0	0	0	0	0	0	0	0	0	0	0	0	0	0	0	0	0	0	0	0	0	0	0	0	0	0	0	0	0	0	0	0	0	0	0	0	0	0	0	0	0	0	0	0	0
d__Bacteria___p__Firmicutes___c__Clostridia___o__Lachnospirales___f__Lachnospiraceae___g__Eubacterium_ruminantium_group	0	0	0	0	0	0	0	293	2252	0	0	0	0	0	0	0	0	0	0	0	21	0	36	0	0	0	0	0	5	0	0	0	0	0	0	0	0	0	0	0	0	0	0	0	0	0	0	0	0	0	0	0	0	0	0	345	0	0	0	0	1	0	0	0	0	0	0	72	32	0	0	0	0	0	0	0	0	0	0	0	0	0	0	0	0	0	0	0	0	0	0	0	0	0	0	0	0	0	0	0	0	0	337	0	0	0	0	0	0	0	0	0	0	0	0	0	0	0	274	0	0	0	0	388	11	0	0	0	360	0	0	0	0	0	0	0	0	0	0	121	0	0	0	0	0	0	0	0	0	0	0	44	138	48	0	0	0	0	0	0	0	0	0	0	0	0	0	0	0
d__Bacteria___p__Firmicutes___c__Clostridia___o__Lachnospirales___f__Lachnospiraceae___g__Eubacterium_ventriosum_group	29	0	13	0	4	0	0	9	64	6	0	15	0	81	37	64	26	80	48	10	75	0	2	170	59	45	39	7	161	9	1	13	0	0	0	17	0	0	0	72	112	157	0	0	0	0	40	22	0	9	25	34	10	8	30	44	61	15	345	108	0	16	59	14	0	0	4	115	8	27	2	2	2	32	33	0	0	30	3	2	20	0	0	4	2	0	0	2	10	70	6	2	0	0	0	0	0	0	2	5	11	12	30	10	25	31	44	302	36	38	0	6	35	258	159	18	17	42	27	36	93	138	0	0	0	5	14	12	1	12	126	150	69	12	0	0	0	1	27	0	8	3	17	0	0	0	0	0	0	68	18	9	18	11	6	0	0	0	58	52	70	5	4	37	45	28	0	25	30
d__Bacteria___p__Firmicutes___c__Clostridia___o__Lachnospirales___f__Lachnospiraceae___g__Eubacterium_xylanophilum_group	0	0	13	44	73	0	0	0	0	57	0	32	0	85	330	1211	0	339	198	7	10	0	3	39	0	0	0	0	0	0	0	0	0	0	0	0	0	0	0	15	37	214	0	0	0	0	17	22	0	100	0	0	0	2	21	196	159	0	54	83	31	0	0	0	0	0	23	0	0	0	0	0	5	292	139	0	23	0	0	0	0	0	0	0	0	0	0	0	0	0	51	7	0	0	0	0	0	0	0	0	77	19	215	0	0	0	92	122	0	73	0	18	17	149	130	207	0	0	53	91	140	54	7	33	28	0	0	0	0	0	208	8	0	0	0	0	0	0	0	0	0	0	0	0	0	0	0	0	241	108	517	23	46	37	0	0	0	0	47	77	115	0	0	0	0	0	0	284	568
d__Bacteria___p__Firmicutes___c__Clostridia___o__Lachnospirales___f__Lachnospiraceae___g__Ruminococcus_gauvreauii_group	0	0	0	0	0	226	606	106	274	231	0	164	294	110	62	62	0	0	0	0	0	0	0	0	306	140	162	0	0	0	0	0	83	111	1109	0	16	0	149	254	113	140	0	83	134	161	0	0	0	0	0	0	0	7	38	78	221	118	138	83	126	0	0	0	0	0	67	0	0	162	320	214	0	0	0	96	72	352	79	44	70	5	21	522	103	0	0	295	0	81	0	0	0	0	0	0	0	0	4	0	9	24	131	115	56	91	174	183	118	111	0	56	89	215	170	0	0	1	0	26	22	47	169	164	88	52	315	138	208	260	384	220	0	0	135	39	116	64	241	424	64	0	0	0	0	0	0	0	0	0	0	94	321	153	141	0	255	663	216	97	162	0	0	0	0	0	1	0	0
d__Bacteria___p__Firmicutes___c__Clostridia___o__Lachnospirales___f__Lachnospiraceae___g__Ruminococcus_gnavus_group	44	437	19	6	27	47	380	7	18	27	52	5	97	0	0	0	2	63	54	39	225	103	2	13	17	16	13	7	32	18	8	2	246	149	472	750	42	1035	262	2	0	0	76	0	2	6	62	75	1269	106	98	44	11	0	18	0	119	4	48	51	4	2	0	0	88	145	2	0	8	8	31	9	0	2	12	19	9	60	0	0	0	0	3	13	0	386	372	0	20	21	0	0	38	32	68	36	82	83	5	22	0	72	0	0	2	7	31	24	24	38	16	61	113	35	86	4	8	1	1	4	0	0	0	1	2	0	1	0	0	56	77	29	22	17	4	1	2	3	13	4	28	24	40	456	157	84	2	1	66	42	16	0	9	6	2	271	21	26	2	0	0	300	93	146	71	44	32	2	15
d__Bacteria___p__Firmicutes___c__Clostridia___o__Lachnospirales___f__Lachnospiraceae___g__Ruminococcus_torques_group	207	112	4	18	4	275	537	0	2	297	353	425	719	557	298	853	38	33	8	9	378	474	177	60	638	480	293	138	395	92	52	62	1885	438	2045	240	0	181	364	464	159	190	552	118	219	671	356	133	185	378	10	54	59	35	205	85	352	130	234	114	831	371	335	586	86	87	97	57	98	66	243	180	376	379	156	8	3	305	168	79	348	104	338	105	318	37	969	303	616	363	75	109	77	76	197	16	18	27	47	264	15	39	161	77	64	66	446	323	457	4	424	30	221	637	786	132	121	118	404	66	46	241	87	186	169	942	462	298	157	316	468	2077	484	944	99	82	102	98	410	909	197	8	104	421	128	56	28	219	195	563	811	148	151	203	229	225	19	3	133	151	509	12	10	72	147	155	389	167	448
d__Bacteria___p__Firmicutes___c__Clostridia___o__Lachnospirales___f__Lachnospiraceae___g__Agathobacter	1565	4	80	943	275	0	0	121	1415	1450	878	527	379	0	0	0	251	1497	1023	303	1914	1275	84	893	1857	1371	764	807	2938	546	232	1695	1428	11759	397	0	0	0	0	34	113	308	0	852	597	1552	439	2481	0	1850	579	0	24	656	26	223	1385	11	767	963	625	0	0	0	16	0	641	262	99	271	712	492	5	413	5	0	0	1510	70	45	94	350	414	692	435	0	0	904	1812	233	65	29	477	455	77	0	0	0	441	1093	409	457	632	786	792	1404	434	1722	464	2641	1396	342	700	2151	3212	722	719	860	1182	1995	111	378	254	119	917	415	508	1043	152	474	1506	452	635	587	153	506	325	1377	32	1501	46	259	343	3819	0	3627	1380	799	1082	946	1702	344	283	470	205	0	434	2602	484	293	704	0	0	0	1533	882	492	1281	2246
d__Bacteria___p__Firmicutes___c__Clostridia___o__Lachnospirales___f__Lachnospiraceae___g__Anaerostignum	0	0	0	0	0	20	5	0	0	0	0	0	0	0	0	0	0	0	0	0	0	0	0	3	0	0	0	0	0	0	0	0	0	0	0	6	0	1	32	0	0	0	0	0	0	0	0	0	0	0	0	0	0	0	0	0	0	0	0	0	0	0	0	0	0	0	0	0	0	0	0	0	0	0	0	1	5	0	0	0	0	0	0	0	0	13	0	0	0	0	0	0	0	0	0	0	0	0	0	3	0	0	0	0	0	0	0	0	0	0	6	0	0	0	0	0	0	0	0	0	0	0	0	0	0	2	7	4	0	0	0	0	0	0	0	0	0	0	0	0	0	0	0	0	0	4	0	0	0	0	0	0	0	0	0	0	0	0	0	0	0	0	0	0	0	0	0	0	0
d__Bacteria___p__Firmicutes___c__Clostridia___o__Lachnospirales___f__Lachnospiraceae___g__Anaerostipes	495	69	407	2337	473	280	393	68	163	244	388	81	48	22	177	57	138	263	348	143	22	355	15	162	75	21	19	380	448	22	28	107	1637	224	695	180	4	1021	7	588	633	829	240	0	3	21	116	152	2147	103	84	281	80	214	319	26	606	47	142	70	108	38	10	16	80	15	212	49	45	266	195	59	146	3	12	85	116	89	160	75	222	83	201	63	119	251	58	353	46	49	13	2	4	25	6	34	64	51	93	89	46	119	321	256	220	236	49	229	182	203	185	26	135	480	217	279	113	285	195	55	66	118	80	149	44	235	351	233	40	254	536	426	4	1	196	112	147	66	63	155	147	519	169	18	358	15	54	63	978	1418	132	54	161	93	318	171	265	274	156	67	26	299	144	45	116	637	244	209	513
d__Bacteria___p__Firmicutes___c__Clostridia___o__Lachnospirales___f__Lachnospiraceae___g__Blautia	2988	3	1012	1775	1980	1128	969	360	866	927	1369	3859	396	919	1700	2437	1297	2242	4583	283	340	1853	171	615	629	1524	703	876	2511	249	172	357	256	383	560	0	383	3628	1623	236	240	662	1	509	394	745	1256	1635	2572	1712	962	1197	2181	296	1413	950	524	406	670	259	2007	540	940	534	674	83	768	297	423	1214	1940	1757	4	1431	106	1247	1263	786	613	253	1488	156	243	229	628	3037	11	1585	523	1168	214	23	2124	997	3239	501	1761	2404	398	1623	125	393	611	1248	705	1355	469	431	936	703	2208	355	1470	358	743	1227	542	1598	4538	269	222	512	430	452	251	1184	1699	1995	671	660	808	617	200	73	463	316	433	293	774	1083	557	1407	1028	3199	2064	2178	281	156	1780	859	1552	266	360	433	118	3262	488	1132	303	223	455	1280	2139	6025	1058	1224	1119	996	1915
d__Bacteria___p__Firmicutes___c__Clostridia___o__Lachnospirales___f__Lachnospiraceae___g__CAG-56	0	0	269	47	414	0	0	17	39	0	0	0	0	36	0	11	0	0	0	0	0	0	0	0	0	0	0	254	909	32	109	267	0	0	0	0	0	0	0	6	0	26	0	0	0	0	0	0	0	0	0	0	0	32	371	0	5	0	0	0	0	0	0	0	0	0	31	34	22	0	0	0	32	0	0	0	0	0	0	0	1	6	7	1	336	0	0	1	0	34	44	0	0	0	0	0	0	0	19	0	42	18	234	88	83	204	186	165	0	0	0	0	0	44	65	262	0	0	25	16	3	4	118	174	361	0	0	0	0	97	51	116	0	0	0	0	131	151	0	0	0	0	0	0	0	0	0	0	0	0	0	5	82	9	298	0	0	0	132	94	24	93	103	0	0	0	0	290	352
d__Bacteria___p__Firmicutes___c__Clostridia___o__Lachnospirales___f__Lachnospiraceae___g__Catenibacillus	0	0	0	0	0	4	5	0	2	0	0	0	2	0	0	0	4	0	0	0	0	0	0	5	1	1	0	0	1	4	1	2	8	9	10	0	0	13	0	0	0	0	2	3	0	2	0	0	8	0	2	1	0	0	0	0	9	0	2	0	3	0	0	0	0	0	0	0	0	0	0	0	0	0	0	0	0	0	0	0	0	0	0	0	0	0	0	0	3	0	0	0	0	0	5	4	4	0	0	6	0	0	0	0	0	0	0	0	0	0	8	0	0	14	5	0	0	0	5	0	0	0	0	0	0	4	0	0	0	0	0	0	6	6	0	0	0	0	0	0	0	0	0	0	2	0	0	0	0	0	0	0	0	0	10	2	0	0	0	0	0	0	0	0	0	0	0	0	0
d__Bacteria___p__Firmicutes___c__Clostridia___o__Lachnospirales___f__Lachnospiraceae___g__Cellulosilyticum	0	0	0	0	0	0	0	0	0	0	0	0	0	0	0	0	0	0	0	0	0	0	0	0	0	0	0	0	0	0	0	0	0	0	0	0	0	0	0	0	0	0	0	0	0	0	0	0	0	0	0	0	0	0	0	0	0	0	0	0	0	0	0	0	0	0	0	0	0	0	0	0	0	0	0	0	0	0	0	0	0	0	0	3	0	0	0	0	0	0	0	0	0	0	0	0	0	0	0	0	0	0	0	0	0	0	0	0	0	0	0	0	0	0	0	0	0	0	0	0	0	0	0	0	0	0	0	0	0	0	0	0	0	0	0	0	0	0	0	0	0	0	0	0	0	0	0	0	0	0	0	0	0	0	0	0	0	0	0	0	0	0	0	0	0	0	0	0	0
d__Bacteria___p__Firmicutes___c__Clostridia___o__Lachnospirales___f__Lachnospiraceae___g__CHKCI001	0	0	0	0	0	9	0	0	0	0	0	0	0	0	0	0	0	0	0	0	0	0	0	0	0	0	0	0	0	0	0	0	0	0	0	0	0	0	0	0	0	0	0	0	0	0	0	0	0	0	0	0	0	0	0	0	0	0	0	0	0	0	0	0	0	0	0	0	0	0	0	0	0	0	0	0	0	0	0	0	0	0	0	0	0	35	0	0	0	0	0	0	0	0	0	0	0	0	0	0	0	0	0	0	0	0	0	0	0	0	0	0	0	0	0	0	0	0	0	0	0	0	0	0	0	0	0	0	0	0	0	0	0	0	0	0	0	0	0	0	0	0	0	0	0	0	0	0	0	0	0	0	0	0	0	0	0	0	0	0	0	0	0	0	0	0	0	0	0
d__Bacteria___p__Firmicutes___c__Clostridia___o__Lachnospirales___f__Lachnospiraceae___g__Coprococcus	296	0	172	124	260	0	0	27	97	0	387	0	69	731	923	1120	16	56	31	28	22	1208	35	141	170	208	185	103	529	53	66	110	0	0	0	0	10	0	146	99	158	138	112	27	99	69	0	0	0	0	19	23	28	19	100	201	73	47	161	156	92	132	113	210	97	35	42	579	222	322	103	149	27	0	0	38	46	136	88	56	98	1019	2533	327	39	0	0	143	27	20	232	423	0	0	0	0	0	0	159	10	57	98	579	96	54	66	220	176	206	34	57	16	29	118	166	31	0	0	46	439	367	288	128	238	267	428	632	447	1	43	62	87	18	5	15	27	34	3	35	0	50	0	0	0	0	0	0	0	220	0	0	397	634	344	819	0	69	243	376	495	750	115	112	0	148	237	115	57	70
d__Bacteria___p__Firmicutes___c__Clostridia___o__Lachnospirales___f__Lachnospiraceae___g__Dorea	0	0	146	897	343	0	0	197	171	368	199	1553	237	69	156	244	160	202	462	118	538	206	135	139	295	313	113	228	551	155	136	252	130	269	983	0	6	333	86	308	226	205	29	27	51	30	179	300	22	210	44	35	11	12	94	355	117	105	203	181	196	181	127	162	150	115	147	253	188	519	182	137	68	530	184	145	91	421	194	113	418	193	464	708	150	0	0	940	371	372	44	18	63	35	94	0	0	0	303	366	167	198	172	137	125	142	353	416	124	42	554	17	55	107	273	67	180	245	209	187	297	356	135	198	317	475	524	402	21	244	463	749	114	42	179	392	226	201	196	159	230	210	90	0	41	0	197	219	0	0	0	735	432	635	143	0	646	653	303	295	367	521	245	135	0	0	70	111	195
d__Bacteria___p__Firmicutes___c__Clostridia___o__Lachnospirales___f__Lachnospiraceae___g__Eisenbergiella	25	0	8	35	12	0	0	2	5	22	0	11	0	0	0	0	5	9	10	3	0	3	1	2	0	4	0	0	1	3	0	0	11	5	29	6	1	1	36	23	7	1	3	1	13	0	20	19	1	39	0	11	11	3	1	0	38	0	15	8	3	4	2	5	21	25	0	9	14	0	0	4	96	18	46	2	0	0	0	0	1	176	75	178	1	0	16	10	0	12	3	21	0	0	0	0	0	0	23	0	0	0	0	0	0	0	0	84	11	0	1	0	0	83	69	0	0	0	20	0	2	3	0	0	1	6	5	2	12	3	40	19	189	264	0	0	0	0	4	6	0	0	0	21	0	7	2	5	11	42	182	4	0	7	3	0	1	1	0	0	0	5	21	173	10	16	3	0	0
d__Bacteria___p__Firmicutes___c__Clostridia___o__Lachnospirales___f__Lachnospiraceae___g__Frisingicoccus	0	0	4	9	15	0	0	0	0	64	0	35	0	56	27	40	9	37	31	0	0	0	0	0	0	0	0	0	0	2	5	8	0	0	0	0	0	0	1	15	4	1	0	0	0	0	29	18	0	23	2	13	14	0	30	0	121	2	0	0	0	0	0	0	0	0	0	0	0	0	0	0	5	81	90	0	2	0	0	0	0	24	25	45	21	0	0	0	0	0	0	11	0	0	0	0	0	0	0	0	2	2	21	0	0	0	49	36	0	0	0	0	0	178	134	18	0	0	0	0	0	0	0	0	2	0	0	0	7	1	22	7	165	506	0	0	1	30	12	1	4	0	0	0	0	0	0	0	43	128	228	25	8	29	12	0	0	0	0	1	0	18	23	8	0	0	0	12	38
d__Bacteria___p__Firmicutes___c__Clostridia___o__Lachnospirales___f__Lachnospiraceae___g__Fusicatenibacter	303	0	0	0	0	712	1234	228	268	702	172	1267	233	738	579	528	363	270	1459	166	354	215	372	296	149	215	109	647	1440	108	170	351	79	41	449	0	167	632	490	225	314	203	306	413	1002	494	306	1731	16	603	1166	904	556	191	605	115	221	96	627	515	376	535	357	48	374	0	488	250	262	359	310	374	197	459	408	34	65	602	288	331	352	397	642	1360	78	0	0	129	0	119	47	19	778	444	224	45	0	0	133	0	93	95	654	328	441	586	143	393	141	579	0	97	217	695	202	417	1196	783	501	138	89	159	151	563	86	196	635	367	644	111	317	126	105	85	95	44	896	504	129	1154	335	0	0	0	647	1	316	287	0	0	0	191	202	177	696	456	161	933	353	350	304	385	176	0	718	1541	141	463	306
d__Bacteria___p__Firmicutes___c__Clostridia___o__Lachnospirales___f__Lachnospiraceae___g__GCA-900066575	0	0	12	3	6	0	0	0	0	17	11	16	16	9	17	28	43	30	69	2	2	6	2	0	5	0	4	0	0	0	0	0	0	0	0	2	0	7	0	36	9	6	14	1	5	3	0	3	0	0	0	0	0	4	10	7	4	6	3	6	3	17	3	1	3	0	2	3	0	5	7	4	23	12	35	6	2	4	1	1	2	12	17	18	6	8	23	17	0	0	4	3	6	3	4	0	0	0	8	0	10	9	10	4	9	8	3	17	2	0	0	1	0	11	5	8	0	0	11	3	7	4	6	12	20	8	13	7	3	0	0	0	34	36	0	0	10	13	9	1	20	0	0	0	1	0	0	2	8	11	38	2	0	2	37	0	5	4	4	4	5	4	3	0	0	0	6	12	14
d__Bacteria___p__Firmicutes___c__Clostridia___o__Lachnospirales___f__Lachnospiraceae___g__GCA-900066755	0	0	0	5	0	0	0	0	0	0	0	2	0	0	0	0	0	2	0	0	0	0	0	0	1	2	0	0	0	0	0	0	1	1	0	0	0	0	0	0	2	0	1	0	0	0	1	0	0	0	0	1	0	0	0	0	3	0	0	0	0	0	3	0	0	0	0	0	0	2	0	1	0	3	10	0	0	0	1	0	0	0	1	2	0	0	0	1	0	0	0	0	0	0	0	0	0	0	0	0	0	0	0	0	0	0	0	1	0	0	0	0	0	0	6	0	0	0	0	0	0	0	0	0	0	0	0	0	2	0	0	0	1	0	0	0	0	0	0	0	0	0	0	2	0	0	0	0	0	0	3	0	1	0	0	0	1	5	0	0	0	0	0	0	0	1	0	0	1
d__Bacteria___p__Firmicutes___c__Clostridia___o__Lachnospirales___f__Lachnospiraceae___g__Howardella	0	0	0	0	0	0	0	0	0	0	0	0	20	0	0	0	0	0	0	5	4	0	10	0	8	11	5	0	0	0	0	0	0	0	0	0	0	0	0	0	0	0	0	0	0	0	0	0	0	0	0	0	0	0	0	11	0	4	0	0	0	0	0	0	0	0	0	0	0	0	0	0	0	0	0	0	0	0	6	6	13	0	0	0	0	0	0	0	12	0	7	33	0	0	0	0	0	0	0	16	0	0	0	0	0	0	0	0	0	0	26	0	0	0	0	0	0	0	0	0	0	0	2	6	8	8	7	7	50	0	0	0	0	0	3	4	0	0	0	65	11	0	0	0	0	0	0	0	0	0	0	28	24	53	0	0	7	16	8	8	8	0	0	0	0	0	0	0	0
d__Bacteria___p__Firmicutes___c__Clostridia___o__Lachnospirales___f__Lachnospiraceae___g__Hungatella	23	35	0	0	5	0	0	5	0	62	7	32	0	0	0	0	0	24	1	0	7	0	732	30	0	12	0	0	9	7	5	0	15	11	28	37	17	45	57	26	0	0	7	0	48	0	16	16	52	0	15	83	70	0	0	0	17	0	0	0	2	0	9	25	9	0	0	0	0	0	0	0	52	4	278	37	28	0	0	0	0	180	69	96	0	174	178	0	0	7	0	46	0	0	0	0	0	0	3	0	0	0	0	0	0	0	0	167	0	0	0	0	0	31	38	0	0	0	6	0	0	0	0	1	0	0	0	0	5	10	27	37	136	54	0	0	0	0	2	5	4	10	31	14	78	11	0	19	0	79	246	79	0	17	0	0	1	0	0	0	0	8	19	26	0	0	0	0	0
d__Bacteria___p__Firmicutes___c__Clostridia___o__Lachnospirales___f__Lachnospiraceae___g__Lachnoclostridium	1371	0	43	22	37	0	0	21	39	271	0	913	62	15	69	48	106	492	322	159	59	0	77	378	121	466	208	149	68	189	53	117	24	275	47	814	5140	0	1547	76	123	80	203	29	37	47	291	98	0	119	661	422	333	19	3	35	44	624	434	139	317	87	62	2	13	13	0	36	96	733	523	529	0	83	4	0	0	37	0	0	0	16	15	44	45	0	0	0	1192	14	12	3	444	683	837	1	0	0	0	103	0	0	103	330	113	202	72	148	471	0	315	0	0	35	79	135	0	0	63	249	77	77	40	28	75	41	89	141	0	558	914	640	37	18	312	24	38	15	914	0	582	0	0	0	0	0	52	172	0	0	0	117	289	280	327	0	274	1119	10	3	7	132	238	523	979	281	1	83	395
d__Bacteria___p__Firmicutes___c__Clostridia___o__Lachnospirales___f__Lachnospiraceae___g__Lachnospira	0	0	1	0	1	0	0	132	616	919	341	27	181	167	866	382	248	83	103	1646	260	829	121	105	17	215	11	473	315	383	92	249	0	0	0	0	0	51	0	224	257	566	0	798	591	1991	19	259	60	258	598	335	103	852	757	296	78	129	155	479	409	0	0	0	488	0	552	74	93	188	315	190	109	49	3	794	1022	872	88	283	165	276	0	0	84	25	14	8	727	56	189	2	469	3011	54	11	0	0	87	505	168	269	405	370	1200	435	575	1259	457	388	187	1474	365	202	194	47	585	1212	229	566	194	152	155	235	438	74	162	219	59	329	330	58	51	6	272	288	1539	1618	61	38	133	0	0	142	2119	227	0	0	207	28	91	295	1415	1051	684	79	1	39	325	159	247	114	0	0	264	0	609	474	373
d__Bacteria___p__Firmicutes___c__Clostridia___o__Lachnospirales___f__Lachnospiraceae___g__Lachnospiraceae_ND3007_group	0	0	0	0	0	0	0	0	0	18	112	37	98	242	249	585	148	305	536	125	44	160	13	25	21	29	12	0	0	18	39	59	0	0	0	0	0	0	0	72	204	213	0	52	105	45	0	0	0	0	225	280	151	22	110	115	36	10	0	0	229	136	121	77	0	0	53	0	0	27	37	148	1	55	40	0	0	16	10	0	0	33	9	12	35	0	0	3	0	50	38	17	0	0	0	0	0	0	8	0	33	27	159	81	160	204	15	40	0	68	0	25	51	22	110	132	9	9	0	47	44	32	29	39	45	42	51	37	15	0	0	0	0	0	0	0	87	26	19	37	13	0	0	0	0	0	46	120	88	16	0	34	85	83	220	0	42	206	48	37	49	0	0	0	0	0	72	124	234
d__Bacteria___p__Firmicutes___c__Clostridia___o__Lachnospirales___f__Lachnospiraceae___g__Lachnospiraceae_NK4B4_group	0	0	0	0	0	0	0	0	0	0	0	0	0	18	12	20	0	0	0	0	0	0	0	0	0	0	0	0	0	0	0	0	0	0	0	0	0	0	0	5	7	6	0	0	0	0	0	0	0	0	0	0	0	0	0	0	0	0	0	0	0	3	13	3	0	0	0	0	0	0	0	0	0	0	0	0	0	0	0	0	0	0	0	0	0	0	0	0	0	0	0	0	0	0	0	0	0	0	0	0	0	0	0	0	0	0	0	0	0	0	0	0	0	0	0	18	0	0	0	0	0	0	0	0	0	2	15	0	0	0	0	0	0	0	0	0	0	0	0	0	0	0	0	0	0	0	0	0	0	0	0	0	0	0	0	0	0	0	0	0	0	0	0	0	0	0	0	67	14
d__Bacteria___p__Firmicutes___c__Clostridia___o__Lachnospirales___f__Lachnospiraceae___g__Lachnospiraceae_UCG-001	0	0	95	43	43	0	0	0	0	246	0	60	43	0	0	0	0	0	0	210	28	0	6	0	0	0	0	0	0	2	66	81	0	0	0	0	0	0	0	0	0	0	0	0	0	0	0	0	0	0	0	0	0	0	0	181	0	27	0	0	0	0	331	20	0	0	123	0	0	35	30	182	0	0	0	85	0	6	5	41	26	0	0	0	2	0	0	0	0	0	0	0	0	0	0	0	0	0	0	0	0	0	4	104	44	599	66	45	130	0	0	0	0	0	0	0	3	67	0	50	87	37	2	30	14	8	94	107	18	0	0	0	0	0	0	0	40	7	0	0	176	0	0	0	3	0	0	1	47	36	0	78	487	167	0	0	113	55	49	34	58	0	0	0	0	0	0	0	0
d__Bacteria___p__Firmicutes___c__Clostridia___o__Lachnospirales___f__Lachnospiraceae___g__Lachnospiraceae_UCG-004	88	0	92	3	90	0	0	176	636	0	212	0	92	163	508	405	224	675	469	287	9	181	24	42	53	0	50	668	174	31	193	372	0	0	0	57	0	0	0	1	7	19	87	240	17	138	8	49	0	27	216	220	96	73	131	159	0	102	148	198	265	0	17	0	0	0	110	72	112	674	153	119	0	24	0	248	533	136	152	137	144	2	3	0	66	0	0	0	0	4	6	0	0	0	0	0	0	0	29	0	58	30	171	110	116	122	8	8	0	435	0	227	240	0	0	190	364	310	130	55	17	5	169	81	126	12	118	137	0	723	162	45	0	0	332	429	263	83	290	0	202	1337	263	0	760	0	88	178	0	0	0	16	137	88	204	176	48	123	146	119	111	434	260	0	37	78	247	270	343
d__Bacteria___p__Firmicutes___c__Clostridia___o__Lachnospirales___f__Lachnospiraceae___g__Lachnospiraceae_UCG-010	96	6	34	6	28	88	31	4	56	20	38	26	87	190	138	122	24	24	31	15	13	39	30	46	20	46	6	14	7	45	39	95	14	6	13	19	0	7	0	16	34	19	25	16	15	12	23	10	2	23	155	194	235	6	20	62	0	144	12	10	140	22	29	8	12	29	7	3	1	705	26	39	5	29	6	21	14	16	61	18	59	1	1	0	9	14	11	0	6	10	2	8	3	0	14	1	8	0	21	3	46	20	84	84	25	32	88	16	8	14	10	14	4	34	40	22	26	12	28	5	13	8	67	52	232	109	160	183	43	153	159	164	14	7	64	78	40	132	179	9	182	0	0	17	0	11	14	42	23	61	73	81	62	89	16	0	21	137	8	26	22	123	40	28	45	61	37	61	86
d__Bacteria___p__Firmicutes___c__Clostridia___o__Lachnospirales___f__Lachnospiraceae___g__Lactonifactor	3	0	0	0	1	0	0	0	0	0	0	2	0	0	0	0	0	0	0	0	0	0	0	0	0	0	0	0	0	1	0	2	0	0	0	0	2	0	20	0	0	0	1	0	0	0	0	2	0	0	0	4	1	0	0	0	0	0	0	0	0	0	0	0	0	0	0	0	0	0	0	0	0	1	0	0	0	0	0	0	0	0	0	0	0	0	0	0	0	0	0	0	0	0	0	0	0	0	0	0	0	0	0	0	0	0	0	6	0	0	3	0	0	0	0	0	0	0	0	0	0	0	0	1	2	0	0	0	4	0	0	0	0	0	0	0	0	0	0	0	0	0	0	17	2	5	0	0	0	1	2	0	0	0	7	2	0	0	0	0	0	0	0	0	0	0	0	2	1
d__Bacteria___p__Firmicutes___c__Clostridia___o__Lachnospirales___f__Lachnospiraceae___g__Marvinbryantia	26	0	0	5	24	0	0	33	66	24	0	81	48	98	63	114	0	0	0	4	5	0	8	10	18	29	16	0	0	9	4	8	0	0	0	0	0	0	0	17	76	42	0	6	13	8	0	0	0	0	0	0	0	26	40	36	7	4	5	2	0	46	69	48	0	0	10	3	0	2	4	4	1	114	84	0	0	10	11	5	17	28	43	41	19	0	0	17	0	20	4	5	0	0	0	0	0	0	8	0	12	14	14	1	7	13	6	11	4	2	0	4	7	28	14	1	27	19	0	9	22	10	3	33	6	44	37	23	50	16	30	28	29	2	0	0	4	1	10	20	20	0	0	0	0	0	27	48	0	0	0	26	44	47	30	0	16	29	13	22	35	18	4	0	17	26	0	3	14
d__Bacteria___p__Firmicutes___c__Clostridia___o__Lachnospirales___f__Lachnospiraceae___g__Moryella	0	0	0	0	0	0	0	0	0	0	0	0	0	0	0	0	0	0	0	0	0	0	0	0	0	0	0	0	0	0	0	0	0	0	0	0	0	0	0	0	0	0	0	0	0	0	0	0	0	0	0	0	0	0	0	0	0	0	0	0	0	0	0	0	0	0	0	0	0	0	0	0	0	0	0	0	0	0	0	0	0	0	0	0	0	0	0	0	0	0	0	0	0	0	0	0	0	0	0	0	0	0	0	0	0	0	0	0	0	0	0	0	0	0	0	0	0	0	0	0	0	0	0	0	0	0	0	0	0	0	0	0	0	19	0	0	0	0	0	0	0	0	0	0	0	0	0	0	0	0	0	0	0	0	0	0	0	0	0	0	0	0	0	0	0	0	0	0	0
d__Bacteria___p__Firmicutes___c__Clostridia___o__Lachnospirales___f__Lachnospiraceae___g__Roseburia	111	0	105	21	100	1389	2136	294	744	563	209	591	328	114	111	194	0	0	0	299	674	415	108	52	155	72	72	78	135	109	247	373	341	98	359	0	0	0	0	33	33	14	458	557	198	751	66	1246	0	251	166	971	533	23	821	110	21	102	2	27	108	311	38	48	679	174	96	50	87	157	522	367	2	18	0	112	131	635	37	82	89	146	61	115	200	0	0	13	230	135	0	2	35	36	55	0	0	0	157	113	240	429	65	22	38	153	659	156	26	111	94	160	152	104	99	367	576	808	0	181	58	39	170	230	398	358	205	465	73	52	134	412	39	0	173	21	82	204	37	168	106	0	0	93	719	278	90	57	294	667	304	103	132	131	166	12	12	56	43	96	163	511	384	529	42	137	224	537	220
d__Bacteria___p__Firmicutes___c__Clostridia___o__Lachnospirales___f__Lachnospiraceae___g__Sellimonas	36	7	3	5	6	66	17	1	5	70	6	14	0	0	0	0	4	0	0	1	4	24	9	0	0	0	0	0	0	0	0	0	5	11	13	19	0	0	0	0	0	2	11	24	34	19	135	77	0	122	0	0	0	0	0	0	6	1	0	0	0	10	5	0	0	0	0	2	0	0	0	0	202	18	40	0	0	0	0	0	1	2	2	11	0	389	2143	9	0	0	3	0	3	0	5	0	0	0	0	3	0	0	0	1	0	0	5	9	2	0	5	0	11	6	2	0	1	2	0	0	0	0	0	0	0	0	0	0	86	2	0	0	46	25	0	0	0	0	0	62	0	0	0	24	48	23	5	12	58	42	44	0	0	0	42	151	0	0	0	0	0	21	20	0	33	19	6	2	0
d__Bacteria___p__Firmicutes___c__Clostridia___o__Lachnospirales___f__Lachnospiraceae___g__Shuttleworthia	0	0	0	3	3	0	0	0	1	0	0	0	0	0	0	0	0	0	0	0	0	0	0	2	0	0	0	0	0	0	0	0	0	0	0	1	0	0	0	17	24	12	1	0	0	0	0	4	0	0	0	0	0	0	1	0	0	0	0	0	2	0	8	3	0	0	1	0	0	0	0	0	0	0	0	0	0	0	0	1	0	0	0	18	0	6	3	2	0	0	0	0	0	0	0	0	0	0	0	0	0	0	0	0	0	0	0	1	0	0	0	0	0	0	0	2	0	0	0	0	1	0	0	0	0	1	2	0	3	0	0	0	0	0	0	0	0	0	0	0	0	0	0	0	0	0	0	0	0	5	4	0	0	0	0	0	0	0	2	0	0	0	0	0	0	0	0	3	5
d__Bacteria___p__Firmicutes___c__Clostridia___o__Lachnospirales___f__Lachnospiraceae___g__Tuzzerella	0	0	0	0	0	0	0	0	0	0	0	0	0	0	0	0	0	0	0	0	0	0	0	0	0	0	0	0	0	0	0	0	0	0	0	0	0	0	0	0	0	0	0	0	0	0	0	0	0	0	0	0	0	0	0	0	0	0	0	0	0	0	0	0	0	0	0	0	0	0	0	0	0	0	0	0	0	0	0	0	0	0	0	0	0	0	0	0	0	0	0	0	0	0	0	0	0	0	0	0	0	0	0	0	0	0	0	0	0	0	0	0	0	0	0	0	0	0	0	0	0	0	0	0	0	0	0	0	0	0	0	0	0	0	0	0	1	0	0	0	0	0	0	0	0	0	0	0	0	0	0	0	0	0	0	0	0	0	0	0	0	0	0	0	0	0	0	0	0
d__Bacteria___p__Firmicutes___c__Clostridia___o__Lachnospirales___f__Lachnospiraceae___g__Tyzzerella	0	0	0	0	0	0	1	0	0	0	0	0	0	0	0	0	0	0	0	0	0	0	9	0	0	0	0	0	0	0	0	0	0	0	0	0	0	137	0	0	0	0	0	0	0	0	8	124	128	21	0	0	0	0	7	0	0	0	0	0	0	0	0	0	0	0	0	0	0	3	149	15	0	5	9	19	34	0	0	0	0	0	0	0	0	0	0	5	81	7	0	0	0	0	0	0	0	0	0	85	0	0	0	16	36	36	2	0	0	0	232	0	0	44	19	0	0	0	91	1	4	8	0	0	0	0	0	0	0	0	0	0	18	0	0	0	0	0	0	0	0	0	0	0	1	0	0	0	36	128	229	0	0	0	20	0	0	0	0	0	0	0	0	0	0	0	0	0	0
d__Bacteria___p__Firmicutes___c__Clostridia___o__Lachnospirales___f__Lachnospiraceae___g__UC5-1-2E3	0	0	0	2	3	57	15	0	0	83	0	214	10	0	0	0	0	0	0	0	0	0	3	1	0	0	0	0	0	0	0	0	0	0	0	0	0	0	0	4	4	2	0	0	0	0	4	0	0	2	0	0	0	7	5	0	1	0	0	0	0	31	6	14	4	0	0	0	0	0	0	0	4	13	16	0	0	0	1	0	0	6	4	26	0	0	0	2	0	0	0	0	0	0	0	0	0	0	0	0	2	0	0	0	0	0	0	0	0	0	0	0	0	5	0	4	0	0	4	1	4	2	0	0	0	4	2	1	55	0	0	0	30	18	0	0	0	1	4	53	0	0	0	0	0	0	0	0	77	406	311	0	5	4	27	0	0	0	3	1	0	0	0	0	0	0	0	2	14
d__Bacteria___p__Firmicutes___c__Clostridia___o__Monoglobales___f__Monoglobaceae___g__Monoglobus	38	0	148	270	121	0	0	35	167	276	22	165	98	143	347	426	115	144	86	1	17	59	83	46	105	126	45	57	63	40	38	71	12	18	6	0	0	0	0	10	9	1	55	46	21	31	4	216	0	123	63	25	69	91	253	26	58	5	123	195	22	112	59	31	32	0	30	83	28	39	154	85	0	109	26	134	47	114	74	164	227	0	0	2	30	0	0	0	8	0	10	0	1	0	0	6	3	16	23	127	33	53	74	1	20	78	133	39	11	94	113	40	54	77	118	103	109	174	200	70	46	101	47	19	13	44	261	88	0	49	0	0	26	0	0	0	44	38	8	34	12	19	56	0	0	0	14	140	104	276	469	10	36	14	110	0	183	223	38	91	53	0	0	34	36	14	59	128	223
d__Bacteria___p__Firmicutes___c__Clostridia___o__Oscillospirales	6	0	46	18	36	0	0	13	15	117	1	22	27	66	17	43	0	14	19	27	2	1	9	0	29	12	18	15	17	30	16	15	0	21	12	0	0	0	22	180	39	45	15	21	35	40	19	34	0	26	35	10	3	248	58	28	94	24	36	27	1	37	34	34	24	8	18	17	13	10	12	37	61	47	81	7	19	28	27	19	57	55	46	67	27	0	0	5	45	4	49	12	24	15	24	0	0	0	18	17	34	22	41	11	18	6	18	11	9	49	24	15	25	86	77	72	15	21	23	37	79	78	30	30	57	6	5	1	37	7	17	2	15	10	3	26	22	25	44	0	67	14	13	0	50	0	8	24	40	46	69	39	15	35	50	22	14	17	17	24	32	17	34	1	21	37	0	99	101
d__Bacteria___p__Firmicutes___c__Clostridia___o__Oscillospirales___f__Clostridium_methylpentosum_group___g__Clostridium_methylpentosum_group	1	1	0	1	0	2	0	0	0	0	0	0	0	0	3	0	0	1	0	0	9	0	4	0	2	4	0	0	0	0	0	0	0	3	2	0	0	0	0	0	4	0	2	0	0	0	0	0	0	0	0	0	2	1	5	0	6	0	0	0	5	4	1	0	0	0	0	1	0	2	0	0	3	1	0	0	0	0	3	4	17	2	4	4	1	0	0	0	0	0	0	0	0	0	1	0	0	0	1	0	2	0	4	0	0	0	0	3	0	1	0	0	3	3	4	3	0	0	0	2	3	1	0	0	0	3	4	0	2	0	1	6	3	8	0	0	0	0	0	0	0	0	0	0	0	0	0	0	0	8	7	2	4	4	1	0	0	0	5	3	0	0	0	0	0	1	0	3	1
d__Bacteria___p__Firmicutes___c__Clostridia___o__Oscillospirales___f__Eubacterium_coprostanoligenes_group___g__Eubacterium_coprostanoligenes_group	0	1	67	18	53	0	0	26	43	422	554	500	488	31	33	44	97	196	149	1569	523	859	2734	13	975	1134	40	0	39	67	360	46	0	74	0	0	0	0	6	332	404	344	19	629	924	716	535	279	0	113	49	64	64	77	86	20	55	80	163	66	216	1700	1875	861	10	41	8	62	69	0	16	100	433	58	184	0	13	11	460	332	3709	162	544	825	50	29	61	990	31	1407	776	78	0	0	0	0	0	0	1725	22	1280	757	525	18	0	0	25	196	26	26	24	7	35	73	162	71	1	0	172	603	1349	1257	171	76	193	153	92	36	201	1	1607	1964	183	129	11	0	75	94	159	71	149	0	0	42	103	31	60	160	852	4972	2231	1530	725	2245	60	0	42	119	378	424	260	73	82	0	0	119	142	124	105
d__Bacteria___p__Firmicutes___c__Clostridia___o__Oscillospirales___f__Butyricicoccaceae	9	8	0	0	0	3	7	0	3	0	0	0	2	0	0	0	7	5	5	0	0	4	0	0	0	0	0	0	0	0	0	0	0	0	0	0	0	6	0	0	0	0	0	2	0	0	0	10	10	0	31	13	33	0	0	0	0	1	0	6	0	0	0	0	0	0	0	0	0	0	0	2	3	0	0	2	16	0	0	0	4	0	0	0	0	0	0	0	1	0	7	5	0	0	0	0	2	0	0	6	0	0	0	0	0	0	0	3	0	0	0	0	0	0	6	0	0	0	0	0	0	2	0	0	0	4	0	0	2	0	0	0	2	1	0	0	0	0	0	0	0	7	2	0	0	0	0	0	0	9	6	0	0	0	49	2	2	0	0	0	1	1	1	2	7	0	0	2	5
d__Bacteria___p__Firmicutes___c__Clostridia___o__Oscillospirales___f__Butyricicoccaceae___g__Butyricicoccus	365	8	154	162	210	73	87	69	176	355	221	227	49	84	289	335	202	487	86	199	26	223	80	92	95	131	61	53	142	67	41	113	30	57	161	5	28	0	169	18	221	153	70	96	146	81	62	219	0	89	45	55	19	86	190	70	18	98	92	89	429	87	228	4	79	49	70	516	60	160	408	204	1	145	14	79	64	152	218	153	163	5	1	1	136	98	7	35	37	368	0	9	30	34	41	49	21	213	57	167	57	54	132	163	62	129	43	53	103	62	86	33	98	50	56	114	146	155	144	89	44	90	97	184	163	90	97	76	13	82	111	93	61	4	38	25	87	68	113	61	125	89	50	156	50	363	139	140	15	45	62	67	66	79	85	15	49	106	75	29	78	130	187	6	170	306	254	160	137
d__Bacteria___p__Firmicutes___c__Clostridia___o__Oscillospirales___f__Butyricicoccaceae___g__UCG-008	0	0	0	0	0	0	0	0	0	0	0	0	0	2	0	2	0	0	0	0	0	0	0	0	0	0	0	0	0	0	0	0	0	0	0	0	0	0	0	0	0	0	0	0	0	0	0	0	0	0	0	0	0	0	0	0	1	0	0	0	16	0	0	0	4	10	0	0	0	0	0	0	0	0	5	0	0	0	0	0	0	0	3	0	0	0	0	0	0	0	0	0	0	0	0	0	0	0	0	0	0	0	0	0	0	0	0	0	0	0	0	0	0	1	0	0	0	0	0	0	0	0	0	0	0	0	0	0	0	0	0	0	0	0	0	0	0	0	3	0	5	0	0	0	0	0	0	0	0	0	0	0	0	0	0	0	0	0	0	0	0	0	0	0	0	0	0	0	0
d__Bacteria___p__Firmicutes___c__Clostridia___o__Oscillospirales___f__Butyricicoccaceae___g__UCG-009	0	0	2	1	0	0	0	0	0	3	3	3	0	6	0	2	0	0	0	20	0	5	3	0	0	0	0	0	0	0	0	0	0	0	0	0	0	0	0	18	20	21	0	0	0	0	5	0	0	1	0	0	0	27	14	5	0	1	0	0	0	13	3	2	0	0	2	0	0	0	4	14	1	10	52	0	2	0	0	1	1	9	27	8	0	0	0	0	4	0	3	0	0	0	0	0	0	0	4	14	6	4	4	0	0	0	0	0	0	7	7	0	4	0	1	8	0	0	0	9	24	17	1	1	3	0	0	0	5	0	0	0	12	0	0	0	0	4	6	0	0	0	0	0	0	0	0	0	0	5	11	29	10	7	33	0	0	0	9	12	14	0	0	0	0	0	6	3	12
d__Bacteria___p__Firmicutes___c__Clostridia___o__Oscillospirales___f__Butyricicoccaceae___g__uncultured	0	0	0	0	0	0	0	0	0	0	0	0	0	0	0	0	0	0	0	0	0	0	0	0	0	0	0	0	0	0	0	0	0	0	0	0	0	0	0	0	0	0	0	0	0	0	0	0	0	0	0	0	0	0	0	0	0	0	0	0	0	0	0	0	0	0	0	0	0	0	0	0	0	0	0	0	0	0	0	0	0	0	0	0	0	0	0	0	0	0	0	0	0	0	43	0	0	0	0	0	0	0	0	0	0	0	0	0	0	0	0	0	0	0	0	0	0	0	0	0	0	0	0	0	0	0	0	0	0	0	0	0	0	0	0	0	0	0	0	0	0	0	0	0	0	0	0	0	0	0	0	0	0	0	0	0	0	0	0	0	0	0	0	0	0	0	0	0	0
d__Bacteria___p__Firmicutes___c__Clostridia___o__Oscillospirales___f__Ethanoligenenaceae___g__Acetanaerobacterium	0	0	0	0	0	0	0	0	0	1	0	0	0	0	0	0	0	0	0	0	0	0	0	0	2	1	0	0	0	0	0	0	0	1	0	0	0	0	0	1	0	1	0	0	0	0	0	0	0	0	0	0	0	0	1	0	0	0	0	0	0	0	1	0	0	0	0	0	0	0	0	0	1	0	0	0	0	0	0	0	0	0	0	1	0	0	0	1	0	0	0	0	0	0	0	0	0	0	0	0	0	0	0	0	0	0	0	0	0	0	0	0	0	0	1	0	0	0	0	0	1	0	0	0	0	0	0	0	1	0	0	0	1	0	0	0	0	0	0	4	0	0	0	1	0	0	0	0	0	3	0	0	0	1	0	0	0	0	0	0	0	0	0	0	0	0	0	0	1
d__Bacteria___p__Firmicutes___c__Clostridia___o__Oscillospirales___f__Hungateiclostridiaceae	0	0	0	0	0	0	0	0	0	0	0	0	0	0	0	0	0	0	0	0	0	0	0	2	0	0	0	0	0	0	0	0	0	0	0	0	0	0	0	418	356	54	0	0	0	0	0	0	0	0	0	18	21	2	0	0	0	0	0	0	0	0	0	4	0	0	1	0	0	0	0	0	5	13	66	0	0	0	0	0	0	21	7	19	0	0	0	0	0	0	63	21	0	0	0	0	0	0	0	0	6	3	0	0	0	0	6	13	0	0	0	0	0	0	0	6	0	0	0	19	32	91	0	0	0	0	0	0	0	0	0	0	11	39	0	0	0	5	1	0	0	0	0	0	0	0	0	0	1	108	90	0	0	0	3	0	0	0	0	0	0	0	0	0	0	0	0	17	11
d__Bacteria___p__Firmicutes___c__Clostridia___o__Oscillospirales___f__Hungateiclostridiaceae___g__Fastidiosipila	0	0	0	0	0	0	0	0	0	0	0	0	0	0	0	0	0	0	0	0	0	0	0	0	0	0	0	0	0	0	0	0	0	0	0	0	0	0	0	0	0	0	0	0	0	0	0	0	0	0	0	0	0	0	0	0	0	0	0	0	0	0	0	0	0	0	0	0	0	0	0	0	0	0	0	0	0	0	0	0	0	0	0	3	0	0	0	0	0	0	0	0	0	0	0	0	0	0	0	0	0	0	0	0	0	0	0	0	0	0	0	0	0	0	0	0	0	0	0	0	0	0	0	0	0	0	0	0	0	0	0	0	0	0	0	0	0	0	0	0	0	0	0	0	0	0	0	0	0	0	0	0	0	0	0	0	0	0	0	0	0	0	0	0	0	0	0	0	0
d__Bacteria___p__Firmicutes___c__Clostridia___o__Oscillospirales___f__Oscillospiraceae	85	5	65	41	71	87	23	20	56	319	69	368	103	348	160	186	154	212	164	102	47	71	623	170	103	185	53	89	127	19	72	41	53	39	191	114	0	0	0	1821	1408	1102	104	11	85	22	208	150	0	206	22	37	53	564	131	86	833	95	84	57	379	296	360	636	102	146	50	70	68	110	154	189	508	733	1769	16	8	207	61	41	282	157	288	843	139	224	111	197	17	118	64	27	7	3	41	0	0	0	51	43	50	57	199	29	61	81	176	288	49	37	54	10	57	2797	927	582	5	23	290	82	282	288	61	137	269	419	382	284	168	77	93	289	743	344	0	29	34	74	181	250	126	0	4	156	132	80	52	104	104	906	1089	358	187	455	765	75	61	115	151	310	340	52	126	47	113	139	19	805	838
d__Bacteria___p__Firmicutes___c__Clostridia___o__Oscillospirales___f__Oscillospiraceae___g__Colidextribacter	108	19	82	79	71	203	44	16	35	133	70	387	44	177	131	76	206	351	195	34	52	58	93	32	74	406	56	55	48	67	31	34	114	68	243	192	7	19	41	129	111	75	98	25	71	43	277	133	7	104	93	64	48	134	91	33	172	18	47	55	103	263	149	142	95	213	23	47	167	83	52	188	588	273	313	81	40	178	27	3	45	193	205	210	68	448	18	3	20	195	48	28	9	15	40	34	70	28	25	21	29	34	113	42	18	58	34	26	35	41	38	35	114	362	268	123	54	52	77	30	100	91	104	36	122	91	71	58	40	96	21	61	214	105	18	158	72	72	31	24	36	44	57	9	154	10	13	35	94	322	287	69	55	77	80	21	17	20	39	53	66	72	27	16	141	166	61	130	143
d__Bacteria___p__Firmicutes___c__Clostridia___o__Oscillospirales___f__Oscillospiraceae___g__Flavonifractor	20	54	93	70	42	96	18	21	40	17	42	39	10	14	3	0	52	84	59	19	35	21	91	46	52	151	22	108	120	21	10	13	76	39	253	140	22	44	69	6	10	0	103	36	90	74	189	70	25	123	74	46	37	30	21	4	11	70	22	37	125	44	58	31	54	255	23	26	57	239	31	107	46	140	286	159	57	75	18	3	19	61	48	32	18	464	60	0	47	22	0	134	65	12	90	183	100	204	11	23	3	18	14	28	30	48	15	29	39	31	44	15	100	84	65	6	42	29	50	13	9	5	12	16	50	69	24	26	46	40	119	145	71	98	12	52	24	41	75	7	73	42	149	72	151	33	24	80	103	440	176	83	35	72	15	103	3	103	4	11	5	58	109	15	75	130	75	0	5
d__Bacteria___p__Firmicutes___c__Clostridia___o__Oscillospirales___f__Oscillospiraceae___g__Intestinimonas	0	0	75	84	58	0	0	0	7	6	13	5	3	15	1	1	66	20	24	0	0	5	2	9	17	42	2	0	0	0	1	1	0	0	0	0	0	0	0	168	3	0	27	27	68	34	19	16	0	15	33	54	66	26	5	1	2	4	1	1	12	61	58	104	9	16	2	1	0	2	4	6	38	95	170	0	0	0	0	0	4	0	0	0	2	0	0	0	0	4	21	13	0	0	0	0	0	0	4	0	5	0	11	0	0	8	28	29	2	0	0	0	0	18	10	14	0	0	26	5	0	1	3	6	13	24	9	11	28	0	0	0	28	30	5	0	0	3	12	10	5	16	10	9	0	1	17	17	24	321	146	23	20	36	4	0	7	0	8	4	18	0	0	7	1	5	3	6	32
d__Bacteria___p__Firmicutes___c__Clostridia___o__Oscillospirales___f__Oscillospiraceae___g__NK4A214_group	0	0	233	20	317	0	0	88	223	0	0	0	16	89	82	116	0	0	0	51	38	0	1584	0	0	0	0	0	0	193	338	361	0	0	0	0	0	0	3	34	106	64	59	214	402	173	459	1674	0	305	0	0	0	269	132	72	62	0	308	187	0	174	1293	1140	38	240	78	579	204	0	0	0	326	0	0	0	0	30	0	0	0	1175	643	176	38	0	0	16	258	530	199	45	0	0	0	1	0	0	502	389	152	182	282	21	66	197	31	121	0	29	226	34	7	5	138	0	0	0	0	205	450	171	63	38	161	0	0	0	0	0	0	0	247	67	0	0	188	66	0	0	0	0	0	0	19	0	0	0	0	0	10	141	40	104	0	6	401	0	117	319	189	0	0	0	0	0	0	0	0
d__Bacteria___p__Firmicutes___c__Clostridia___o__Oscillospirales___f__Oscillospiraceae___g__Oscillibacter	5	16	67	49	57	96	6	95	191	95	50	19	85	36	19	15	72	41	54	42	70	50	197	227	271	593	74	17	67	52	45	14	161	55	257	145	15	0	31	59	75	9	151	27	91	19	174	224	0	160	34	209	31	173	74	22	357	32	45	36	450	78	177	43	29	144	26	87	123	89	81	144	47	223	152	60	77	65	22	18	148	128	61	43	35	159	17	4	46	250	23	18	20	12	35	0	0	0	37	43	22	23	87	25	22	60	66	86	51	77	74	41	127	762	433	15	35	22	148	69	49	82	31	56	61	117	82	86	5	30	53	363	389	137	7	67	25	76	78	1	54	0	69	104	86	70	91	80	260	702	736	173	82	195	161	6	51	171	58	76	45	103	140	27	20	20	60	13	53
d__Bacteria___p__Firmicutes___c__Clostridia___o__Oscillospirales___f__Oscillospiraceae___g__Oscillospira	0	0	20	0	5	0	0	0	2	3	40	0	12	15	9	12	0	31	35	16	10	27	26	0	19	14	3	0	0	0	0	0	0	0	0	0	0	0	0	2	10	0	13	10	18	43	25	5	0	26	0	0	0	174	25	5	86	4	13	12	2	58	150	54	27	5	16	0	0	0	0	0	0	38	17	17	100	11	41	13	51	0	0	0	27	0	0	0	0	0	0	0	0	0	0	0	0	0	0	0	5	1	14	0	10	8	0	0	0	5	0	0	0	217	123	85	3	31	11	11	23	3	13	19	52	0	0	0	0	9	3	8	0	0	0	0	10	11	24	0	12	0	0	0	36	0	0	0	21	834	122	6	33	30	42	4	0	1	5	23	18	0	0	0	0	0	22	61	61
d__Bacteria___p__Firmicutes___c__Clostridia___o__Oscillospirales___f__Oscillospiraceae___g__Oscillospiraceae	0	0	0	0	0	0	0	0	0	0	0	1	0	0	0	0	0	0	0	0	0	0	0	0	0	0	0	0	0	0	0	0	0	0	0	0	0	0	0	0	0	0	0	0	0	0	0	0	0	0	0	0	0	0	0	0	0	0	0	0	0	0	0	0	0	0	0	0	0	0	0	0	6	0	0	0	0	0	0	0	0	0	0	0	0	0	0	0	0	0	0	0	0	0	0	0	0	0	0	0	0	0	2	0	0	0	0	0	0	0	0	0	0	0	0	0	0	0	0	0	4	2	0	0	0	0	0	0	0	0	0	0	0	0	0	0	0	0	0	0	0	0	0	0	0	0	0	0	0	0	0	0	0	0	0	0	0	0	0	0	0	0	0	0	0	0	0	0	0
d__Bacteria___p__Firmicutes___c__Clostridia___o__Oscillospirales___f__Oscillospiraceae___g__Papillibacter	0	0	0	0	0	0	0	0	0	1	0	2	0	0	0	0	0	0	0	0	0	0	0	0	0	0	0	0	0	0	0	0	0	0	0	0	0	0	0	6	2	0	0	0	0	0	0	1	0	0	0	0	0	2	1	0	0	0	0	0	0	0	0	1	0	0	0	0	0	0	0	0	6	0	2	0	0	0	0	0	1	2	0	4	2	0	0	0	0	3	1	1	0	0	0	0	0	0	0	0	0	0	0	0	0	0	0	0	0	0	0	0	0	0	0	2	0	0	0	0	0	0	0	1	0	0	0	0	0	0	0	0	2	0	0	0	0	0	1	0	2	0	0	0	0	0	0	0	0	3	0	0	0	0	3	0	0	0	1	1	1	0	0	0	0	0	0	0	2
d__Bacteria___p__Firmicutes___c__Clostridia___o__Oscillospirales___f__Oscillospiraceae___g__Pseudoflavonifractor	0	0	0	0	0	0	0	0	0	2	0	4	0	1	0	0	8	27	8	3	3	0	6	0	0	2	0	0	0	0	0	0	0	0	0	0	0	0	0	0	0	0	1	0	0	0	0	2	0	0	4	4	0	3	8	0	7	0	0	0	4	0	0	0	0	2	0	5	0	0	0	0	0	0	0	0	0	0	9	2	9	0	0	0	0	0	0	0	0	0	1	0	0	0	0	0	0	0	3	0	5	0	7	0	0	0	0	0	0	3	0	3	0	25	15	3	0	0	7	0	6	0	1	1	2	0	0	0	0	0	0	0	0	0	0	0	0	0	4	0	6	0	0	0	2	0	0	0	2	16	7	10	9	8	4	0	0	0	0	0	0	0	0	0	0	0	0	3	16
d__Bacteria___p__Firmicutes___c__Clostridia___o__Oscillospirales___f__Oscillospiraceae___g__UCG-002	57	0	565	26	560	0	0	358	850	336	16	535	145	1519	390	776	0	0	0	379	190	14	1655	578	117	237	18	0	0	396	371	425	0	0	0	0	0	1	0	444	756	314	89	0	1	0	66	44	0	25	7	83	30	315	920	275	1614	437	829	579	881	789	1243	1095	5	27	219	37	36	294	213	420	1408	991	246	0	0	71	554	323	3070	1587	2116	2850	363	0	0	246	436	499	536	367	0	0	0	0	0	0	753	406	524	397	1133	37	107	158	777	1041	0	0	457	0	0	1388	1715	97	1	0	715	1120	1225	1088	215	419	756	1043	967	877	20	351	881	501	172	172	0	1	49	351	789	28	1128	0	0	5	0	3	531	853	0	4	0	1584	736	1550	1384	0	329	860	515	1599	1131	4	58	0	116	165	5	205	340
d__Bacteria___p__Firmicutes___c__Clostridia___o__Oscillospirales___f__Oscillospiraceae___g__UCG-003	70	0	150	12	106	0	0	34	88	112	0	239	13	500	285	415	77	828	245	45	34	0	155	42	88	40	75	0	2	131	322	298	0	0	0	0	0	0	0	0	245	125	41	278	46	80	0	0	0	0	35	35	48	19	171	159	0	206	337	443	0	89	344	49	44	190	20	31	59	85	10	18	42	0	0	0	0	15	203	114	356	27	21	0	52	0	0	0	122	0	230	34	0	0	0	0	0	0	441	434	464	231	273	24	54	210	0	0	0	0	121	0	0	0	0	139	0	0	12	124	6	4	70	60	156	186	172	282	10	260	186	11	1	0	8	252	0	0	302	4	361	0	0	0	0	0	0	0	0	0	0	447	144	458	0	0	171	294	99	167	261	0	0	0	157	331	0	108	50
d__Bacteria___p__Firmicutes___c__Clostridia___o__Oscillospirales___f__Oscillospiraceae___g__UCG-005	0	0	254	16	282	0	1	23	64	802	0	1083	5	620	278	208	0	74	22	33	28	0	539	54	0	0	0	0	0	0	0	0	0	0	0	0	0	0	0	627	425	1262	0	39	100	28	691	1065	0	349	0	57	23	8	64	87	29	36	14	12	50	226	390	393	0	37	3	0	0	1	0	0	845	102	237	0	0	0	45	23	264	3130	3713	2941	52	0	0	1	0	0	59	11	0	0	0	0	0	0	317	0	309	171	370	3	5	36	535	626	1	0	0	0	0	74	29	4	0	0	391	110	933	802	13	84	86	421	141	78	0	0	0	0	0	0	0	0	0	0	24	0	31	0	0	0	0	0	0	0	469	2949	3532	348	392	1261	20	0	0	0	228	418	264	0	0	0	0	0	0	15	14
d__Bacteria___p__Firmicutes___c__Clostridia___o__Oscillospirales___f__Oscillospiraceae___g__UCG-007	0	0	0	0	0	0	0	0	0	0	0	0	0	4	0	2	0	5	6	0	0	0	8	0	0	0	0	0	0	0	0	0	0	0	0	0	0	0	0	3	2	0	0	0	0	0	0	0	0	0	0	0	0	2	0	0	0	0	0	0	0	5	1	0	2	3	0	0	0	0	0	0	0	0	0	0	0	0	0	0	11	0	0	0	1	0	0	0	0	0	0	0	0	0	0	0	0	0	0	0	0	0	0	0	0	0	0	5	0	0	0	0	0	0	0	4	0	0	0	0	0	0	0	0	0	0	0	0	0	0	0	0	0	0	0	0	0	0	0	0	0	0	0	0	0	0	0	0	0	0	0	0	0	0	1	0	0	0	0	0	0	0	0	0	0	0	0	2	4
d__Bacteria___p__Firmicutes___c__Clostridia___o__Oscillospirales___f__Oscillospirales___g__Hydrogenoanaerobacterium	0	0	0	0	0	0	0	0	0	2	0	0	0	8	0	0	0	0	0	0	0	0	0	0	0	0	0	0	0	0	0	0	0	0	0	0	0	0	0	7	20	21	0	0	5	1	0	0	0	0	0	0	0	14	0	0	0	0	0	0	0	0	9	26	0	0	0	0	0	0	0	0	0	10	46	0	0	0	0	0	0	32	33	34	1	0	0	0	0	0	0	0	0	0	0	0	0	0	0	0	0	0	1	0	0	0	0	0	0	0	0	0	0	0	0	10	0	0	0	2	56	38	0	0	0	0	0	0	0	0	0	0	0	0	0	0	0	0	0	0	0	0	0	0	0	0	0	0	0	0	0	0	0	0	0	0	0	0	0	1	0	0	0	0	0	0	0	8	22
d__Bacteria___p__Firmicutes___c__Clostridia___o__Oscillospirales___f__Ruminococcaceae	6	0	86	23	17	0	0	17	80	452	645	735	153	197	113	171	10	127	50	26	66	127	1720	51	294	122	17	1	10	49	31	11	10	20	10	23	0	331	2	227	125	192	20	37	79	33	462	578	3	348	9	91	63	388	208	93	4748	39	65	19	143	486	586	682	17	44	118	24	3	2	80	142	5318	363	1056	1	10	144	205	100	290	1176	845	7084	50	3	17	231	222	305	311	178	1	1	4	0	0	0	236	149	116	60	15	44	77	201	297	671	81	341	130	92	84	3077	4422	50	1	0	513	218	1588	1579	11	15	21	179	257	124	35	43	76	26	726	985	0	0	177	157	85	32	54	0	0	99	261	102	2	13	61	881	649	486	122	209	89	281	87	575	66	92	132	415	189	0	25	61	142	149	316
d__Bacteria___p__Firmicutes___c__Clostridia___o__Oscillospirales___f__Ruminococcaceae___g__Eubacterium_siraeum_group	11	0	3	11	64	0	0	145	15	0	11	0	116	473	1604	1949	1475	3275	1392	0	0	139	0	5	0	0	0	0	0	9	3	0	0	0	0	0	0	0	0	168	186	338	0	90	872	4	4	0	0	0	307	1203	431	3079	675	242	174	5	8	14	134	818	1144	276	0	0	92	0	0	0	0	0	17	406	61	0	1	0	0	0	4	65	37	160	0	0	0	10	0	54	323	13	0	1	0	0	0	0	16	0	412	294	807	0	0	0	1	3	0	0	0	0	0	556	187	4199	1	0	1	56	45	3	338	2113	1178	0	0	0	5	0	0	0	314	2	0	0	0	7	11	14	5	0	0	0	0	0	0	0	717	204	1547	2	5	6	366	0	0	0	2	0	5	0	0	0	347	1863	54	2379	2951
d__Bacteria___p__Firmicutes___c__Clostridia___o__Oscillospirales___f__Ruminococcaceae___g__Anaerofilum	9	0	0	1	5	0	0	0	0	0	0	0	6	5	0	0	10	4	4	0	0	0	0	0	0	0	0	0	0	1	8	1	0	0	0	0	0	0	0	0	3	1	0	0	0	0	0	2	0	0	2	6	6	2	0	2	0	3	0	0	5	3	2	2	1	2	1	0	0	0	0	0	0	2	3	0	0	0	0	0	0	3	1	0	5	0	0	0	0	1	12	8	0	0	0	0	0	0	3	0	1	1	1	0	0	0	1	0	0	0	0	0	0	9	6	5	0	0	3	1	3	3	1	3	5	7	5	10	1	0	0	0	0	0	0	0	0	0	3	0	0	0	0	0	0	0	0	3	0	0	0	8	4	3	7	0	0	4	0	1	0	0	0	0	2	3	0	0	2
d__Bacteria___p__Firmicutes___c__Clostridia___o__Oscillospirales___f__Ruminococcaceae___g__Anaerotruncus	5	0	2	6	4	16	0	10	33	24	1	51	13	0	1	2	5	3	13	1	1	0	7	15	13	3	0	0	0	6	7	2	36	2	13	0	0	0	0	16	14	10	1	2	4	1	17	2	0	6	2	11	32	4	5	4	230	3	0	3	13	6	10	16	0	7	2	1	0	7	3	9	62	29	16	0	2	1	0	0	9	157	104	150	3	23	2	24	1	11	63	28	0	0	0	0	0	0	7	1	4	1	9	0	0	0	17	14	0	6	1	1	6	394	182	5	0	0	8	7	10	13	0	6	3	27	12	7	19	0	0	10	66	31	0	0	0	2	2	5	0	0	0	15	0	2	2	12	3	22	10	27	7	14	6	0	10	17	0	0	2	5	21	41	18	21	0	5	10
d__Bacteria___p__Firmicutes___c__Clostridia___o__Oscillospirales___f__Ruminococcaceae___g__Angelakisella	0	0	7	23	10	0	0	0	0	34	0	3	17	15	0	9	3	8	31	4	1	0	11	13	7	0	0	0	0	0	0	0	0	0	0	0	0	0	0	2	7	11	10	0	0	0	26	6	0	14	0	5	5	0	17	0	16	10	13	11	34	38	15	38	6	2	4	27	7	0	0	0	75	15	15	0	0	3	3	0	12	32	31	22	7	0	0	16	5	3	0	0	0	0	0	0	0	0	0	0	18	13	60	0	0	0	21	35	0	0	19	0	0	17	9	10	0	0	14	17	30	22	7	12	12	15	22	13	29	7	29	5	117	8	0	0	0	4	20	4	8	0	0	0	0	0	3	0	7	44	31	29	10	25	3	0	0	0	5	9	10	0	0	8	0	0	0	12	16
d__Bacteria___p__Firmicutes___c__Clostridia___o__Oscillospirales___f__Ruminococcaceae___g__CAG-352	0	0	0	81	467	0	0	0	0	0	0	0	0	0	0	0	38	0	0	0	0	0	0	79	0	0	0	0	0	0	0	0	0	0	0	0	0	0	0	463	312	197	0	0	0	0	0	0	0	0	0	0	0	0	0	0	0	0	0	0	0	0	0	0	0	0	0	0	0	0	0	0	0	9	46	0	0	0	0	0	0	0	0	0	0	0	0	0	0	0	0	0	0	0	0	0	0	0	0	0	0	0	423	0	0	0	0	0	0	0	0	0	0	0	0	1062	0	0	0	0	0	0	0	0	0	0	0	0	0	0	0	0	0	2	0	0	0	0	0	0	0	0	0	0	0	0	0	0	0	0	0	0	0	0	0	0	0	0	0	0	0	0	0	0	0	0	0	809	721
d__Bacteria___p__Firmicutes___c__Clostridia___o__Oscillospirales___f__Ruminococcaceae___g__Candidatus_Soleaferrea	0	0	0	2	0	0	0	0	0	1	0	0	1	2	1	0	0	0	1	0	0	0	1	1	0	0	0	0	0	0	0	0	0	0	0	0	0	0	0	1	2	3	0	0	0	0	0	0	0	0	0	0	0	1	0	0	0	0	0	1	1	2	3	0	0	0	0	0	0	0	0	0	10	0	2	0	0	0	0	0	0	10	3	13	0	0	0	0	0	2	1	0	0	0	0	0	0	0	0	0	1	9	1	0	0	0	1	0	0	0	0	0	0	0	0	1	0	0	2	0	1	6	0	0	2	0	0	0	4	0	0	0	1	0	0	0	0	0	2	1	0	0	0	0	0	0	0	0	0	5	13	3	4	3	1	0	0	0	0	1	1	0	0	0	0	0	0	0	0
d__Bacteria___p__Firmicutes___c__Clostridia___o__Oscillospirales___f__Ruminococcaceae___g__Caproiciproducens	0	0	0	2	0	0	0	0	0	0	0	0	0	0	0	0	0	0	0	0	0	0	46	0	0	0	0	0	0	0	0	0	0	0	0	0	0	0	0	1	2	1	0	0	0	0	0	0	0	0	0	0	0	0	0	0	15	0	0	0	0	4	1	0	0	5	0	0	0	0	0	0	0	0	0	0	0	0	0	0	5	0	0	0	1	0	0	0	0	0	0	0	0	0	0	0	0	0	2	0	0	0	1	0	0	0	0	4	0	0	0	0	0	0	0	1	0	0	0	1	1	0	0	1	2	0	0	0	0	0	0	0	0	0	0	0	0	0	0	0	0	0	0	0	0	0	0	0	1	2	0	0	0	0	0	0	0	0	0	0	0	0	0	0	0	0	0	4	7
d__Bacteria___p__Firmicutes___c__Clostridia___o__Oscillospirales___f__Ruminococcaceae___g__DTU089	0	1	2	12	4	0	0	5	2	17	0	14	4	0	0	0	0	0	2	6	5	1	9	5	4	9	1	0	2	4	0	0	3	8	17	0	0	0	1	10	13	8	7	9	28	0	10	16	0	7	0	0	0	24	2	1	12	0	8	0	0	11	8	22	0	0	1	3	5	1	4	19	10	2	6	0	0	5	15	9	32	10	12	4	1	1	2	21	0	2	1	0	1	4	0	0	0	0	1	0	0	0	5	0	0	1	9	9	2	0	1	2	1	70	3	3	0	0	2	2	10	6	0	0	0	4	4	5	58	0	0	0	21	7	0	0	0	0	2	17	4	0	0	2	13	0	4	3	9	38	60	14	3	17	0	5	1	4	18	16	0	1	4	17	0	0	0	7	0
d__Bacteria___p__Firmicutes___c__Clostridia___o__Oscillospirales___f__Ruminococcaceae___g__Faecalibacterium	2154	3	2037	6095	4219	966	1523	532	4294	1035	5972	20	2086	3252	3537	2689	6599	4580	2951	5511	989	2450	2729	4238	365	240	233	3623	1262	3682	6647	3889	568	3198	427	0	881	121	234	1348	3319	4469	501	6208	6281	891	464	1529	75	530	4932	672	253	794	6254	3080	157	1444	899	1616	1161	2704	1495	1808	6101	236	1289	891	339	1911	778	1308	240	1145	375	217	772	724	375	1169	618	1198	1024	221	2369	2	0	862	3319	758	6352	555	1006	4397	360	2	3	0	1054	1343	2235	1426	1520	7457	8268	6195	5607	5650	1165	1755	3226	1412	278	964	1383	7558	1536	5273	2282	567	1047	908	6088	1353	4314	6978	3272	1722	2275	2073	2495	460	114	37	921	1187	8227	1823	4202	3242	4168	100	52	522	4	1061	1072	2570	0	0	4	3306	5567	4413	1549	0	1449	1804	2330	1080	648	0	7	956	3151	1624	1207	2098	2250
d__Bacteria___p__Firmicutes___c__Clostridia___o__Oscillospirales___f__Ruminococcaceae___g__Fournierella	0	0	1	1	0	0	0	0	6	20	0	18	2	8	1	3	0	1	8	0	3	0	4	0	0	0	0	0	0	9	7	4	4	1	7	0	0	9	0	5	0	4	0	0	0	0	25	22	0	11	0	0	2	3	1	0	1	2	0	0	1	9	2	5	3	0	1	0	0	1	7	30	59	18	52	11	16	0	0	0	0	7	3	21	136	0	0	0	0	0	0	0	0	0	0	0	0	0	0	0	0	1	3	0	0	0	6	3	0	0	0	0	0	17	8	0	0	0	17	5	21	23	155	40	104	5	1	1	0	0	0	0	4	0	0	0	0	2	4	0	4	0	0	0	2	0	0	0	7	31	17	11	7	15	2	0	0	0	42	48	35	9	13	2	0	0	0	2	1
d__Bacteria___p__Firmicutes___c__Clostridia___o__Oscillospirales___f__Ruminococcaceae___g__Harryflintia	0	0	0	0	0	0	0	0	0	0	0	0	0	0	0	0	0	0	0	0	0	0	0	0	0	0	0	0	0	0	0	0	0	0	0	0	0	0	0	0	0	0	0	0	0	0	0	0	0	0	0	0	0	0	0	0	0	0	0	0	0	0	0	0	0	0	0	0	0	0	0	0	0	0	0	0	0	0	0	0	0	0	0	0	0	30	0	0	0	0	0	0	0	0	0	0	0	0	0	0	0	0	0	0	0	0	0	0	0	0	0	0	0	0	0	0	0	0	0	0	0	0	0	0	0	0	0	0	0	0	0	0	0	0	0	0	0	0	0	0	0	0	0	0	0	0	0	0	0	0	0	0	0	0	0	0	0	0	0	0	0	0	0	0	0	0	0	0	0
d__Bacteria___p__Firmicutes___c__Clostridia___o__Oscillospirales___f__Ruminococcaceae___g__Incertae_Sedis	28	4	53	348	95	7	3	160	131	267	28	85	15	89	135	39	9	5	216	13	17	18	32	22	483	14	44	5	15	163	51	32	83	86	69	25	2	5	6	108	72	133	483	46	121	18	157	411	12	126	77	105	100	123	188	59	321	86	242	21	51	225	49	72	235	16	7	18	15	20	13	13	276	153	268	6	10	128	95	227	61	393	163	3798	16	124	126	299	13	78	28	14	4	14	14	5	3	6	170	22	103	55	38	34	20	98	195	82	74	11	143	19	38	549	244	176	84	5	113	46	119	74	78	103	36	44	305	65	141	9	40	69	171	248	0	0	66	79	33	183	45	4	7	83	58	27	119	702	137	108	161	148	352	51	111	108	24	32	103	43	10	42	10	335	147	298	6	220	29
d__Bacteria___p__Firmicutes___c__Clostridia___o__Oscillospirales___f__Ruminococcaceae___g__Negativibacillus	143	0	17	8	8	0	0	0	0	88	3	21	61	40	6	23	0	0	3	6	3	1	16	53	79	94	58	0	0	54	23	13	260	91	376	0	0	0	0	32	10	12	31	7	43	47	189	77	0	59	2	9	9	0	23	3	167	29	2	7	97	8	5	11	8	159	15	28	79	51	42	157	598	54	127	15	12	14	47	7	86	210	503	370	24	0	0	15	3	102	4	5	0	0	0	0	0	0	40	9	22	22	40	0	6	4	1	0	81	0	1	0	0	119	165	0	7	4	1	12	6	28	5	7	76	0	1	0	576	0	48	155	655	287	0	1	0	0	5	13	37	0	0	0	0	0	4	36	8	37	9	49	21	35	104	0	33	38	10	15	13	0	0	0	153	175	1	1	0
d__Bacteria___p__Firmicutes___c__Clostridia___o__Oscillospirales___f__Ruminococcaceae___g__Paludicola	2	0	0	4	0	2	0	0	0	0	0	0	0	0	0	1	2	2	1	0	0	0	0	1	0	5	2	0	4	0	0	0	3	3	0	1	0	0	0	2	3	3	6	0	0	0	0	0	0	0	2	0	0	1	0	0	8	0	4	2	0	0	0	5	0	2	0	0	0	0	0	0	22	2	2	0	0	0	1	0	1	29	2	38	13	0	0	0	0	1	0	0	0	0	0	0	0	0	1	2	0	0	0	0	0	0	0	0	0	0	0	0	0	0	2	0	0	0	2	0	10	0	0	0	0	1	1	2	8	0	0	0	1	0	0	0	0	0	0	0	0	0	0	0	0	0	1	0	0	4	5	3	0	3	9	0	1	2	1	1	1	0	0	6	1	3	0	0	2
d__Bacteria___p__Firmicutes___c__Clostridia___o__Oscillospirales___f__Ruminococcaceae___g__Phocea	3	7	0	1	0	0	0	2	1	1	6	2	2	9	3	7	0	2	2	2	2	7	1	0	9	11	1	0	1	8	3	3	2	5	15	9	1	0	2	0	1	0	0	0	2	0	7	4	0	0	3	0	0	0	2	0	1	5	2	6	10	4	0	3	4	2	0	2	8	7	0	3	1	3	1	14	16	3	1	0	1	0	0	0	3	22	8	3	4	3	0	1	3	1	7	0	0	0	2	8	1	0	2	2	1	1	1	0	2	6	4	5	2	0	0	2	0	0	1	3	2	2	0	0	4	2	3	4	2	0	5	9	1	2	0	0	6	2	3	0	3	0	3	11	12	5	1	8	3	2	0	6	1	5	5	0	0	2	0	1	5	10	11	2	5	11	8	3	2
d__Bacteria___p__Firmicutes___c__Clostridia___o__Oscillospirales___f__Ruminococcaceae___g__Ruminococcus	0	0	4302	86	2720	0	0	44	382	766	1085	258	454	92	377	287	0	0	0	247	27	313	1719	1465	588	5455	271	0	0	80	803	132	0	0	0	0	0	0	1	244	374	374	0	0	2	0	1201	935	0	2317	0	43	24	108	0	272	453	6	58	151	1001	38	38	26	0	0	103	236	77	0	15	319	568	145	290	0	0	0	0	0	0	316	466	291	0	0	5	101	0	252	208	32	0	0	0	0	0	0	133	0	22	11	221	9	32	200	1522	1581	133	272	0	87	29	108	226	33	276	312	697	347	351	488	2	96	20	2245	1105	482	120	0	0	0	5	0	0	0	1134	254	0	116	26	0	1	0	0	0	0	0	91	129	91	79	267	285	0	0	322	66	1000	625	469	0	4	0	0	0	165	34	57
d__Bacteria___p__Firmicutes___c__Clostridia___o__Oscillospirales___f__Ruminococcaceae___g__Subdoligranulum	709	3	386	612	282	0	0	64	395	1720	276	2427	523	172	478	243	869	401	2655	8	25	1431	170	167	602	2152	370	372	132	399	538	328	1037	710	1280	0	0	2	0	226	968	653	116	325	1175	476	379	572	0	535	318	833	431	82	475	815	95	71	286	205	1955	48	24	8	0	0	353	709	910	145	227	537	2540	924	789	1	0	250	158	134	529	80	140	151	264	0	89	1936	892	565	1833	504	0	0	0	0	0	0	336	1114	194	233	366	92	89	89	673	777	913	320	681	114	143	552	798	208	78	213	2695	519	1752	1039	192	576	433	622	1037	397	1539	473	823	251	1313	531	16	38	3126	1310	156	2455	251	0	0	798	881	1141	651	911	45	186	418	752	492	445	940	462	144	176	817	677	760	0	0	0	304	537	1499	168	578
d__Bacteria___p__Firmicutes___c__Clostridia___o__Oscillospirales___f__Ruminococcaceae___g__UBA1819	20	10	1	42	5	0	0	6	13	44	3	17	16	7	6	3	2	1	29	16	4	6	27	20	32	98	7	2	9	36	22	12	49	19	139	16	8	9	15	158	43	18	17	2	34	6	50	39	18	27	10	21	5	54	20	5	310	6	12	17	46	24	17	14	20	13	6	5	17	14	3	22	37	105	369	0	0	22	1	4	9	39	29	50	9	16	232	62	12	23	10	74	3	0	6	21	0	0	13	9	11	6	8	3	6	12	47	91	14	14	13	8	17	195	151	10	2	5	18	10	31	25	4	8	20	33	29	17	79	32	83	24	341	2325	0	7	0	11	15	91	14	0	5	27	7	22	10	42	71	261	541	83	14	20	57	7	12	21	16	4	7	11	14	6	14	25	5	25	15
d__Bacteria___p__Firmicutes___c__Clostridia___o__Oscillospirales___f__Ruminococcaceae___g__uncultured	0	0	0	0	1	0	0	0	7	6	0	8	1	116	1	10	0	1	2	2	2	2	12	2	0	0	0	0	0	2	0	1	2	0	0	1	0	0	0	20	4	5	0	0	0	0	7	6	0	4	0	7	1	13	5	8	5	0	4	4	3	222	260	651	0	0	0	2	0	0	0	0	53	0	2	0	0	0	0	0	6	54	38	58	0	0	9	1	0	4	8	3	0	0	0	0	0	0	0	0	0	0	1	0	0	0	0	7	0	0	0	0	1	6	5	1	0	0	1	0	9	2	1	0	4	9	1	0	0	0	2	1	25	25	0	0	0	0	1	0	0	0	0	0	0	0	0	0	4	81	35	2	3	1	3	0	0	0	0	1	0	0	5	1	0	0	2	1	0
d__Bacteria___p__Firmicutes___c__Clostridia___o__Oscillospirales___f__UCG-010___g__UCG-010	0	0	6	1	5	0	0	0	0	3	0	1	0	101	22	33	0	56	34	1	0	0	17	2	0	0	0	0	0	0	0	0	0	0	0	0	0	0	0	70	72	81	0	0	0	0	0	0	0	0	0	0	0	157	94	25	31	0	0	0	0	21	59	69	1	1	0	0	0	0	0	0	229	38	75	0	0	0	2	3	29	7	1	0	2	0	0	0	0	0	45	10	0	0	0	0	0	0	5	0	12	11	51	0	0	0	0	0	0	0	0	0	0	59	35	48	0	0	0	28	75	28	3	4	4	4	3	14	0	0	0	0	16	11	0	0	0	0	7	0	1	0	0	0	0	0	0	0	21	191	73	16	8	26	16	0	0	0	30	38	43	0	0	0	0	0	0	51	32
d__Bacteria___p__Firmicutes___c__Clostridia___o__Peptococcales___f__Peptococcaceae___g__Peptococcus	0	0	15	0	1	0	0	0	0	0	0	0	0	55	33	19	0	52	16	0	1	0	0	0	59	160	32	0	0	0	0	0	5	3	5	0	0	0	0	0	5	0	0	0	0	0	0	0	0	0	0	0	0	0	1	0	87	16	10	10	9	5	7	0	3	0	0	0	0	0	0	0	0	20	0	0	0	0	0	0	0	4	0	0	41	0	0	0	14	0	0	0	0	0	0	0	0	0	0	26	0	0	0	0	0	0	0	0	0	0	38	0	0	123	75	3	0	0	0	7	8	0	7	29	11	0	0	0	1	0	0	0	0	0	0	0	0	0	9	0	19	0	0	0	0	0	0	0	30	6	29	0	0	0	3	0	0	5	3	4	8	0	0	0	0	0	0	8	8
d__Bacteria___p__Firmicutes___c__Clostridia___o__Peptococcales___f__Peptococcaceae___g__uncultured	0	0	16	5	8	0	0	0	0	9	0	8	0	36	20	27	0	0	0	108	15	0	2	0	0	0	0	0	0	0	0	0	0	0	0	0	0	0	0	13	9	0	9	0	0	0	0	0	0	3	1	3	3	98	26	9	3	1	26	7	0	35	10	4	5	3	0	0	0	0	0	0	8	5	18	0	0	0	2	0	26	3	0	2	0	2	0	0	0	0	3	0	0	0	0	0	0	0	1	0	7	1	7	0	0	0	0	0	0	0	0	0	0	10	7	22	0	0	7	7	6	3	4	16	7	2	0	0	0	0	0	0	6	2	0	0	0	0	0	0	0	0	0	0	0	0	0	0	1	15	7	4	13	14	8	0	0	0	5	3	2	0	0	0	0	0	0	11	31
d__Bacteria___p__Firmicutes___c__Clostridia___o__Peptostreptococcales-Tissierellales___f__Anaerovoracaceae	2	0	3	5	0	0	0	2	3	6	0	16	1	1	4	5	14	14	8	0	0	0	6	161	1	9	2	0	0	0	5	2	10	1	1	0	0	0	0	110	31	29	1	1	10	1	8	0	0	2	2	31	11	14	12	4	3	1	3	1	27	9	7	4	0	2	0	0	0	4	2	0	14	5	14	0	0	0	1	3	22	36	50	34	1	170	67	22	0	31	1	0	0	0	0	0	0	0	0	0	4	0	11	0	0	0	12	37	0	0	0	0	0	16	16	0	0	0	13	16	15	15	3	7	6	6	6	3	201	1	9	24	69	56	0	0	0	0	4	112	3	0	0	2	1	0	0	14	9	146	102	13	8	9	48	0	8	8	10	7	7	0	0	1	1	2	0	2	1
d__Bacteria___p__Firmicutes___c__Clostridia___o__Peptostreptococcales-Tissierellales___f__Anaerovoracaceae___g__Eubacterium_brachy_group	2	0	0	6	1	0	0	0	0	3	0	8	1	0	0	1	0	0	0	0	2	0	5	3	5	8	1	0	1	0	1	2	8	1	9	0	0	0	0	0	1	0	1	0	2	1	1	1	0	1	0	0	0	0	1	0	8	0	0	0	0	0	0	0	0	0	0	5	5	2	0	0	1	0	3	0	0	0	0	0	0	8	8	3	0	1	5	30	0	6	0	0	0	0	0	0	0	0	0	0	0	0	0	0	0	0	2	7	1	0	0	0	2	7	6	0	0	0	0	1	3	1	0	0	0	1	1	3	0	1	0	0	5	3	0	0	0	0	1	0	0	0	0	0	1	0	0	1	0	30	11	3	1	2	3	0	1	4	0	0	0	0	0	0	0	0	0	0	0
d__Bacteria___p__Firmicutes___c__Clostridia___o__Peptostreptococcales-Tissierellales___f__Anaerovoracaceae___g__Eubacterium_nodatum_group	0	0	0	0	0	0	0	0	2	0	0	0	0	3	0	0	0	0	0	0	0	0	0	1	0	6	0	0	0	0	3	5	27	6	36	0	0	0	0	5	6	2	0	0	0	0	0	0	0	0	0	0	0	3	11	0	14	0	2	7	2	0	0	0	0	0	0	0	0	0	0	0	15	0	0	0	0	0	0	0	0	7	9	6	2	1	0	3	0	3	0	0	0	0	0	0	0	0	0	0	0	0	0	0	0	0	0	2	0	0	0	0	0	4	4	1	0	0	0	0	0	0	0	0	4	0	0	0	0	0	0	0	1	0	0	0	0	0	0	0	0	0	0	0	0	0	0	0	0	0	0	0	0	2	0	0	0	0	0	0	0	0	0	0	0	0	0	2	0
d__Bacteria___p__Firmicutes___c__Clostridia___o__Peptostreptococcales-Tissierellales___f__Anaerovoracaceae___g__Family_XIII_AD3011_group	1	0	11	9	12	0	0	0	0	14	1	18	20	45	16	15	10	24	23	10	1	0	15	1	36	42	1	0	3	0	0	0	0	1	0	0	0	0	0	26	5	5	1	0	11	2	8	7	0	0	0	0	0	184	8	4	12	2	4	1	16	13	2	9	0	0	0	0	0	12	0	5	6	6	21	0	0	1	0	3	10	58	80	78	2	2	4	11	0	2	5	0	0	0	0	0	0	0	21	0	16	14	13	0	0	0	4	0	0	0	0	0	0	7	10	8	0	0	0	7	17	15	10	5	13	6	2	0	35	3	27	8	45	11	0	0	0	5	8	22	3	0	0	0	0	0	0	1	1	47	37	57	20	43	6	0	0	8	20	20	19	0	8	0	0	0	0	3	8
d__Bacteria___p__Firmicutes___c__Clostridia___o__Peptostreptococcales-Tissierellales___f__Anaerovoracaceae___g__Family_XIII_UCG-001	0	0	0	0	0	0	0	0	0	16	0	13	10	3	9	9	0	0	0	0	0	0	0	0	17	7	4	0	0	0	0	0	0	0	8	0	0	0	0	0	8	7	3	1	2	4	0	4	0	5	2	0	3	0	0	0	10	0	8	0	20	13	3	13	3	9	0	0	0	0	4	9	14	6	4	0	0	0	11	12	20	2	3	0	2	8	0	1	0	2	0	0	0	0	0	0	0	0	5	0	5	2	0	0	1	4	0	0	6	0	0	0	0	0	0	7	0	0	0	0	0	0	1	4	1	16	15	8	13	0	0	0	10	2	0	0	0	0	1	17	0	0	0	0	0	0	0	0	0	0	0	2	7	3	17	0	0	0	5	8	6	0	0	0	0	0	0	9	12
d__Bacteria___p__Firmicutes___c__Clostridia___o__Peptostreptococcales-Tissierellales___f__Anaerovoracaceae___g__Mogibacterium	0	0	0	0	0	0	0	0	0	0	0	0	0	0	0	0	0	0	0	0	0	0	0	0	0	0	0	0	0	0	0	0	0	0	0	0	0	0	0	0	0	0	0	0	0	0	0	0	0	0	0	0	0	0	0	10	0	0	0	0	0	0	0	0	0	0	0	0	0	0	0	0	0	0	0	0	0	0	0	0	0	0	0	0	0	0	0	0	0	0	129	15	0	0	0	0	0	0	0	0	0	0	0	0	0	0	0	0	0	0	0	0	0	0	0	0	0	0	0	0	0	0	0	0	1	0	0	0	77	0	0	0	0	0	36	9	2	0	0	7	0	0	0	0	0	0	0	0	0	0	0	0	0	0	0	0	0	0	0	0	0	0	0	0	0	0	0	0	0
d__Bacteria___p__Firmicutes___c__Clostridia___o__Peptostreptococcales-Tissierellales___f__Family_XI___g__Anaerococcus	0	0	0	0	1	0	0	0	0	0	0	0	0	0	0	0	0	0	0	0	0	0	0	0	0	0	0	0	0	0	0	0	2	0	0	0	0	0	0	0	0	0	0	0	0	0	0	0	0	0	0	0	0	0	0	0	0	0	0	0	0	0	0	0	0	0	0	0	0	0	0	0	3	0	0	0	0	0	0	0	0	0	0	0	0	0	4	0	0	0	0	0	0	0	0	0	0	0	0	0	0	0	0	2	0	0	0	2	0	0	0	0	0	0	0	0	0	0	0	0	0	1	0	0	0	0	0	0	0	0	0	0	0	0	0	0	0	0	0	38	0	0	0	0	0	0	0	0	0	0	0	0	0	0	0	0	0	0	0	0	0	0	0	0	0	0	0	0	0
d__Bacteria___p__Firmicutes___c__Clostridia___o__Peptostreptococcales-Tissierellales___f__Family_XI___g__Ezakiella	0	0	0	0	0	0	0	0	0	0	0	0	0	0	0	0	1	0	0	0	0	0	0	0	0	0	0	0	0	0	0	0	0	0	0	0	0	0	0	0	0	0	0	0	0	0	0	0	0	0	0	0	0	0	0	0	0	0	0	0	0	0	0	0	0	0	0	0	0	0	0	0	4	0	0	0	0	0	0	0	0	0	0	1	0	0	0	0	0	0	0	0	0	0	0	0	0	0	0	0	0	0	0	0	0	0	0	0	0	0	0	0	0	0	0	0	0	0	0	0	0	0	0	0	0	0	0	0	0	0	0	0	0	0	0	0	0	0	0	0	0	0	0	0	0	0	0	0	0	0	8	0	0	0	1	0	0	0	0	0	0	0	0	0	0	0	0	0	0
d__Bacteria___p__Firmicutes___c__Clostridia___o__Peptostreptococcales-Tissierellales___f__Family_XI___g__Fenollaria	0	0	0	0	1	0	0	0	0	4	2	0	0	1	0	0	0	0	0	0	0	0	0	0	0	0	0	0	0	0	5	0	0	0	0	0	0	0	0	3	0	0	0	0	0	0	5	1	0	0	0	0	0	0	0	0	0	0	0	0	1	0	0	0	0	0	0	0	0	0	0	0	5	1	8	0	0	0	0	0	0	6	0	2	0	0	0	0	0	0	0	0	0	0	0	0	0	0	0	0	0	0	0	0	0	0	0	0	0	0	0	0	0	0	0	0	0	0	0	0	0	1	0	0	0	0	0	0	0	0	7	0	0	37	0	0	0	1	0	8	0	0	0	0	0	0	0	0	0	0	0	1	0	0	0	0	0	0	0	0	0	0	0	0	1	0	0	0	2
d__Bacteria___p__Firmicutes___c__Clostridia___o__Peptostreptococcales-Tissierellales___f__Family_XI___g__Finegoldia	0	0	0	0	1	1	0	0	0	0	1	0	0	0	0	0	1	0	0	0	0	0	0	0	0	0	2	0	0	0	1	0	4	0	0	0	0	0	0	0	0	0	0	0	0	0	0	0	1	0	0	0	0	0	0	0	0	0	0	0	0	0	0	0	0	0	0	0	0	0	0	0	4	0	0	0	0	0	0	0	0	0	0	0	0	0	6	0	0	0	0	0	0	0	0	0	0	0	0	0	0	0	0	2	0	0	0	1	0	0	0	0	0	0	0	0	0	0	0	0	0	0	0	0	1	0	0	0	0	0	0	0	0	0	0	0	0	0	0	0	0	0	0	0	0	0	0	0	0	0	4	0	0	0	1	0	0	0	0	0	0	0	0	0	0	0	0	0	0
d__Bacteria___p__Firmicutes___c__Clostridia___o__Peptostreptococcales-Tissierellales___f__Family_XI___g__Murdochiella	0	0	0	0	0	0	0	0	0	0	0	0	0	0	0	0	0	0	1	0	0	0	0	0	0	0	0	0	0	0	0	0	0	0	0	0	0	0	0	1	0	0	0	0	0	0	0	0	0	0	0	0	0	0	0	0	0	0	0	0	0	0	0	0	0	0	0	0	0	1	0	0	12	0	0	0	0	0	0	0	0	2	3	3	0	0	0	0	0	0	0	0	0	0	0	0	0	0	0	0	0	0	0	0	0	0	0	0	0	0	0	0	0	0	0	0	1	0	0	0	0	0	0	0	0	0	0	0	0	0	1	0	0	1	0	0	0	0	0	0	0	0	0	0	0	0	0	1	0	0	0	0	0	0	2	0	0	0	0	0	0	0	0	0	0	0	0	0	0
d__Bacteria___p__Firmicutes___c__Clostridia___o__Peptostreptococcales-Tissierellales___f__Family_XI___g__Parvimonas	0	0	0	0	0	0	0	0	0	0	0	0	0	0	0	0	0	0	0	0	0	0	0	0	0	0	0	0	0	0	0	0	0	0	0	0	0	0	0	0	0	0	0	0	0	0	0	0	0	0	0	0	0	0	0	0	0	0	0	0	0	0	0	0	0	0	0	0	0	0	0	0	3	0	0	0	0	0	0	0	0	2	0	7	0	0	0	0	0	0	0	0	0	0	0	0	0	0	0	0	0	0	0	0	0	0	0	0	0	0	0	0	0	0	0	0	0	0	0	0	0	0	0	0	0	0	0	0	0	0	0	0	2	12	0	0	0	0	0	27	0	0	0	0	0	0	0	0	0	0	0	0	0	0	0	0	0	0	0	0	0	0	0	0	0	0	0	0	0
d__Bacteria___p__Firmicutes___c__Clostridia___o__Peptostreptococcales-Tissierellales___f__Family_XI___g__Peptoniphilus	0	0	0	0	0	0	0	0	0	0	0	0	0	0	0	0	0	0	0	0	0	0	0	0	0	0	0	0	0	0	0	0	2	0	0	0	0	0	0	0	0	0	0	0	0	0	0	0	0	0	0	0	0	0	0	0	0	0	0	0	0	0	0	0	0	0	0	0	0	0	0	0	6	0	1	0	0	0	0	0	0	0	0	0	0	0	12	0	0	0	0	0	0	0	0	0	0	0	0	0	0	0	0	0	0	0	0	4	0	0	0	0	0	0	0	0	0	0	0	0	0	0	0	0	0	0	0	0	0	0	7	0	0	22	0	0	0	0	0	3	0	0	0	0	0	0	0	0	0	0	6	0	0	0	2	0	0	0	0	0	0	0	0	0	0	0	0	0	0
d__Bacteria___p__Firmicutes___c__Clostridia___o__Peptostreptococcales-Tissierellales___f__Peptostreptococcaceae	0	0	0	0	0	0	0	0	0	0	0	0	0	0	0	0	0	0	0	0	0	0	0	0	0	0	0	0	0	0	0	0	0	0	0	0	0	0	0	0	0	0	0	0	0	8	0	0	0	0	8	0	1	0	0	0	0	1	0	0	0	1	0	0	0	0	0	0	0	0	0	0	0	0	1	0	0	0	0	0	0	2	0	5	0	0	0	2	0	2	0	0	0	0	8	0	0	0	0	0	0	0	1	0	0	0	0	0	0	0	0	0	0	0	0	0	0	0	0	0	1	2	0	0	0	0	0	1	0	0	0	1	0	1	0	0	0	0	4	0	0	0	0	0	0	0	0	0	0	0	0	0	0	0	0	1	0	0	0	0	0	0	0	0	0	0	0	0	0
d__Bacteria___p__Firmicutes___c__Clostridia___o__Peptostreptococcales-Tissierellales___f__Peptostreptococcaceae___g__Clostridioides	0	0	0	0	0	0	0	0	0	0	0	0	0	0	0	0	0	0	0	0	0	0	0	0	0	0	0	0	0	0	0	0	0	0	0	0	4	0	0	0	0	0	0	0	0	0	0	0	0	0	0	0	0	0	0	0	0	0	0	0	0	0	0	0	0	0	0	0	0	0	0	0	0	0	0	0	0	0	0	0	0	0	0	0	0	0	0	0	0	0	0	0	0	0	0	0	0	0	0	0	0	0	0	0	0	0	0	0	0	0	0	0	0	0	0	0	0	0	0	0	0	0	0	0	0	0	0	0	0	0	0	0	0	0	0	0	0	0	0	0	0	0	0	0	0	0	0	0	0	0	0	0	0	0	0	0	0	0	0	0	0	0	0	0	0	0	0	0	0
d__Bacteria___p__Firmicutes___c__Clostridia___o__Peptostreptococcales-Tissierellales___f__Peptostreptococcaceae___g__Intestinibacter	1	0	2	12	12	0	0	2	2	5	3	0	0	0	0	0	0	18	0	89	32	5	26	0	2	0	0	2	0	0	8	0	7	0	3	25	0	0	5	3	0	4	0	29	21	83	1	15	0	1	0	0	0	0	0	0	0	0	29	8	3	0	0	0	1	0	0	34	43	1	8	4	56	0	0	2	0	6	0	0	0	80	218	87	52	48	256	14	0	11	0	0	0	2	0	9	9	2	1	6	0	0	1	1	22	0	17	23	1	40	7	16	25	0	0	1	7	6	7	1	104	70	1	0	0	0	0	0	262	0	4	3	0	0	11	0	26	0	1	12	2	0	0	5	37	1	0	0	0	169	31	19	2	13	14	11	1	0	24	33	7	15	0	0	29	2	7	0	0
d__Bacteria___p__Firmicutes___c__Clostridia___o__Peptostreptococcales-Tissierellales___f__Peptostreptococcaceae___g__Peptoclostridium	0	0	0	0	0	0	0	0	0	0	0	0	0	0	0	0	0	0	0	0	0	0	0	0	0	37	90	0	0	0	0	0	491	56	200	0	0	0	0	0	0	0	0	0	0	0	0	0	0	0	0	0	0	0	0	0	0	0	0	0	0	0	0	0	0	0	0	0	0	0	0	0	0	0	0	0	0	0	0	0	0	0	0	0	0	0	0	0	0	0	0	0	0	0	0	0	0	0	0	0	0	0	0	0	0	0	0	0	0	0	0	0	0	0	0	0	0	0	0	0	0	0	0	0	0	0	0	0	0	0	0	0	0	0	0	0	0	0	0	0	0	0	0	0	0	0	0	0	0	0	0	0	0	0	0	0	0	0	0	0	0	0	0	0	0	0	0	0	0
d__Bacteria___p__Firmicutes___c__Clostridia___o__Peptostreptococcales-Tissierellales___f__Peptostreptococcaceae___g__Peptostreptococcus	0	0	0	0	0	0	0	0	0	0	0	0	0	0	0	0	0	0	0	0	0	0	0	0	0	0	0	0	0	0	0	0	0	0	0	0	0	0	0	0	0	0	0	0	0	0	0	0	0	0	0	0	0	0	0	0	1	0	0	0	0	0	0	0	0	0	0	0	0	0	0	0	6	0	0	0	0	0	0	0	0	0	0	0	0	0	0	0	0	0	0	0	0	0	0	0	0	0	0	0	0	0	0	2	0	0	0	0	0	0	0	0	0	0	0	0	0	0	0	0	0	0	0	0	0	0	0	0	3	0	0	0	0	0	0	0	0	0	0	33	1	0	0	0	0	0	0	0	0	0	0	0	0	0	11	0	0	0	0	0	0	0	0	0	0	0	0	0	0
d__Bacteria___p__Firmicutes___c__Clostridia___o__Peptostreptococcales-Tissierellales___f__Peptostreptococcaceae___g__Romboutsia	26	16	0	253	8	0	74	1	26	207	6	1503	16	0	0	4	0	9	0	0	90	42	134	0	1	498	57	0	0	91	4	0	0	7	0	0	0	0	1	78	93	162	0	51	49	173	20	0	11	0	2	0	0	5	5	4	10	27	8	231	13	114	50	2	0	6	1	43	21	12	24	24	39	0	17	115	2	0	1	0	19	503	234	69	36	0	0	1748	69	258	3	0	0	1338	0	9	0	48	0	4	0	0	128	84	153	30	120	96	9	23	20	2	2	40	10	8	0	0	49	428	638	853	0	5	4	0	3	5	1708	8	1	0	31	2	36	3	57	16	5	5798	5	0	2	15	476	194	0	0	0	82	19	182	116	235	48	219	0	0	43	85	44	429	49	13	5	2	0	90	0
d__Bacteria___p__Firmicutes___c__Clostridia___o__Peptostreptococcales-Tissierellales___f__Peptostreptococcaceae___g__Terrisporobacter	0	0	0	9	0	0	0	0	0	0	0	16	0	0	9	0	0	0	0	0	6	0	21	0	0	3	0	0	0	0	0	0	0	0	0	0	0	0	36	0	4	13	0	12	17	66	0	0	0	0	2	0	0	0	0	0	0	1	13	17	0	0	0	0	0	0	0	24	7	0	0	0	0	0	0	11	0	0	0	2	0	45	17	2	108	0	0	86	0	2	0	0	0	23	0	0	0	0	0	0	0	0	0	0	3	0	1	2	0	0	0	0	0	0	0	0	0	0	6	0	35	36	0	0	0	0	0	0	11	0	0	0	0	0	1	0	41	4	0	0	0	0	0	16	0	0	0	0	0	0	0	12	3	37	5	0	0	0	83	0	7	12	0	0	0	0	0	0	0
d__Bacteria___p__Firmicutes___c__Clostridia___o__Peptostreptococcales-Tissierellales___f__Peptostreptococcaceae___g__uncultured	0	0	0	0	0	0	0	0	0	0	0	0	0	0	0	0	0	0	0	0	0	0	0	0	0	0	0	0	0	0	0	0	0	0	0	0	0	0	0	0	0	0	0	0	1	0	0	0	0	0	0	0	0	0	0	0	0	0	0	0	0	0	0	0	0	0	0	0	0	0	0	0	0	0	0	0	0	0	0	0	0	0	0	0	0	0	0	0	0	0	0	0	0	0	0	0	0	0	0	0	0	0	0	0	0	0	0	0	0	0	0	0	0	0	0	0	0	0	0	0	0	0	0	0	0	0	0	0	0	0	0	0	0	0	0	0	0	0	0	1	0	0	0	0	0	0	0	0	0	0	0	0	1	0	0	0	0	0	0	0	0	0	0	0	0	0	0	0	0
d__Bacteria___p__Firmicutes___c__Negativicutes___o__Acidaminococcales___f__Acidaminococcaceae	0	0	0	0	0	0	0	0	0	0	0	0	0	0	0	0	0	0	0	0	0	0	0	0	0	0	0	0	0	0	0	0	0	0	0	0	0	0	0	0	0	0	0	0	0	0	0	0	0	0	0	0	0	0	0	0	0	0	0	0	0	0	0	0	0	0	0	0	0	0	0	0	0	0	0	0	0	0	0	0	0	0	0	0	0	0	0	0	0	0	0	0	0	0	0	0	0	0	6	0	7	7	0	0	0	0	0	0	0	0	0	0	0	0	0	0	0	0	0	0	0	0	0	0	0	0	0	0	0	0	0	0	0	0	0	0	0	0	0	0	0	0	0	0	0	0	0	0	0	0	0	0	0	0	0	0	0	1	0	0	0	0	0	0	0	0	0	0	0
d__Bacteria___p__Firmicutes___c__Negativicutes___o__Acidaminococcales___f__Acidaminococcaceae___g__Acidaminococcus	0	387	46	48	115	0	0	0	0	0	95	0	4	0	0	0	0	0	0	35	300	40	446	256	594	1018	495	171	917	1200	391	313	1219	734	1832	0	0	593	0	0	0	0	0	165	678	188	0	0	363	0	0	0	0	0	0	0	585	0	0	0	373	0	0	0	0	0	0	201	315	0	0	0	5351	0	0	0	0	0	77	8	467	272	330	6	0	0	0	60	0	399	1275	216	0	7	0	2859	4412	1096	182	0	17	45	0	0	0	0	0	0	9	0	0	0	0	286	593	0	0	0	0	0	0	0	0	0	0	0	0	0	402	0	0	0	676	613	0	13	0	0	0	25	0	0	0	139	0	104	133	149	0	0	0	378	325	790	0	2	0	0	35	57	27	0	0	0	0	0	16	0	0
d__Bacteria___p__Firmicutes___c__Negativicutes___o__Acidaminococcales___f__Acidaminococcaceae___g__Phascolarctobacterium	160	1449	7	17	26	0	0	0	0	0	348	0	374	562	362	308	720	1371	1000	226	521	449	332	0	0	0	0	0	0	779	319	473	114	379	320	687	0	2	2	1	4	2	541	0	0	0	0	0	0	0	543	1998	1779	1022	689	438	125	1448	464	182	1227	1511	1443	1885	461	1119	309	870	662	576	647	309	0	0	0	0	0	506	717	133	646	0	0	0	0	0	0	6	0	292	0	0	112	7	361	0	0	0	247	0	213	192	382	697	632	339	0	0	317	0	0	0	0	174	237	227	616	289	0	281	112	461	610	381	640	30	38	12	6	0	0	0	92	52	1367	1486	236	623	774	17	1263	1138	838	610	0	345	1624	2498	820	2404	1987	791	850	1833	443	0	2056	1308	291	642	351	0	2	0	245	151	443	603	587
d__Bacteria___p__Firmicutes___c__Negativicutes___o__Acidaminococcales___f__Acidaminococcaceae___g__Succiniclasticum	0	0	0	0	0	0	0	0	0	0	0	0	0	0	0	0	0	0	0	0	0	0	0	0	0	0	0	0	0	0	0	0	0	0	0	0	0	0	0	0	0	0	0	0	0	0	0	0	0	0	0	0	0	0	0	0	0	0	0	0	0	0	0	0	0	0	0	0	0	0	0	0	0	997	1099	0	0	0	0	0	0	0	0	3	0	0	0	0	0	0	0	0	0	0	0	0	0	0	0	0	0	0	0	0	0	0	620	0	0	0	0	0	0	0	0	0	0	0	0	0	0	0	0	0	0	0	0	0	0	0	0	0	0	0	0	0	0	0	0	1	0	0	0	0	0	0	0	0	0	0	0	0	0	0	0	0	0	0	0	0	0	0	0	0	0	0	0	0	0
d__Bacteria___p__Firmicutes___c__Negativicutes___o__Veillonellales-Selenomonadales	0	0	0	0	0	0	0	0	0	0	0	0	0	0	0	0	0	0	0	0	0	0	0	0	0	0	0	0	0	0	0	0	0	0	0	0	24	0	5	0	0	0	0	0	0	0	0	0	0	0	0	0	0	0	0	0	0	0	0	0	0	0	0	0	0	0	0	0	0	0	0	0	0	0	0	0	0	0	0	0	0	0	0	0	0	7	6	0	0	0	0	0	0	0	0	0	0	0	0	0	0	0	0	0	0	0	0	0	0	0	0	0	0	0	0	0	11	0	0	0	0	0	0	0	0	0	0	0	0	0	0	0	0	0	0	0	0	0	0	0	0	0	0	0	12	0	0	0	0	0	0	0	0	0	0	2	0	0	0	0	0	0	0	0	9	0	0	0	0
d__Bacteria___p__Firmicutes___c__Negativicutes___o__Veillonellales-Selenomonadales___f__Selenomonadaceae	0	0	0	0	0	0	0	0	0	0	0	0	0	0	0	0	0	0	0	0	0	0	0	0	0	0	0	0	0	0	0	0	0	0	0	0	0	0	0	0	0	0	0	0	0	0	0	0	0	0	0	0	0	0	0	0	0	0	0	0	1	0	0	0	0	0	0	0	0	0	0	0	0	0	0	0	0	0	0	0	0	0	0	0	0	0	0	0	0	0	0	0	0	0	0	0	0	0	0	0	0	0	0	0	0	0	0	0	0	0	0	0	0	0	0	0	0	0	0	0	0	0	0	0	0	0	0	0	0	0	0	0	0	0	0	0	0	0	0	0	0	0	0	0	0	0	0	0	0	0	0	0	0	0	0	0	0	0	0	0	0	0	0	0	0	0	0	0	0
d__Bacteria___p__Firmicutes___c__Negativicutes___o__Veillonellales-Selenomonadales___f__Selenomonadaceae___g__Megamonas	0	0	0	0	0	1337	4391	765	781	0	0	0	0	0	0	0	0	0	0	0	0	0	0	0	623	138	3716	792	106	0	0	0	25	210	482	0	0	0	0	0	0	0	0	0	0	0	0	0	0	0	0	0	0	0	0	0	0	0	0	0	0	0	0	0	0	0	0	47	96	0	0	0	0	0	0	0	0	0	0	0	0	0	0	0	0	0	0	0	0	57	0	0	0	0	0	0	0	0	1	0	0	0	0	0	0	0	0	0	0	0	0	0	0	0	0	0	0	0	196	0	0	0	0	0	0	0	0	0	3	0	0	0	0	0	0	0	0	0	0	0	0	0	0	0	0	0	428	556	0	0	0	16	115	92	0	0	0	0	0	0	0	0	0	470	0	0	0	0	0
d__Bacteria___p__Firmicutes___c__Negativicutes___o__Veillonellales-Selenomonadales___f__Selenomonadaceae___g__Mitsuokella	0	0	0	0	0	0	0	0	0	0	0	0	0	0	0	0	0	0	0	0	0	0	0	0	0	0	0	0	0	0	0	0	0	0	0	0	0	0	0	0	0	0	0	0	0	0	0	0	0	0	0	0	0	0	0	0	0	0	0	0	35	0	0	0	0	0	0	0	0	0	0	0	0	0	0	0	0	0	0	0	0	0	0	0	0	0	0	0	0	0	0	0	0	0	0	0	0	0	0	0	0	0	0	0	0	0	0	0	0	0	0	0	0	0	0	0	0	0	0	0	0	0	0	0	0	0	0	0	0	0	0	0	0	0	0	0	0	0	0	0	0	0	0	0	0	0	0	0	0	0	0	114	182	487	0	0	0	0	0	0	0	0	0	0	0	0	0	0	0
d__Bacteria___p__Firmicutes___c__Negativicutes___o__Veillonellales-Selenomonadales___f__Selenomonadaceae___g__uncultured	0	0	0	0	0	0	0	0	0	0	0	0	0	0	0	0	0	0	0	0	0	0	0	0	0	0	0	0	0	0	0	0	0	0	0	0	0	1	0	0	0	0	0	0	0	0	0	0	0	0	0	0	0	0	0	0	0	0	0	0	0	0	0	0	0	0	0	0	0	0	0	0	0	0	0	0	0	0	0	0	0	0	0	0	0	0	0	0	0	0	0	0	0	0	0	0	0	0	0	0	0	0	0	0	0	0	0	0	0	0	0	0	0	0	0	0	0	0	0	0	0	0	0	0	0	0	0	0	0	0	0	0	0	0	0	0	0	0	0	0	0	0	0	0	0	0	0	0	0	0	0	0	0	0	0	0	0	0	0	0	0	0	0	0	0	0	0	0	0
d__Bacteria___p__Firmicutes___c__Negativicutes___o__Veillonellales-Selenomonadales___f__Veillonellaceae	0	0	0	0	0	0	0	0	0	0	0	1	0	0	0	0	0	0	0	0	0	0	0	0	0	0	0	0	0	0	0	0	0	0	0	0	0	20	0	0	0	0	0	0	0	0	0	0	17	0	0	0	0	0	0	0	0	0	0	0	0	0	0	0	0	0	0	0	0	0	0	0	0	0	0	0	0	0	0	0	0	0	0	0	0	0	0	0	0	0	0	0	0	0	0	0	0	0	0	0	0	0	0	0	0	0	0	0	0	0	0	0	0	0	0	0	0	0	0	0	0	0	0	0	0	0	0	0	0	0	0	0	0	0	0	0	0	0	0	0	0	0	0	0	0	0	0	0	0	0	0	0	0	0	0	0	0	0	0	0	0	0	0	0	0	0	0	0	0
d__Bacteria___p__Firmicutes___c__Negativicutes___o__Veillonellales-Selenomonadales___f__Veillonellaceae___g__Allisonella	0	0	0	0	0	0	0	0	0	0	8	0	0	0	0	0	0	0	0	0	0	4	0	0	7	4	11	0	0	1	5	6	42	18	13	0	0	0	0	2	2	14	0	0	0	0	0	0	0	0	0	0	0	0	0	0	0	0	0	0	3	0	0	0	0	0	0	15	8	0	0	0	0	0	0	0	0	0	11	13	26	0	0	0	0	0	0	0	0	0	0	0	0	0	0	0	0	0	0	0	0	0	17	0	0	0	0	0	0	0	0	0	0	0	0	0	0	0	0	0	0	0	6	3	3	0	0	0	5	0	0	0	5	1	13	0	0	0	0	6	0	0	0	0	0	0	5	7	0	0	0	17	13	21	0	0	0	0	11	3	6	72	10	0	0	0	6	0	0
d__Bacteria___p__Firmicutes___c__Negativicutes___o__Veillonellales-Selenomonadales___f__Veillonellaceae___g__Dialister	0	0	418	116	314	0	0	108	200	778	0	1167	0	0	0	0	0	0	0	0	0	0	0	50	647	359	220	303	154	22	229	91	4	0	0	0	134	235	94	396	751	892	0	200	586	646	164	565	19	405	0	0	0	0	0	0	8	0	0	0	0	0	0	0	0	0	0	158	594	0	0	0	54	0	0	19	251	0	37	28	634	190	77	112	318	39	8	435	794	390	175	86	1053	129	7	144	271	151	0	291	0	0	0	0	0	0	36	155	0	110	342	72	148	0	0	0	0	0	246	156	169	138	0	0	0	762	434	268	4	662	66	0	0	20	0	0	2	0	0	2	1	0	0	0	339	0	0	0	0	0	0	0	0	1	0	120	0	0	0	0	0	496	2	2394	0	0	0	0	0
d__Bacteria___p__Firmicutes___c__Negativicutes___o__Veillonellales-Selenomonadales___f__Veillonellaceae___g__Megasphaera	0	979	0	0	0	0	0	115	76	1164	127	1427	0	0	0	0	0	0	0	0	0	103	0	0	745	868	891	0	1	402	215	175	654	426	806	0	0	22	2	0	0	0	0	0	0	0	0	0	72	0	1	0	0	0	0	0	0	0	0	0	23	0	0	1	0	0	0	247	296	0	0	0	628	0	0	0	0	0	0	0	0	0	0	1	12	0	0	65	0	619	603	43	1993	533	286	0	0	0	615	0	109	166	0	0	0	0	0	0	609	0	0	0	0	0	0	0	0	0	0	826	307	302	0	0	3	0	0	0	618	0	0	0	216	188	3	64	0	0	0	204	0	0	0	0	0	0	0	0	0	0	0	374	748	1644	0	0	0	0	0	0	0	0	0	0	0	0	22	0	0
d__Bacteria___p__Firmicutes___c__Negativicutes___o__Veillonellales-Selenomonadales___f__Veillonellaceae___g__Veillonella	1	0	11	0	0	0	7	1	4	1	8	0	1	0	1	0	1	5	44	0	2	3	0	0	5	0	0	22	8	0	11	4	2	0	5	2	0	9	2	1	0	2	2	324	0	98	1	3	8	5	13	0	0	1	0	6	0	0	7	2	0	0	2	1	0	0	0	9	1	1	0	0	4	6	3	2	9	2	4	37	12	0	0	0	39	316	172	0	8	0	1	0	6	2	3	0	0	0	33	0	167	136	0	1	0	1	0	1	1	63	48	54	18	0	0	0	3	3	0	4	4	8	0	0	0	1	3	0	9	2	16	5	0	0	0	0	114	106	2	0	0	51	0	0	1	0	4	3	12	1	2	0	28	0	23	0	2	0	0	3	0	17	12	6	5	0	0	0	18
d__Bacteria___p__Firmicutes___c__Negativicutes___o__Veillonellales-Selenomonadales___f__Veillonellaceae___g__Veillonellaceae	0	0	0	0	0	0	0	0	0	0	0	0	0	0	0	0	0	0	0	0	0	0	0	0	0	0	0	8	1	0	0	0	0	0	0	0	0	0	0	0	0	0	0	0	0	0	0	0	0	0	0	0	0	0	0	0	0	0	0	0	0	0	0	0	0	0	0	0	0	0	0	0	0	0	0	0	0	0	0	0	0	0	0	0	0	0	0	0	0	0	0	2	0	0	0	0	0	0	0	0	0	0	0	0	0	0	0	0	0	0	0	0	0	0	0	0	0	0	0	0	0	0	0	0	0	0	0	0	0	0	0	0	0	0	0	0	0	0	0	3	0	0	0	0	0	0	0	0	0	0	0	0	0	0	0	0	0	0	0	0	0	0	0	0	0	0	0	0	0
d__Bacteria___p__Firmicutes___c__uncultured___o__uncultured___f__uncultured___g__uncultured	0	0	0	0	0	0	0	0	0	2	0	1	0	0	0	0	0	0	0	0	0	0	0	1	0	0	0	0	0	0	0	0	0	0	0	0	0	0	0	5	3	12	0	0	2	0	3	2	0	0	0	0	0	8	0	0	0	0	0	0	3	0	0	5	0	0	0	0	0	0	0	0	0	0	21	0	0	0	0	0	0	0	0	0	0	0	0	0	0	0	0	0	0	0	0	0	0	0	0	0	1	0	0	0	0	0	0	0	0	0	0	0	0	0	0	7	0	0	0	0	7	2	0	0	0	3	2	1	0	0	0	0	9	0	0	0	0	0	0	0	0	0	0	0	0	0	0	0	0	0	0	0	12	21	0	0	0	0	0	0	0	0	0	0	0	0	0	8	7
d__Bacteria___p__Fusobacteriota___c__Fusobacteriia___o__Fusobacteriales___f__Fusobacteriaceae___g__Cetobacterium	0	0	0	0	0	0	0	0	0	0	0	0	0	0	0	0	0	0	0	0	0	0	0	0	0	0	0	0	0	0	0	0	261	576	183	0	0	0	0	0	0	0	0	0	0	0	0	0	0	0	0	0	0	0	0	0	0	0	0	0	0	0	0	0	0	0	0	1	7	0	0	0	0	0	0	0	0	0	0	0	0	0	0	0	0	0	0	0	0	0	0	0	0	0	0	0	0	0	0	0	0	0	0	0	0	0	0	0	0	0	0	0	0	0	0	0	0	0	0	0	0	0	0	0	0	0	0	0	0	0	0	0	0	0	52	59	0	0	0	0	0	0	0	0	0	0	38	310	0	0	0	0	0	0	0	0	0	0	0	0	0	0	0	0	0	0	0	0	0
d__Bacteria___p__Fusobacteriota___c__Fusobacteriia___o__Fusobacteriales___f__Fusobacteriaceae___g__Fusobacterium	0	0	0	0	0	12	13	0	0	0	1	0	88	0	0	0	0	0	0	0	0	0	0	0	0	0	1	1	0	0	0	0	255	334	231	0	434	0	304	6	3	1	0	0	0	0	0	0	0	0	0	0	0	0	0	0	0	0	0	0	0	0	0	0	0	0	0	0	0	2	0	0	0	0	0	0	0	0	0	0	0	0	2	7	0	0	17	0	0	0	0	0	0	0	0	0	0	0	0	0	0	0	0	0	0	0	0	0	0	0	0	1	0	0	0	0	0	0	0	0	0	12	0	0	0	0	0	0	5	0	2	0	2	0	551	114	0	0	0	16	0	13	0	0	0	0	0	0	0	0	0	2	0	5	18	0	0	0	0	0	0	0	0	2	0	0	0	0	0
d__Bacteria___p__Fusobacteriota___c__Fusobacteriia___o__Fusobacteriales___f__Leptotrichiaceae___g__Leptotrichia	0	0	0	0	0	0	0	0	0	0	0	0	0	0	0	0	0	0	0	0	0	0	0	0	0	0	0	0	0	0	0	0	0	0	0	0	0	0	0	0	0	0	0	0	0	0	0	0	0	0	0	0	0	0	0	0	0	0	0	0	0	0	0	0	0	0	0	0	0	0	0	0	0	0	0	0	0	0	0	0	0	0	0	0	0	0	0	0	0	0	0	0	0	0	0	0	0	0	0	0	3	0	0	0	0	0	0	0	0	0	0	0	0	0	0	0	0	0	0	0	0	0	0	0	0	0	0	0	0	0	0	0	0	0	0	0	0	2	0	0	0	0	0	0	0	0	0	0	0	0	0	0	0	0	0	0	0	0	0	0	0	0	0	0	0	0	0	0	0
d__Bacteria___p__Fusobacteriota___c__Fusobacteriia___o__Fusobacteriales___f__Leptotrichiaceae___g__Sneathia	0	0	0	0	0	0	0	0	0	0	0	0	0	0	0	0	0	0	0	0	0	0	0	0	0	0	0	0	0	0	0	0	0	0	0	0	0	0	0	2	4	0	0	0	0	0	0	0	0	0	0	0	0	0	0	0	1	0	0	0	0	0	0	0	0	0	0	0	0	0	0	0	64	0	0	0	0	0	0	0	0	0	0	2	0	0	0	0	0	0	0	0	0	0	0	0	0	0	0	0	0	0	0	0	0	0	0	0	0	0	0	0	0	0	0	0	0	0	0	0	0	0	0	0	0	0	0	0	0	0	0	0	8	181	0	0	0	0	0	0	0	0	0	0	0	0	0	0	0	0	0	16	0	5	0	0	0	0	0	0	0	0	0	0	0	0	0	0	0
d__Bacteria___p__Patescibacteria___c__Saccharimonadia___o__Saccharimonadales___f__Saccharimonadaceae___g__Saccharimonadaceae	0	0	0	0	0	0	0	0	0	0	0	0	0	0	0	0	0	0	0	0	0	0	0	0	0	0	0	0	0	0	0	0	0	0	0	0	0	0	0	0	0	0	0	0	0	0	0	0	2	0	0	0	0	0	0	0	0	0	0	0	0	0	0	0	0	0	0	0	0	0	0	0	0	0	0	0	0	0	0	0	0	0	0	0	0	0	0	0	0	0	0	0	0	0	0	0	0	0	0	0	0	0	0	0	0	0	0	0	0	0	0	0	0	0	0	0	0	0	0	0	0	0	0	0	0	0	0	0	0	0	0	0	0	0	0	0	0	0	0	0	0	0	0	0	0	0	0	0	0	0	0	0	0	0	0	0	0	0	0	0	0	0	0	0	0	0	0	0	0
d__Bacteria___p__Patescibacteria___c__Saccharimonadia___o__Saccharimonadales___f__Saccharimonadaceae___g__TM7x	0	0	0	0	0	0	0	0	0	0	0	1	0	1	0	0	0	0	0	0	1	0	0	0	0	0	0	0	0	0	0	0	0	0	1	0	0	0	0	0	0	0	0	0	0	0	0	0	0	1	0	0	0	0	0	0	0	0	1	0	0	2	0	0	0	0	0	0	0	0	0	0	0	0	3	0	0	0	0	0	0	0	0	0	0	0	0	0	0	0	0	0	0	0	0	0	0	0	0	0	0	0	0	0	0	0	0	0	0	0	1	0	0	0	2	0	0	1	0	1	0	0	0	0	1	0	0	0	0	1	1	0	0	0	0	0	0	0	0	0	0	2	1	0	0	0	0	0	0	6	0	0	0	0	0	0	0	0	0	0	0	0	0	0	0	0	1	0	0
d__Bacteria___p__Proteobacteria___c__Alphaproteobacteria	0	0	0	0	0	0	0	0	0	0	0	0	0	0	0	0	64	821	294	0	0	0	0	0	0	0	0	0	0	0	0	0	0	0	0	0	0	0	0	0	0	0	0	0	0	0	0	0	0	0	0	0	0	0	0	0	0	0	0	0	0	15	0	0	0	0	0	0	0	0	0	0	0	0	0	0	0	0	0	0	0	0	0	0	0	0	0	0	0	0	0	0	0	0	0	0	0	0	0	0	0	0	0	0	0	0	0	0	0	0	0	0	0	0	0	0	0	0	0	0	0	0	0	0	0	0	0	0	0	0	0	0	0	0	1	0	0	0	0	0	0	0	0	0	0	0	0	0	0	0	0	0	0	0	0	0	0	0	0	0	0	0	0	0	0	0	0	0	0
d__Bacteria___p__Proteobacteria___c__Alphaproteobacteria___o__Caulobacterales___f__Caulobacteraceae___g__Brevundimonas	0	0	0	0	0	0	0	0	0	0	0	0	0	0	0	2	0	0	0	0	0	0	0	0	0	0	0	0	0	0	0	0	0	0	0	0	0	0	0	0	0	0	0	0	0	0	0	0	0	0	0	0	0	0	0	0	0	0	0	0	0	0	0	0	0	0	0	0	0	0	0	0	0	0	0	0	0	0	0	0	0	0	0	0	0	0	0	0	0	0	0	0	0	0	0	0	0	0	0	0	0	0	0	0	0	0	0	0	0	0	0	0	0	0	0	0	0	0	0	0	0	0	0	0	0	0	0	0	0	0	0	0	0	0	0	0	0	0	0	0	0	0	0	0	0	0	0	0	0	0	0	0	0	0	0	0	0	0	0	0	0	0	0	0	0	0	0	0	0
d__Bacteria___p__Proteobacteria___c__Alphaproteobacteria___o__Rhodospirillales___f__uncultured___g__uncultured	0	5	1243	12	2728	0	0	0	0	0	16	0	2658	281	494	547	1678	2022	1012	0	0	1048	5	0	0	0	0	36	0	0	0	0	0	0	0	0	0	0	0	577	411	24	0	0	0	0	0	0	0	0	141	655	363	134	179	0	0	56	0	0	535	0	0	0	0	0	0	0	0	379	849	3845	1	0	0	0	0	0	0	0	0	0	0	0	0	0	0	0	0	0	0	2	0	0	0	0	0	0	0	0	0	0	196	287	922	846	0	0	0	0	0	0	0	0	0	62	0	0	360	126	209	43	35	399	4	0	0	0	0	0	0	0	0	0	1	0	0	0	83	0	191	0	0	229	0	3562	0	0	0	0	0	0	0	0	0	0	16	773	0	0	0	0	0	0	0	0	269	21	88
d__Bacteria___p__Proteobacteria___c__Alphaproteobacteria___o__Rickettsiales___f__Mitochondria___g__Mitochondria	0	0	0	0	0	0	0	0	0	0	0	0	0	5	0	0	0	0	0	0	0	13	0	0	0	0	0	11	0	0	0	0	0	0	0	0	0	0	2	0	0	0	0	0	0	0	0	0	0	0	0	0	0	62	36	0	0	0	0	0	0	0	0	0	0	0	0	0	0	0	0	0	1	0	0	0	0	0	0	0	0	0	2	4	0	0	0	0	0	0	0	2	0	0	0	0	0	0	0	0	0	0	0	0	0	0	0	0	0	0	0	0	0	0	0	0	0	0	0	0	0	0	0	0	0	0	0	0	0	0	0	0	0	0	0	0	0	0	0	0	0	1	0	0	0	0	0	0	0	14	4	0	0	0	4	0	0	0	0	0	0	0	0	0	0	0	0	0	0
d__Bacteria___p__Proteobacteria___c__Alphaproteobacteria___o__Sphingomonadales___f__Sphingomonadaceae	2	0	0	0	0	0	0	0	0	0	0	0	0	0	0	0	0	0	1	1	0	0	2	0	0	0	0	1	0	0	0	1	0	0	0	0	0	0	0	0	0	0	0	0	0	0	0	0	0	0	0	2	0	0	0	0	0	0	0	0	0	0	1	0	1	0	1	0	0	0	0	0	5	0	0	0	0	0	0	0	0	2	0	0	0	0	0	0	0	0	0	0	0	0	0	0	0	0	0	0	0	0	0	0	0	0	0	0	0	0	1	0	0	1	0	0	0	0	0	0	0	0	0	0	0	0	0	0	1	0	0	0	0	1	0	0	0	0	0	0	0	0	0	0	1	0	0	0	0	0	0	0	0	0	0	0	0	0	0	0	0	0	0	1	0	0	0	0	0
d__Bacteria___p__Proteobacteria___c__Gammaproteobacteria___o__Burkholderiales___f__Oxalobacteraceae	0	0	0	0	11	0	0	0	0	34	0	218	0	5	4	12	36	33	3	0	0	0	11	0	10	0	0	7	6	0	0	0	0	0	0	0	0	0	0	43	22	35	0	0	18	0	13	0	0	0	0	0	0	8	12	0	0	5	6	2	33	0	0	0	0	2	0	0	0	0	0	0	28	16	15	0	0	0	5	2	7	60	115	84	0	0	0	8	0	17	5	1	0	0	0	0	0	0	0	0	3	2	14	0	0	0	7	14	0	0	0	0	0	0	0	0	0	0	0	1	25	15	0	0	3	3	0	10	0	0	0	0	0	0	0	0	0	0	10	0	4	0	0	0	0	0	0	0	0	0	0	23	11	25	0	0	15	12	0	14	17	0	0	0	0	0	0	0	0
d__Bacteria___p__Proteobacteria___c__Gammaproteobacteria___o__Burkholderiales___f__Oxalobacteraceae___g__Oxalobacter	0	0	0	0	0	0	0	0	0	0	0	0	0	0	0	0	0	0	0	0	0	0	0	0	0	0	0	0	0	0	0	0	0	0	0	0	0	0	0	0	0	0	0	0	0	0	0	0	0	0	0	0	0	0	0	0	0	0	0	0	0	0	0	0	0	0	0	0	0	0	0	0	0	0	0	0	0	0	0	0	0	0	0	0	0	0	0	0	0	0	0	0	0	0	0	0	0	0	0	0	0	0	0	0	0	0	0	0	0	0	0	0	0	0	0	3	0	0	0	0	0	0	0	0	0	0	0	0	0	0	0	0	0	0	0	0	0	0	0	0	0	0	0	0	0	0	0	0	0	0	0	0	0	0	0	0	0	0	0	0	0	0	0	0	0	0	0	3	8
d__Bacteria___p__Proteobacteria___c__Gammaproteobacteria___o__Burkholderiales___f__Sutterellaceae___g__Parasutterella	0	0	520	433	375	1	0	0	0	1031	53	1171	6	458	574	476	0	0	0	0	0	86	3	0	376	185	86	0	0	712	337	363	2	4	1	24	0	0	0	2	13	24	256	0	0	0	109	1797	0	498	1264	714	993	493	622	0	0	956	155	55	46	410	286	83	9	16	285	27	17	1000	471	234	10	44	6	551	775	586	52	15	134	73	56	18	17	0	0	1	1418	7	6	0	31	7	15	60	46	13	0	928	0	0	403	784	700	296	92	29	133	757	622	370	1323	0	0	34	940	730	19	577	532	256	7	14	23	51	62	86	1	0	15	3	2	0	0	0	776	601	662	2	609	1322	1083	118	748	88	23	24	0	0	0	8	21	22	177	737	71	274	2	13	3	0	1	0	0	0	115	53	65
d__Bacteria___p__Proteobacteria___c__Gammaproteobacteria___o__Burkholderiales___f__Sutterellaceae___g__Sutterella	0	949	327	174	101	939	1065	1312	1902	71	565	41	1234	0	0	0	868	2062	873	0	374	562	345	391	872	631	69	1813	350	0	0	0	444	623	1353	83	529	93	884	313	189	97	1011	138	358	233	0	0	316	0	1	0	0	0	0	0	412	0	530	396	572	0	0	0	282	133	0	315	276	216	88	28	83	123	18	0	0	0	972	641	445	0	0	0	394	0	0	5	1	131	137	68	2368	2911	1475	2496	2049	2030	243	0	151	91	0	11	88	26	559	96	645	0	0	0	0	722	426	321	0	0	419	0	0	0	1099	436	1379	486	453	513	25	146	0	0	93	76	1768	2043	0	0	0	16	0	0	0	651	0	814	718	1292	0	0	0	408	301	172	0	0	573	1051	395	561	480	395	195	31	0	0	387	449	427
d__Bacteria___p__Proteobacteria___c__Gammaproteobacteria___o__Enterobacterales	0	0	0	0	0	0	0	0	0	0	0	5	0	0	0	0	0	0	0	0	1600	0	42	0	0	0	0	0	1	6	20	0	0	20	0	0	5	0	0	0	0	0	0	0	110	17	36	1092	0	0	0	0	0	0	0	0	0	0	0	0	0	0	0	0	0	0	0	0	0	0	0	0	0	0	0	0	0	0	0	0	0	0	0	0	0	0	0	0	0	0	20	0	0	0	0	0	0	0	147	0	135	78	0	0	0	0	0	0	0	0	0	1688	923	0	0	0	0	0	0	0	0	0	0	0	0	0	0	0	0	0	0	0	0	0	0	0	0	0	0	0	0	0	0	0	0	0	0	0	0	0	0	0	0	0	0	0	0	0	0	0	0	0	0	0	0	0	0	0	0
d__Bacteria___p__Proteobacteria___c__Gammaproteobacteria___o__Enterobacterales___f__Enterobacteriaceae	14	24	0	0	0	0	2	0	0	0	0	54	0	0	0	27	0	2	295	0	17480	0	186	0	5	0	1	2	48	56	160	0	525	0	0	0	64	1	31	0	2	3	0	104	1468	9	156	3	3	0	1	0	0	0	0	0	0	4	12	4	0	12	0	2	6285	3767	12322	0	0	0	0	0	0	0	3	589	0	2689	1	0	0	52	24	0	2	0	6	95	0	7	14	3	0	1	0	0	16	31	4252	0	1776	1707	0	0	21	0	0	0	0	10222	0	11546	6487	0	2	0	0	0	0	3	37	9	0	0	0	0	0	0	3	0	0	0	1	6	3	0	135	2	0	0	0	8	0	0	0	0	0	1	0	0	0	0	0	0	16	0	0	0	0	0	0	0	0	0	0	0	0	0	0
d__Bacteria___p__Proteobacteria___c__Gammaproteobacteria___o__Enterobacterales___f__Enterobacteriaceae___g__Escherichia-Shigella	19	54	3	46	6	183	73	0	0	35	0	0	0	0	0	0	4	0	30	33	127	0	305	0	17	0	0	6	27	0	0	0	2023	2	2	0	4	3	40	173	18	67	24	27	8	9	9	34	6	59	12	0	0	0	0	7	0	26	0	1	1	0	0	1	1	0	9	0	8	31	5	15	19	9	43	0	0	8	42	14	222	233	15	110	46	77	2346	68	0	39	86	8856	0	0	0	32	18	1	5529	0	4453	4121	10	1	0	0	49	182	30	8	3	0	6	19	109	0	3	0	0	0	12	24	0	16	0	0	0	0	18	0	0	0	21	292	0	0	5	9	47	46	101	0	0	3	0	0	0	0	6	182	44	2191	30	9	387	7	2	7	4	0	4	67	11	11	0	5	0	0	0
d__Bacteria___p__Proteobacteria___c__Gammaproteobacteria___o__Enterobacterales___f__Hafniaceae___g__Hafnia-Obesumbacterium	0	0	0	0	0	0	0	0	0	0	0	0	0	0	0	0	0	0	0	0	0	0	0	0	0	0	0	0	0	0	0	0	0	43	0	0	0	0	0	0	0	0	0	0	0	4	0	669	0	0	1	0	0	0	0	0	0	0	0	0	0	1	0	0	0	0	0	0	0	0	0	0	0	0	0	0	0	0	0	1	0	0	0	0	0	0	0	0	0	0	10	0	0	0	0	0	0	0	1	1	18	12	0	0	0	0	0	0	0	0	0	0	0	0	0	0	0	0	0	0	0	0	0	0	0	0	0	0	0	0	0	0	0	0	0	0	0	0	0	0	0	0	0	0	0	0	0	0	0	0	0	0	0	0	0	0	0	0	0	0	0	0	0	0	0	0	0	0	0
d__Bacteria___p__Proteobacteria___c__Gammaproteobacteria___o__Enterobacterales___f__Morganellaceae___g__Morganella	0	0	0	0	0	0	0	0	0	0	0	0	0	0	0	0	0	0	0	0	0	0	0	0	0	0	0	0	0	0	0	0	0	0	0	0	0	0	0	0	0	0	0	0	0	0	0	0	0	0	0	0	0	0	0	0	0	0	0	0	0	0	0	0	31	0	0	0	0	0	0	0	0	0	0	0	0	0	0	0	0	0	0	0	0	0	0	0	0	0	0	0	0	0	0	0	0	0	0	0	0	0	0	0	0	0	0	0	0	0	0	0	0	0	0	0	0	0	0	0	0	0	0	0	0	0	0	0	0	0	0	0	0	0	0	0	0	0	0	0	0	0	0	0	0	0	0	0	0	0	0	0	0	0	0	0	0	0	0	0	0	0	0	0	0	0	0	0	0
d__Bacteria___p__Proteobacteria___c__Gammaproteobacteria___o__Enterobacterales___f__Pasteurellaceae	0	6	3	0	0	0	0	0	1	0	10	1	2	0	18	6	3	5	96	0	0	0	0	0	0	0	0	9	1	0	2	18	0	0	0	0	0	0	0	0	1	1	1	77	2	63	0	0	0	0	37	0	0	12	3	18	0	4	0	2	0	0	4	0	8	0	0	111	0	0	0	0	0	7	2	0	52	0	9	245	0	1	0	7	459	0	1	0	13	0	13	0	13	19	1	0	0	0	8	0	40	65	5	8	335	4	0	2	0	1	0	0	0	0	0	11	2	2	2	19	9	0	0	1	0	0	0	0	0	0	0	0	0	0	0	0	132	67	9	0	0	192	12	0	14	0	11	2	32	0	1	0	9	0	20	0	1	0	9	7	2	10	0	0	0	0	0	7	8
d__Bacteria___p__Proteobacteria___c__Gammaproteobacteria___o__Enterobacterales___f__Succinivibrionaceae___g__Succinatimonas	0	0	0	0	0	0	0	0	0	0	0	0	0	0	0	0	0	0	0	0	0	0	0	0	0	0	0	0	0	0	0	0	0	0	0	0	0	0	0	0	0	0	0	0	0	0	0	0	0	0	0	0	0	0	0	0	0	0	0	0	0	0	0	0	0	0	0	0	0	0	0	0	0	0	0	0	0	0	0	0	0	0	0	0	16	0	0	0	0	0	0	0	0	0	0	0	0	0	0	0	0	0	0	0	0	0	0	0	0	0	0	0	0	0	0	0	0	0	0	0	0	0	0	0	0	0	0	0	0	0	0	0	0	0	0	0	0	0	0	0	0	0	0	0	0	0	0	0	0	0	0	0	0	0	0	0	0	0	0	0	0	0	0	0	0	0	0	0	0
d__Bacteria___p__Proteobacteria___c__Gammaproteobacteria___o__Enterobacterales___f__Succinivibrionaceae___g__Succinivibrio	0	0	0	0	0	0	0	0	0	0	0	0	0	0	0	0	0	0	0	0	0	0	0	0	0	0	0	0	0	0	0	0	47	61	5	0	0	0	0	0	0	0	0	0	0	0	0	0	0	0	0	0	0	0	0	0	0	0	0	0	0	0	0	0	0	0	0	0	0	0	0	0	0	0	0	0	0	0	0	0	0	0	0	0	0	0	0	0	0	0	0	0	0	0	0	0	0	0	0	0	0	0	0	0	0	0	0	0	0	0	0	0	0	0	0	0	0	0	0	0	0	0	0	0	0	0	0	0	0	0	0	0	0	0	498	55	0	0	0	0	0	0	0	0	0	0	0	0	0	0	0	0	0	0	0	0	0	0	0	0	0	0	0	0	0	0	0	0	0
d__Bacteria___p__Proteobacteria___c__Gammaproteobacteria___o__Enterobacterales___f__Yersiniaceae	0	0	0	0	0	0	0	0	0	0	0	0	0	0	0	0	0	0	0	0	0	0	0	0	0	0	0	0	0	0	0	0	0	0	0	0	0	0	0	0	0	0	0	0	0	0	0	0	0	0	0	0	0	0	0	0	0	0	0	0	0	0	0	0	0	0	0	0	0	0	0	0	0	0	0	0	0	0	0	0	0	0	0	0	0	0	0	0	0	0	0	0	0	0	0	0	0	0	0	0	0	0	0	0	19	0	0	0	0	0	0	0	0	0	0	0	0	0	0	0	0	0	0	0	0	0	0	0	0	0	0	0	0	0	0	0	0	0	0	0	0	0	0	0	0	0	0	0	0	0	0	0	0	0	0	0	0	0	0	0	0	0	0	0	0	0	0	0	0
d__Bacteria___p__Proteobacteria___c__Gammaproteobacteria___o__Pseudomonadales___f__Pseudomonadaceae___g__Pseudomonas	0	0	0	0	0	0	0	0	0	9	0	0	0	0	0	0	0	0	0	0	0	0	0	0	0	0	0	0	0	0	0	0	0	0	0	0	0	0	0	0	0	0	0	0	0	0	0	0	0	0	0	0	0	0	0	0	0	0	0	0	0	0	0	0	0	0	0	0	0	0	1	0	0	0	0	0	0	0	0	0	0	0	0	0	0	0	0	0	0	0	0	0	0	0	0	0	0	0	0	0	0	0	0	0	1	0	0	0	0	0	0	0	0	0	0	0	0	42	0	0	0	0	0	5	0	0	0	0	0	0	0	0	0	0	0	0	0	0	0	0	0	0	0	0	0	0	0	0	0	0	0	0	0	0	0	0	0	0	0	0	0	0	0	0	0	0	0	0	0
d__Bacteria___p__Spirochaetota___c__Brachyspirae___o__Brachyspirales___f__Brachyspiraceae___g__Brachyspira	0	0	0	0	0	0	0	0	0	0	0	0	0	0	0	0	0	0	0	0	0	0	0	0	0	0	0	0	0	0	0	0	0	0	0	0	0	0	0	0	0	0	0	8	26	5	0	0	0	0	0	0	0	0	0	0	0	0	0	0	0	0	0	0	0	0	0	0	0	0	0	0	0	0	0	0	0	0	0	0	0	0	0	0	0	0	0	0	0	0	0	0	0	0	0	0	0	0	0	0	0	0	0	0	0	0	0	0	0	0	0	0	0	0	0	0	0	0	0	0	0	0	0	0	0	0	0	0	0	0	0	0	0	0	4	0	0	0	0	0	0	0	0	0	0	0	0	0	0	0	0	0	0	0	0	0	0	0	0	0	0	0	0	0	0	0	0	0	0
d__Bacteria___p__Synergistota___c__Synergistia___o__Synergistales___f__Synergistaceae___g__Cloacibacillus	0	0	0	0	0	0	0	0	0	34	0	269	0	2	0	0	0	0	0	0	0	0	2	0	0	0	0	0	0	0	0	0	0	0	0	0	0	0	0	0	0	0	0	0	0	0	0	0	0	0	0	0	0	0	0	0	0	0	0	0	5	5	32	117	0	17	0	0	0	0	0	0	0	73	374	0	0	0	0	0	0	0	0	0	0	0	0	0	0	0	0	0	0	0	0	0	0	0	0	0	0	0	0	0	0	0	3	9	0	0	0	0	0	0	0	1	0	0	0	3	60	46	0	0	0	0	0	0	0	0	0	0	158	2540	0	0	0	0	0	0	0	0	0	0	0	0	0	0	0	0	0	0	0	0	0	0	0	0	0	0	0	0	0	0	0	0	0	3	8
d__Bacteria___p__Synergistota___c__Synergistia___o__Synergistales___f__Synergistaceae___g__Jonquetella	0	0	0	0	0	0	0	0	0	0	0	0	0	0	0	0	0	0	0	0	0	0	0	0	0	0	0	0	0	0	0	0	0	0	0	0	0	0	0	0	0	0	0	0	0	0	0	0	0	0	0	0	0	0	0	0	0	0	0	0	0	0	0	0	0	0	0	0	0	0	0	0	0	0	0	0	0	0	0	0	0	0	0	0	0	0	0	0	0	0	0	0	0	0	0	0	0	0	0	0	0	0	0	0	0	0	0	0	0	0	0	0	0	0	0	0	0	0	0	0	0	0	0	0	0	0	0	0	0	0	0	0	0	3	0	0	0	0	0	0	0	0	0	0	0	0	0	0	0	0	0	0	0	0	0	0	0	0	0	0	0	0	0	0	0	0	0	0	0
d__Bacteria___p__Verrucomicrobiota___c__Lentisphaeria___o__Victivallales___f__vadinBE97___g__vadinBE97	0	0	0	0	0	0	0	0	0	0	0	0	0	11	1	4	0	0	0	0	0	0	0	0	0	0	0	0	0	0	0	0	0	0	0	0	0	0	0	8	9	12	0	0	0	0	0	0	0	0	0	0	0	64	162	0	1	5	0	0	0	0	0	0	0	0	0	0	0	0	0	0	0	0	0	0	0	0	0	0	0	0	0	0	0	0	0	0	0	0	0	0	0	0	0	0	0	0	0	0	0	0	0	0	0	0	0	0	0	0	0	0	0	0	3	0	0	0	0	0	0	0	0	0	0	0	0	0	0	0	0	0	0	0	0	0	0	0	2	0	0	0	0	0	0	0	0	0	0	0	0	0	0	0	0	0	0	0	0	0	0	0	0	0	0	0	0	0	0
d__Bacteria___p__Verrucomicrobiota___c__Lentisphaeria___o__Victivallales___f__Victivallaceae___g__Victivallaceae	0	0	0	0	0	0	0	0	0	0	0	0	0	0	0	0	0	0	0	0	0	0	0	0	0	0	0	0	0	0	0	0	0	0	0	0	0	0	0	50	32	348	0	0	0	0	0	0	0	0	0	0	0	0	0	0	0	0	0	0	0	0	0	0	0	6	0	0	0	0	0	0	0	0	0	0	0	0	3	0	346	0	0	0	0	0	0	0	0	0	0	0	0	0	0	0	0	0	0	0	0	0	0	0	0	0	0	0	0	0	0	0	0	0	0	0	0	0	0	0	0	0	0	0	0	0	0	0	0	0	0	0	0	0	0	0	0	0	0	0	0	0	0	0	0	0	0	0	0	0	0	0	0	0	0	0	0	0	0	0	0	0	0	0	0	0	0	0	0
d__Bacteria___p__Verrucomicrobiota___c__Lentisphaeria___o__Victivallales___f__Victivallaceae___g__Victivallis	0	0	0	0	0	0	0	0	0	0	0	0	6	5	6	1	0	0	0	0	0	0	0	0	0	0	0	0	0	0	0	0	0	0	0	0	0	0	0	3	10	9	0	0	0	0	0	0	0	0	0	0	0	21	4	0	6	0	0	0	11	0	0	0	2	47	0	0	0	0	0	0	0	0	0	0	0	0	0	0	0	0	0	0	0	0	0	0	0	0	0	0	0	0	0	0	0	0	0	0	0	0	21	0	0	0	7	6	0	0	0	0	0	7	3	0	0	0	12	19	51	34	0	0	0	54	13	16	0	0	0	0	0	0	0	0	0	0	0	0	0	0	0	0	0	0	3	3	0	0	0	1	0	4	5	0	0	0	0	0	0	0	0	0	0	0	0	0	0
d__Bacteria___p__Verrucomicrobiota___c__Verrucomicrobiae___o__Opitutales___f__Puniceicoccaceae	0	0	0	0	0	0	0	0	0	0	0	0	0	0	0	0	0	0	0	0	0	0	0	0	0	0	0	0	0	0	0	0	0	0	0	0	0	0	0	0	0	0	0	0	0	0	0	0	0	0	0	0	0	0	0	0	0	0	0	0	0	0	0	0	0	0	0	0	0	0	0	0	0	0	0	0	0	0	0	0	50	0	0	0	0	0	0	0	0	0	0	0	0	0	0	0	0	0	0	0	0	0	0	0	0	0	0	0	0	0	0	0	0	0	0	0	0	0	0	0	0	0	0	0	0	0	0	0	0	0	0	0	0	0	0	0	0	0	0	0	0	0	0	0	0	0	0	0	0	0	0	0	0	0	0	0	0	0	0	0	0	0	0	0	0	0	0	0	0
d__Bacteria___p__Verrucomicrobiota___c__Verrucomicrobiae___o__Opitutales___f__Puniceicoccaceae___g__Cerasicoccus	0	0	0	0	0	0	0	0	0	0	0	0	0	0	0	0	0	0	0	0	0	0	0	0	0	0	0	0	0	0	0	0	0	0	0	0	0	0	0	9	20	1	0	0	0	0	0	0	0	0	0	0	0	0	0	0	0	0	0	0	0	0	0	0	0	0	0	0	0	0	0	0	0	0	0	0	0	0	0	0	0	0	0	0	0	0	0	0	0	0	0	0	0	0	0	0	0	0	0	0	0	0	0	0	0	0	0	0	0	0	0	0	0	0	0	0	0	0	0	0	0	0	0	0	0	0	0	0	0	0	0	0	0	0	0	0	0	0	0	0	0	0	0	0	0	0	0	0	0	0	0	0	0	0	0	0	0	0	0	0	0	0	0	0	0	0	0	0	0
d__Bacteria___p__Verrucomicrobiota___c__Verrucomicrobiae___o__Opitutales___f__Puniceicoccaceae___g__uncultured	0	0	0	0	0	0	0	0	0	0	0	0	0	3	10	6	0	0	0	0	0	0	0	0	0	0	0	0	0	0	0	0	0	0	0	0	0	0	0	0	0	0	0	0	0	0	0	0	0	0	0	0	0	0	0	0	14	0	0	0	0	0	0	0	0	0	0	0	0	0	0	0	0	0	0	0	0	0	0	0	0	0	0	0	0	0	0	0	0	0	0	0	0	0	0	0	0	0	0	0	0	0	0	0	0	0	0	0	0	0	0	0	0	22	31	0	0	0	0	0	0	0	0	0	0	0	0	0	0	0	0	0	0	0	0	0	0	0	0	0	0	0	0	0	0	0	0	0	0	0	0	0	0	0	33	0	0	0	3	17	18	0	0	0	0	0	0	0	0
d__Bacteria___p__Verrucomicrobiota___c__Verrucomicrobiae___o__Verrucomicrobiales___f__Akkermansiaceae___g__Akkermansia	0	0	0	0	0	0	0	0	0	2666	0	1014	1052	5634	115	138	0	0	0	0	290	0	757	998	797	174	41	0	0	12	33	60	0	0	0	3	0	0	0	1207	1151	258	354	0	0	0	190	1	0	102	0	0	0	0	0	0	8173	1957	0	6	480	0	0	0	0	1	14	0	0	1467	0	29	0	351	6020	0	0	0	89	2	299	39	1	854	6	1559	392	8486	0	75	1828	5442	0	0	0	0	0	0	897	0	5	7	7	0	0	0	0	0	152	1320	0	111	45	0	0	578	0	0	0	7	324	290	25	355	458	0	0	0	0	0	0	2	1689	4632	0	0	0	7	3719	0	2669	0	0	0	0	0	0	0	165	29	34	1927	385	495	1214	0	0	0	0	368	51	0	0	0	0	0	0	883	1920
