clade_name	2001	2002	2003	2005	2006	2008	2009	2010	2011	2012	2013	2014	2016	2017	2018	2019	2021	2022	2023	2025	2026	2027	2028	2029	2030	2031	2032	2033	2034	2035	2036	2037	2038	2039	2040	2041	2042	2043	2044	2046	2047	2049	2050	2051	2052	2053	2054	3001	3002	3003	3004	3005	3010	3011	3013	3014	3015	3016	3017	3018	3022	3026	3030	3031	3032	3036	3038	3039	3040	3042	3043	3045	3046	3047	3048	3050	3051	3053	3056	3057	3059	3060	3061	3063	3065	3066	3067	3068	3069	3070
k__Archaea	0	102	0	104	15	0	0	0	0	0	0	0	0	0	10	0	0	0	0	46	0	14	48	0	0	0	0	0	0	0	0	0	0	3	0	0	0	0	0	0	0	0	0	0	0	0	0	0	0	0	4	0	0	124	0	0	0	0	0	0	0	0	0	0	34	0	0	0	0	0	0	0	0	0	0	0	0	0	0	0	0	0	0	6	0	0	0	0	0	0
k__Bacteria	52133	45551	56767	46071	62085	38375	53666	33101	46409	37014	40760	29271	32032	28404	30870	29597	41608	41769	45990	44342	33009	45002	43644	50270	42246	47610	30711	39400	35374	32609	35860	32667	42469	41899	38795	30156	49353	35400	42601	49283	42729	39902	43768	68033	31663	38194	40421	40213	46652	43653	40501	40603	38050	48701	38483	46140	48127	45621	26106	46677	35990	34207	43466	46380	122284	37574	47569	42679	42570	44779	34961	35923	48485	34173	95954	40240	39452	42475	34939	43003	48340	38513	39078	40685	34727	31490	36897	40604	31069	38225
k__Archaea___p__Methanobacteriota	0	102	0	104	15	0	0	0	0	0	0	0	0	0	10	0	0	0	0	46	0	0	48	0	0	0	0	0	0	0	0	0	0	3	0	0	0	0	0	0	0	0	0	0	0	0	0	0	0	0	4	0	0	124	0	0	0	0	0	0	0	0	0	0	34	0	0	0	0	0	0	0	0	0	0	0	0	0	0	0	0	0	0	6	0	0	0	0	0	0
k__Archaea___p__Thermoplasmatota	0	0	0	0	0	0	0	0	0	0	0	0	0	0	0	0	0	0	0	0	0	14	0	0	0	0	0	0	0	0	0	0	0	0	0	0	0	0	0	0	0	0	0	0	0	0	0	0	0	0	0	0	0	0	0	0	0	0	0	0	0	0	0	0	0	0	0	0	0	0	0	0	0	0	0	0	0	0	0	0	0	0	0	0	0	0	0	0	0	0
k__Bacteria___p__Actinomycetota	82	3510	778	2877	393	1826	205	2082	178	1579	149	674	2085	7260	236	504	424	193	567	3742	1145	245	7251	385	795	122	1318	1456	239	784	429	1504	129	415	46	40	400	295	258	27	5	326	1460	463	120	153	670	904	4952	598	420	129	581	758	124	2163	145	1682	116	197	1107	43	598	11	261	455	59	331	4916	151	594	76	2396	4124	1044	804	25	8711	153	529	73	2409	178	359	249	25	318	1397	88	330
k__Bacteria___p__Bacillota	34020	27237	34354	20057	60288	17807	24548	16150	35758	17391	18770	20853	17672	16652	21066	18032	26538	17573	13055	23817	7380	26038	25474	38624	30604	27794	23113	22160	17210	18282	26285	19259	22344	26554	37440	13065	34982	14572	27343	46008	23260	22316	38629	38279	17443	24462	32132	15002	28108	27397	12658	20121	20208	29487	21320	14627	20009	17044	18087	22154	34237	14371	15345	20559	106477	12506	22773	20288	13258	34716	20518	20810	13507	8137	48102	24735	35383	23480	22103	27973	13464	23325	20420	22203	10202	15477	33135	27583	14557	21530
k__Bacteria___p__Bacteroidota	17769	12890	20164	22065	1322	17897	28221	13142	9021	17114	19080	7054	9440	4048	7558	8791	13862	19004	31350	14913	23024	13972	9840	10103	9438	18392	5818	13884	16475	12581	8035	11714	16087	13865	1223	10232	8989	18881	13196	2236	19412	12297	3487	27824	13576	11472	5869	22758	11398	14379	26383	17074	16011	15817	14793	26745	27578	25034	7784	21593	560	19758	25667	22425	14301	23173	22363	17464	20647	8629	12177	13780	31888	17991	31261	12993	3421	9520	11594	11868	30676	10802	17248	17083	23275	14993	3207	9525	15678	8598
k__Bacteria___p__Campylobacterota	0	7	0	0	0	0	0	0	0	0	0	0	12	0	0	0	0	8	3	0	0	0	0	0	0	0	0	8	0	0	0	0	0	0	0	6	0	0	0	0	0	0	0	0	0	0	0	0	0	0	0	0	0	0	0	0	8	0	0	0	0	0	0	0	0	0	0	0	0	0	0	0	0	0	0	0	0	0	0	0	0	0	0	0	0	0	0	0	0	0
k__Bacteria___p__Cyanobacteriota	0	0	0	0	0	0	28	0	42	0	0	0	0	0	0	0	0	0	0	0	0	1984	0	0	0	0	0	0	0	0	0	18	0	0	0	0	355	0	0	0	0	0	65	0	0	0	0	68	0	0	0	0	0	0	0	0	0	0	0	0	0	0	0	0	0	0	0	0	0	0	0	0	0	0	0	0	0	0	0	0	0	33	0	0	0	0	0	0	0	0
k__Bacteria___p__Deferribacterota	0	0	0	0	0	0	0	0	0	0	0	0	0	0	0	0	0	0	0	0	0	0	0	0	0	0	0	0	0	0	0	0	0	0	0	0	0	0	0	0	0	0	0	0	0	0	0	0	0	0	0	0	0	8	0	0	0	0	0	0	0	0	0	0	0	0	0	0	0	0	0	0	0	0	0	3	0	0	0	0	0	0	0	0	0	0	0	0	0	0
k__Bacteria___p__Elusimicrobiota	0	0	0	0	0	0	0	0	0	0	0	0	0	0	0	1538	0	0	0	0	0	0	0	0	0	0	0	0	0	2	0	0	0	0	0	0	0	0	0	0	0	0	0	0	0	0	0	0	0	0	0	0	0	0	0	0	0	0	0	0	0	0	0	0	0	0	0	0	0	0	0	0	0	0	0	0	0	0	0	0	0	0	0	0	0	0	0	0	0	0
k__Bacteria___p__Fusobacteriota	0	0	0	0	0	0	0	0	0	0	0	0	0	0	0	0	2	0	0	0	0	0	0	0	0	14	0	6	0	7	0	0	0	0	0	117	0	4	0	0	0	0	0	0	0	0	7	0	0	0	0	0	0	0	0	2	0	0	0	0	0	0	0	0	0	0	0	2	30	0	0	0	0	0	0	0	0	0	36	0	0	0	0	0	0	0	0	3	0	0
k__Bacteria___p__Pseudomonadota	260	764	1164	761	82	714	543	1425	639	869	1893	0	1967	27	1221	168	703	2746	931	1281	1247	960	391	939	1257	1064	390	1612	914	672	1107	170	1373	976	20	6689	3976	1510	1503	105	52	3911	3	1284	524	1538	1487	999	430	1237	973	2857	1067	1443	889	2556	387	1708	23	2237	50	29	1689	2792	717	1440	2041	4063	3232	1002	1580	1076	685	3323	14402	1705	623	521	655	1943	3762	742	1144	864	1001	995	57	2062	283	3804
k__Bacteria___p__Spirochaetota	0	0	0	0	0	0	0	0	0	0	0	0	0	0	0	0	0	0	0	5	0	0	0	0	0	0	0	0	0	0	0	0	0	0	0	0	0	0	0	0	0	0	0	0	0	0	0	0	0	0	0	0	0	0	0	0	0	0	0	0	0	0	0	0	0	0	0	0	0	0	0	0	0	0	0	0	0	0	0	0	0	0	0	0	0	0	0	0	0	0
k__Bacteria___p__Synergistota	0	0	4	0	0	0	0	0	0	0	0	0	0	0	0	0	0	0	0	0	0	0	11	0	0	0	0	0	0	0	0	0	0	0	0	0	0	0	0	0	0	0	0	0	0	0	0	0	6	0	0	0	0	0	0	0	0	0	0	0	0	0	0	0	2	0	0	0	0	0	0	0	0	0	0	0	0	0	0	0	0	0	0	0	0	0	0	0	0	0
k__Bacteria___p__Thermodesulfobacteriota	0	177	236	162	0	131	121	293	11	61	19	0	478	336	282	69	79	342	84	273	91	351	168	219	152	194	59	272	536	274	4	0	315	89	0	0	247	105	133	144	0	696	122	180	0	222	141	464	725	30	45	422	183	353	359	3	0	0	88	496	22	0	167	415	424	0	333	524	483	174	92	176	9	598	410	0	0	243	398	235	365	239	88	132	0	0	34	34	463	331
k__Bacteria___p__Verrucomicrobiota	2	966	67	144	0	0	0	9	760	0	849	690	378	81	507	490	0	1903	0	311	122	1452	509	0	0	27	13	0	0	7	0	0	2221	0	66	0	404	33	168	763	0	356	0	0	0	347	115	11	1031	0	22	0	0	830	998	44	0	151	8	0	14	0	0	178	102	0	0	0	0	107	0	5	0	0	735	0	0	0	0	455	0	958	0	44	0	0	146	0	0	3632
k__Archaea___p__Methanobacteriota___c__Methanobacteria	0	102	0	104	15	0	0	0	0	0	0	0	0	0	10	0	0	0	0	46	0	0	48	0	0	0	0	0	0	0	0	0	0	3	0	0	0	0	0	0	0	0	0	0	0	0	0	0	0	0	4	0	0	124	0	0	0	0	0	0	0	0	0	0	34	0	0	0	0	0	0	0	0	0	0	0	0	0	0	0	0	0	0	6	0	0	0	0	0	0
k__Archaea___p__Thermoplasmatota___c__Thermoplasmata	0	0	0	0	0	0	0	0	0	0	0	0	0	0	0	0	0	0	0	0	0	14	0	0	0	0	0	0	0	0	0	0	0	0	0	0	0	0	0	0	0	0	0	0	0	0	0	0	0	0	0	0	0	0	0	0	0	0	0	0	0	0	0	0	0	0	0	0	0	0	0	0	0	0	0	0	0	0	0	0	0	0	0	0	0	0	0	0	0	0
k__Bacteria___p__Actinomycetota___c__Actinobacteria	0	3222	628	2483	375	1808	154	2015	0	1461	118	661	2029	6443	178	482	338	177	493	3326	1065	178	7088	281	757	0	1094	1357	126	752	340	1485	29	297	40	20	290	170	157	0	0	272	1208	142	66	0	514	532	4640	390	309	129	433	520	0	2155	67	1675	0	187	1103	38	361	4	20	330	0	248	3900	32	386	21	2294	3842	883	639	16	8311	0	444	15	2373	147	216	144	0	304	1335	0	34
k__Bacteria___p__Actinomycetota___c__Coriobacteriia	82	288	150	394	18	18	51	67	178	118	31	13	56	817	58	22	86	16	74	416	80	67	163	104	38	122	224	99	113	32	89	19	100	118	6	20	110	125	101	27	5	54	252	321	54	153	156	372	312	208	111	0	148	238	124	8	78	7	116	10	4	5	237	7	241	125	59	83	1016	119	208	55	102	282	161	165	9	400	153	85	58	36	31	143	105	25	14	62	88	296
k__Bacteria___p__Bacillota___c__Bacilli	1271	724	434	380	149	258	710	215	2564	630	738	629	79	643	412	236	380	799	1027	460	273	2353	171	729	591	776	221	657	576	420	427	537	592	210	452	42	1075	703	158	1428	36	361	332	602	297	130	518	487	672	891	2133	183	301	507	169	1036	1839	216	246	571	451	212	359	269	607	43	587	280	525	276	1708	471	177	164	1549	186	1384	338	1248	256	666	737	454	334	185	189	1447	587	178	463
k__Bacteria___p__Bacillota___c__Clostridia	32342	26016	33647	19104	59975	17549	22942	15570	32918	16393	17879	20112	17366	15855	20499	17298	25975	16390	11477	22997	6418	23420	24686	37632	29789	26904	21416	21322	16551	17853	25733	18584	21433	26148	35971	12366	33743	13819	27043	44223	23111	21469	37477	36728	16826	24096	31505	13954	27091	26247	10284	19029	19766	28746	20874	13443	17512	16596	17770	21151	31743	14085	14540	19716	105574	4680	21354	19081	12070	33987	18598	19991	9172	7720	46312	24171	29774	22849	20759	27420	12383	22512	19837	21361	9351	14805	31566	26686	14089	20747
k__Bacteria___p__Bacillota___c__Incertae Sedis	11	0	0	0	0	0	0	0	0	0	0	0	0	0	0	0	0	0	0	19	0	0	8	0	0	0	0	0	0	0	0	0	0	0	0	0	0	0	0	0	0	0	0	0	0	0	0	0	13	0	0	0	0	7	0	0	0	0	0	0	0	0	0	0	0	0	7	0	0	0	0	0	0	0	15	0	0	0	0	0	0	0	0	0	0	0	0	0	0	0
k__Bacteria___p__Bacillota___c__Negativicutes	396	492	273	573	160	0	896	365	276	368	153	112	227	154	130	498	183	384	551	313	689	265	600	263	224	112	1476	181	76	9	125	138	319	196	1017	657	164	50	142	357	113	486	820	949	320	236	100	561	315	259	241	909	141	203	277	148	658	232	71	429	2043	74	446	574	292	7783	809	927	663	453	212	348	4158	253	226	378	4225	293	96	297	415	76	129	498	666	483	122	310	290	304
k__Bacteria___p__Bacteroidota___c__Bacteroidia	17769	12890	20164	22065	1322	17897	28221	13142	9021	17114	19080	7054	9440	4048	7558	8791	13862	19004	31350	14913	23024	13972	9840	10103	9438	18392	5818	13884	16475	12581	8035	11714	16087	13865	1223	10232	8989	18881	13196	2236	19412	12297	3487	27824	13576	11472	5869	22758	11398	14379	26383	17074	16011	15817	14793	26745	27578	25034	7784	21593	560	19758	25667	22425	14301	23173	22363	17464	20647	8629	12177	13780	31888	17991	31261	12993	3421	9520	11594	11868	30676	10802	17248	17083	23275	14993	3207	9525	15678	8598
k__Bacteria___p__Campylobacterota___c__Campylobacteria	0	7	0	0	0	0	0	0	0	0	0	0	12	0	0	0	0	8	3	0	0	0	0	0	0	0	0	8	0	0	0	0	0	0	0	6	0	0	0	0	0	0	0	0	0	0	0	0	0	0	0	0	0	0	0	0	8	0	0	0	0	0	0	0	0	0	0	0	0	0	0	0	0	0	0	0	0	0	0	0	0	0	0	0	0	0	0	0	0	0
k__Bacteria___p__Cyanobacteriota___c__Vampirivibrionia	0	0	0	0	0	0	28	0	42	0	0	0	0	0	0	0	0	0	0	0	0	1984	0	0	0	0	0	0	0	0	0	18	0	0	0	0	355	0	0	0	0	0	65	0	0	0	0	68	0	0	0	0	0	0	0	0	0	0	0	0	0	0	0	0	0	0	0	0	0	0	0	0	0	0	0	0	0	0	0	0	0	33	0	0	0	0	0	0	0	0
k__Bacteria___p__Deferribacterota___c__Deferribacteres	0	0	0	0	0	0	0	0	0	0	0	0	0	0	0	0	0	0	0	0	0	0	0	0	0	0	0	0	0	0	0	0	0	0	0	0	0	0	0	0	0	0	0	0	0	0	0	0	0	0	0	0	0	8	0	0	0	0	0	0	0	0	0	0	0	0	0	0	0	0	0	0	0	0	0	3	0	0	0	0	0	0	0	0	0	0	0	0	0	0
k__Bacteria___p__Elusimicrobiota___c__Elusimicrobia	0	0	0	0	0	0	0	0	0	0	0	0	0	0	0	1538	0	0	0	0	0	0	0	0	0	0	0	0	0	2	0	0	0	0	0	0	0	0	0	0	0	0	0	0	0	0	0	0	0	0	0	0	0	0	0	0	0	0	0	0	0	0	0	0	0	0	0	0	0	0	0	0	0	0	0	0	0	0	0	0	0	0	0	0	0	0	0	0	0	0
k__Bacteria___p__Fusobacteriota___c__Fusobacteriia	0	0	0	0	0	0	0	0	0	0	0	0	0	0	0	0	2	0	0	0	0	0	0	0	0	14	0	6	0	7	0	0	0	0	0	117	0	4	0	0	0	0	0	0	0	0	7	0	0	0	0	0	0	0	0	2	0	0	0	0	0	0	0	0	0	0	0	2	30	0	0	0	0	0	0	0	0	0	36	0	0	0	0	0	0	0	0	3	0	0
k__Bacteria___p__Pseudomonadota___c__Alphaproteobacteria	0	0	2	0	0	0	67	0	2	0	0	0	526	0	430	0	0	877	0	2	0	464	0	57	0	0	55	0	864	0	19	44	0	0	0	0	2923	5	0	0	0	2491	0	0	0	1187	945	0	0	0	0	1385	0	525	0	0	0	0	0	0	2	0	0	0	0	0	0	1956	0	0	0	0	0	0	11674	0	0	0	7	0	0	0	7	0	0	0	0	0	0	0
k__Bacteria___p__Pseudomonadota___c__Gammaproteobacteria	260	764	1162	761	82	714	476	1425	637	869	1893	0	1441	27	791	168	703	1869	931	1279	1247	496	391	882	1257	1064	335	1612	50	672	1088	126	1373	976	20	6689	1053	1505	1503	105	52	1420	3	1284	524	351	542	999	430	1237	973	1472	1067	918	889	2556	387	1708	23	2237	48	29	1689	2792	717	1440	2041	2107	3232	1002	1580	1076	685	3323	2728	1705	623	521	648	1943	3762	742	1137	864	1001	995	57	2062	283	3804
k__Bacteria___p__Spirochaetota___c__Brachyspirae	0	0	0	0	0	0	0	0	0	0	0	0	0	0	0	0	0	0	0	5	0	0	0	0	0	0	0	0	0	0	0	0	0	0	0	0	0	0	0	0	0	0	0	0	0	0	0	0	0	0	0	0	0	0	0	0	0	0	0	0	0	0	0	0	0	0	0	0	0	0	0	0	0	0	0	0	0	0	0	0	0	0	0	0	0	0	0	0	0	0
k__Bacteria___p__Synergistota___c__Synergistia	0	0	4	0	0	0	0	0	0	0	0	0	0	0	0	0	0	0	0	0	0	0	11	0	0	0	0	0	0	0	0	0	0	0	0	0	0	0	0	0	0	0	0	0	0	0	0	0	6	0	0	0	0	0	0	0	0	0	0	0	0	0	0	0	2	0	0	0	0	0	0	0	0	0	0	0	0	0	0	0	0	0	0	0	0	0	0	0	0	0
k__Bacteria___p__Thermodesulfobacteriota___c__Desulfovibrionia	0	177	236	162	0	131	121	293	11	61	19	0	478	336	282	69	79	342	84	273	91	351	168	219	152	194	59	272	536	274	4	0	315	89	0	0	247	105	133	144	0	696	122	180	0	222	141	464	725	30	45	422	183	353	359	3	0	0	88	496	22	0	167	415	424	0	333	524	483	174	92	176	9	598	410	0	0	243	398	235	365	239	88	132	0	0	34	34	463	331
k__Bacteria___p__Verrucomicrobiota___c__Lentisphaeria	0	16	0	0	0	0	0	0	0	0	0	0	90	0	0	490	0	0	0	0	0	1364	53	0	0	0	0	0	0	7	0	0	0	0	0	0	0	0	5	0	0	0	0	0	0	52	16	11	0	0	22	0	0	97	0	0	0	0	0	0	0	0	0	0	0	0	0	0	0	0	0	0	0	0	0	0	0	0	0	0	0	0	0	25	0	0	0	0	0	0
k__Bacteria___p__Verrucomicrobiota___c__Verrucomicrobiia	2	950	67	144	0	0	0	9	760	0	849	690	288	81	507	0	0	1903	0	311	122	84	456	0	0	27	13	0	0	0	0	0	2221	0	66	0	404	33	163	763	0	356	0	0	0	295	99	0	1031	0	0	0	0	733	998	44	0	151	8	0	14	0	0	178	102	0	0	0	0	107	0	5	0	0	735	0	0	0	0	455	0	958	0	19	0	0	146	0	0	3632
k__Archaea___p__Methanobacteriota___c__Methanobacteria___o__Methanobacteriales	0	102	0	104	15	0	0	0	0	0	0	0	0	0	10	0	0	0	0	46	0	0	48	0	0	0	0	0	0	0	0	0	0	3	0	0	0	0	0	0	0	0	0	0	0	0	0	0	0	0	4	0	0	124	0	0	0	0	0	0	0	0	0	0	34	0	0	0	0	0	0	0	0	0	0	0	0	0	0	0	0	0	0	6	0	0	0	0	0	0
k__Archaea___p__Thermoplasmatota___c__Thermoplasmata___o__Methanomassiliicoccales	0	0	0	0	0	0	0	0	0	0	0	0	0	0	0	0	0	0	0	0	0	14	0	0	0	0	0	0	0	0	0	0	0	0	0	0	0	0	0	0	0	0	0	0	0	0	0	0	0	0	0	0	0	0	0	0	0	0	0	0	0	0	0	0	0	0	0	0	0	0	0	0	0	0	0	0	0	0	0	0	0	0	0	0	0	0	0	0	0	0
k__Bacteria___p__Actinomycetota___c__Actinobacteria___o__Actinomycetales	0	0	0	0	0	0	0	0	0	0	0	0	0	0	0	0	0	3	4	2	0	0	0	0	0	0	0	0	0	0	0	0	0	0	0	0	0	0	0	0	0	0	0	7	0	0	0	0	0	0	0	0	0	0	0	0	0	0	0	0	0	0	0	4	0	0	0	0	0	0	0	0	8	0	0	0	11	9	0	0	0	0	0	0	0	0	0	0	0	0
k__Bacteria___p__Actinomycetota___c__Actinobacteria___o__Bifidobacteriales	0	3220	628	2483	375	1808	154	2015	0	1461	118	661	2029	6443	178	482	338	174	484	3324	1065	178	7088	281	757	0	1094	1357	122	752	340	1485	29	297	32	20	290	170	157	0	0	272	1208	127	66	0	514	532	4640	384	309	129	433	520	0	2155	67	1675	0	187	1103	38	361	0	20	330	0	248	3900	32	386	21	2286	3842	883	639	0	8302	0	444	15	2373	147	216	144	0	304	1335	0	27
k__Bacteria___p__Actinomycetota___c__Actinobacteria___o__Micrococcales	0	0	0	0	0	0	0	0	0	0	0	0	0	0	0	0	0	0	5	0	0	0	0	0	0	0	0	0	4	0	0	0	0	0	8	0	0	0	0	0	0	0	0	8	0	0	0	0	0	6	0	0	0	0	0	0	0	0	0	0	0	0	0	0	0	0	0	0	0	0	0	0	0	0	0	0	5	0	0	0	0	0	0	0	0	0	0	0	0	0
k__Bacteria___p__Actinomycetota___c__Actinobacteria___o__Mycobacteriales	0	2	0	0	0	0	0	0	0	0	0	0	0	0	0	0	0	0	0	0	0	0	0	0	0	0	0	0	0	0	0	0	0	0	0	0	0	0	0	0	0	0	0	0	0	0	0	0	0	0	0	0	0	0	0	0	0	0	0	0	0	0	0	0	0	0	0	0	0	0	0	0	0	0	0	0	0	0	0	0	0	0	0	0	0	0	0	0	0	7
k__Bacteria___p__Actinomycetota___c__Coriobacteriia___o__Coriobacteriales	82	288	150	394	18	18	51	67	178	118	31	13	56	817	58	22	86	16	74	416	80	67	163	104	38	122	224	99	113	32	89	19	100	118	6	20	110	125	101	27	5	54	252	321	54	153	156	372	312	208	111	0	148	238	124	8	78	7	116	10	4	5	237	7	241	125	59	83	1016	119	208	55	102	282	161	165	9	400	153	85	58	36	31	143	105	25	14	62	88	296
k__Bacteria___p__Bacillota___c__Bacilli___o__Acholeplasmatales	0	0	0	0	0	0	0	0	0	0	0	0	0	0	0	7	0	0	0	0	0	0	0	0	0	0	0	0	0	0	0	0	0	0	0	0	0	0	0	0	0	0	0	0	0	0	0	0	0	0	0	0	0	0	0	0	0	0	0	0	0	0	0	0	0	0	0	0	0	0	0	0	0	0	0	0	0	0	0	0	0	0	0	0	0	0	0	0	0	0
k__Bacteria___p__Bacillota___c__Bacilli___o__Erysipelotrichales	965	318	260	257	39	250	629	168	2443	334	572	554	63	462	349	155	325	500	318	167	131	2224	42	622	162	695	123	399	161	391	323	537	570	185	32	42	1027	703	74	1383	36	255	246	324	203	82	221	487	104	368	1919	158	301	407	67	280	224	208	130	444	322	144	334	164	347	20	460	73	442	252	372	428	133	140	473	168	939	302	1156	89	660	278	411	226	144	176	1411	521	144	383
k__Bacteria___p__Bacillota___c__Bacilli___o__Izemoplasmatales	0	10	0	123	0	0	0	0	0	0	0	0	0	0	0	0	0	0	0	182	0	0	0	0	0	0	0	0	0	0	0	0	0	0	0	0	0	0	0	0	0	52	5	0	0	0	0	0	538	0	0	0	0	9	0	0	0	0	0	0	0	0	0	0	0	0	0	0	0	15	0	0	0	0	0	0	0	0	0	0	0	0	0	85	0	0	0	0	0	0
k__Bacteria___p__Bacillota___c__Bacilli___o__Lactobacillales	306	229	174	0	110	8	81	47	121	296	166	75	16	128	63	11	55	299	709	111	125	113	26	107	429	81	98	258	197	29	104	0	22	25	420	0	48	0	84	45	0	54	81	278	94	24	80	0	30	412	214	25	0	91	102	756	1615	8	116	127	129	68	25	105	253	23	127	202	83	9	1336	43	44	24	116	18	445	36	48	167	6	143	43	23	41	13	36	66	34	80
k__Bacteria___p__Bacillota___c__Bacilli___o__RF39	0	167	0	0	0	0	0	0	0	0	0	0	0	53	0	63	0	0	0	0	17	16	103	0	0	0	0	0	218	0	0	0	0	0	0	0	0	0	0	0	0	0	0	0	0	24	217	0	0	111	0	0	0	0	0	0	0	0	0	0	0	0	0	0	0	0	0	0	0	0	0	0	0	0	960	0	0	0	44	0	0	316	0	0	0	0	0	0	0	0
k__Bacteria___p__Bacillota___c__Bacilli___o__Staphylococcales	0	0	0	0	0	0	0	0	0	0	0	0	0	0	0	0	0	0	0	0	0	0	0	0	0	0	0	0	0	0	0	0	0	0	0	0	0	0	0	0	0	0	0	0	0	0	0	0	0	0	0	0	0	0	0	0	0	0	0	0	0	0	0	0	7	0	0	5	0	0	0	0	0	0	0	0	0	0	0	0	0	0	0	0	0	0	0	0	0	0
k__Bacteria___p__Bacillota___c__Clostridia___o__Christensenellales	44	1447	677	2377	679	112	181	170	95	29	35	0	793	44	1572	93	1131	68	0	1171	33	720	1215	138	116	117	175	97	3627	174	77	60	102	209	0	0	158	40	228	0	0	608	370	4894	0	371	3718	204	3613	2224	162	12	219	828	259	0	0	11	228	28	0	0	81	143	190	0	228	38	31	794	0	8	15	0	557	1723	0	71	155	67	17	52	20	265	19	0	323	0	0	999
k__Bacteria___p__Bacillota___c__Clostridia___o__Clostridia UCG-014	33	1885	200	63	0	0	77	3	0	0	0	9	489	77	12	793	116	62	0	27	0	621	10	0	3	1379	0	0	0	0	0	0	0	3040	0	0	607	67	321	0	0	892	0	0	0	1617	2101	0	764	2322	162	0	716	2646	0	0	0	0	0	0	0	0	0	0	1094	0	0	0	0	611	9	0	0	0	3563	542	0	0	406	561	0	731	0	10	0	0	785	0	0	734
k__Bacteria___p__Bacillota___c__Clostridia___o__Clostridia vadinBB60 group	0	139	140	3586	10	0	5	12	0	5	0	0	0	0	380	138	11	0	0	517	1777	96	648	0	0	8	11	0	101	8	0	6	22	145	0	0	97	0	61	0	0	64	14	101	0	104	29	160	1645	118	3	0	0	152	25	0	0	21	10	11	0	0	0	0	3	0	59	0	0	21	12	16	0	0	416	13	0	0	58	0	0	285	8	24	0	57	12	0	0	32
k__Bacteria___p__Bacillota___c__Clostridia___o__Clostridiales	0	102	22	20	0	0	33	0	210	58	0	0	0	60	0	0	0	46	239	5	0	0	788	0	0	0	3	6	11	0	62	0	0	20	0	0	11	0	0	0	128	0	0	323	69	21	39	0	0	35	36	20	0	0	0	31	0	0	0	0	0	0	0	5	17	128	16	0	12	0	60	60	465	0	0	0	0	66	12	12	0	41	20	20	0	0	0	0	0	0
k__Bacteria___p__Bacillota___c__Clostridia___o__Eubacteriales	0	0	0	0	0	0	0	0	2	0	0	0	0	0	0	0	0	0	0	0	0	0	0	0	0	0	0	0	0	0	0	0	0	0	0	0	0	0	0	0	0	0	0	0	0	0	0	0	0	0	0	0	0	0	2	0	0	0	0	0	0	0	0	0	0	0	0	0	0	0	0	0	0	0	0	0	0	0	2	0	0	0	2	0	0	0	0	0	0	0
k__Bacteria___p__Bacillota___c__Clostridia___o__Lachnospirales	17544	9198	14663	3583	12334	6033	8768	5524	22581	9001	10454	5992	6624	7804	8387	3064	14376	9769	8147	5720	3024	11349	6499	8564	12363	10300	7202	11523	4914	8019	11836	8670	7600	8119	3336	4607	20855	690	11406	31166	12133	7942	10117	9346	6827	8933	7767	4924	9495	9398	5989	7662	11815	8252	10792	10748	16721	12634	11797	12427	12969	9582	6291	12514	24140	4269	11611	10516	8934	12654	8373	9757	5689	6897	15354	12215	22027	13440	8935	10729	8079	8963	7693	6725	5607	6327	10184	16396	12072	11565
k__Bacteria___p__Bacillota___c__Clostridia___o__Monoglobales	9	108	318	0	58	322	94	227	621	169	177	516	19	47	229	14	106	127	153	101	0	432	0	60	170	162	42	69	171	42	124	200	53	20	40	29	591	213	217	11	0	68	122	0	337	274	79	12	39	39	16	65	372	185	234	26	303	253	0	55	36	6	30	351	282	0	68	43	5	282	88	172	24	0	177	73	0	87	266	198	0	277	176	205	51	191	189	121	8	162
k__Bacteria___p__Bacillota___c__Clostridia___o__Oscillospirales	14347	12226	17014	9240	46822	11065	13331	9595	8343	6966	7034	13500	9162	7307	9827	13162	10145	6193	2922	15223	1553	9973	14998	28695	17052	14843	13933	9440	7604	9593	13447	9522	13611	14334	32586	7468	11229	12776	14666	12996	10480	11769	26817	21598	9494	12693	17683	8565	11175	11776	3839	11205	6617	16566	9349	2514	335	3479	5595	8626	18707	4487	8068	6692	79682	169	9250	8337	3005	19286	9508	9719	2798	769	26011	9546	7703	9162	10815	15590	4280	12047	11737	14032	3674	8224	20055	10169	1996	7016
k__Bacteria___p__Bacillota___c__Clostridia___o__Peptococcales	36	6	13	0	6	0	109	0	33	17	0	51	54	0	11	0	0	0	0	18	0	10	0	0	0	15	0	0	0	0	0	0	28	17	0	0	64	0	0	0	0	41	6	0	0	16	34	16	19	139	0	0	0	16	3	0	0	0	58	0	0	0	0	0	0	0	0	6	5	211	0	78	0	0	134	6	0	0	41	54	0	0	0	24	0	0	0	0	0	0
k__Bacteria___p__Bacillota___c__Clostridia___o__Peptostreptococcales-Tissierellales	318	753	594	195	40	17	339	39	1021	148	179	42	126	508	49	34	90	123	16	193	31	166	494	175	85	80	50	187	17	17	187	119	17	229	9	262	131	29	141	50	370	68	23	438	99	65	51	51	273	189	77	65	27	85	210	121	153	198	60	4	31	10	70	11	140	114	111	134	78	118	548	181	181	54	93	53	44	23	67	197	7	113	181	56	0	6	15	0	10	227
k__Bacteria___p__Bacillota___c__Incertae Sedis___o__DTU014	11	0	0	0	0	0	0	0	0	0	0	0	0	0	0	0	0	0	0	19	0	0	8	0	0	0	0	0	0	0	0	0	0	0	0	0	0	0	0	0	0	0	0	0	0	0	0	0	13	0	0	0	0	7	0	0	0	0	0	0	0	0	0	0	0	0	7	0	0	0	0	0	0	0	15	0	0	0	0	0	0	0	0	0	0	0	0	0	0	0
k__Bacteria___p__Bacillota___c__Negativicutes___o__Acidaminococcales	0	111	0	53	50	0	54	5	276	10	0	108	119	59	124	17	39	377	0	17	0	0	0	263	160	112	198	171	76	0	95	0	319	0	0	0	46	50	0	0	0	286	0	86	0	10	90	9	310	15	65	229	137	63	277	0	0	0	71	429	0	74	148	574	155	909	470	0	663	453	0	3	33	250	109	60	0	274	96	0	4	0	120	0	604	0	108	96	290	301
k__Bacteria___p__Bacillota___c__Negativicutes___o__Veillonellales-Selenomonadales	396	381	273	520	110	0	842	360	0	358	153	4	108	95	6	481	144	7	551	296	689	265	600	0	64	0	1278	10	0	9	30	138	0	196	1017	657	118	0	142	357	113	200	820	863	320	226	10	552	5	244	176	680	4	140	0	148	658	232	0	0	2043	0	298	0	137	6874	339	927	0	0	212	345	4125	3	117	318	4225	19	0	297	411	76	9	498	62	483	14	214	0	3
k__Bacteria___p__Bacteroidota___c__Bacteroidia___o__Bacteroidales	17769	12887	20164	21979	1322	17897	28221	13142	9021	17114	19080	7054	9440	4048	7558	8791	13862	18996	31350	14913	23024	13956	9840	10103	9438	18392	5818	13884	16475	12579	8035	11714	16084	13865	1223	10232	8989	18881	13196	2236	19412	12297	3487	27824	13576	11472	5869	22741	11398	14376	26383	17074	16011	15815	14793	26745	27578	25034	7784	21593	560	19758	25667	22425	14301	23173	22363	17464	20647	8629	12177	13780	31888	17991	31261	12993	3421	9520	11594	11868	30676	10802	17248	17083	23275	14993	3207	9525	15678	8598
k__Bacteria___p__Bacteroidota___c__Bacteroidia___o__Flavobacteriales	0	0	0	0	0	0	0	0	0	0	0	0	0	0	0	0	0	0	0	0	0	0	0	0	0	0	0	0	0	2	0	0	0	0	0	0	0	0	0	0	0	0	0	0	0	0	0	0	0	0	0	0	0	0	0	0	0	0	0	0	0	0	0	0	0	0	0	0	0	0	0	0	0	0	0	0	0	0	0	0	0	0	0	0	0	0	0	0	0	0
k__Bacteria___p__Campylobacterota___c__Campylobacteria___o__Campylobacterales	0	7	0	0	0	0	0	0	0	0	0	0	12	0	0	0	0	8	3	0	0	0	0	0	0	0	0	8	0	0	0	0	0	0	0	6	0	0	0	0	0	0	0	0	0	0	0	0	0	0	0	0	0	0	0	0	8	0	0	0	0	0	0	0	0	0	0	0	0	0	0	0	0	0	0	0	0	0	0	0	0	0	0	0	0	0	0	0	0	0
k__Bacteria___p__Cyanobacteriota___c__Vampirivibrionia___o__Gastranaerophilales	0	0	0	0	0	0	28	0	42	0	0	0	0	0	0	0	0	0	0	0	0	1984	0	0	0	0	0	0	0	0	0	18	0	0	0	0	355	0	0	0	0	0	65	0	0	0	0	68	0	0	0	0	0	0	0	0	0	0	0	0	0	0	0	0	0	0	0	0	0	0	0	0	0	0	0	0	0	0	0	0	0	33	0	0	0	0	0	0	0	0
k__Bacteria___p__Deferribacterota___c__Deferribacteres___o__Deferribacterales	0	0	0	0	0	0	0	0	0	0	0	0	0	0	0	0	0	0	0	0	0	0	0	0	0	0	0	0	0	0	0	0	0	0	0	0	0	0	0	0	0	0	0	0	0	0	0	0	0	0	0	0	0	8	0	0	0	0	0	0	0	0	0	0	0	0	0	0	0	0	0	0	0	0	0	3	0	0	0	0	0	0	0	0	0	0	0	0	0	0
k__Bacteria___p__Elusimicrobiota___c__Elusimicrobia___o__Elusimicrobiales	0	0	0	0	0	0	0	0	0	0	0	0	0	0	0	1538	0	0	0	0	0	0	0	0	0	0	0	0	0	2	0	0	0	0	0	0	0	0	0	0	0	0	0	0	0	0	0	0	0	0	0	0	0	0	0	0	0	0	0	0	0	0	0	0	0	0	0	0	0	0	0	0	0	0	0	0	0	0	0	0	0	0	0	0	0	0	0	0	0	0
k__Bacteria___p__Fusobacteriota___c__Fusobacteriia___o__Fusobacteriales	0	0	0	0	0	0	0	0	0	0	0	0	0	0	0	0	2	0	0	0	0	0	0	0	0	14	0	6	0	7	0	0	0	0	0	117	0	4	0	0	0	0	0	0	0	0	7	0	0	0	0	0	0	0	0	2	0	0	0	0	0	0	0	0	0	0	0	2	30	0	0	0	0	0	0	0	0	0	36	0	0	0	0	0	0	0	0	3	0	0
k__Bacteria___p__Pseudomonadota___c__Alphaproteobacteria___o__Hyphomicrobiales	0	0	0	0	0	0	0	0	0	0	0	0	0	0	0	0	0	0	0	0	0	0	0	0	0	0	0	0	0	0	0	0	0	0	0	0	0	0	0	0	0	0	0	0	0	0	0	0	0	0	0	0	0	0	0	0	0	0	0	0	2	0	0	0	0	0	0	0	0	0	0	0	0	0	0	0	0	0	0	0	0	0	0	0	0	0	0	0	0	0
k__Bacteria___p__Pseudomonadota___c__Alphaproteobacteria___o__Rhodospirillales	0	0	2	0	0	0	67	0	2	0	0	0	526	0	430	0	0	877	0	2	0	464	0	57	0	0	55	0	864	0	19	44	0	0	0	0	2923	5	0	0	0	2491	0	0	0	1187	945	0	0	0	0	1385	0	525	0	0	0	0	0	0	0	0	0	0	0	0	0	1956	0	0	0	0	0	0	11674	0	0	0	7	0	0	0	7	0	0	0	0	0	0	0
k__Bacteria___p__Pseudomonadota___c__Gammaproteobacteria___o__Burkholderiales	260	626	1084	537	82	707	357	1425	605	801	1880	0	1396	11	788	55	220	1748	488	1279	1188	482	361	882	1247	889	304	1566	50	638	1032	108	1350	973	20	858	1043	1490	1319	0	0	1303	3	1198	302	314	435	996	400	1126	924	1454	1028	904	829	2524	0	1705	0	2224	48	0	1662	2787	582	1365	2014	1959	888	1002	876	924	665	2981	2562	1058	4	521	616	1943	3744	723	1049	804	916	887	57	1821	183	91
k__Bacteria___p__Pseudomonadota___c__Gammaproteobacteria___o__Enterobacterales	0	138	78	224	0	7	119	0	32	68	13	0	45	16	3	113	483	121	443	0	59	14	30	0	10	175	31	44	0	34	56	18	23	3	0	5828	10	15	184	105	52	117	0	86	222	37	107	3	30	111	49	18	39	14	60	32	387	3	23	13	0	29	27	5	135	75	27	148	2344	0	704	152	20	342	166	647	619	0	32	0	18	19	88	60	85	108	0	241	100	3713
k__Bacteria___p__Spirochaetota___c__Brachyspirae___o__Brachyspirales	0	0	0	0	0	0	0	0	0	0	0	0	0	0	0	0	0	0	0	5	0	0	0	0	0	0	0	0	0	0	0	0	0	0	0	0	0	0	0	0	0	0	0	0	0	0	0	0	0	0	0	0	0	0	0	0	0	0	0	0	0	0	0	0	0	0	0	0	0	0	0	0	0	0	0	0	0	0	0	0	0	0	0	0	0	0	0	0	0	0
k__Bacteria___p__Synergistota___c__Synergistia___o__Synergistales	0	0	4	0	0	0	0	0	0	0	0	0	0	0	0	0	0	0	0	0	0	0	11	0	0	0	0	0	0	0	0	0	0	0	0	0	0	0	0	0	0	0	0	0	0	0	0	0	6	0	0	0	0	0	0	0	0	0	0	0	0	0	0	0	2	0	0	0	0	0	0	0	0	0	0	0	0	0	0	0	0	0	0	0	0	0	0	0	0	0
k__Bacteria___p__Thermodesulfobacteriota___c__Desulfovibrionia___o__Desulfovibrionales	0	177	236	162	0	131	121	293	11	61	19	0	478	336	282	69	79	342	84	273	91	351	168	219	152	194	59	272	536	274	4	0	315	89	0	0	247	105	133	144	0	696	122	180	0	222	141	464	725	30	45	422	183	353	359	3	0	0	88	496	22	0	167	415	424	0	333	524	483	174	92	176	9	598	410	0	0	243	398	235	365	239	88	132	0	0	34	34	463	331
k__Bacteria___p__Verrucomicrobiota___c__Lentisphaeria___o__Victivallales	0	16	0	0	0	0	0	0	0	0	0	0	90	0	0	490	0	0	0	0	0	1364	53	0	0	0	0	0	0	7	0	0	0	0	0	0	0	0	5	0	0	0	0	0	0	52	16	11	0	0	22	0	0	97	0	0	0	0	0	0	0	0	0	0	0	0	0	0	0	0	0	0	0	0	0	0	0	0	0	0	0	0	0	25	0	0	0	0	0	0
k__Bacteria___p__Verrucomicrobiota___c__Verrucomicrobiia___o__Opitutales	0	0	0	144	0	0	0	0	0	0	0	0	0	0	0	0	0	0	0	0	122	0	0	0	0	0	0	0	0	0	0	0	0	0	0	0	0	0	0	0	0	0	0	0	0	83	0	0	0	0	0	0	0	0	0	0	0	0	8	0	0	0	0	0	0	0	0	0	0	0	0	0	0	0	0	0	0	0	0	0	0	0	0	0	0	0	0	0	0	0
k__Bacteria___p__Verrucomicrobiota___c__Verrucomicrobiia___o__Verrucomicrobiales	2	950	67	0	0	0	0	9	760	0	849	690	288	81	507	0	0	1903	0	311	0	84	456	0	0	27	13	0	0	0	0	0	2221	0	66	0	404	33	163	763	0	356	0	0	0	212	99	0	1031	0	0	0	0	733	998	44	0	151	0	0	14	0	0	178	102	0	0	0	0	107	0	5	0	0	735	0	0	0	0	455	0	958	0	19	0	0	146	0	0	3632
k__Archaea___p__Methanobacteriota___c__Methanobacteria___o__Methanobacteriales___f__Methanobacteriaceae	0	102	0	104	15	0	0	0	0	0	0	0	0	0	10	0	0	0	0	46	0	0	48	0	0	0	0	0	0	0	0	0	0	3	0	0	0	0	0	0	0	0	0	0	0	0	0	0	0	0	4	0	0	124	0	0	0	0	0	0	0	0	0	0	34	0	0	0	0	0	0	0	0	0	0	0	0	0	0	0	0	0	0	6	0	0	0	0	0	0
k__Archaea___p__Thermoplasmatota___c__Thermoplasmata___o__Methanomassiliicoccales___f__Methanomassiliicoccaceae	0	0	0	0	0	0	0	0	0	0	0	0	0	0	0	0	0	0	0	0	0	14	0	0	0	0	0	0	0	0	0	0	0	0	0	0	0	0	0	0	0	0	0	0	0	0	0	0	0	0	0	0	0	0	0	0	0	0	0	0	0	0	0	0	0	0	0	0	0	0	0	0	0	0	0	0	0	0	0	0	0	0	0	0	0	0	0	0	0	0
k__Bacteria___p__Actinomycetota___c__Actinobacteria___o__Actinomycetales___f__Actinomycetaceae	0	0	0	0	0	0	0	0	0	0	0	0	0	0	0	0	0	3	4	2	0	0	0	0	0	0	0	0	0	0	0	0	0	0	0	0	0	0	0	0	0	0	0	7	0	0	0	0	0	0	0	0	0	0	0	0	0	0	0	0	0	0	0	4	0	0	0	0	0	0	0	0	8	0	0	0	11	9	0	0	0	0	0	0	0	0	0	0	0	0
k__Bacteria___p__Actinomycetota___c__Actinobacteria___o__Bifidobacteriales___f__Bifidobacteriaceae	0	3220	628	2483	375	1808	154	2015	0	1461	118	661	2029	6443	178	482	338	174	484	3324	1065	178	7088	281	757	0	1094	1357	122	752	340	1485	29	297	32	20	290	170	157	0	0	272	1208	127	66	0	514	532	4640	384	309	129	433	520	0	2155	67	1675	0	187	1103	38	361	0	20	330	0	248	3900	32	386	21	2286	3842	883	639	0	8302	0	444	15	2373	147	216	144	0	304	1335	0	27
k__Bacteria___p__Actinomycetota___c__Actinobacteria___o__Micrococcales___f__Micrococcaceae	0	0	0	0	0	0	0	0	0	0	0	0	0	0	0	0	0	0	5	0	0	0	0	0	0	0	0	0	4	0	0	0	0	0	8	0	0	0	0	0	0	0	0	8	0	0	0	0	0	6	0	0	0	0	0	0	0	0	0	0	0	0	0	0	0	0	0	0	0	0	0	0	0	0	0	0	5	0	0	0	0	0	0	0	0	0	0	0	0	0
k__Bacteria___p__Actinomycetota___c__Actinobacteria___o__Mycobacteriales___f__Corynebacteriaceae	0	2	0	0	0	0	0	0	0	0	0	0	0	0	0	0	0	0	0	0	0	0	0	0	0	0	0	0	0	0	0	0	0	0	0	0	0	0	0	0	0	0	0	0	0	0	0	0	0	0	0	0	0	0	0	0	0	0	0	0	0	0	0	0	0	0	0	0	0	0	0	0	0	0	0	0	0	0	0	0	0	0	0	0	0	0	0	0	0	7
k__Bacteria___p__Actinomycetota___c__Coriobacteriia___o__Coriobacteriales___f__Atopobiaceae	0	0	0	125	0	0	0	0	0	0	0	0	0	109	0	6	0	0	0	0	0	0	0	0	0	0	0	0	0	0	0	0	0	0	0	0	0	0	0	0	0	0	0	0	0	0	0	0	0	0	2	0	111	0	0	0	0	0	0	0	0	0	0	0	0	0	0	0	0	0	0	0	0	0	0	0	0	0	0	0	0	0	0	0	0	0	0	0	0	0
k__Bacteria___p__Actinomycetota___c__Coriobacteriia___o__Coriobacteriales___f__Coriobacteriaceae	0	244	0	249	16	0	51	67	0	114	0	0	32	546	52	9	17	0	64	375	61	35	120	84	17	70	205	43	91	32	89	0	0	82	0	0	7	72	75	27	0	39	182	111	54	68	127	372	291	130	86	0	0	211	82	0	0	0	49	0	4	0	174	0	52	125	0	75	960	68	161	47	99	240	134	145	0	387	63	37	40	0	11	101	96	0	4	62	0	164
k__Bacteria___p__Actinomycetota___c__Coriobacteriia___o__Coriobacteriales___f__Coriobacteriales Incertae Sedis	0	0	0	9	0	0	0	0	21	0	0	2	10	80	6	0	69	0	0	21	0	32	0	20	4	44	12	0	0	0	0	0	13	19	0	0	0	24	14	0	0	0	58	151	0	78	0	0	6	0	0	0	0	0	0	0	0	0	0	0	0	0	18	0	118	0	0	4	7	14	18	0	3	0	0	0	0	0	45	31	7	36	0	27	9	13	0	0	0	14
k__Bacteria___p__Actinomycetota___c__Coriobacteriia___o__Coriobacteriales___f__Eggerthellaceae	82	44	150	11	0	18	0	0	136	4	31	11	14	62	0	7	0	16	10	20	19	0	43	0	17	8	7	56	22	0	0	19	87	17	6	20	103	29	12	0	5	15	12	59	0	7	29	0	15	70	23	0	37	27	42	8	78	7	67	10	0	5	45	7	66	0	59	4	45	37	29	8	0	42	27	20	9	13	34	17	11	0	20	15	0	12	10	0	88	118
k__Bacteria___p__Bacillota___c__Bacilli___o__Acholeplasmatales___f__Acholeplasmataceae	0	0	0	0	0	0	0	0	0	0	0	0	0	0	0	7	0	0	0	0	0	0	0	0	0	0	0	0	0	0	0	0	0	0	0	0	0	0	0	0	0	0	0	0	0	0	0	0	0	0	0	0	0	0	0	0	0	0	0	0	0	0	0	0	0	0	0	0	0	0	0	0	0	0	0	0	0	0	0	0	0	0	0	0	0	0	0	0	0	0
k__Bacteria___p__Bacillota___c__Bacilli___o__Erysipelotrichales___f__Erysipelatoclostridiaceae	485	153	249	242	26	222	566	155	2284	317	540	535	56	344	325	155	302	205	223	100	69	102	24	583	152	514	91	280	149	384	299	365	102	107	32	9	1003	608	65	1286	0	242	217	149	136	51	95	251	101	252	85	37	297	374	0	143	102	60	0	112	322	9	42	82	222	12	419	66	329	196	258	170	36	58	447	68	889	273	1106	82	654	264	301	207	134	140	235	468	0	280
k__Bacteria___p__Bacillota___c__Bacilli___o__Erysipelotrichales___f__Erysipelotrichaceae	480	165	11	15	13	28	63	13	159	17	32	19	7	118	24	0	23	295	95	67	62	2122	18	39	10	181	32	119	12	7	24	172	468	78	0	33	24	95	9	97	36	13	29	175	67	31	126	236	3	116	1834	121	4	33	67	137	122	148	130	332	0	135	292	82	125	8	41	7	113	56	114	258	97	82	26	100	50	29	50	7	6	14	110	19	10	36	1176	53	144	103
k__Bacteria___p__Bacillota___c__Bacilli___o__Lactobacillales___f__Carnobacteriaceae	0	0	0	0	0	0	15	0	0	0	0	15	0	0	0	0	0	0	0	0	0	0	0	12	0	0	0	8	0	0	0	0	0	0	9	0	0	0	0	14	0	0	0	0	0	0	0	0	0	0	0	0	0	0	0	13	0	0	0	0	17	0	0	5	13	0	0	0	0	0	6	0	0	0	0	0	41	0	0	0	0	0	0	0	0	0	0	0	0	0
k__Bacteria___p__Bacillota___c__Bacilli___o__Lactobacillales___f__Enterococcaceae	0	0	0	0	0	0	0	0	0	0	0	0	0	0	0	0	0	0	0	0	0	0	0	0	0	0	0	0	0	0	0	0	0	0	0	0	0	0	0	0	0	0	0	0	0	0	0	0	0	0	0	0	0	0	0	0	84	0	0	0	0	0	25	0	0	0	10	0	0	0	0	0	21	0	0	0	0	0	0	0	0	0	0	0	0	0	0	0	0	0
k__Bacteria___p__Bacillota___c__Bacilli___o__Lactobacillales___f__Lactobacillaceae	4	0	133	0	0	3	0	2	7	0	26	0	0	0	0	0	0	0	0	49	125	0	0	0	412	0	0	0	0	6	0	0	0	0	0	0	0	0	0	0	0	0	0	12	0	0	0	0	0	0	202	0	0	4	57	0	0	8	0	0	0	0	0	0	0	0	0	15	0	0	68	0	0	8	0	3	7	0	0	7	0	0	0	0	0	0	0	0	0	2
k__Bacteria___p__Bacillota___c__Bacilli___o__Lactobacillales___f__Streptococcaceae	302	229	41	0	110	5	66	45	114	296	140	60	16	128	63	11	55	299	709	62	0	113	26	95	17	81	98	250	197	23	104	0	22	25	411	0	48	0	84	31	0	54	81	266	94	24	80	0	30	412	12	25	0	87	45	743	1531	0	116	127	112	68	0	100	240	23	117	187	83	9	1262	43	23	16	116	15	397	36	48	160	6	143	43	23	41	13	36	66	34	78
k__Bacteria___p__Bacillota___c__Bacilli___o__Staphylococcales___f__Gemellaceae	0	0	0	0	0	0	0	0	0	0	0	0	0	0	0	0	0	0	0	0	0	0	0	0	0	0	0	0	0	0	0	0	0	0	0	0	0	0	0	0	0	0	0	0	0	0	0	0	0	0	0	0	0	0	0	0	0	0	0	0	0	0	0	0	7	0	0	2	0	0	0	0	0	0	0	0	0	0	0	0	0	0	0	0	0	0	0	0	0	0
k__Bacteria___p__Bacillota___c__Bacilli___o__Staphylococcales___f__Staphylococcaceae	0	0	0	0	0	0	0	0	0	0	0	0	0	0	0	0	0	0	0	0	0	0	0	0	0	0	0	0	0	0	0	0	0	0	0	0	0	0	0	0	0	0	0	0	0	0	0	0	0	0	0	0	0	0	0	0	0	0	0	0	0	0	0	0	0	0	0	3	0	0	0	0	0	0	0	0	0	0	0	0	0	0	0	0	0	0	0	0	0	0
k__Bacteria___p__Bacillota___c__Clostridia___o__Christensenellales___f__Christensenellaceae	44	1447	677	2377	679	112	181	170	95	29	35	0	793	44	1572	93	1131	68	0	1171	33	720	1215	138	116	117	175	97	3627	174	77	60	102	209	0	0	158	40	228	0	0	608	370	4894	0	371	3718	204	3613	2224	162	12	219	828	259	0	0	11	228	28	0	0	81	143	190	0	228	38	31	794	0	8	15	0	557	1723	0	71	155	67	17	52	20	265	19	0	323	0	0	999
k__Bacteria___p__Bacillota___c__Clostridia___o__Clostridiales___f__Clostridiaceae	0	102	22	20	0	0	33	0	210	58	0	0	0	60	0	0	0	46	239	5	0	0	788	0	0	0	3	6	11	0	62	0	0	20	0	0	11	0	0	0	128	0	0	323	69	21	39	0	0	35	36	20	0	0	0	31	0	0	0	0	0	0	0	5	17	128	16	0	12	0	60	60	465	0	0	0	0	66	12	12	0	41	20	20	0	0	0	0	0	0
k__Bacteria___p__Bacillota___c__Clostridia___o__Eubacteriales___f__Anaerofustaceae	0	0	0	0	0	0	0	0	2	0	0	0	0	0	0	0	0	0	0	0	0	0	0	0	0	0	0	0	0	0	0	0	0	0	0	0	0	0	0	0	0	0	0	0	0	0	0	0	0	0	0	0	0	0	2	0	0	0	0	0	0	0	0	0	0	0	0	0	0	0	0	0	0	0	0	0	0	0	0	0	0	0	2	0	0	0	0	0	0	0
k__Bacteria___p__Bacillota___c__Clostridia___o__Eubacteriales___f__Eubacteriaceae	0	0	0	0	0	0	0	0	0	0	0	0	0	0	0	0	0	0	0	0	0	0	0	0	0	0	0	0	0	0	0	0	0	0	0	0	0	0	0	0	0	0	0	0	0	0	0	0	0	0	0	0	0	0	0	0	0	0	0	0	0	0	0	0	0	0	0	0	0	0	0	0	0	0	0	0	0	0	2	0	0	0	0	0	0	0	0	0	0	0
k__Bacteria___p__Bacillota___c__Clostridia___o__Lachnospirales___f__Defluviitaleaceae	0	46	0	0	4	0	0	0	17	0	0	0	4	7	16	0	0	0	0	0	0	20	31	3	0	53	0	0	5	0	3	0	0	25	0	0	42	0	7	0	0	4	0	0	0	0	2	0	42	35	0	0	7	35	0	0	0	0	5	34	0	0	0	0	24	0	0	0	2	16	0	0	0	0	34	12	0	0	5	0	0	0	0	10	0	0	0	0	9	33
k__Bacteria___p__Bacillota___c__Clostridia___o__Lachnospirales___f__Lachnospiraceae	17544	9152	14663	3583	12330	6033	8768	5524	22564	9001	10454	5992	6620	7797	8371	3064	14376	9769	8147	5720	3024	11329	6468	8561	12363	10247	7202	11523	4909	8019	11833	8670	7600	8094	3336	4607	20813	690	11399	31166	12133	7938	10117	9346	6827	8933	7765	4924	9453	9363	5989	7662	11808	8217	10792	10748	16721	12634	11792	12393	12969	9582	6291	12514	24116	4269	11611	10516	8932	12638	8373	9757	5689	6897	15320	12203	22027	13440	8930	10729	8079	8963	7693	6715	5607	6327	10184	16396	12063	11532
k__Bacteria___p__Bacillota___c__Clostridia___o__Monoglobales___f__Monoglobaceae	9	108	318	0	58	322	94	227	621	169	177	516	19	47	229	14	106	127	153	101	0	432	0	60	170	162	42	69	171	42	124	200	53	20	40	29	591	213	217	11	0	68	122	0	337	274	79	12	39	39	16	65	372	185	234	26	303	253	0	55	36	6	30	351	282	0	68	43	5	282	88	172	24	0	177	73	0	87	266	198	0	277	176	205	51	191	189	121	8	162
k__Bacteria___p__Bacillota___c__Clostridia___o__Oscillospirales___f__Butyricicoccaceae	176	78	351	20	19	204	52	123	332	196	106	11	166	58	113	54	198	107	169	35	75	272	10	119	225	249	23	72	36	54	213	136	265	193	0	144	133	51	162	51	43	188	66	9	54	142	148	65	470	83	67	96	452	93	23	86	120	0	26	63	21	21	710	195	181	74	145	187	55	180	416	562	79	149	602	372	37	163	190	190	71	190	246	18	93	66	139	265	16	29
k__Bacteria___p__Bacillota___c__Clostridia___o__Oscillospirales___f__Ethanoligenenaceae	0	0	0	0	0	0	0	0	0	0	0	0	0	0	0	0	0	0	0	0	0	0	0	0	0	0	0	0	0	0	0	0	0	0	0	0	0	0	0	0	0	0	0	0	0	0	0	0	0	0	0	0	0	0	0	0	0	0	0	0	0	0	0	0	0	0	0	0	4	0	0	0	0	0	0	0	0	0	0	0	0	0	0	0	0	0	0	0	0	0
k__Bacteria___p__Bacillota___c__Clostridia___o__Oscillospirales___f__Oscillospiraceae	1077	2479	4265	4547	2791	352	1356	623	1239	1300	560	435	2497	270	2860	886	372	1210	56	2524	973	1460	4438	488	1418	739	707	837	2264	213	739	529	1831	1332	50	413	1441	284	1349	815	242	2490	1685	5310	85	1712	2090	2883	3579	2006	712	771	1519	2442	2646	337	203	628	3267	505	101	263	1377	624	2203	18	2297	474	839	2408	571	623	72	467	3510	1899	283	1390	1596	1679	327	2127	570	845	497	260	1287	131	1085	2811
k__Bacteria___p__Bacillota___c__Clostridia___o__Oscillospirales___f__Ruminococcaceae	12562	9338	9319	3385	41270	10509	11801	8774	6425	5425	6228	13043	5803	6628	5225	11639	7841	4740	2691	9272	499	7583	7889	27996	15409	13177	13081	7993	5248	8541	12122	8818	11163	11571	32536	6911	9174	12435	10865	11582	10195	7688	24748	14339	9355	10198	15216	5091	7062	8913	2475	10169	4564	13848	6285	2091	6	2754	2302	7876	18570	4179	3484	5873	76353	75	6682	7644	1938	15341	8499	8398	2647	153	21226	7143	7373	7133	8182	13324	3882	9484	10921	12668	2515	7824	18349	9773	437	4045
k__Bacteria___p__Bacillota___c__Clostridia___o__Oscillospirales___f__UCG-010	0	56	0	994	338	0	76	0	0	9	0	0	32	0	195	0	0	0	0	21	6	105	454	0	0	0	0	0	12	14	11	0	42	7	0	0	55	0	32	0	0	43	41	616	0	193	55	19	10	16	14	0	0	94	0	0	0	0	0	0	0	0	0	0	0	0	9	0	0	48	0	0	0	0	41	19	0	0	90	0	0	44	0	7	0	0	63	0	0	17
k__Bacteria___p__Bacillota___c__Clostridia___o__Oscillospirales___f__UCG-011	0	0	0	0	0	0	0	0	0	0	0	0	0	0	0	0	0	0	0	0	0	0	0	0	0	0	0	0	0	0	0	0	0	0	0	0	0	0	0	0	0	0	0	0	0	0	0	0	4	0	0	0	0	0	0	0	0	0	0	0	0	0	0	0	0	0	0	0	0	0	0	0	0	0	0	0	0	0	0	0	0	0	0	0	0	0	0	0	0	0
k__Bacteria___p__Bacillota___c__Clostridia___o__Oscillospirales___f__[Eubacterium] coprostanoligenes group	532	268	3079	270	2404	0	46	71	347	36	140	11	664	351	1434	583	1734	136	6	3361	0	553	2199	90	0	678	122	533	44	771	362	39	310	1231	0	0	426	6	2258	548	0	1360	277	1299	0	448	174	507	31	756	567	169	82	62	387	0	6	97	0	182	15	24	2497	0	945	2	117	32	166	1300	22	136	0	0	632	113	10	476	757	397	0	202	0	494	569	74	217	0	458	114
k__Bacteria___p__Bacillota___c__Clostridia___o__Peptococcales___f__Peptococcaceae	36	6	13	0	6	0	109	0	33	17	0	51	54	0	11	0	0	0	0	18	0	10	0	0	0	15	0	0	0	0	0	0	28	17	0	0	64	0	0	0	0	41	6	0	0	16	34	16	19	139	0	0	0	16	3	0	0	0	58	0	0	0	0	0	0	0	0	6	5	211	0	78	0	0	134	6	0	0	41	54	0	0	0	24	0	0	0	0	0	0
k__Bacteria___p__Bacillota___c__Clostridia___o__Peptostreptococcales-Tissierellales___f__Anaerovoracaceae	155	76	60	189	8	0	17	20	99	44	15	3	73	16	43	27	45	22	0	107	31	65	48	7	69	8	5	80	5	3	29	0	17	68	5	3	122	29	64	50	0	58	3	147	0	59	24	23	201	68	24	5	19	63	69	0	0	10	43	4	5	0	54	11	14	0	46	11	16	63	21	0	0	0	72	14	0	23	67	55	0	32	62	56	0	6	9	0	8	70
k__Bacteria___p__Bacillota___c__Clostridia___o__Peptostreptococcales-Tissierellales___f__Family XI	50	3	0	0	0	2	0	0	6	0	0	2	32	0	0	0	0	25	0	3	0	0	0	0	0	0	0	0	0	0	0	0	0	3	0	143	0	0	0	0	0	0	0	12	3	0	10	0	16	0	0	0	0	0	3	0	5	0	0	0	0	0	0	0	0	0	0	25	20	0	0	0	0	16	0	0	0	0	0	0	0	0	0	0	0	0	0	0	2	0
k__Bacteria___p__Bacillota___c__Clostridia___o__Peptostreptococcales-Tissierellales___f__Peptostreptococcaceae	113	674	534	6	32	15	322	19	916	104	164	37	21	492	6	7	45	76	16	83	0	101	446	168	16	72	45	107	12	14	158	119	0	158	4	116	9	0	77	0	370	10	20	279	96	6	17	28	56	121	53	60	8	22	138	121	148	188	17	0	26	10	16	0	126	114	65	98	42	55	527	181	181	38	21	39	44	0	0	142	7	81	119	0	0	0	6	0	0	157
k__Bacteria___p__Bacillota___c__Negativicutes___o__Acidaminococcales___f__Acidaminococcaceae	0	111	0	53	50	0	54	5	276	10	0	108	119	59	124	17	39	377	0	17	0	0	0	263	160	112	198	171	76	0	95	0	319	0	0	0	46	50	0	0	0	286	0	86	0	10	90	9	310	15	65	229	137	63	277	0	0	0	71	429	0	74	148	574	155	909	470	0	663	453	0	3	33	250	109	60	0	274	96	0	4	0	120	0	604	0	108	96	290	301
k__Bacteria___p__Bacillota___c__Negativicutes___o__Veillonellales-Selenomonadales___f__Selenomonadaceae	26	0	0	0	0	0	22	0	0	0	0	0	0	75	0	0	0	0	0	0	44	36	0	0	0	0	0	0	0	2	0	0	0	4	0	0	0	0	0	0	0	19	0	0	0	0	3	0	0	0	0	0	0	2	0	0	0	22	0	0	9	0	298	0	0	4973	0	0	0	0	0	0	2968	3	0	8	0	13	0	0	0	0	3	0	0	0	0	0	0	0
k__Bacteria___p__Bacillota___c__Negativicutes___o__Veillonellales-Selenomonadales___f__Veillonellaceae	370	381	273	520	110	0	820	360	0	358	153	4	108	20	6	481	144	7	551	296	645	229	600	0	64	0	1278	10	0	7	30	138	0	192	1017	657	118	0	142	357	113	181	820	863	320	226	7	552	5	244	176	680	4	138	0	148	658	210	0	0	2034	0	0	0	137	1901	339	927	0	0	212	345	1157	0	117	310	4225	6	0	297	411	76	6	498	62	483	14	214	0	3
k__Bacteria___p__Bacteroidota___c__Bacteroidia___o__Bacteroidales___f__Bacteroidaceae	15579	9198	16301	13521	870	12780	1738	10232	7417	15616	15747	6596	6458	1094	4833	99	12594	11820	1602	9766	402	3193	4959	9151	6657	11291	4783	10365	13121	11306	5160	10470	11752	8158	971	9750	3711	17213	9738	757	19400	5494	2682	12385	12860	4085	2748	5254	7350	8298	397	10932	15160	9093	7473	18196	23468	24384	4755	17317	309	16668	2533	17480	10362	21572	18828	14519	17988	6545	10430	12275	565	13872	20402	7542	2741	7767	7714	8902	23672	7192	15741	13511	1177	12965	2668	8759	9811	5736
k__Bacteria___p__Bacteroidota___c__Bacteroidia___o__Bacteroidales___f__Barnesiellaceae	858	0	0	34	48	0	38	0	0	0	968	0	0	61	497	0	146	0	0	454	107	402	0	36	258	373	82	471	582	0	19	509	0	864	0	0	921	24	1173	0	0	176	105	5185	2	1893	707	813	60	593	21	0	0	683	0	0	0	0	5	483	12	0	885	0	557	0	0	413	0	28	0	0	28	0	1320	0	85	20	8	112	0	0	0	0	0	0	50	0	0	25
k__Bacteria___p__Bacteroidota___c__Bacteroidia___o__Bacteroidales___f__Marinifilaceae	0	71	68	129	8	0	27	83	38	145	97	0	50	0	238	11	123	62	0	166	99	188	120	22	52	0	37	34	139	51	40	0	122	92	9	112	107	7	194	107	0	34	14	1584	196	163	78	175	190	186	26	67	69	242	70	195	0	0	49	164	0	231	95	179	237	0	159	55	56	68	51	0	0	38	360	83	0	113	59	34	162	145	54	117	0	40	11	8	0	189
k__Bacteria___p__Bacteroidota___c__Bacteroidia___o__Bacteroidales___f__Muribaculaceae	0	0	0	4191	0	240	0	0	0	0	0	4	6	174	2	145	0	0	0	0	189	0	0	0	0	0	0	0	0	0	0	0	0	0	0	0	2	0	0	0	0	0	0	0	0	0	0	0	0	0	0	0	0	0	15	0	0	0	0	0	2	0	0	0	0	0	0	0	0	0	0	0	0	0	0	1759	0	0	0	0	0	32	0	0	231	0	0	0	0	0
k__Bacteria___p__Bacteroidota___c__Bacteroidia___o__Bacteroidales___f__Porphyromonadaceae	0	0	0	0	0	0	0	0	0	0	0	0	30	0	0	0	0	22	2	0	0	0	0	0	0	0	0	9	0	0	0	0	0	0	0	35	0	0	0	0	0	0	0	3	0	0	0	0	0	0	2	0	0	3	22	0	0	0	0	0	0	0	0	0	0	0	0	0	4	0	0	0	0	0	0	0	0	0	0	0	0	0	0	0	0	0	0	0	0	0
k__Bacteria___p__Bacteroidota___c__Bacteroidia___o__Bacteroidales___f__Prevotellaceae	78	38	5	12	0	46	25871	0	33	0	0	0	539	0	131	8066	42	66	29662	0	21638	6128	0	7	140	0	0	26	33	0	4	9	0	1862	0	114	13	7	0	5	0	4887	15	22	46	604	56	11588	581	2191	25666	1255	15	227	26	31	31	134	187	6	170	0	19826	7	0	395	0	38	29	300	7	26	31117	20	0	428	0	64	499	0	0	0	0	0	21768	0	0	0	53	7
k__Bacteria___p__Bacteroidota___c__Bacteroidia___o__Bacteroidales___f__Rikenellaceae	0	2795	3728	2541	236	70	355	2466	1052	928	1063	128	1569	1511	1328	332	816	5130	4	2893	388	2774	4383	573	2099	4054	757	2356	1049	732	682	309	2945	1567	174	95	3075	568	985	0	7	580	529	7507	0	4417	1619	3502	2676	2285	63	1410	722	5007	6538	1986	336	516	2002	2165	41	2372	2173	2935	1014	103	2540	1593	768	1163	986	1076	102	2901	7198	2247	349	1355	2151	2216	681	2761	965	2190	22	1264	244	166	4274	2437
k__Bacteria___p__Bacteroidota___c__Bacteroidia___o__Bacteroidales___f__Tannerellaceae	1254	785	62	1546	160	4761	182	361	481	378	1202	326	575	1208	529	23	141	1891	80	1634	103	1271	378	314	232	2662	159	614	1551	490	2101	417	1218	1322	69	126	1160	1062	1106	1367	0	1126	142	1102	472	310	661	1397	541	821	208	3410	45	560	649	6337	3743	0	786	1451	26	487	155	1822	2131	1103	836	842	1799	522	703	403	76	1160	1981	934	246	201	1163	604	6161	672	488	1265	77	724	234	592	1540	204
k__Bacteria___p__Bacteroidota___c__Bacteroidia___o__Flavobacteriales___f__Weeksellaceae	0	0	0	0	0	0	0	0	0	0	0	0	0	0	0	0	0	0	0	0	0	0	0	0	0	0	0	0	0	2	0	0	0	0	0	0	0	0	0	0	0	0	0	0	0	0	0	0	0	0	0	0	0	0	0	0	0	0	0	0	0	0	0	0	0	0	0	0	0	0	0	0	0	0	0	0	0	0	0	0	0	0	0	0	0	0	0	0	0	0
k__Bacteria___p__Campylobacterota___c__Campylobacteria___o__Campylobacterales___f__Campylobacteraceae	0	7	0	0	0	0	0	0	0	0	0	0	12	0	0	0	0	8	3	0	0	0	0	0	0	0	0	8	0	0	0	0	0	0	0	6	0	0	0	0	0	0	0	0	0	0	0	0	0	0	0	0	0	0	0	0	8	0	0	0	0	0	0	0	0	0	0	0	0	0	0	0	0	0	0	0	0	0	0	0	0	0	0	0	0	0	0	0	0	0
k__Bacteria___p__Cyanobacteriota___c__Vampirivibrionia___o__Gastranaerophilales___f__Gastranaerophilaceae	0	0	0	0	0	0	28	0	42	0	0	0	0	0	0	0	0	0	0	0	0	1984	0	0	0	0	0	0	0	0	0	18	0	0	0	0	355	0	0	0	0	0	65	0	0	0	0	68	0	0	0	0	0	0	0	0	0	0	0	0	0	0	0	0	0	0	0	0	0	0	0	0	0	0	0	0	0	0	0	0	0	33	0	0	0	0	0	0	0	0
k__Bacteria___p__Deferribacterota___c__Deferribacteres___o__Deferribacterales___f__Deferribacteraceae	0	0	0	0	0	0	0	0	0	0	0	0	0	0	0	0	0	0	0	0	0	0	0	0	0	0	0	0	0	0	0	0	0	0	0	0	0	0	0	0	0	0	0	0	0	0	0	0	0	0	0	0	0	8	0	0	0	0	0	0	0	0	0	0	0	0	0	0	0	0	0	0	0	0	0	3	0	0	0	0	0	0	0	0	0	0	0	0	0	0
k__Bacteria___p__Elusimicrobiota___c__Elusimicrobia___o__Elusimicrobiales___f__Elusimicrobiaceae	0	0	0	0	0	0	0	0	0	0	0	0	0	0	0	1538	0	0	0	0	0	0	0	0	0	0	0	0	0	2	0	0	0	0	0	0	0	0	0	0	0	0	0	0	0	0	0	0	0	0	0	0	0	0	0	0	0	0	0	0	0	0	0	0	0	0	0	0	0	0	0	0	0	0	0	0	0	0	0	0	0	0	0	0	0	0	0	0	0	0
k__Bacteria___p__Fusobacteriota___c__Fusobacteriia___o__Fusobacteriales___f__Fusobacteriaceae	0	0	0	0	0	0	0	0	0	0	0	0	0	0	0	0	0	0	0	0	0	0	0	0	0	2	0	6	0	7	0	0	0	0	0	117	0	4	0	0	0	0	0	0	0	0	7	0	0	0	0	0	0	0	0	0	0	0	0	0	0	0	0	0	0	0	0	0	30	0	0	0	0	0	0	0	0	0	36	0	0	0	0	0	0	0	0	3	0	0
k__Bacteria___p__Fusobacteriota___c__Fusobacteriia___o__Fusobacteriales___f__Leptotrichiaceae	0	0	0	0	0	0	0	0	0	0	0	0	0	0	0	0	2	0	0	0	0	0	0	0	0	12	0	0	0	0	0	0	0	0	0	0	0	0	0	0	0	0	0	0	0	0	0	0	0	0	0	0	0	0	0	2	0	0	0	0	0	0	0	0	0	0	0	2	0	0	0	0	0	0	0	0	0	0	0	0	0	0	0	0	0	0	0	0	0	0
k__Bacteria___p__Pseudomonadota___c__Alphaproteobacteria___o__Hyphomicrobiales___f__Rhizobiaceae	0	0	0	0	0	0	0	0	0	0	0	0	0	0	0	0	0	0	0	0	0	0	0	0	0	0	0	0	0	0	0	0	0	0	0	0	0	0	0	0	0	0	0	0	0	0	0	0	0	0	0	0	0	0	0	0	0	0	0	0	2	0	0	0	0	0	0	0	0	0	0	0	0	0	0	0	0	0	0	0	0	0	0	0	0	0	0	0	0	0
k__Bacteria___p__Pseudomonadota___c__Gammaproteobacteria___o__Burkholderiales___f__Comamonadaceae	0	0	0	0	0	0	0	0	0	0	0	0	0	0	0	0	0	0	0	0	0	0	0	0	0	0	0	0	0	0	0	0	0	0	0	0	0	0	0	0	0	0	0	0	0	0	0	0	0	0	0	0	0	0	0	0	0	0	0	0	0	0	0	0	0	0	0	0	0	0	0	0	0	0	0	0	2	0	0	0	0	0	0	0	0	0	0	0	0	0
k__Bacteria___p__Pseudomonadota___c__Gammaproteobacteria___o__Burkholderiales___f__Neisseriaceae	0	0	0	0	0	0	0	0	0	0	0	0	0	0	0	0	0	0	0	0	0	0	0	0	0	0	0	0	0	6	0	0	0	0	0	0	0	0	0	0	0	0	0	0	0	0	0	0	0	0	0	0	0	0	0	0	0	0	0	0	0	0	0	0	0	0	0	0	0	0	0	0	0	0	0	0	0	0	0	0	0	0	0	0	0	0	0	0	0	0
k__Bacteria___p__Pseudomonadota___c__Gammaproteobacteria___o__Burkholderiales___f__Oxalobacteraceae	0	27	0	0	0	0	0	0	0	0	0	0	29	11	0	0	0	48	0	0	0	24	0	0	26	0	0	0	0	0	0	0	0	0	0	0	0	0	0	0	0	19	0	0	0	0	0	0	25	0	7	0	6	0	0	0	0	0	0	0	0	0	20	0	0	0	0	0	10	0	0	0	0	0	0	39	0	0	0	0	0	0	0	0	0	0	0	0	0	0
k__Bacteria___p__Pseudomonadota___c__Gammaproteobacteria___o__Burkholderiales___f__Sutterellaceae	260	599	1084	537	82	707	357	1425	605	801	1880	0	1367	0	788	55	220	1700	488	1279	1188	458	361	882	1221	889	304	1566	50	632	1032	108	1350	973	20	858	1043	1490	1319	0	0	1284	3	1198	302	314	435	996	375	1126	917	1454	1022	904	829	2524	0	1705	0	2224	48	0	1642	2787	582	1365	2014	1959	878	1002	876	924	665	2981	2562	1019	2	521	616	1943	3744	723	1049	804	916	887	57	1821	183	91
k__Bacteria___p__Pseudomonadota___c__Gammaproteobacteria___o__Enterobacterales___f__Enterobacteriaceae	0	109	78	209	0	0	4	0	32	0	0	0	45	16	0	0	477	52	14	0	11	0	30	0	0	104	16	44	0	0	6	18	23	0	0	5777	0	0	171	99	52	0	0	71	64	37	27	3	27	0	27	18	0	4	60	26	358	0	23	13	0	29	27	0	113	54	27	26	2344	0	0	0	0	61	10	509	619	0	17	0	7	0	0	0	0	24	0	5	100	3706
k__Bacteria___p__Pseudomonadota___c__Gammaproteobacteria___o__Enterobacterales___f__Morganellaceae	0	0	0	0	0	0	0	0	0	0	0	0	0	0	0	0	0	0	0	0	0	0	0	0	0	0	0	0	0	0	0	0	0	0	0	46	0	0	0	0	0	0	0	0	0	0	0	0	0	0	0	0	0	0	0	0	0	0	0	0	0	0	0	0	0	0	0	0	0	0	0	0	0	0	0	0	0	0	0	0	0	0	0	0	0	0	0	0	0	0
k__Bacteria___p__Pseudomonadota___c__Gammaproteobacteria___o__Enterobacterales___f__Pasteurellaceae	0	29	0	15	0	7	6	0	0	68	13	0	0	0	3	0	6	69	429	0	48	14	0	0	10	71	15	0	0	34	50	0	0	3	0	5	10	15	13	0	0	117	0	15	158	0	80	0	3	111	22	0	39	0	0	6	29	3	0	0	0	0	0	5	22	21	0	122	0	0	704	152	20	0	156	138	0	0	15	0	11	19	88	60	85	84	0	236	0	7
k__Bacteria___p__Pseudomonadota___c__Gammaproteobacteria___o__Enterobacterales___f__Succinivibrionaceae	0	0	0	0	0	0	109	0	0	0	0	0	0	0	0	113	0	0	0	0	0	0	0	0	0	0	0	0	0	0	0	0	0	0	0	0	0	0	0	0	0	0	0	0	0	0	0	0	0	0	0	0	0	0	0	0	0	0	0	0	0	0	0	0	0	0	0	0	0	0	0	0	0	281	0	0	0	0	0	0	0	0	0	0	0	0	0	0	0	0
k__Bacteria___p__Pseudomonadota___c__Gammaproteobacteria___o__Enterobacterales___f__Vibrionaceae	0	0	0	0	0	0	0	0	0	0	0	0	0	0	0	0	0	0	0	0	0	0	0	0	0	0	0	0	0	0	0	0	0	0	0	0	0	0	0	6	0	0	0	0	0	0	0	0	0	0	0	0	0	10	0	0	0	0	0	0	0	0	0	0	0	0	0	0	0	0	0	0	0	0	0	0	0	0	0	0	0	0	0	0	0	0	0	0	0	0
k__Bacteria___p__Spirochaetota___c__Brachyspirae___o__Brachyspirales___f__Brachyspiraceae	0	0	0	0	0	0	0	0	0	0	0	0	0	0	0	0	0	0	0	5	0	0	0	0	0	0	0	0	0	0	0	0	0	0	0	0	0	0	0	0	0	0	0	0	0	0	0	0	0	0	0	0	0	0	0	0	0	0	0	0	0	0	0	0	0	0	0	0	0	0	0	0	0	0	0	0	0	0	0	0	0	0	0	0	0	0	0	0	0	0
k__Bacteria___p__Synergistota___c__Synergistia___o__Synergistales___f__Synergistaceae	0	0	4	0	0	0	0	0	0	0	0	0	0	0	0	0	0	0	0	0	0	0	11	0	0	0	0	0	0	0	0	0	0	0	0	0	0	0	0	0	0	0	0	0	0	0	0	0	6	0	0	0	0	0	0	0	0	0	0	0	0	0	0	0	2	0	0	0	0	0	0	0	0	0	0	0	0	0	0	0	0	0	0	0	0	0	0	0	0	0
k__Bacteria___p__Thermodesulfobacteriota___c__Desulfovibrionia___o__Desulfovibrionales___f__Desulfovibrionaceae	0	177	236	162	0	131	121	293	11	61	19	0	478	336	282	69	79	342	84	273	91	351	168	219	152	194	59	272	536	274	4	0	315	89	0	0	247	105	133	144	0	694	122	180	0	222	141	464	725	30	45	422	183	353	359	3	0	0	88	496	22	0	167	415	424	0	333	524	483	174	92	176	9	598	410	0	0	243	398	235	365	239	88	132	0	0	34	34	463	331
k__Bacteria___p__Verrucomicrobiota___c__Lentisphaeria___o__Victivallales___f__Victivallaceae	0	16	0	0	0	0	0	0	0	0	0	0	90	0	0	0	0	0	0	0	0	1364	53	0	0	0	0	0	0	7	0	0	0	0	0	0	0	0	0	0	0	0	0	0	0	52	10	11	0	0	22	0	0	21	0	0	0	0	0	0	0	0	0	0	0	0	0	0	0	0	0	0	0	0	0	0	0	0	0	0	0	0	0	25	0	0	0	0	0	0
k__Bacteria___p__Verrucomicrobiota___c__Lentisphaeria___o__Victivallales___f__vadinBE97	0	0	0	0	0	0	0	0	0	0	0	0	0	0	0	490	0	0	0	0	0	0	0	0	0	0	0	0	0	0	0	0	0	0	0	0	0	0	5	0	0	0	0	0	0	0	6	0	0	0	0	0	0	76	0	0	0	0	0	0	0	0	0	0	0	0	0	0	0	0	0	0	0	0	0	0	0	0	0	0	0	0	0	0	0	0	0	0	0	0
k__Bacteria___p__Verrucomicrobiota___c__Verrucomicrobiia___o__Opitutales___f__Puniceicoccaceae	0	0	0	144	0	0	0	0	0	0	0	0	0	0	0	0	0	0	0	0	122	0	0	0	0	0	0	0	0	0	0	0	0	0	0	0	0	0	0	0	0	0	0	0	0	83	0	0	0	0	0	0	0	0	0	0	0	0	8	0	0	0	0	0	0	0	0	0	0	0	0	0	0	0	0	0	0	0	0	0	0	0	0	0	0	0	0	0	0	0
k__Bacteria___p__Verrucomicrobiota___c__Verrucomicrobiia___o__Verrucomicrobiales___f__Akkermansiaceae	2	950	67	0	0	0	0	9	760	0	849	690	288	81	507	0	0	1903	0	311	0	84	456	0	0	27	13	0	0	0	0	0	2221	0	66	0	404	33	163	763	0	356	0	0	0	212	99	0	1031	0	0	0	0	733	998	44	0	151	0	0	14	0	0	178	102	0	0	0	0	107	0	5	0	0	735	0	0	0	0	455	0	958	0	19	0	0	146	0	0	3632
k__Archaea___p__Methanobacteriota___c__Methanobacteria___o__Methanobacteriales___f__Methanobacteriaceae___g__Methanobrevibacter	0	102	0	104	15	0	0	0	0	0	0	0	0	0	10	0	0	0	0	46	0	0	48	0	0	0	0	0	0	0	0	0	0	3	0	0	0	0	0	0	0	0	0	0	0	0	0	0	0	0	4	0	0	124	0	0	0	0	0	0	0	0	0	0	34	0	0	0	0	0	0	0	0	0	0	0	0	0	0	0	0	0	0	6	0	0	0	0	0	0
k__Archaea___p__Thermoplasmatota___c__Thermoplasmata___o__Methanomassiliicoccales___f__Methanomassiliicoccaceae___g__Methanomassiliicoccus	0	0	0	0	0	0	0	0	0	0	0	0	0	0	0	0	0	0	0	0	0	14	0	0	0	0	0	0	0	0	0	0	0	0	0	0	0	0	0	0	0	0	0	0	0	0	0	0	0	0	0	0	0	0	0	0	0	0	0	0	0	0	0	0	0	0	0	0	0	0	0	0	0	0	0	0	0	0	0	0	0	0	0	0	0	0	0	0	0	0
k__Bacteria___p__Actinomycetota___c__Actinobacteria___o__Actinomycetales___f__Actinomycetaceae___g__Schaalia	0	0	0	0	0	0	0	0	0	0	0	0	0	0	0	0	0	3	4	0	0	0	0	0	0	0	0	0	0	0	0	0	0	0	0	0	0	0	0	0	0	0	0	0	0	0	0	0	0	0	0	0	0	0	0	0	0	0	0	0	0	0	0	4	0	0	0	0	0	0	0	0	8	0	0	0	11	9	0	0	0	0	0	0	0	0	0	0	0	0
k__Bacteria___p__Actinomycetota___c__Actinobacteria___o__Actinomycetales___f__Actinomycetaceae___g__Varibaculum	0	0	0	0	0	0	0	0	0	0	0	0	0	0	0	0	0	0	0	2	0	0	0	0	0	0	0	0	0	0	0	0	0	0	0	0	0	0	0	0	0	0	0	7	0	0	0	0	0	0	0	0	0	0	0	0	0	0	0	0	0	0	0	0	0	0	0	0	0	0	0	0	0	0	0	0	0	0	0	0	0	0	0	0	0	0	0	0	0	0
k__Bacteria___p__Actinomycetota___c__Actinobacteria___o__Bifidobacteriales___f__Bifidobacteriaceae___g__Bifidobacterium	0	3220	628	2483	375	1808	154	2015	0	1461	118	661	2029	6443	178	482	338	174	484	3324	1065	176	7088	281	757	0	1094	1357	122	752	340	1485	29	297	32	20	290	170	157	0	0	272	1206	127	66	0	514	532	4640	384	309	129	433	516	0	2143	67	1675	0	187	1103	38	361	0	20	330	0	248	3900	32	386	21	2286	3842	883	639	0	8302	0	444	15	2373	147	216	144	0	304	1335	0	27
k__Bacteria___p__Actinomycetota___c__Actinobacteria___o__Micrococcales___f__Micrococcaceae___g__Rothia	0	0	0	0	0	0	0	0	0	0	0	0	0	0	0	0	0	0	5	0	0	0	0	0	0	0	0	0	4	0	0	0	0	0	8	0	0	0	0	0	0	0	0	8	0	0	0	0	0	6	0	0	0	0	0	0	0	0	0	0	0	0	0	0	0	0	0	0	0	0	0	0	0	0	0	0	5	0	0	0	0	0	0	0	0	0	0	0	0	0
k__Bacteria___p__Actinomycetota___c__Actinobacteria___o__Mycobacteriales___f__Corynebacteriaceae___g__Corynebacterium	0	2	0	0	0	0	0	0	0	0	0	0	0	0	0	0	0	0	0	0	0	0	0	0	0	0	0	0	0	0	0	0	0	0	0	0	0	0	0	0	0	0	0	0	0	0	0	0	0	0	0	0	0	0	0	0	0	0	0	0	0	0	0	0	0	0	0	0	0	0	0	0	0	0	0	0	0	0	0	0	0	0	0	0	0	0	0	0	0	7
k__Bacteria___p__Actinomycetota___c__Coriobacteriia___o__Coriobacteriales___f__Atopobiaceae___g__Olsenella	0	0	0	76	0	0	0	0	0	0	0	0	0	17	0	0	0	0	0	0	0	0	0	0	0	0	0	0	0	0	0	0	0	0	0	0	0	0	0	0	0	0	0	0	0	0	0	0	0	0	0	0	111	0	0	0	0	0	0	0	0	0	0	0	0	0	0	0	0	0	0	0	0	0	0	0	0	0	0	0	0	0	0	0	0	0	0	0	0	0
k__Bacteria___p__Actinomycetota___c__Coriobacteriia___o__Coriobacteriales___f__Atopobiaceae___g__Tractidigestivibacter	0	0	0	49	0	0	0	0	0	0	0	0	0	92	0	6	0	0	0	0	0	0	0	0	0	0	0	0	0	0	0	0	0	0	0	0	0	0	0	0	0	0	0	0	0	0	0	0	0	0	2	0	0	0	0	0	0	0	0	0	0	0	0	0	0	0	0	0	0	0	0	0	0	0	0	0	0	0	0	0	0	0	0	0	0	0	0	0	0	0
k__Bacteria___p__Actinomycetota___c__Coriobacteriia___o__Coriobacteriales___f__Coriobacteriaceae___g__Collinsella	0	244	0	249	16	0	51	67	0	114	0	0	32	546	52	9	17	0	64	375	61	35	120	84	17	70	205	43	91	32	89	0	0	82	0	0	0	72	75	27	0	39	182	111	54	68	127	372	291	130	86	0	0	211	82	0	0	0	49	0	4	0	174	0	0	125	0	75	960	68	161	47	99	240	134	145	0	387	63	37	40	0	11	101	96	0	4	62	0	164
k__Bacteria___p__Actinomycetota___c__Coriobacteriia___o__Coriobacteriales___f__Coriobacteriaceae___g__Enorma	0	0	0	0	0	0	0	0	0	0	0	0	0	0	0	0	0	0	0	0	0	0	0	0	0	0	0	0	0	0	0	0	0	0	0	0	7	0	0	0	0	0	0	0	0	0	0	0	0	0	0	0	0	0	0	0	0	0	0	0	0	0	0	0	52	0	0	0	0	0	0	0	0	0	0	0	0	0	0	0	0	0	0	0	0	0	0	0	0	0
k__Bacteria___p__Actinomycetota___c__Coriobacteriia___o__Coriobacteriales___f__Eggerthellaceae___g__Adlercreutzia	0	0	0	0	0	0	0	0	0	0	0	0	0	0	0	0	0	0	0	0	0	0	0	0	0	0	0	0	0	0	0	0	0	0	0	0	0	0	0	0	0	6	0	0	0	0	15	0	0	0	0	0	0	0	7	0	0	0	0	0	0	0	26	0	0	0	0	0	0	0	0	0	0	0	0	0	0	0	0	0	0	0	0	0	0	0	0	0	0	0
k__Bacteria___p__Actinomycetota___c__Coriobacteriia___o__Coriobacteriales___f__Eggerthellaceae___g__Asaccharobacter	0	0	116	0	0	0	0	0	84	4	10	0	14	52	0	0	0	0	3	20	0	0	23	0	17	8	7	56	18	0	0	19	82	17	6	0	68	0	12	0	0	0	12	32	0	7	0	0	15	0	0	0	37	16	25	0	0	0	56	10	0	5	13	0	51	0	59	0	0	37	0	0	0	0	10	20	0	0	15	17	0	0	20	15	0	0	6	0	0	60
k__Bacteria___p__Actinomycetota___c__Coriobacteriia___o__Coriobacteriales___f__Eggerthellaceae___g__CHKCI002	0	0	0	11	0	0	0	0	0	0	0	0	0	0	0	0	0	0	0	0	0	0	0	0	0	0	0	0	0	0	0	0	0	0	0	0	0	0	0	0	0	0	0	0	0	0	0	0	0	0	0	0	0	0	0	0	0	0	0	0	0	0	0	0	0	0	0	0	0	0	0	0	0	0	0	0	0	0	0	0	0	0	0	0	0	0	0	0	0	0
k__Bacteria___p__Actinomycetota___c__Coriobacteriia___o__Coriobacteriales___f__Eggerthellaceae___g__Eggerthella	82	0	17	0	0	18	0	0	44	0	21	11	0	10	0	0	0	16	0	0	0	0	0	0	0	0	0	0	0	0	0	0	5	0	0	20	0	9	0	0	5	0	0	6	0	0	0	0	0	0	0	0	0	0	10	8	78	7	8	0	0	0	0	7	15	0	0	0	45	0	0	8	0	0	0	0	9	0	0	0	11	0	0	0	0	0	0	0	88	9
k__Bacteria___p__Actinomycetota___c__Coriobacteriia___o__Coriobacteriales___f__Eggerthellaceae___g__Gordonibacter	0	6	10	0	0	0	0	0	8	0	0	0	0	0	0	0	0	0	0	0	0	0	0	0	0	0	0	0	0	0	0	0	0	0	0	0	0	0	0	0	0	0	0	0	0	0	0	0	0	0	0	0	0	0	0	0	0	0	3	0	0	0	0	0	0	0	0	0	0	0	0	0	0	0	0	0	0	0	0	0	0	0	0	0	0	0	0	0	0	0
k__Bacteria___p__Actinomycetota___c__Coriobacteriia___o__Coriobacteriales___f__Eggerthellaceae___g__Senegalimassilia	0	0	0	0	0	0	0	0	0	0	0	0	0	0	0	0	0	0	0	0	5	0	0	0	0	0	0	0	0	0	0	0	0	0	0	0	0	20	0	0	0	9	0	0	0	0	0	0	0	0	18	0	0	0	0	0	0	0	0	0	0	0	0	0	0	0	0	0	0	0	0	0	0	0	17	0	0	0	19	0	0	0	0	0	0	12	0	0	0	0
k__Bacteria___p__Actinomycetota___c__Coriobacteriia___o__Coriobacteriales___f__Eggerthellaceae___g__Slackia	0	0	0	0	0	0	0	0	0	0	0	0	0	0	0	0	0	0	7	0	4	0	0	0	0	0	0	0	4	0	0	0	0	0	0	0	0	0	0	0	0	0	0	21	0	0	0	0	0	34	5	0	0	0	0	0	0	0	0	0	0	0	6	0	0	0	0	4	0	0	29	0	0	0	0	0	0	0	0	0	0	0	0	0	0	0	4	0	0	49
k__Bacteria___p__Bacillota___c__Bacilli___o__Acholeplasmatales___f__Acholeplasmataceae___g__Anaeroplasma	0	0	0	0	0	0	0	0	0	0	0	0	0	0	0	7	0	0	0	0	0	0	0	0	0	0	0	0	0	0	0	0	0	0	0	0	0	0	0	0	0	0	0	0	0	0	0	0	0	0	0	0	0	0	0	0	0	0	0	0	0	0	0	0	0	0	0	0	0	0	0	0	0	0	0	0	0	0	0	0	0	0	0	0	0	0	0	0	0	0
k__Bacteria___p__Bacillota___c__Bacilli___o__Erysipelotrichales___f__Erysipelatoclostridiaceae___g__Catenibacterium	0	0	0	0	0	0	0	0	0	0	0	502	0	0	0	155	200	0	73	0	44	0	0	341	0	0	0	0	0	0	0	0	0	0	0	0	0	0	0	0	0	0	0	0	0	0	0	0	0	0	85	0	0	0	0	0	0	0	0	0	0	0	0	0	0	0	0	0	0	0	0	0	0	0	406	0	0	0	0	0	0	0	0	0	0	0	0	0	0	0
k__Bacteria___p__Bacillota___c__Bacilli___o__Erysipelotrichales___f__Erysipelatoclostridiaceae___g__Coprobacillus	6	0	0	0	0	0	0	0	0	0	0	0	8	0	0	0	0	0	0	0	0	0	0	0	0	0	0	14	0	0	0	0	0	0	0	0	0	0	0	0	0	7	0	12	0	0	15	0	4	0	0	0	0	0	0	4	0	0	0	0	0	0	0	0	5	0	0	0	280	0	0	0	0	0	0	0	0	0	0	0	0	0	0	0	0	0	0	0	0	0
k__Bacteria___p__Bacillota___c__Bacilli___o__Erysipelotrichales___f__Erysipelatoclostridiaceae___g__Erysipelotrichaceae UCG-003	39	153	235	118	0	222	566	155	2233	317	497	0	48	333	305	0	102	0	143	68	0	96	9	223	152	492	70	253	149	376	239	357	102	97	0	0	992	590	60	1114	0	235	217	18	134	44	74	251	84	252	0	0	202	327	0	132	0	0	0	0	322	0	42	0	9	12	386	66	49	176	234	170	36	0	16	60	838	249	1065	76	654	251	294	185	134	0	235	468	0	256
k__Bacteria___p__Bacillota___c__Bacilli___o__Erysipelotrichales___f__Erysipelatoclostridiaceae___g__Kandleria	0	0	0	0	0	0	0	0	0	0	0	0	0	0	0	0	0	0	0	0	0	0	0	0	0	0	0	0	0	0	0	0	0	0	0	0	0	0	0	0	0	0	0	2	0	0	0	0	0	0	0	0	0	0	0	0	0	0	0	0	0	0	0	0	0	0	0	0	0	0	0	0	0	0	0	0	0	0	0	0	0	0	0	0	0	0	0	0	0	0
k__Bacteria___p__Bacillota___c__Bacilli___o__Erysipelotrichales___f__Erysipelatoclostridiaceae___g__Longibaculum	394	0	0	0	0	0	0	0	20	0	0	0	0	0	0	0	0	125	0	0	0	0	0	0	0	0	0	0	0	0	0	0	0	0	0	0	0	0	0	0	0	0	0	0	0	0	0	0	0	0	0	0	0	0	0	0	0	7	0	0	0	0	0	15	126	0	33	0	0	20	0	0	0	0	0	0	0	0	0	0	0	0	0	0	0	0	0	0	0	14
k__Bacteria___p__Bacillota___c__Bacilli___o__Erysipelotrichales___f__Erysipelatoclostridiaceae___g__Massiliomicrobiota	0	0	0	0	0	0	0	0	0	0	38	0	0	5	0	0	0	15	0	21	0	0	0	0	0	0	0	0	0	0	0	0	0	0	0	0	0	11	0	11	0	0	0	0	0	0	0	0	0	0	0	3	95	0	0	7	0	12	0	52	0	9	0	0	2	0	0	0	0	0	0	0	0	0	0	0	0	0	0	0	0	0	0	17	0	0	0	0	0	0
k__Bacteria___p__Bacillota___c__Bacilli___o__Erysipelotrichales___f__Erysipelatoclostridiaceae___g__Thomasclavelia	46	0	14	0	26	0	0	0	31	0	5	33	0	6	14	0	0	65	7	11	0	6	15	19	0	22	21	13	0	8	60	8	0	10	32	9	11	7	5	161	0	0	0	117	2	7	6	0	13	0	0	34	0	47	0	0	102	41	0	60	0	0	0	67	80	0	0	0	0	0	24	0	0	58	25	8	51	24	41	6	0	13	7	5	0	140	0	0	0	10
k__Bacteria___p__Bacillota___c__Bacilli___o__Erysipelotrichales___f__Erysipelatoclostridiaceae___g__UCG-004	0	0	0	124	0	0	0	0	0	0	0	0	0	0	6	0	0	0	0	0	25	0	0	0	0	0	0	0	0	0	0	0	0	0	0	0	0	0	0	0	0	0	0	0	0	0	0	0	0	0	0	0	0	0	0	0	0	0	0	0	0	0	0	0	0	0	0	0	0	0	0	0	0	0	0	0	0	0	0	0	0	0	0	0	0	0	0	0	0	0
k__Bacteria___p__Bacillota___c__Bacilli___o__Erysipelotrichales___f__Erysipelotrichaceae___g__Absiella	171	0	0	0	0	0	0	0	0	0	0	0	0	0	0	0	0	0	0	0	0	0	0	0	0	0	0	0	0	0	0	0	0	0	0	0	0	0	0	0	0	0	0	0	0	0	0	0	0	0	0	0	0	0	0	108	0	0	0	0	0	0	0	0	0	0	0	0	0	0	0	0	0	0	0	0	0	0	0	0	0	0	0	0	0	0	0	0	0	0
k__Bacteria___p__Bacillota___c__Bacilli___o__Erysipelotrichales___f__Erysipelotrichaceae___g__Amedibacillus	0	0	0	0	0	0	0	0	0	0	0	0	0	0	0	0	0	0	0	0	0	0	0	0	0	0	0	0	0	0	0	0	0	0	0	0	0	0	0	0	0	0	0	0	2	0	0	0	0	0	0	0	0	0	0	0	0	0	0	0	0	0	0	0	0	8	0	0	6	0	0	0	0	6	0	0	0	9	0	0	0	0	0	0	0	0	0	0	0	0
k__Bacteria___p__Bacillota___c__Bacilli___o__Erysipelotrichales___f__Erysipelotrichaceae___g__Dielma	5	0	0	0	0	13	0	0	3	0	0	0	7	0	0	0	0	0	0	0	0	0	0	0	0	0	0	30	5	0	0	0	0	0	0	0	0	9	0	0	0	0	0	7	4	0	0	0	0	0	0	0	0	0	21	0	0	30	0	27	0	6	0	12	3	0	0	0	0	0	0	0	0	0	0	13	0	0	5	0	0	0	0	0	0	0	0	0	12	11
k__Bacteria___p__Bacillota___c__Bacilli___o__Erysipelotrichales___f__Erysipelotrichaceae___g__Dubosiella	0	0	0	0	0	2	0	0	0	0	0	0	0	0	0	0	0	0	0	0	0	0	0	0	0	0	0	0	0	0	0	0	0	0	0	0	0	0	0	4	0	0	0	0	0	0	0	0	0	0	0	0	0	0	0	0	0	0	0	0	0	0	0	2	0	0	0	0	0	0	0	0	0	0	0	0	0	0	0	0	0	0	0	0	0	0	0	0	0	0
k__Bacteria___p__Bacillota___c__Bacilli___o__Erysipelotrichales___f__Erysipelotrichaceae___g__Faecalicoccus	0	22	0	0	0	0	0	0	0	0	0	0	0	12	0	0	0	0	0	28	0	43	0	0	0	0	0	0	0	0	0	0	5	36	0	0	0	0	0	0	0	0	21	0	0	0	0	0	0	0	0	0	0	0	0	0	0	0	130	0	0	0	0	0	23	0	0	0	0	0	0	0	0	0	0	0	0	0	0	0	0	0	0	0	0	0	0	0	0	0
k__Bacteria___p__Bacillota___c__Bacilli___o__Erysipelotrichales___f__Erysipelotrichaceae___g__Faecalitalea	169	0	3	0	0	0	0	0	40	0	0	0	0	0	7	0	0	233	0	0	0	0	0	0	0	41	0	20	0	0	3	0	0	0	0	21	6	0	0	0	0	0	0	51	0	0	0	0	0	0	0	70	0	0	27	0	0	72	0	205	0	84	0	31	0	0	12	0	18	16	0	0	0	0	0	0	18	0	0	0	0	0	13	0	0	0	0	0	78	0
k__Bacteria___p__Bacillota___c__Bacilli___o__Erysipelotrichales___f__Erysipelotrichaceae___g__Holdemanella	0	0	0	0	0	0	0	0	0	0	0	0	0	0	0	0	0	0	0	16	49	2069	0	0	0	0	0	0	0	0	0	100	443	0	0	0	0	72	0	0	0	0	0	0	0	0	115	236	0	0	1767	0	0	0	0	0	0	0	0	0	0	0	67	0	0	0	0	0	0	0	0	0	0	0	0	0	2	0	0	0	0	0	0	0	0	0	1176	0	0	0
k__Bacteria___p__Bacillota___c__Bacilli___o__Erysipelotrichales___f__Erysipelotrichaceae___g__Holdemania	13	14	0	3	0	13	0	6	32	0	19	19	0	4	9	0	8	30	5	11	2	10	13	17	10	25	10	20	0	7	10	21	6	12	0	12	18	14	0	93	22	13	5	35	0	31	0	0	3	0	4	43	4	13	14	12	0	46	0	63	0	38	0	37	17	0	22	7	17	17	13	12	0	37	26	19	30	17	16	0	6	4	32	19	10	16	0	0	51	8
k__Bacteria___p__Bacillota___c__Bacilli___o__Erysipelotrichales___f__Erysipelotrichaceae___g__Longicatena	0	0	0	0	0	0	0	0	0	0	0	0	0	0	0	0	0	0	0	0	0	0	0	0	0	0	0	0	0	0	0	0	0	0	0	0	0	0	0	0	0	0	3	0	0	0	0	0	0	0	0	0	0	0	0	0	0	0	0	0	0	0	0	0	0	0	0	0	0	0	0	0	0	0	0	0	0	0	0	0	0	0	0	0	0	0	0	0	0	0
k__Bacteria___p__Bacillota___c__Bacilli___o__Erysipelotrichales___f__Erysipelotrichaceae___g__Merdibacter	0	0	0	0	0	0	0	0	0	0	0	0	0	0	0	0	0	0	0	0	0	0	5	0	0	0	0	0	0	0	0	0	0	13	0	0	0	0	0	0	0	0	0	49	0	0	0	0	0	0	0	0	0	0	0	0	0	0	0	0	0	0	0	0	33	0	7	0	0	23	6	20	0	0	0	0	0	0	0	0	0	0	49	0	0	0	0	0	0	0
k__Bacteria___p__Bacillota___c__Bacilli___o__Erysipelotrichales___f__Erysipelotrichaceae___g__Solobacterium	0	0	2	0	0	0	0	0	0	0	0	0	0	0	0	0	15	0	0	0	11	0	0	0	0	0	0	0	0	0	0	0	0	0	0	0	0	0	0	0	0	0	0	0	0	0	0	0	0	111	0	0	0	0	0	0	0	0	0	0	0	0	225	0	0	0	0	0	0	0	0	0	0	0	0	0	0	0	0	0	0	0	0	0	0	0	0	0	0	0
k__Bacteria___p__Bacillota___c__Bacilli___o__Erysipelotrichales___f__Erysipelotrichaceae___g__Turicibacter	55	129	6	12	13	0	55	7	70	17	0	0	0	102	8	0	0	4	90	12	0	0	0	22	0	115	22	0	7	0	11	51	14	17	0	0	0	0	9	0	0	0	0	0	61	0	11	0	0	5	63	0	0	9	5	9	0	0	0	0	0	7	0	0	49	0	0	0	8	0	95	226	97	0	0	38	0	0	29	7	0	10	16	0	0	0	0	53	3	3
k__Bacteria___p__Bacillota___c__Bacilli___o__Erysipelotrichales___f__Erysipelotrichaceae___g__[Clostridium] innocuum group	67	0	0	0	0	0	8	0	14	0	13	0	0	0	0	0	0	26	0	0	0	0	0	0	0	0	0	49	0	0	0	0	0	0	0	0	0	0	0	0	14	0	0	33	0	0	0	0	0	0	0	8	0	11	0	8	122	0	0	37	0	0	0	0	0	0	0	0	64	0	0	0	0	39	0	30	0	0	0	0	0	0	0	0	0	20	0	0	0	81
k__Bacteria___p__Bacillota___c__Bacilli___o__Lactobacillales___f__Carnobacteriaceae___g__Granulicatella	0	0	0	0	0	0	15	0	0	0	0	15	0	0	0	0	0	0	0	0	0	0	0	12	0	0	0	8	0	0	0	0	0	0	9	0	0	0	0	14	0	0	0	0	0	0	0	0	0	0	0	0	0	0	0	13	0	0	0	0	17	0	0	5	13	0	0	0	0	0	6	0	0	0	0	0	41	0	0	0	0	0	0	0	0	0	0	0	0	0
k__Bacteria___p__Bacillota___c__Bacilli___o__Lactobacillales___f__Enterococcaceae___g__Enterococcus	0	0	0	0	0	0	0	0	0	0	0	0	0	0	0	0	0	0	0	0	0	0	0	0	0	0	0	0	0	0	0	0	0	0	0	0	0	0	0	0	0	0	0	0	0	0	0	0	0	0	0	0	0	0	0	0	84	0	0	0	0	0	25	0	0	0	10	0	0	0	0	0	21	0	0	0	0	0	0	0	0	0	0	0	0	0	0	0	0	0
k__Bacteria___p__Bacillota___c__Bacilli___o__Lactobacillales___f__Lactobacillaceae___g__HT002	0	0	0	0	0	0	0	0	0	0	0	0	0	0	0	0	0	0	0	0	0	0	0	0	0	0	0	0	0	0	0	0	0	0	0	0	0	0	0	0	0	0	0	0	0	0	0	0	0	0	0	0	0	0	2	0	0	0	0	0	0	0	0	0	0	0	0	0	0	0	0	0	0	0	0	0	0	0	0	0	0	0	0	0	0	0	0	0	0	0
k__Bacteria___p__Bacillota___c__Bacilli___o__Lactobacillales___f__Lactobacillaceae___g__Lacticaseibacillus	0	0	0	0	0	0	0	0	0	0	0	0	0	0	0	0	0	0	0	0	0	0	0	0	0	0	0	0	0	0	0	0	0	0	0	0	0	0	0	0	0	0	0	12	0	0	0	0	0	0	0	0	0	0	0	0	0	0	0	0	0	0	0	0	0	0	0	0	0	0	23	0	0	0	0	0	0	0	0	0	0	0	0	0	0	0	0	0	0	0
k__Bacteria___p__Bacillota___c__Bacilli___o__Lactobacillales___f__Lactobacillaceae___g__Lactobacillus	0	0	0	0	0	0	0	0	0	0	19	0	0	0	0	0	0	0	0	0	0	0	0	0	0	0	0	0	0	0	0	0	0	0	0	0	0	0	0	0	0	0	0	0	0	0	0	0	0	0	0	0	0	4	0	0	0	8	0	0	0	0	0	0	0	0	0	15	0	0	45	0	0	8	0	3	0	0	0	0	0	0	0	0	0	0	0	0	0	2
k__Bacteria___p__Bacillota___c__Bacilli___o__Lactobacillales___f__Lactobacillaceae___g__Latilactobacillus	4	0	0	0	0	0	0	0	7	0	0	0	0	0	0	0	0	0	0	0	0	0	0	0	0	0	0	0	0	6	0	0	0	0	0	0	0	0	0	0	0	0	0	0	0	0	0	0	0	0	0	0	0	0	0	0	0	0	0	0	0	0	0	0	0	0	0	0	0	0	0	0	0	0	0	0	0	0	0	7	0	0	0	0	0	0	0	0	0	0
k__Bacteria___p__Bacillota___c__Bacilli___o__Lactobacillales___f__Lactobacillaceae___g__Leuconostoc	0	0	0	0	0	3	0	0	0	0	0	0	0	0	0	0	0	0	0	0	0	0	0	0	0	0	0	0	0	0	0	0	0	0	0	0	0	0	0	0	0	0	0	0	0	0	0	0	0	0	0	0	0	0	0	0	0	0	0	0	0	0	0	0	0	0	0	0	0	0	0	0	0	0	0	0	7	0	0	0	0	0	0	0	0	0	0	0	0	0
k__Bacteria___p__Bacillota___c__Bacilli___o__Lactobacillales___f__Lactobacillaceae___g__Ligilactobacillus	0	0	133	0	0	0	0	2	0	0	7	0	0	0	0	0	0	0	0	49	125	0	0	0	412	0	0	0	0	0	0	0	0	0	0	0	0	0	0	0	0	0	0	0	0	0	0	0	0	0	202	0	0	0	55	0	0	0	0	0	0	0	0	0	0	0	0	0	0	0	0	0	0	0	0	0	0	0	0	0	0	0	0	0	0	0	0	0	0	0
k__Bacteria___p__Bacillota___c__Bacilli___o__Lactobacillales___f__Streptococcaceae___g__Lactococcus	0	0	0	0	0	0	0	0	0	0	0	0	0	0	4	0	0	0	0	0	0	0	5	0	5	0	5	3	0	4	5	0	0	0	0	0	0	0	0	0	0	0	0	0	0	0	0	0	0	0	0	0	0	0	11	0	0	0	0	115	0	0	0	0	21	0	13	0	0	0	0	0	0	0	0	0	6	0	0	11	0	0	0	0	0	4	0	0	0	9
k__Bacteria___p__Bacillota___c__Bacilli___o__Lactobacillales___f__Streptococcaceae___g__Streptococcus	302	229	41	0	110	5	66	45	114	296	140	60	16	128	59	11	55	299	709	62	0	113	21	95	12	81	93	247	197	19	99	0	22	25	411	0	48	0	84	31	0	54	81	266	94	24	80	0	30	412	12	25	0	87	34	743	1531	0	116	12	112	68	0	100	219	23	104	187	83	9	1262	43	23	16	116	15	391	36	48	149	6	143	43	23	41	9	36	66	34	69
k__Bacteria___p__Bacillota___c__Bacilli___o__Staphylococcales___f__Gemellaceae___g__Gemella	0	0	0	0	0	0	0	0	0	0	0	0	0	0	0	0	0	0	0	0	0	0	0	0	0	0	0	0	0	0	0	0	0	0	0	0	0	0	0	0	0	0	0	0	0	0	0	0	0	0	0	0	0	0	0	0	0	0	0	0	0	0	0	0	7	0	0	2	0	0	0	0	0	0	0	0	0	0	0	0	0	0	0	0	0	0	0	0	0	0
k__Bacteria___p__Bacillota___c__Bacilli___o__Staphylococcales___f__Staphylococcaceae___g__Nosocomiicoccus	0	0	0	0	0	0	0	0	0	0	0	0	0	0	0	0	0	0	0	0	0	0	0	0	0	0	0	0	0	0	0	0	0	0	0	0	0	0	0	0	0	0	0	0	0	0	0	0	0	0	0	0	0	0	0	0	0	0	0	0	0	0	0	0	0	0	0	3	0	0	0	0	0	0	0	0	0	0	0	0	0	0	0	0	0	0	0	0	0	0
k__Bacteria___p__Bacillota___c__Clostridia___o__Christensenellales___f__Christensenellaceae___g__Christensenella	4	0	0	0	0	0	0	0	0	0	0	0	0	0	0	0	0	0	0	0	0	0	0	0	0	0	0	4	0	0	0	0	0	0	0	0	0	0	0	0	0	0	0	0	0	0	0	0	0	0	0	0	0	0	0	0	0	0	0	0	0	0	0	0	5	0	5	0	0	0	0	0	0	0	0	0	0	0	0	0	0	0	0	0	0	0	0	0	0	7
k__Bacteria___p__Bacillota___c__Clostridia___o__Christensenellales___f__Christensenellaceae___g__Christensenellaceae R-7 group	15	968	677	894	655	48	127	170	95	29	0	0	757	44	261	85	1131	14	0	714	24	386	780	138	116	117	175	93	3089	142	77	60	92	158	0	0	149	26	211	0	0	561	370	4879	0	125	3504	182	3528	2202	104	0	219	772	225	0	0	0	228	18	0	0	81	143	128	0	200	38	15	720	0	8	15	0	275	1697	0	71	131	8	17	39	20	244	19	0	127	0	0	235
k__Bacteria___p__Bacillota___c__Clostridia___o__Clostridiales___f__Clostridiaceae___g__Clostridium	0	102	22	20	0	0	33	0	210	58	0	0	0	60	0	0	0	46	239	5	0	0	781	0	0	0	3	6	11	0	62	0	0	20	0	0	11	0	0	0	128	0	0	323	69	21	39	0	0	35	36	20	0	0	0	31	0	0	0	0	0	0	0	5	17	128	16	0	12	0	60	60	465	0	0	0	0	66	12	12	0	41	20	20	0	0	0	0	0	0
k__Bacteria___p__Bacillota___c__Clostridia___o__Eubacteriales___f__Anaerofustaceae___g__Anaerofustis	0	0	0	0	0	0	0	0	2	0	0	0	0	0	0	0	0	0	0	0	0	0	0	0	0	0	0	0	0	0	0	0	0	0	0	0	0	0	0	0	0	0	0	0	0	0	0	0	0	0	0	0	0	0	2	0	0	0	0	0	0	0	0	0	0	0	0	0	0	0	0	0	0	0	0	0	0	0	0	0	0	0	2	0	0	0	0	0	0	0
k__Bacteria___p__Bacillota___c__Clostridia___o__Eubacteriales___f__Eubacteriaceae___g__Eubacterium	0	0	0	0	0	0	0	0	0	0	0	0	0	0	0	0	0	0	0	0	0	0	0	0	0	0	0	0	0	0	0	0	0	0	0	0	0	0	0	0	0	0	0	0	0	0	0	0	0	0	0	0	0	0	0	0	0	0	0	0	0	0	0	0	0	0	0	0	0	0	0	0	0	0	0	0	0	0	2	0	0	0	0	0	0	0	0	0	0	0
k__Bacteria___p__Bacillota___c__Clostridia___o__Lachnospirales___f__Defluviitaleaceae___g__Defluviitaleaceae UCG-011	0	46	0	0	4	0	0	0	17	0	0	0	4	7	16	0	0	0	0	0	0	20	31	3	0	53	0	0	5	0	3	0	0	25	0	0	42	0	7	0	0	4	0	0	0	0	2	0	42	35	0	0	7	35	0	0	0	0	5	34	0	0	0	0	24	0	0	0	2	16	0	0	0	0	34	12	0	0	5	0	0	0	0	10	0	0	0	0	9	33
k__Bacteria___p__Bacillota___c__Clostridia___o__Lachnospirales___f__Lachnospiraceae___g__Agathobacter	349	2059	1884	150	4809	323	896	1095	3013	2100	1106	991	3249	1691	1491	547	857	2025	411	1672	510	1061	1065	1849	7359	422	4438	1793	0	937	2909	2746	2434	2290	251	349	2753	258	3027	15341	3917	1772	4266	553	101	528	2470	634	331	1601	1300	1888	2117	1581	159	2471	0	6930	2734	80	10665	4099	2063	2296	652	618	2751	4242	1320	2172	2095	1904	1861	3182	4897	1208	1720	453	2034	1341	2090	1428	2098	1851	1170	1438	2082	2363	1839	520
k__Bacteria___p__Bacillota___c__Clostridia___o__Lachnospirales___f__Lachnospiraceae___g__Anaerobutyricum	672	253	532	35	28	157	66	258	520	195	377	0	53	249	111	24	246	157	273	249	233	508	205	77	222	301	92	342	116	195	188	306	214	129	26	194	306	0	305	96	6	50	33	290	263	355	69	134	470	135	300	301	424	480	136	173	2091	498	159	410	0	159	162	489	352	29	238	99	366	205	322	231	159	374	387	382	92	264	354	318	0	166	266	206	118	239	0	580	195	170
k__Bacteria___p__Bacillota___c__Clostridia___o__Lachnospirales___f__Lachnospiraceae___g__Anaerostipes	669	129	140	339	0	401	195	342	325	501	278	60	38	487	273	13	504	221	1126	284	62	579	227	162	290	582	119	803	140	981	343	322	66	176	59	169	129	0	303	306	269	127	119	621	185	597	83	308	549	301	206	314	522	194	83	256	32	652	540	12	12	305	44	580	642	0	324	233	18	312	370	489	134	15	102	190	250	2557	347	354	2269	598	350	210	527	38	14	930	565	93
k__Bacteria___p__Bacillota___c__Clostridia___o__Lachnospirales___f__Lachnospiraceae___g__Anaerotignum	0	0	0	0	0	0	0	0	0	0	0	0	0	0	0	0	0	6	0	0	0	0	0	0	0	0	0	0	0	0	0	0	0	0	0	0	0	0	0	0	6	0	0	0	0	0	0	0	0	0	0	5	0	0	0	0	0	0	0	0	0	0	0	0	0	0	0	0	0	0	0	0	0	0	0	0	0	0	0	0	0	0	0	0	0	0	0	0	0	0
k__Bacteria___p__Bacillota___c__Clostridia___o__Lachnospirales___f__Lachnospiraceae___g__Blautia	10269	1771	2949	617	217	389	1575	1470	5210	1742	1889	545	621	2166	3096	147	1399	2888	3447	1192	380	2234	1884	935	1385	3527	793	2610	1568	2110	1601	1677	1622	836	267	1186	5094	111	3914	1280	4046	1489	898	3185	2025	1616	933	1857	4149	1205	1667	2483	3496	1674	8824	2573	8013	2264	3748	6341	146	2106	1012	2817	3331	1091	2799	2306	1909	1496	1803	1965	1788	1393	2087	6398	874	1436	1814	3731	1636	2654	1064	2121	743	3423	271	1688	6389	5770
k__Bacteria___p__Bacillota___c__Clostridia___o__Lachnospirales___f__Lachnospiraceae___g__Butyribacter	0	46	487	62	0	0	43	0	0	403	0	0	71	25	46	30	126	89	0	19	0	505	0	43	0	48	0	0	0	0	25	700	287	395	0	0	93	105	0	0	0	22	122	24	11	12	0	19	112	488	0	0	58	0	33	0	0	16	0	0	0	0	0	0	350	0	0	0	0	199	0	149	0	0	811	0	0	0	137	381	0	411	0	0	9	0	203	0	0	0
k__Bacteria___p__Bacillota___c__Clostridia___o__Lachnospirales___f__Lachnospiraceae___g__CAG-56	0	75	0	262	0	0	264	10	0	338	0	0	17	7	181	0	61	0	0	0	0	0	4	74	90	0	0	0	205	0	46	0	227	36	0	307	0	0	49	0	0	40	205	126	221	31	14	37	0	263	52	0	170	13	219	61	0	107	362	0	0	0	81	0	616	0	171	54	59	301	436	85	113	0	243	71	161	90	213	0	0	0	427	0	0	0	10	314	0	22
k__Bacteria___p__Bacillota___c__Clostridia___o__Lachnospirales___f__Lachnospiraceae___g__Catenibacillus	0	0	0	0	0	0	0	0	0	0	0	0	0	0	0	0	0	0	0	0	0	0	0	0	0	0	0	0	0	0	0	0	0	0	0	0	0	0	0	0	0	0	0	0	0	0	0	0	0	0	0	0	0	0	0	0	0	0	0	0	0	0	8	0	0	0	0	0	0	0	0	0	0	0	0	0	0	0	0	0	0	0	0	0	0	0	0	0	0	0
k__Bacteria___p__Bacillota___c__Clostridia___o__Lachnospirales___f__Lachnospiraceae___g__Coprococcus	0	1321	127	189	570	104	143	152	1487	322	231	535	106	225	430	925	988	0	31	151	56	877	310	389	217	100	0	0	211	36	182	65	222	230	20	112	0	0	169	2473	0	752	688	368	22	1219	1080	214	0	1031	258	0	41	339	237	26	0	0	267	0	596	0	157	0	651	0	435	313	290	218	184	179	63	261	309	618	0	755	632	380	20	741	208	141	94	0	1124	0	0	219
k__Bacteria___p__Bacillota___c__Clostridia___o__Lachnospirales___f__Lachnospiraceae___g__Dorea	0	208	500	113	52	119	686	209	977	317	338	64	152	355	246	112	97	301	253	257	229	371	191	184	220	290	158	386	242	135	388	225	174	283	40	359	300	0	354	365	0	494	410	528	462	67	220	256	256	267	206	0	152	198	497	932	0	93	264	81	6	284	471	0	754	157	823	281	450	288	615	270	444	252	129	113	274	912	643	395	0	168	215	324	398	162	118	509	31	344
k__Bacteria___p__Bacillota___c__Clostridia___o__Lachnospirales___f__Lachnospiraceae___g__Eisenbergiella	231	0	9	0	0	0	0	0	140	0	0	0	8	0	0	0	0	56	0	0	0	0	15	0	0	0	0	27	0	0	0	0	0	0	7	0	0	0	0	25	0	0	0	152	0	0	0	0	31	0	0	0	0	0	5	0	0	152	11	83	0	0	0	0	0	0	0	0	49	0	0	0	0	0	0	37	0	0	14	0	0	0	0	0	0	0	0	0	20	193
k__Bacteria___p__Bacillota___c__Clostridia___o__Lachnospirales___f__Lachnospiraceae___g__Enterocloster	460	76	75	11	424	234	195	67	187	13	94	240	81	48	0	32	238	282	263	140	64	23	38	497	57	49	78	128	45	209	65	102	171	38	370	129	211	0	134	765	458	109	40	0	289	95	24	83	52	62	34	359	98	78	17	863	248	77	101	1483	208	127	246	131	100	599	805	254	145	145	74	18	139	154	143	66	1227	160	52	61	476	38	117	0	428	69	110	172	444	662
k__Bacteria___p__Bacillota___c__Clostridia___o__Lachnospirales___f__Lachnospiraceae___g__Extibacter	328	47	0	0	0	0	0	0	84	0	10	0	0	0	0	0	0	64	0	0	0	104	27	0	0	10	0	22	0	0	0	0	0	0	0	0	0	0	0	307	50	0	0	45	0	0	53	0	0	0	0	68	0	19	0	0	92	30	0	295	0	0	0	42	58	0	25	0	22	72	0	0	0	67	0	0	0	0	0	0	71	0	0	0	0	0	0	0	90	36
k__Bacteria___p__Bacillota___c__Clostridia___o__Lachnospirales___f__Lachnospiraceae___g__Faecalicatena	0	0	0	0	0	0	0	0	0	24	0	0	0	0	0	0	0	0	0	0	0	0	0	0	0	0	0	0	0	0	0	0	0	0	0	0	0	0	0	0	0	0	0	0	0	0	0	0	0	0	0	0	0	0	10	0	0	0	0	0	0	0	0	0	0	0	0	0	0	0	0	0	0	0	0	0	0	0	0	0	0	84	0	0	0	0	0	0	6	0
k__Bacteria___p__Bacillota___c__Clostridia___o__Lachnospirales___f__Lachnospiraceae___g__Faecalimonas	0	24	0	12	0	0	19	14	86	16	39	0	0	0	12	0	8	0	30	0	0	0	15	21	12	7	0	22	0	7	20	0	16	0	11	0	16	0	0	21	25	0	19	17	0	0	0	8	87	13	0	75	0	17	0	128	491	0	45	0	0	0	25	0	0	0	0	0	0	11	26	13	0	89	5	0	0	30	0	0	0	0	0	0	0	0	0	121	74	31
k__Bacteria___p__Bacillota___c__Clostridia___o__Lachnospirales___f__Lachnospiraceae___g__Frisingicoccus	221	30	52	0	0	0	0	0	255	0	13	129	10	0	61	0	0	40	0	0	0	0	0	0	0	0	0	28	0	0	0	0	0	0	0	0	20	0	0	111	0	0	17	55	0	29	0	0	77	0	0	44	0	0	61	0	0	0	0	0	0	57	0	0	0	0	14	0	0	0	0	0	0	0	0	94	0	0	0	18	0	0	0	0	0	0	0	0	0	0
k__Bacteria___p__Bacillota___c__Clostridia___o__Lachnospirales___f__Lachnospiraceae___g__Fusicatenibacter	0	521	786	896	3191	479	587	297	1829	1304	1447	663	482	1173	1344	78	345	691	892	275	94	1224	665	522	715	566	197	1223	382	384	1539	459	400	731	862	262	957	0	761	907	565	425	1093	1131	904	1193	330	314	891	543	74	66	815	854	0	133	0	417	1461	65	337	375	175	509	2599	50	1686	616	300	846	382	892	424	0	222	614	8048	705	252	1765	0	629	259	130	90	0	238	1085	731	733
k__Bacteria___p__Bacillota___c__Clostridia___o__Lachnospirales___f__Lachnospiraceae___g__GCA-900066575	17	0	0	0	195	0	13	0	13	0	0	138	8	0	0	0	18	0	0	0	0	0	0	19	18	0	0	10	0	0	0	0	6	16	0	0	36	0	0	0	0	0	73	21	0	0	32	0	0	25	0	0	0	0	0	0	0	0	7	0	0	0	0	11	120	0	15	0	0	25	15	0	0	0	18	0	9	25	0	0	20	0	0	0	0	0	92	0	0	27
k__Bacteria___p__Bacillota___c__Clostridia___o__Lachnospirales___f__Lachnospiraceae___g__GCA-900066755	0	0	0	0	24	0	0	0	0	0	0	0	0	0	0	0	0	0	0	0	0	0	0	0	0	0	0	0	0	0	0	0	0	0	0	0	0	0	0	24	0	0	0	0	0	0	0	0	0	0	0	0	0	0	0	0	0	0	0	0	0	0	0	0	0	0	0	0	0	0	0	0	0	0	0	0	0	6	0	0	0	0	0	0	0	0	0	0	0	0
k__Bacteria___p__Bacillota___c__Clostridia___o__Lachnospirales___f__Lachnospiraceae___g__Howardella	0	0	0	0	0	0	0	0	0	0	0	0	0	0	0	9	0	0	0	0	0	0	0	12	0	0	0	0	4	0	0	0	0	0	0	0	0	0	0	0	0	0	0	0	0	0	0	6	0	0	0	0	0	0	0	0	6	0	0	0	0	0	5	0	0	0	0	0	0	0	0	11	0	0	0	0	0	0	0	0	0	0	0	0	0	0	0	0	0	0
k__Bacteria___p__Bacillota___c__Clostridia___o__Lachnospirales___f__Lachnospiraceae___g__Hungatella	250	0	0	17	0	0	0	0	0	0	0	0	0	0	0	0	0	28	0	0	0	0	0	0	0	0	0	40	0	0	0	0	0	0	0	32	0	0	0	0	20	0	0	12	0	0	0	0	0	0	0	0	0	0	0	0	158	48	0	15	0	0	0	0	0	0	0	0	25	0	0	0	0	0	0	31	0	0	0	0	0	0	0	0	0	0	0	0	16	37
k__Bacteria___p__Bacillota___c__Clostridia___o__Lachnospirales___f__Lachnospiraceae___g__Lachnoclostridium	127	247	423	25	101	112	221	241	466	127	198	385	304	141	29	39	286	434	227	271	118	119	0	595	92	178	99	39	30	281	129	171	200	174	149	257	384	34	224	474	0	210	150	59	100	258	145	33	174	224	145	103	395	182	29	653	165	45	74	258	204	96	324	203	87	97	108	460	155	312	176	441	159	393	371	248	334	316	29	114	221	25	423	0	490	136	450	278	10	140
k__Bacteria___p__Bacillota___c__Clostridia___o__Lachnospirales___f__Lachnospiraceae___g__Lachnospira	1404	478	542	14	76	186	186	235	261	158	511	494	105	69	76	45	1112	0	102	75	299	804	214	1045	124	344	242	1783	68	358	269	124	283	348	139	36	516	41	274	254	0	161	66	100	456	637	220	71	76	207	324	132	265	109	18	0	0	0	357	0	0	6	97	257	2749	226	169	151	0	824	608	893	0	0	919	89	675	76	196	110	0	148	70	175	158	15	395	2456	0	461
k__Bacteria___p__Bacillota___c__Clostridia___o__Lachnospirales___f__Lachnospiraceae___g__Lachnospiraceae AC2044 group	0	0	0	0	0	0	0	0	0	0	0	0	0	0	112	0	0	0	0	0	0	0	10	0	0	0	0	0	77	0	0	0	0	0	0	0	0	0	0	0	0	0	0	10	0	37	14	17	0	0	0	0	0	0	0	0	0	0	16	0	0	0	0	0	0	0	0	0	0	0	0	0	0	0	0	215	0	0	0	0	0	0	0	0	0	0	0	0	0	0
k__Bacteria___p__Bacillota___c__Clostridia___o__Lachnospirales___f__Lachnospiraceae___g__Lachnospiraceae FCS020 group	0	0	42	0	0	0	4	4	72	26	0	10	0	60	0	0	21	0	0	0	0	0	12	0	16	0	0	0	0	20	19	0	0	27	0	9	0	0	104	28	0	0	20	51	24	12	23	22	0	89	27	22	30	0	30	0	0	0	0	0	0	0	0	0	0	0	0	0	0	11	71	76	49	0	13	0	0	34	10	20	0	33	18	39	0	0	0	13	0	21
k__Bacteria___p__Bacillota___c__Clostridia___o__Lachnospirales___f__Lachnospiraceae___g__Lachnospiraceae FE2018 group	0	0	0	0	0	0	0	0	0	0	0	0	0	0	0	0	0	0	0	0	0	0	0	0	0	0	0	0	0	0	0	0	0	0	0	0	0	0	0	0	0	0	0	0	0	0	0	0	0	0	0	0	0	0	0	0	0	0	0	0	0	0	0	0	0	0	0	0	5	0	0	0	0	0	0	0	0	0	0	0	0	0	0	0	0	0	0	0	0	0
k__Bacteria___p__Bacillota___c__Clostridia___o__Lachnospirales___f__Lachnospiraceae___g__Lachnospiraceae NC2004 group	0	0	0	0	0	0	0	0	0	0	0	0	0	0	0	0	0	0	0	0	0	0	0	0	0	0	0	0	0	0	0	0	0	0	0	0	0	0	0	0	0	0	0	0	0	0	0	0	0	0	0	0	0	0	0	0	0	0	0	0	0	0	0	0	0	0	0	0	0	0	4	0	0	0	0	0	0	0	0	0	0	0	0	0	5	0	0	0	0	0
k__Bacteria___p__Bacillota___c__Clostridia___o__Lachnospirales___f__Lachnospiraceae___g__Lachnospiraceae ND3007 group	0	142	103	100	124	403	33	50	0	38	69	114	75	8	239	0	138	0	79	109	0	174	31	37	45	161	11	0	129	111	198	69	81	107	0	50	122	0	125	90	109	54	174	0	0	198	202	30	142	97	15	0	115	102	0	31	0	0	190	0	9	0	52	246	92	0	145	64	0	95	43	126	15	0	105	0	93	285	0	97	0	133	141	52	13	0	46	146	0	137
k__Bacteria___p__Bacillota___c__Clostridia___o__Lachnospirales___f__Lachnospiraceae___g__Lachnospiraceae NK4A136 group	63	53	671	82	572	29	261	19	208	70	748	820	127	310	0	78	3456	197	110	71	92	546	744	92	72	918	349	473	253	372	1278	40	43	110	113	104	1745	0	305	175	17	437	0	130	758	187	401	154	112	317	71	192	77	1157	11	13	108	17	99	620	239	68	64	942	783	0	148	43	0	522	87	616	85	0	439	433	228	427	161	220	47	129	54	600	80	283	319	0	11	93
k__Bacteria___p__Bacillota___c__Clostridia___o__Lachnospirales___f__Lachnospiraceae___g__Lachnospiraceae NK4B4 group	0	0	0	0	0	0	0	0	0	0	0	0	0	0	47	0	0	0	0	0	0	0	0	0	0	0	0	0	60	0	0	0	16	0	0	0	0	0	0	0	0	0	0	0	0	0	0	0	0	0	0	0	0	0	0	0	0	0	0	0	0	0	0	0	0	0	0	0	0	0	0	0	0	0	0	0	0	0	0	0	0	0	0	0	0	0	0	0	0	0
k__Bacteria___p__Bacillota___c__Clostridia___o__Lachnospirales___f__Lachnospiraceae___g__Lachnospiraceae UCG-002	0	0	0	138	0	0	0	0	0	0	0	0	0	0	0	0	0	0	0	0	0	0	0	0	0	0	0	0	0	0	0	0	0	0	0	0	0	0	0	0	0	0	0	0	0	0	0	0	0	0	0	0	0	0	0	0	0	0	0	0	0	0	0	0	0	0	0	0	0	0	0	0	0	0	0	0	0	0	0	0	0	0	0	0	0	0	0	0	0	0
k__Bacteria___p__Bacillota___c__Clostridia___o__Lachnospirales___f__Lachnospiraceae___g__Lachnospiraceae UCG-003	0	0	0	0	0	0	0	0	0	0	0	0	0	0	0	0	0	0	0	0	0	0	0	0	0	0	0	0	0	0	17	0	0	0	0	0	0	0	0	0	0	0	0	0	0	0	58	0	0	0	0	0	0	0	0	0	0	0	0	0	0	0	0	0	0	0	0	0	0	0	0	0	0	0	0	0	0	0	0	0	0	0	0	0	0	0	0	0	0	0
k__Bacteria___p__Bacillota___c__Clostridia___o__Lachnospirales___f__Lachnospiraceae___g__Lachnospiraceae UCG-004	144	0	250	53	265	527	203	101	135	134	261	48	148	0	18	42	498	0	92	78	284	76	0	293	560	202	137	62	24	135	379	400	99	96	202	213	224	43	231	1480	483	61	43	20	450	103	71	100	31	154	62	493	439	62	0	174	0	135	164	183	197	82	147	498	266	0	26	252	0	169	142	229	41	0	466	123	437	543	317	348	429	272	178	150	411	257	304	498	63	53
k__Bacteria___p__Bacillota___c__Clostridia___o__Lachnospirales___f__Lachnospiraceae___g__Lachnospiraceae UCG-008	0	0	0	0	0	0	0	0	0	0	0	0	0	0	0	0	0	0	0	3	0	0	0	0	0	0	0	0	0	0	0	3	0	0	0	0	0	0	0	0	0	0	0	0	0	0	0	0	0	0	0	0	0	0	0	0	0	0	0	0	0	0	0	0	0	0	0	0	0	0	0	0	0	0	0	0	0	0	4	0	0	0	0	0	0	0	0	0	0	0
k__Bacteria___p__Bacillota___c__Clostridia___o__Lachnospirales___f__Lachnospiraceae___g__Lachnospiraceae UCG-010	42	26	106	0	17	125	3	89	584	13	53	18	0	0	0	0	51	202	0	27	0	69	0	36	50	214	11	486	7	19	0	0	39	15	13	0	127	73	31	225	21	73	35	14	0	95	33	76	16	132	7	36	0	29	0	50	509	12	258	350	0	37	84	228	39	0	94	30	130	19	0	8	0	0	146	42	0	173	107	52	0	19	14	17	20	6	41	11	33	10
k__Bacteria___p__Bacillota___c__Clostridia___o__Lachnospirales___f__Lachnospiraceae___g__Lachnotalea	0	0	0	0	0	0	0	0	0	0	0	0	0	0	0	0	0	0	0	0	0	0	0	0	13	0	0	0	0	0	0	0	0	0	0	0	0	0	0	0	0	0	0	0	0	0	26	0	0	0	0	0	0	0	0	0	0	0	0	0	0	0	0	0	0	0	0	0	0	0	0	0	0	0	0	0	0	0	8	0	0	0	0	0	0	0	32	0	0	0
k__Bacteria___p__Bacillota___c__Clostridia___o__Lachnospirales___f__Lachnospiraceae___g__Marvinbryantia	0	0	41	43	0	0	0	0	30	0	0	0	0	0	0	0	59	0	13	0	0	42	33	0	0	0	0	0	26	0	0	0	52	0	0	16	22	0	10	0	0	0	11	54	0	25	0	0	0	0	0	0	116	0	70	0	0	0	47	0	0	0	0	0	108	0	16	15	0	16	16	0	0	0	14	24	0	0	0	12	0	19	0	0	0	0	0	0	0	0
k__Bacteria___p__Bacillota___c__Clostridia___o__Lachnospirales___f__Lachnospiraceae___g__Mediterraneibacter	382	225	589	13	116	85	559	213	792	234	525	27	168	302	318	53	83	96	405	123	86	160	533	47	55	361	74	288	171	194	239	66	197	70	0	426	450	0	86	78	137	72	203	1120	54	307	124	107	60	80	505	130	187	253	252	1119	0	236	323	607	53	165	131	538	853	17	326	602	448	280	309	106	0	40	163	680	4781	1602	137	56	160	63	87	159	63	125	121	557	262	858
k__Bacteria___p__Bacillota___c__Clostridia___o__Lachnospirales___f__Lachnospiraceae___g__Murimonas	0	0	0	0	0	0	0	0	0	0	0	0	0	0	0	0	0	0	0	0	0	0	0	0	0	0	0	0	2	0	0	0	0	0	0	0	0	0	0	0	0	0	0	0	0	0	0	0	0	0	0	0	0	0	0	0	0	0	0	0	0	0	0	0	0	0	0	0	0	0	0	0	0	0	0	0	0	0	0	0	0	0	0	0	0	0	0	0	0	0
k__Bacteria___p__Bacillota___c__Clostridia___o__Lachnospirales___f__Lachnospiraceae___g__Oribacterium	0	0	0	0	0	0	0	0	0	0	0	0	0	11	0	0	0	0	0	0	0	0	0	0	0	0	0	0	0	0	0	0	0	0	0	0	0	0	0	0	0	0	0	0	0	0	0	0	0	0	0	0	0	0	0	0	0	0	0	0	0	0	0	0	0	0	0	0	0	0	0	14	0	0	0	0	0	0	0	0	0	0	0	0	0	0	0	0	0	0
k__Bacteria___p__Bacillota___c__Clostridia___o__Lachnospirales___f__Lachnospiraceae___g__Roseburia	0	338	1553	39	681	306	1932	142	2405	105	1453	118	317	71	29	373	1928	394	280	213	320	663	71	821	188	893	104	120	575	1162	520	477	315	683	394	0	4785	11	320	4621	254	504	801	404	109	458	193	157	432	766	537	454	348	307	18	348	1830	0	8	943	84	891	478	1702	1081	362	99	54	14	575	81	543	155	0	1899	91	1976	15	488	275	246	71	359	126	289	0	3177	148	203	79
k__Bacteria___p__Bacillota___c__Clostridia___o__Lachnospirales___f__Lachnospiraceae___g__Sellimonas	94	0	0	0	0	0	0	0	0	0	0	0	0	20	0	0	0	65	0	0	0	11	0	0	0	30	6	0	0	0	0	0	0	0	0	0	8	0	0	0	0	0	0	0	0	0	0	0	0	0	0	67	0	95	0	0	84	65	25	163	0	19	0	58	0	0	0	0	0	0	0	0	0	0	0	0	0	15	63	0	37	0	0	19	0	31	0	0	0	9
k__Bacteria___p__Bacillota___c__Clostridia___o__Lachnospirales___f__Lachnospiraceae___g__Shuttleworthia	0	0	0	0	0	0	0	0	0	0	0	0	0	0	0	0	0	0	0	0	0	42	0	0	0	15	0	0	16	0	35	0	0	0	0	0	24	0	0	88	0	0	0	0	0	0	11	0	0	0	0	0	0	26	0	0	0	0	19	0	0	0	0	0	64	0	0	0	0	117	0	0	0	0	19	0	0	0	15	12	0	33	0	6	0	0	0	0	0	0
k__Bacteria___p__Bacillota___c__Clostridia___o__Lachnospirales___f__Lachnospiraceae___g__Tyzzerella	37	45	0	0	0	0	0	0	2	0	157	0	10	9	31	0	0	0	0	32	0	0	0	79	0	0	0	37	0	0	0	82	38	0	0	0	11	0	0	0	983	0	0	0	25	282	0	0	0	0	0	0	0	0	0	0	0	0	4	0	3	0	0	0	0	0	0	0	0	0	0	0	0	0	110	0	0	0	0	0	0	0	0	0	0	0	39	21	0	0
k__Bacteria___p__Bacillota___c__Clostridia___o__Lachnospirales___f__Lachnospiraceae___g__UC5-1-2E3	32	0	0	0	0	0	0	0	0	0	0	0	0	0	0	0	0	0	0	0	0	0	0	0	0	0	0	0	0	0	0	0	0	0	0	0	10	0	0	0	0	0	0	22	0	0	0	0	0	0	0	0	0	0	0	0	0	0	0	0	0	0	0	11	0	0	0	0	0	0	0	0	0	0	0	0	0	0	0	0	0	0	0	0	0	0	0	0	8	0
k__Bacteria___p__Bacillota___c__Clostridia___o__Lachnospirales___f__Lachnospiraceae___g__[Eubacterium] eligens group	0	54	405	13	86	1037	206	175	247	40	0	106	68	41	0	279	610	367	14	12	0	523	13	0	328	279	0	0	0	103	84	254	14	111	140	314	23	0	73	334	0	80	99	0	178	0	601	22	429	216	58	0	1065	86	0	0	0	0	0	0	14	0	110	181	6681	0	0	0	0	1068	64	0	0	0	179	96	0	2210	250	128	0	48	913	60	0	0	0	99	0	333
k__Bacteria___p__Bacillota___c__Clostridia___o__Lachnospirales___f__Lachnospiraceae___g__[Eubacterium] oxidoreducens group	0	0	0	0	0	0	0	0	0	0	0	0	0	0	0	0	0	0	0	0	0	0	0	0	0	0	0	0	0	0	0	0	0	0	0	0	0	0	0	0	0	0	0	0	0	0	0	0	0	0	0	0	0	0	0	0	0	0	0	0	0	0	0	0	0	0	0	0	0	0	0	0	0	0	0	0	0	0	0	0	0	0	0	0	0	0	0	0	5	0
k__Bacteria___p__Bacillota___c__Clostridia___o__Lachnospirales___f__Lachnospiraceae___g__[Eubacterium] ruminantium group	0	273	969	0	0	0	0	0	0	656	0	0	0	0	0	0	17	22	0	0	0	0	0	0	0	0	0	0	0	0	0	0	0	596	0	0	0	0	0	0	0	422	0	0	0	0	0	0	244	166	0	0	242	0	0	0	0	0	0	0	0	0	0	0	12	0	0	0	0	1637	0	0	0	0	307	19	0	0	0	232	0	118	0	0	0	0	0	0	0	0
k__Bacteria___p__Bacillota___c__Clostridia___o__Lachnospirales___f__Lachnospiraceae___g__[Eubacterium] ventriosum group	0	25	65	0	28	8	81	100	206	44	66	16	73	24	20	0	21	23	16	68	9	72	0	47	44	50	42	48	125	14	355	110	69	75	13	0	22	14	77	205	0	17	0	17	39	91	95	54	0	68	55	19	0	33	9	0	0	0	245	0	19	311	34	0	112	0	25	13	0	12	119	58	15	0	30	0	34	10	121	38	0	24	125	12	13	0	18	20	0	30
k__Bacteria___p__Bacillota___c__Clostridia___o__Lachnospirales___f__Lachnospiraceae___g__[Eubacterium] xylanophilum group	537	248	149	52	0	0	12	0	98	0	0	0	58	35	19	32	0	22	0	149	0	218	0	0	111	64	0	0	131	13	249	129	104	270	0	0	363	0	238	0	0	155	148	7	0	150	119	0	57	428	0	0	175	173	0	0	0	136	0	0	0	0	0	403	229	0	14	100	0	133	131	107	0	0	440	60	0	0	67	120	0	107	87	213	0	0	223	0	0	0
k__Bacteria___p__Bacillota___c__Clostridia___o__Lachnospirales___f__Lachnospiraceae___g__[Ruminococcus] gauvreauii group	0	37	38	16	38	58	43	76	547	32	337	25	33	227	59	0	0	441	0	123	75	0	0	130	39	58	21	383	115	111	84	25	27	110	19	0	261	0	0	15	0	22	41	74	102	88	53	123	0	112	19	0	171	0	0	0	0	0	63	0	0	130	127	0	68	103	45	150	151	51	77	134	45	153	0	52	135	127	174	0	0	83	127	0	36	0	0	0	57	230
k__Bacteria___p__Bacillota___c__Clostridia___o__Lachnospirales___f__Lachnospiraceae___g__[Ruminococcus] gnavus group	210	0	0	0	65	11	90	0	404	0	44	53	0	0	0	0	0	119	30	0	0	0	26	158	0	30	11	99	0	0	0	0	0	0	118	52	0	0	0	117	163	0	0	0	18	0	0	0	76	0	0	158	13	0	7	84	2598	368	0	165	139	155	0	34	0	262	24	0	3011	0	0	30	0	508	0	0	123	32	0	0	204	0	10	0	0	67	0	37	256	0
k__Bacteria___p__Bacillota___c__Clostridia___o__Monoglobales___f__Monoglobaceae___g__Monoglobus	9	108	318	0	58	322	94	227	621	169	177	516	19	47	229	14	106	127	153	101	0	432	0	60	170	162	42	69	171	42	124	200	53	20	40	29	591	213	217	11	0	68	122	0	337	274	79	12	39	39	16	65	372	185	234	26	303	253	0	55	36	6	30	351	282	0	68	43	5	282	88	172	24	0	177	73	0	87	266	198	0	277	176	205	51	191	189	121	8	162
k__Bacteria___p__Bacillota___c__Clostridia___o__Oscillospirales___f__Butyricicoccaceae___g__Agathobaculum	176	54	333	20	16	204	52	123	332	192	99	0	166	58	113	34	198	107	169	28	75	272	0	119	225	249	23	72	36	54	213	136	265	182	0	144	133	51	147	51	0	188	66	9	54	142	140	65	460	83	67	96	452	86	23	86	0	0	26	61	21	21	710	195	181	74	145	187	55	180	389	562	79	149	602	372	37	120	190	190	71	190	246	18	93	66	139	265	16	29
k__Bacteria___p__Bacillota___c__Clostridia___o__Oscillospirales___f__Butyricicoccaceae___g__Butyricicoccus	0	0	0	0	0	0	0	0	0	0	0	0	0	0	0	0	0	0	0	0	0	0	0	0	0	0	0	0	0	0	0	0	0	0	0	0	0	0	0	0	43	0	0	0	0	0	0	0	0	0	0	0	0	0	0	0	120	0	0	0	0	0	0	0	0	0	0	0	0	0	0	0	0	0	0	0	0	0	0	0	0	0	0	0	0	0	0	0	0	0
k__Bacteria___p__Bacillota___c__Clostridia___o__Oscillospirales___f__Butyricicoccaceae___g__UCG-008	0	0	0	0	0	0	0	0	0	0	7	11	0	0	0	0	0	0	0	0	0	0	0	0	0	0	0	0	0	0	0	0	0	0	0	0	0	0	0	0	0	0	0	0	0	0	0	0	10	0	0	0	0	0	0	0	0	0	0	0	0	0	0	0	0	0	0	0	0	0	0	0	0	0	0	0	0	0	0	0	0	0	0	0	0	0	0	0	0	0
k__Bacteria___p__Bacillota___c__Clostridia___o__Oscillospirales___f__Butyricicoccaceae___g__UCG-009	0	24	18	0	3	0	0	0	0	4	0	0	0	0	0	20	0	0	0	7	0	0	10	0	0	0	0	0	0	0	0	0	0	11	0	0	0	0	15	0	0	0	0	0	0	0	8	0	0	0	0	0	0	7	0	0	0	0	0	0	0	0	0	0	0	0	0	0	0	0	27	0	0	0	0	0	0	43	0	0	0	0	0	0	0	0	0	0	0	0
k__Bacteria___p__Bacillota___c__Clostridia___o__Oscillospirales___f__Ethanoligenenaceae___g__Acetanaerobacterium	0	0	0	0	0	0	0	0	0	0	0	0	0	0	0	0	0	0	0	0	0	0	0	0	0	0	0	0	0	0	0	0	0	0	0	0	0	0	0	0	0	0	0	0	0	0	0	0	0	0	0	0	0	0	0	0	0	0	0	0	0	0	0	0	0	0	0	0	4	0	0	0	0	0	0	0	0	0	0	0	0	0	0	0	0	0	0	0	0	0
k__Bacteria___p__Bacillota___c__Clostridia___o__Oscillospirales___f__Oscillospiraceae___g__Colidextribacter	351	125	129	56	7	7	22	58	387	23	110	105	31	24	60	0	71	469	28	51	38	68	0	94	0	20	40	308	26	17	37	0	57	18	11	184	236	54	30	70	31	33	26	88	38	36	48	72	111	69	14	239	157	46	41	34	0	109	30	91	26	67	59	86	284	0	106	50	126	299	0	98	0	61	87	21	158	46	0	166	84	46	129	135	27	52	6	41	204	345
k__Bacteria___p__Bacillota___c__Clostridia___o__Oscillospirales___f__Oscillospiraceae___g__Flavonifractor	191	26	0	0	7	115	0	19	168	0	91	130	62	16	7	0	0	211	9	18	0	0	0	61	0	30	17	69	0	24	0	34	108	14	7	165	38	50	33	34	137	13	0	38	47	0	0	24	35	0	0	207	19	16	12	49	199	273	33	108	33	63	23	62	39	14	143	21	103	31	10	57	0	123	43	42	33	76	42	61	95	75	51	69	13	65	0	76	218	173
k__Bacteria___p__Bacillota___c__Clostridia___o__Oscillospirales___f__Oscillospiraceae___g__Intestinimonas	122	44	45	9	0	52	0	0	41	32	47	116	95	0	103	0	17	97	0	162	11	16	0	18	13	34	0	16	169	5	0	11	110	55	18	0	124	44	17	12	0	0	57	107	0	33	0	87	268	25	10	17	10	24	55	12	0	97	29	37	0	50	42	26	138	0	72	56	0	126	32	0	0	29	38	0	8	29	64	90	26	48	130	118	0	23	10	0	114	123
k__Bacteria___p__Bacillota___c__Clostridia___o__Oscillospirales___f__Oscillospiraceae___g__NK4A214 group	8	260	100	940	76	0	33	0	0	300	29	0	14	76	548	174	13	0	0	130	40	527	392	17	214	85	29	0	63	19	0	0	310	245	0	0	151	0	117	0	0	445	31	1152	0	292	175	160	1745	218	69	0	379	17	300	0	0	0	0	0	0	0	231	0	332	0	232	5	115	182	40	102	25	0	1102	642	0	0	95	309	0	845	0	0	184	0	29	0	140	349
k__Bacteria___p__Bacillota___c__Clostridia___o__Oscillospirales___f__Oscillospiraceae___g__Oscillibacter	200	118	113	95	13	0	38	17	58	52	160	79	202	7	36	10	0	317	13	91	12	25	36	38	31	89	18	233	19	21	0	75	136	131	14	64	144	45	43	36	74	81	20	88	0	29	30	164	366	39	11	206	20	49	48	114	0	146	159	154	18	83	69	52	81	4	185	30	129	167	18	31	0	213	89	91	39	100	71	127	102	49	124	169	19	72	10	14	312	283
k__Bacteria___p__Bacillota___c__Clostridia___o__Oscillospirales___f__Oscillospiraceae___g__Oscillospira	0	0	12	0	0	54	0	0	12	0	41	0	0	7	45	0	9	0	0	10	0	7	0	13	29	0	12	0	9	0	0	0	10	25	0	0	16	17	32	0	0	0	22	0	0	0	0	23	15	31	0	0	13	84	0	0	0	0	0	14	0	0	0	0	38	0	12	8	0	132	0	14	0	0	16	0	0	7	24	29	0	33	75	23	0	6	0	0	0	0
k__Bacteria___p__Bacillota___c__Clostridia___o__Oscillospirales___f__Oscillospiraceae___g__Papillibacter	0	3	3	0	0	0	0	0	0	0	0	0	0	0	0	0	0	0	0	0	0	0	0	0	0	0	0	0	0	0	0	0	0	0	0	0	0	0	0	0	0	0	0	0	0	0	0	0	0	0	0	0	0	0	0	0	0	3	0	0	0	0	0	0	0	0	0	0	0	0	0	0	0	0	0	0	0	0	0	0	0	0	0	0	0	0	0	0	0	0
k__Bacteria___p__Bacillota___c__Clostridia___o__Oscillospirales___f__Oscillospiraceae___g__Pseudoflavonifractor	0	13	0	0	0	0	0	0	0	0	0	0	0	0	0	0	0	0	0	0	0	0	0	0	0	0	0	0	0	0	0	0	0	8	0	0	0	0	0	0	0	0	0	0	0	0	0	0	0	8	0	0	0	0	0	0	0	0	0	0	0	0	0	0	0	0	0	0	0	0	0	15	0	0	0	0	0	0	0	0	0	0	0	0	0	0	0	0	0	0
k__Bacteria___p__Bacillota___c__Clostridia___o__Oscillospirales___f__Oscillospiraceae___g__Ruminiclostridium	53	0	0	0	0	0	0	0	0	0	0	0	0	0	53	0	0	0	0	0	0	0	65	0	0	0	0	0	6	0	0	0	7	0	0	0	17	0	0	0	0	0	0	0	0	15	7	0	12	0	0	0	0	34	0	0	0	0	0	0	0	0	0	0	0	0	0	0	0	0	0	0	0	0	0	0	0	0	0	0	0	0	0	32	0	0	0	0	0	0
k__Bacteria___p__Bacillota___c__Clostridia___o__Oscillospirales___f__Oscillospiraceae___g__UCG-002	91	655	2239	2473	1113	98	783	384	218	339	36	0	1472	34	735	499	42	0	6	1381	618	461	1845	177	746	276	536	152	1416	56	513	101	521	450	0	0	213	48	690	477	0	814	1289	1089	0	913	723	1296	0	746	309	29	515	1359	1932	0	0	0	1003	44	24	0	699	353	834	0	1267	214	225	1238	299	0	47	0	1308	569	5	682	850	407	5	727	12	0	145	0	1048	0	44	456
k__Bacteria___p__Bacillota___c__Clostridia___o__Oscillospirales___f__Oscillospiraceae___g__UCG-003	0	301	985	137	17	0	75	97	71	411	0	0	27	0	257	72	82	0	0	96	79	44	28	56	126	77	0	0	168	38	99	181	241	187	0	0	0	0	174	77	0	318	59	12	0	67	186	65	0	214	43	0	132	100	160	12	0	0	141	11	0	0	101	0	0	0	0	43	44	0	125	214	0	0	409	399	0	102	125	160	0	65	0	0	95	0	0	0	0	265
k__Bacteria___p__Bacillota___c__Clostridia___o__Oscillospirales___f__Oscillospiraceae___g__UCG-005	0	787	553	715	1552	26	370	21	122	135	42	0	594	2	979	131	126	0	0	528	175	250	1966	0	240	39	39	0	320	18	75	89	210	152	0	0	454	10	135	89	0	778	158	2532	0	308	895	944	920	575	256	0	227	660	40	0	0	0	1650	0	0	0	153	0	457	0	184	24	46	203	6	42	0	0	381	97	0	265	250	233	3	199	8	244	3	0	184	0	0	563
k__Bacteria___p__Bacillota___c__Clostridia___o__Oscillospirales___f__Oscillospiraceae___g__UCG-007	0	0	0	0	6	0	0	0	0	0	0	0	0	0	0	0	0	0	0	0	0	0	0	0	0	0	0	0	0	0	0	0	0	0	0	0	0	0	0	0	0	0	0	0	0	0	0	0	11	0	0	0	0	0	0	0	0	0	0	0	0	0	0	0	0	0	0	0	0	0	0	0	0	0	0	0	0	0	0	0	0	0	0	0	0	0	0	0	0	0
k__Bacteria___p__Bacillota___c__Clostridia___o__Oscillospirales___f__Ruminococcaceae___g__Acutalibacter	1021	267	99	53	392	6	80	33	182	50	292	52	44	234	170	0	13	95	0	712	0	423	157	38	44	65	40	262	228	44	65	20	73	255	114	15	72	16	117	190	214	12	28	176	6	37	138	40	15	77	20	290	7	312	190	45	0	371	82	69	14	7	417	210	666	10	212	46	75	22	90	17	83	7	97	45	109	24	212	115	81	29	25	66	16	24	23	32	0	410
k__Bacteria___p__Bacillota___c__Clostridia___o__Oscillospirales___f__Ruminococcaceae___g__Anaerofilum	0	8	0	0	13	0	0	0	0	0	0	0	0	0	0	0	0	0	0	0	0	0	0	0	0	0	0	0	0	0	0	0	0	0	0	0	0	0	0	0	0	0	0	9	0	0	0	0	0	0	0	0	0	0	7	0	0	0	0	0	0	0	0	0	0	0	0	0	0	0	0	0	0	0	0	0	0	0	0	0	0	0	0	0	0	0	0	0	0	0
k__Bacteria___p__Bacillota___c__Clostridia___o__Oscillospirales___f__Ruminococcaceae___g__Anaerotruncus	34	5	22	0	0	11	0	0	0	0	0	0	0	0	12	0	0	0	0	12	0	0	24	0	0	0	0	35	41	0	0	0	0	12	0	3	0	0	0	0	0	13	0	28	0	0	0	0	10	0	3	10	0	0	13	0	0	17	33	10	0	0	0	0	13	0	12	0	24	14	0	0	0	0	9	0	0	0	0	9	0	0	3	0	0	0	0	0	13	11
k__Bacteria___p__Bacillota___c__Clostridia___o__Oscillospirales___f__Ruminococcaceae___g__Angelakisella	8	44	11	0	21	0	0	0	0	0	0	0	15	0	0	0	0	0	0	0	0	10	11	0	0	23	0	0	11	0	13	0	7	27	0	0	25	7	19	0	0	15	0	21	0	38	0	11	19	13	0	11	0	13	23	0	0	0	0	0	0	0	0	0	10	0	28	0	18	6	0	12	0	0	24	0	0	0	28	16	0	11	0	24	0	0	6	0	25	0
k__Bacteria___p__Bacillota___c__Clostridia___o__Oscillospirales___f__Ruminococcaceae___g__CAG-352	0	55	0	0	0	0	0	0	0	0	0	0	0	0	482	0	112	0	0	0	0	478	0	0	0	312	0	0	0	0	1144	0	0	0	0	0	0	0	973	102	0	185	0	0	685	6	14	0	0	0	0	0	0	0	0	0	0	0	0	0	0	0	0	0	0	0	0	0	0	1511	469	0	0	0	0	876	0	0	0	0	0	0	0	0	0	313	984	179	0	0
k__Bacteria___p__Bacillota___c__Clostridia___o__Oscillospirales___f__Ruminococcaceae___g__Candidatus Soleaferrea	0	0	0	0	0	0	0	0	0	0	0	0	0	0	0	0	0	0	0	0	0	0	5	6	0	0	0	0	0	0	0	0	0	0	0	0	0	0	0	0	7	0	4	4	0	0	0	0	5	0	0	0	0	5	8	0	0	2	0	0	0	0	0	0	0	0	0	0	0	0	0	0	0	0	0	0	7	0	0	0	6	0	0	3	0	0	0	0	9	4
k__Bacteria___p__Bacillota___c__Clostridia___o__Oscillospirales___f__Ruminococcaceae___g__Caproiciproducens	0	0	0	58	0	0	0	0	0	0	0	0	0	0	8	0	0	0	0	0	0	0	31	0	0	0	0	0	3	0	0	0	0	0	0	0	0	0	0	0	0	0	0	16	0	0	0	0	0	0	0	0	0	16	0	0	0	0	0	0	0	0	0	0	0	0	0	0	6	0	0	5	0	0	8	6	0	0	0	0	0	0	0	0	0	0	0	0	0	0
k__Bacteria___p__Bacillota___c__Clostridia___o__Oscillospirales___f__Ruminococcaceae___g__DTU089	153	10	33	8	26	0	5	6	22	0	0	0	22	114	0	0	0	22	0	46	0	28	10	0	0	14	0	7	11	0	0	0	26	18	3	0	13	0	0	12	0	0	0	16	0	0	0	0	8	0	0	0	0	0	0	18	0	21	14	52	0	0	0	0	33	0	16	0	2	0	0	9	0	0	8	0	0	0	0	0	8	0	0	9	0	0	0	0	66	0
k__Bacteria___p__Bacillota___c__Clostridia___o__Oscillospirales___f__Ruminococcaceae___g__Faecalibacterium	10236	4141	4516	938	38234	6771	9469	6898	4575	2831	3705	12895	2294	3281	2572	10504	6742	2835	2237	3154	319	4129	3351	26560	12856	9608	11454	6237	2054	7011	9851	5285	8753	5077	31497	5997	4186	11562	6331	8844	9957	5029	16024	7346	8568	7297	11982	4365	2139	6961	1640	9241	3619	8816	265	1342	0	1523	815	7526	18243	3219	2626	4880	68971	32	2862	5322	376	9096	6665	7528	2198	17	13403	3732	4962	5565	4533	6990	3739	7905	8517	8081	1456	7430	12778	8659	37	1557
k__Bacteria___p__Bacillota___c__Clostridia___o__Oscillospirales___f__Ruminococcaceae___g__Fournierella	157	0	31	0	0	0	0	0	44	0	0	0	0	0	0	0	0	67	0	18	7	0	28	0	0	0	0	0	0	0	0	0	23	0	0	0	82	0	7	0	0	46	0	16	0	0	0	0	9	0	0	0	0	0	10	0	0	0	0	76	0	63	0	0	30	0	67	0	12	0	0	5	0	0	0	0	0	11	0	0	0	0	0	0	0	0	0	24	38	57
k__Bacteria___p__Bacillota___c__Clostridia___o__Oscillospirales___f__Ruminococcaceae___g__Gemmiger	0	2504	1433	1174	906	1082	1688	338	1417	360	23	58	865	1922	1232	177	423	812	416	2842	159	732	1259	1160	878	1502	856	674	1697	959	778	644	695	3720	922	677	1563	612	2812	1292	0	1058	2093	2406	27	1055	1921	478	511	790	524	0	0	1938	974	511	6	0	1155	0	181	284	367	311	1776	5	470	680	679	2200	905	553	366	0	4090	1949	2266	628	1522	2677	0	395	354	1404	946	0	2143	512	0	1000
k__Bacteria___p__Bacillota___c__Clostridia___o__Oscillospirales___f__Ruminococcaceae___g__Harryflintia	0	0	0	0	0	0	0	0	0	0	0	0	0	0	0	0	0	0	0	0	0	0	0	0	0	0	0	0	0	0	0	0	0	0	0	0	0	0	0	0	0	0	0	0	0	0	0	0	0	0	0	0	0	0	0	0	0	0	0	4	0	0	0	0	0	0	0	0	0	0	0	0	0	0	0	0	0	0	0	0	0	0	0	0	0	0	0	0	0	0
k__Bacteria___p__Bacillota___c__Clostridia___o__Oscillospirales___f__Ruminococcaceae___g__Hydrogenoanaerobacterium	0	12	12	0	0	0	0	0	0	0	0	0	6	0	48	0	0	27	0	17	0	0	35	0	0	0	0	0	23	0	0	0	0	0	0	0	15	0	0	0	0	0	0	0	0	0	0	0	6	0	0	0	0	0	33	0	0	17	0	0	0	0	0	0	0	0	11	0	0	0	0	0	0	0	5	0	0	0	0	0	0	0	0	0	0	0	0	0	0	0
k__Bacteria___p__Bacillota___c__Clostridia___o__Oscillospirales___f__Ruminococcaceae___g__Negativibacillus	0	39	15	0	168	0	40	0	0	0	27	0	0	0	0	0	0	71	0	25	0	25	0	0	0	80	19	0	0	0	0	0	29	11	0	0	17	0	0	19	0	6	14	205	0	0	0	0	0	16	6	0	0	0	31	0	0	0	0	0	0	6	19	0	81	0	0	97	51	33	0	0	0	85	0	0	0	0	61	128	0	0	0	46	34	0	4	0	0	63
k__Bacteria___p__Bacillota___c__Clostridia___o__Oscillospirales___f__Ruminococcaceae___g__Paludicola	23	0	25	0	0	0	0	0	2	0	0	0	0	0	40	0	0	0	0	0	0	12	44	25	0	0	0	0	19	0	0	0	0	0	0	0	27	0	0	0	0	0	0	9	0	27	9	0	7	0	0	0	0	6	0	0	0	22	9	0	0	0	0	0	0	0	0	0	0	15	0	0	0	0	8	0	0	0	0	7	0	0	0	0	0	0	0	0	0	38
k__Bacteria___p__Bacillota___c__Clostridia___o__Oscillospirales___f__Ruminococcaceae___g__Phocea	14	0	0	0	0	0	0	0	12	0	0	0	5	0	0	0	0	0	0	0	0	0	0	7	0	0	0	7	0	0	0	0	5	0	0	0	0	0	0	0	0	0	0	0	0	0	0	0	0	0	0	6	0	0	0	6	0	0	0	0	0	0	0	0	0	0	4	7	0	14	0	0	0	12	0	0	0	0	0	11	2	0	0	0	0	0	0	6	0	0
k__Bacteria___p__Bacillota___c__Clostridia___o__Oscillospirales___f__Ruminococcaceae___g__Pygmaiobacter	0	0	6	0	0	0	0	0	10	0	0	0	0	0	0	0	0	0	0	0	0	0	0	0	0	0	0	0	0	0	0	0	0	0	0	0	13	0	0	0	0	0	0	0	0	0	0	0	0	0	0	0	0	0	0	0	0	0	0	0	0	0	0	0	0	0	0	0	0	0	0	0	0	0	0	0	0	0	0	0	0	0	0	0	0	0	0	0	0	0
k__Bacteria___p__Bacillota___c__Clostridia___o__Oscillospirales___f__Ruminococcaceae___g__Ruminococcus	831	1959	2828	849	1420	2591	500	1425	0	760	2103	5	2302	1042	271	813	115	364	0	1705	4	368	2830	93	1609	1341	679	724	768	507	201	2847	1461	2096	0	54	1777	230	546	80	0	887	6286	3541	44	344	846	100	4182	595	254	507	625	1693	27	131	0	706	15	0	128	497	22	399	3761	0	2581	1455	513	2054	188	30	0	0	3431	422	0	13	1230	2700	0	661	1957	1265	46	0	2339	6	25	495
k__Bacteria___p__Bacillota___c__Clostridia___o__Oscillospirales___f__Ruminococcaceae___g__Ruthenibacterium	36	58	42	10	12	4	0	23	98	0	18	33	62	0	23	0	0	45	0	31	0	15	17	86	14	25	18	27	64	0	0	4	12	0	0	0	13	0	0	43	10	21	0	91	0	9	10	0	31	20	0	42	19	23	43	0	0	75	49	94	0	0	0	19	105	0	107	7	169	23	0	22	0	0	26	47	24	18	0	14	0	8	0	0	0	18	0	0	81	337
k__Bacteria___p__Bacillota___c__Clostridia___o__Oscillospirales___f__Ruminococcaceae___g__Subdoligranulum	0	0	0	0	0	0	0	0	0	0	0	0	0	0	0	0	0	0	0	0	0	0	0	0	0	0	0	0	0	0	0	0	0	0	0	153	0	0	0	0	0	0	0	401	0	0	37	0	0	0	0	0	0	0	0	3	0	0	93	0	0	74	0	0	514	0	0	0	0	224	0	129	0	0	0	0	0	833	77	0	0	0	0	0	0	0	0	0	0	0
k__Bacteria___p__Bacillota___c__Clostridia___o__Oscillospirales___f__Ruminococcaceae___g__UCG-001	0	0	0	0	0	0	0	0	0	0	0	0	0	0	0	0	0	0	0	0	0	0	0	0	0	0	0	0	0	0	0	0	0	0	0	0	0	0	0	0	0	0	0	0	0	139	0	0	0	0	0	0	0	0	0	0	0	0	0	0	0	0	0	0	0	0	0	0	0	0	0	0	0	0	0	0	0	0	0	0	0	0	0	0	0	0	0	0	0	0
k__Bacteria___p__Bacillota___c__Clostridia___o__Oscillospirales___f__Ruminococcaceae___g__[Clostridium] methylpentosum group	0	0	10	0	0	0	0	0	0	0	0	0	0	0	0	0	0	0	0	0	0	0	0	0	0	0	5	0	0	0	0	0	0	0	0	0	0	0	0	0	0	0	0	0	0	0	5	0	0	0	0	0	0	0	0	0	0	0	0	0	0	0	0	0	0	0	0	0	0	0	0	0	0	0	0	0	0	0	0	0	0	0	0	0	0	0	0	0	6	0
k__Bacteria___p__Bacillota___c__Clostridia___o__Oscillospirales___f__Ruminococcaceae___g__[Eubacterium] siraeum group	35	38	102	266	26	44	0	0	11	1419	0	0	0	0	361	11	436	269	0	631	0	1329	22	0	0	162	0	0	280	0	0	0	0	307	0	0	1323	0	8	108	0	370	0	18	0	1215	200	41	0	358	0	57	0	887	2	0	0	0	0	0	0	0	18	0	349	0	274	0	7	71	0	4	0	0	0	11	0	0	461	0	0	467	18	1742	0	13	54	0	0	16
k__Bacteria___p__Bacillota___c__Clostridia___o__Peptococcales___f__Peptococcaceae___g__Peptococcus	4	0	0	0	0	0	109	0	0	17	0	51	54	0	0	0	0	0	0	18	0	10	0	0	0	0	0	0	0	0	0	0	28	17	0	0	0	0	0	0	0	41	6	0	0	0	34	16	0	139	0	0	0	6	0	0	0	0	58	0	0	0	0	0	0	0	0	6	5	203	0	78	0	0	134	6	0	0	0	54	0	0	0	20	0	0	0	0	0	0
k__Bacteria___p__Bacillota___c__Clostridia___o__Peptostreptococcales-Tissierellales___f__Anaerovoracaceae___g__Anaerovorax	0	0	0	0	0	0	0	0	0	0	0	0	0	0	0	0	0	0	0	17	0	0	0	0	0	0	0	0	0	0	0	0	0	0	0	0	0	0	0	0	0	0	0	0	0	0	0	0	0	0	0	0	0	0	0	0	0	0	0	0	0	0	0	0	0	0	0	0	0	0	0	0	0	0	0	0	0	0	0	0	0	0	0	0	0	0	0	0	0	0
k__Bacteria___p__Bacillota___c__Clostridia___o__Peptostreptococcales-Tissierellales___f__Anaerovoracaceae___g__Family XIII AD3011 group	10	42	0	97	0	0	0	4	99	34	0	3	7	0	26	27	8	12	0	33	27	39	38	0	69	8	5	65	3	3	29	0	14	27	0	0	85	0	52	42	0	0	0	129	0	42	10	23	164	39	7	5	0	37	55	0	0	10	34	0	5	0	22	0	12	0	8	0	0	18	0	0	0	0	39	4	0	23	28	25	0	32	0	38	0	0	9	0	0	18
k__Bacteria___p__Bacillota___c__Clostridia___o__Peptostreptococcales-Tissierellales___f__Anaerovoracaceae___g__Family XIII UCG-001	21	34	48	92	8	0	17	16	0	10	15	0	0	8	17	0	37	0	0	18	4	18	0	7	0	0	0	0	0	0	0	0	3	25	5	0	37	7	12	8	0	7	0	10	0	17	14	0	31	23	8	0	7	21	14	0	0	0	9	4	0	0	17	11	0	0	19	9	5	5	21	0	0	0	33	10	0	0	12	30	0	0	33	0	0	6	0	0	0	0
k__Bacteria___p__Bacillota___c__Clostridia___o__Peptostreptococcales-Tissierellales___f__Anaerovoracaceae___g__Mogibacterium	0	0	0	0	0	0	0	0	0	0	0	0	0	0	0	0	0	0	0	0	0	0	0	0	0	0	0	0	0	0	0	0	0	0	0	0	0	0	0	0	0	0	0	0	0	0	0	0	0	0	9	0	0	0	0	0	0	0	0	0	0	0	0	0	0	0	0	0	0	0	0	0	0	0	0	0	0	0	0	0	0	0	0	0	0	0	0	0	0	0
k__Bacteria___p__Bacillota___c__Clostridia___o__Peptostreptococcales-Tissierellales___f__Anaerovoracaceae___g__S5-A14a	0	0	0	0	0	0	0	0	0	0	0	0	0	0	0	0	0	0	0	0	0	0	0	0	0	0	0	0	0	0	0	0	0	0	0	3	0	0	0	0	0	0	0	0	0	0	0	0	0	0	0	0	0	0	0	0	0	0	0	0	0	0	0	0	0	0	0	0	0	0	0	0	0	0	0	0	0	0	0	0	0	0	0	0	0	0	0	0	0	0
k__Bacteria___p__Bacillota___c__Clostridia___o__Peptostreptococcales-Tissierellales___f__Anaerovoracaceae___g__[Eubacterium] brachy group	10	0	0	0	0	0	0	0	0	0	0	0	0	0	0	0	0	10	0	20	0	8	10	0	0	0	0	0	2	0	0	0	0	0	0	0	0	7	0	0	0	0	3	8	0	0	0	0	6	6	0	0	12	5	0	0	0	0	0	0	0	0	7	0	2	0	7	2	11	0	0	0	0	0	0	0	0	0	6	0	0	0	0	0	0	0	0	0	0	17
k__Bacteria___p__Bacillota___c__Clostridia___o__Peptostreptococcales-Tissierellales___f__Family XI___g__Anaerococcus	3	0	0	0	0	0	0	0	0	0	0	0	0	0	0	0	0	0	0	0	0	0	0	0	0	0	0	0	0	0	0	0	0	0	0	14	0	0	0	0	0	0	0	0	0	0	0	0	0	0	0	0	0	0	0	0	0	0	0	0	0	0	0	0	0	0	0	0	6	0	0	0	0	0	0	0	0	0	0	0	0	0	0	0	0	0	0	0	0	0
k__Bacteria___p__Bacillota___c__Clostridia___o__Peptostreptococcales-Tissierellales___f__Family XI___g__Ezakiella	0	0	0	0	0	0	0	0	0	0	0	0	0	0	0	0	0	2	0	0	0	0	0	0	0	0	0	0	0	0	0	0	0	0	0	0	0	0	0	0	0	0	0	0	0	0	0	0	0	0	0	0	0	0	0	0	0	0	0	0	0	0	0	0	0	0	0	0	0	0	0	0	0	0	0	0	0	0	0	0	0	0	0	0	0	0	0	0	0	0
k__Bacteria___p__Bacillota___c__Clostridia___o__Peptostreptococcales-Tissierellales___f__Family XI___g__Fenollaria	15	3	0	0	0	0	0	0	3	0	0	0	17	0	0	0	0	0	0	3	0	0	0	0	0	0	0	0	0	0	0	0	0	3	0	96	0	0	0	0	0	0	0	9	0	0	10	0	16	0	0	0	0	0	3	0	0	0	0	0	0	0	0	0	0	0	0	9	14	0	0	0	0	13	0	0	0	0	0	0	0	0	0	0	0	0	0	0	2	0
k__Bacteria___p__Bacillota___c__Clostridia___o__Peptostreptococcales-Tissierellales___f__Family XI___g__Finegoldia	2	0	0	0	0	0	0	0	3	0	0	0	0	0	0	0	0	0	0	0	0	0	0	0	0	0	0	0	0	0	0	0	0	0	0	0	0	0	0	0	0	0	0	0	0	0	0	0	0	0	0	0	0	0	0	0	5	0	0	0	0	0	0	0	0	0	0	16	0	0	0	0	0	0	0	0	0	0	0	0	0	0	0	0	0	0	0	0	0	0
k__Bacteria___p__Bacillota___c__Clostridia___o__Peptostreptococcales-Tissierellales___f__Family XI___g__Murdochiella	30	0	0	0	0	2	0	0	0	0	0	0	15	0	0	0	0	23	0	0	0	0	0	0	0	0	0	0	0	0	0	0	0	0	0	0	0	0	0	0	0	0	0	3	3	0	0	0	0	0	0	0	0	0	0	0	0	0	0	0	0	0	0	0	0	0	0	0	0	0	0	0	0	3	0	0	0	0	0	0	0	0	0	0	0	0	0	0	0	0
k__Bacteria___p__Bacillota___c__Clostridia___o__Peptostreptococcales-Tissierellales___f__Family XI___g__Parvimonas	0	0	0	0	0	0	0	0	0	0	0	0	0	0	0	0	0	0	0	0	0	0	0	0	0	0	0	0	0	0	0	0	0	0	0	10	0	0	0	0	0	0	0	0	0	0	0	0	0	0	0	0	0	0	0	0	0	0	0	0	0	0	0	0	0	0	0	0	0	0	0	0	0	0	0	0	0	0	0	0	0	0	0	0	0	0	0	0	0	0
k__Bacteria___p__Bacillota___c__Clostridia___o__Peptostreptococcales-Tissierellales___f__Family XI___g__Peptoniphilus	0	0	0	0	0	0	0	0	0	0	0	2	0	0	0	0	0	0	0	0	0	0	0	0	0	0	0	0	0	0	0	0	0	0	0	23	0	0	0	0	0	0	0	0	0	0	0	0	0	0	0	0	0	0	0	0	0	0	0	0	0	0	0	0	0	0	0	0	0	0	0	0	0	0	0	0	0	0	0	0	0	0	0	0	0	0	0	0	0	0
k__Bacteria___p__Bacillota___c__Clostridia___o__Peptostreptococcales-Tissierellales___f__Peptostreptococcaceae___g__Clostridioides	0	0	0	0	0	0	0	0	0	0	0	0	0	0	0	0	0	0	0	0	0	0	0	0	0	0	0	0	0	0	0	0	0	0	0	0	0	0	0	0	0	0	0	0	0	0	0	0	0	0	0	0	0	0	0	0	0	0	0	0	0	0	0	0	0	0	0	0	7	0	0	0	0	0	0	0	0	0	0	0	0	0	0	0	0	0	0	0	0	0
k__Bacteria___p__Bacillota___c__Clostridia___o__Peptostreptococcales-Tissierellales___f__Peptostreptococcaceae___g__Intestinibacter	98	353	65	6	20	15	48	19	97	24	27	23	21	166	0	0	45	76	0	0	0	38	83	14	16	0	30	27	0	0	47	106	0	17	4	0	0	0	30	0	154	0	0	180	0	0	0	4	34	0	20	32	0	0	40	58	132	169	0	0	0	10	16	0	83	0	6	7	0	0	114	89	0	38	0	15	0	0	0	20	7	11	109	0	0	0	0	0	0	81
k__Bacteria___p__Bacillota___c__Clostridia___o__Peptostreptococcales-Tissierellales___f__Peptostreptococcaceae___g__Peptostreptococcus	0	0	0	0	0	0	0	0	0	0	0	0	0	0	0	0	0	0	0	0	0	0	0	0	0	0	0	0	0	0	0	0	0	0	0	116	0	0	0	0	0	0	0	0	0	0	0	0	0	0	0	0	0	0	0	0	0	0	0	0	0	0	0	0	0	0	0	0	0	0	0	0	0	0	0	0	0	0	0	0	0	0	0	0	0	0	0	0	0	0
k__Bacteria___p__Bacillota___c__Clostridia___o__Peptostreptococcales-Tissierellales___f__Peptostreptococcaceae___g__Romboutsia	15	321	427	0	12	0	274	0	819	80	137	14	0	290	6	7	0	0	16	83	0	63	326	154	0	72	15	80	12	14	57	13	0	141	0	0	9	0	47	0	216	10	20	57	96	6	17	24	22	121	33	28	8	22	98	63	16	19	17	0	26	0	0	0	31	114	59	91	35	55	398	67	163	0	21	24	44	0	0	122	0	56	10	0	0	0	6	0	0	76
k__Bacteria___p__Bacillota___c__Clostridia___o__Peptostreptococcales-Tissierellales___f__Peptostreptococcaceae___g__Terrisporobacter	0	0	42	0	0	0	0	0	0	0	0	0	0	36	0	0	0	0	0	0	0	0	37	0	0	0	0	0	0	0	54	0	0	0	0	0	0	0	0	0	0	0	0	42	0	0	0	0	0	0	0	0	0	0	0	0	0	0	0	0	0	0	0	0	12	0	0	0	0	0	15	25	18	0	0	0	0	0	0	0	0	14	0	0	0	0	0	0	0	0
k__Bacteria___p__Bacillota___c__Negativicutes___o__Acidaminococcales___f__Acidaminococcaceae___g__Acidaminococcus	0	0	0	0	28	0	54	0	0	0	0	0	0	0	0	17	0	0	0	0	0	0	0	0	8	0	198	0	0	0	0	0	0	0	0	0	0	0	0	0	0	0	0	0	0	10	0	0	0	0	0	0	0	0	0	0	0	0	0	0	0	0	0	0	0	841	470	0	567	31	0	0	0	0	0	0	0	0	0	0	0	0	0	0	0	0	0	0	0	0
k__Bacteria___p__Bacillota___c__Negativicutes___o__Acidaminococcales___f__Acidaminococcaceae___g__Phascolarctobacterium	0	111	0	53	22	0	0	5	276	10	0	108	119	59	124	0	39	377	0	17	0	0	0	263	152	112	0	171	76	0	95	0	319	0	0	0	46	50	0	0	0	286	0	86	0	0	90	9	310	15	65	0	137	18	277	0	0	0	71	429	0	74	148	574	155	68	0	0	96	422	0	3	33	250	109	60	0	274	96	0	0	0	120	0	604	0	108	96	290	301
k__Bacteria___p__Bacillota___c__Negativicutes___o__Acidaminococcales___f__Acidaminococcaceae___g__Succiniclasticum	0	0	0	0	0	0	0	0	0	0	0	0	0	0	0	0	0	0	0	0	0	0	0	0	0	0	0	0	0	0	0	0	0	0	0	0	0	0	0	0	0	0	0	0	0	0	0	0	0	0	0	229	0	45	0	0	0	0	0	0	0	0	0	0	0	0	0	0	0	0	0	0	0	0	0	0	0	0	0	0	4	0	0	0	0	0	0	0	0	0
k__Bacteria___p__Bacillota___c__Negativicutes___o__Veillonellales-Selenomonadales___f__Selenomonadaceae___g__Megamonas	0	0	0	0	0	0	22	0	0	0	0	0	0	75	0	0	0	0	0	0	44	36	0	0	0	0	0	0	0	0	0	0	0	4	0	0	0	0	0	0	0	19	0	0	0	0	3	0	0	0	0	0	0	2	0	0	0	22	0	0	9	0	298	0	0	4973	0	0	0	0	0	0	2968	3	0	8	0	0	0	0	0	0	3	0	0	0	0	0	0	0
k__Bacteria___p__Bacillota___c__Negativicutes___o__Veillonellales-Selenomonadales___f__Selenomonadaceae___g__Mitsuokella	26	0	0	0	0	0	0	0	0	0	0	0	0	0	0	0	0	0	0	0	0	0	0	0	0	0	0	0	0	0	0	0	0	0	0	0	0	0	0	0	0	0	0	0	0	0	0	0	0	0	0	0	0	0	0	0	0	0	0	0	0	0	0	0	0	0	0	0	0	0	0	0	0	0	0	0	0	13	0	0	0	0	0	0	0	0	0	0	0	0
k__Bacteria___p__Bacillota___c__Negativicutes___o__Veillonellales-Selenomonadales___f__Selenomonadaceae___g__Selenomonas	0	0	0	0	0	0	0	0	0	0	0	0	0	0	0	0	0	0	0	0	0	0	0	0	0	0	0	0	0	2	0	0	0	0	0	0	0	0	0	0	0	0	0	0	0	0	0	0	0	0	0	0	0	0	0	0	0	0	0	0	0	0	0	0	0	0	0	0	0	0	0	0	0	0	0	0	0	0	0	0	0	0	0	0	0	0	0	0	0	0
k__Bacteria___p__Bacillota___c__Negativicutes___o__Veillonellales-Selenomonadales___f__Veillonellaceae___g__Allisonella	0	0	0	0	0	0	19	0	0	0	0	0	0	0	0	0	0	0	0	11	0	0	0	0	0	0	0	0	0	0	0	0	0	0	0	0	0	0	0	0	0	0	0	0	0	0	0	0	0	12	11	0	0	0	0	0	0	0	0	0	0	0	0	0	0	0	0	0	0	0	0	0	0	0	0	0	0	0	0	0	0	0	0	0	0	0	0	0	0	0
k__Bacteria___p__Bacillota___c__Negativicutes___o__Veillonellales-Selenomonadales___f__Veillonellaceae___g__Dialister	370	367	273	520	110	0	680	349	0	358	153	4	108	20	0	347	129	7	401	285	483	229	600	0	64	0	1200	10	0	7	0	138	0	176	953	236	118	0	142	357	113	181	812	863	320	226	0	509	0	226	0	680	4	138	0	148	608	210	0	0	1975	0	0	0	104	0	339	913	0	0	140	337	37	0	40	310	0	6	0	292	411	57	0	225	0	483	2	139	0	3
k__Bacteria___p__Bacillota___c__Negativicutes___o__Veillonellales-Selenomonadales___f__Veillonellaceae___g__Megasphaera	0	0	0	0	0	0	121	0	0	0	0	0	0	0	6	123	8	0	0	0	162	0	0	0	0	0	78	0	0	0	0	0	0	0	0	421	0	0	0	0	0	0	0	0	0	0	7	43	0	0	165	0	0	0	0	0	0	0	0	0	43	0	0	0	0	1901	0	0	0	0	59	0	1120	0	67	0	4182	0	0	0	0	0	0	273	62	0	0	0	0	0
k__Bacteria___p__Bacillota___c__Negativicutes___o__Veillonellales-Selenomonadales___f__Veillonellaceae___g__Veillonella	0	14	0	0	0	0	0	11	0	0	0	0	0	0	0	11	7	0	150	0	0	0	0	0	0	0	0	0	0	0	30	0	0	16	64	0	0	0	0	0	0	0	8	0	0	0	0	0	5	6	0	0	0	0	0	0	50	0	0	0	16	0	0	0	33	0	0	14	0	0	13	8	0	0	10	0	43	0	0	5	0	19	6	0	0	0	12	75	0	0
k__Bacteria___p__Bacteroidota___c__Bacteroidia___o__Bacteroidales___f__Bacteroidaceae___g__Bacteroides	15579	9198	16301	13521	870	12780	1738	10232	7417	15616	15747	6596	6458	1094	4833	99	12594	11820	1602	9766	402	3193	4959	9151	6657	11291	4783	10365	13121	11306	5160	10470	11752	8158	971	9750	3711	17213	9738	757	19400	5494	2682	12385	12860	4085	2748	5254	7350	8298	397	10932	15160	9093	7473	18196	23468	24384	4755	17317	309	16668	2533	17480	10362	21572	18828	14519	17988	6545	10430	12275	565	13872	20402	7542	2741	7767	7714	8902	23672	7192	15741	13511	1177	12965	2668	8759	9811	5736
k__Bacteria___p__Bacteroidota___c__Bacteroidia___o__Bacteroidales___f__Barnesiellaceae___g__Barnesiella	858	0	0	0	48	0	38	0	0	0	968	0	0	61	497	0	135	0	0	454	107	402	0	31	258	373	82	471	406	0	0	509	0	864	0	0	916	24	1173	0	0	165	101	5185	2	1839	707	806	0	567	21	0	0	683	0	0	0	0	5	0	12	0	885	0	502	0	0	378	0	28	0	0	28	0	939	0	85	0	0	0	0	0	0	0	0	0	50	0	0	16
k__Bacteria___p__Bacteroidota___c__Bacteroidia___o__Bacteroidales___f__Barnesiellaceae___g__Coprobacter	0	0	0	34	0	0	0	0	0	0	0	0	0	0	0	0	11	0	0	0	0	0	0	5	0	0	0	0	176	0	19	0	0	0	0	0	5	0	0	0	0	11	4	0	0	54	0	7	60	26	0	0	0	0	0	0	0	0	0	483	0	0	0	0	32	0	0	35	0	0	0	0	0	0	381	0	0	20	0	112	0	0	0	0	0	0	0	0	0	9
k__Bacteria___p__Bacteroidota___c__Bacteroidia___o__Bacteroidales___f__Marinifilaceae___g__Butyricimonas	0	0	0	72	0	0	0	0	0	119	0	0	27	0	0	11	55	0	0	66	47	5	0	0	0	0	20	0	68	51	0	0	0	56	0	0	17	0	0	0	0	0	0	1345	0	83	0	127	118	172	12	0	0	74	0	0	0	0	0	0	0	0	95	46	123	0	0	0	23	0	0	0	0	0	0	38	0	73	0	34	0	145	27	0	0	0	0	0	0	39
k__Bacteria___p__Bacteroidota___c__Bacteroidia___o__Bacteroidales___f__Marinifilaceae___g__Gabonibacter	0	13	0	0	0	0	0	0	0	0	0	0	0	0	0	0	0	0	0	0	0	0	0	0	0	0	0	0	0	0	0	0	0	0	0	0	0	0	0	0	0	0	0	0	0	0	0	3	0	0	0	0	0	0	0	0	0	0	0	0	0	0	0	0	0	0	0	0	0	0	0	0	0	0	0	0	0	0	0	0	0	0	0	0	0	0	0	0	0	0
k__Bacteria___p__Bacteroidota___c__Bacteroidia___o__Bacteroidales___f__Marinifilaceae___g__Odoribacter	0	58	68	57	8	0	27	83	38	26	97	0	23	0	238	0	68	62	0	100	52	183	120	22	52	0	17	34	71	0	40	0	122	36	9	112	90	7	194	107	0	34	14	239	196	80	78	45	72	14	14	67	69	168	70	195	0	0	49	164	0	231	0	133	114	0	159	55	33	68	51	0	0	38	360	45	0	40	59	0	162	0	27	117	0	40	11	8	0	150
k__Bacteria___p__Bacteroidota___c__Bacteroidia___o__Bacteroidales___f__Porphyromonadaceae___g__Porphyromonas	0	0	0	0	0	0	0	0	0	0	0	0	30	0	0	0	0	22	2	0	0	0	0	0	0	0	0	9	0	0	0	0	0	0	0	35	0	0	0	0	0	0	0	3	0	0	0	0	0	0	0	0	0	3	22	0	0	0	0	0	0	0	0	0	0	0	0	0	4	0	0	0	0	0	0	0	0	0	0	0	0	0	0	0	0	0	0	0	0	0
k__Bacteria___p__Bacteroidota___c__Bacteroidia___o__Bacteroidales___f__Prevotellaceae___g__Hoylesella	6	24	0	0	0	8	0	0	0	0	0	0	79	0	15	0	0	0	8	0	0	0	0	0	0	0	0	22	0	0	0	0	0	0	0	16	0	0	0	0	0	0	0	8	0	0	0	0	9	0	0	0	0	0	2	0	0	0	0	0	0	0	0	0	0	0	0	0	8	0	0	0	0	0	0	0	0	0	4	0	0	0	0	0	0	0	0	0	0	0
k__Bacteria___p__Bacteroidota___c__Bacteroidia___o__Bacteroidales___f__Prevotellaceae___g__Leyella	0	0	0	0	0	0	0	0	0	0	0	0	169	0	0	140	0	0	0	0	0	0	0	0	0	0	0	0	0	0	0	0	0	0	0	0	0	0	0	0	0	0	0	0	0	0	0	0	0	0	2143	0	0	0	0	0	0	0	0	0	0	0	0	0	0	0	0	0	0	0	0	3	0	0	0	0	0	0	0	0	0	0	0	0	0	0	0	0	0	0
k__Bacteria___p__Bacteroidota___c__Bacteroidia___o__Bacteroidales___f__Prevotellaceae___g__Massiliprevotella	0	0	0	0	0	0	595	0	0	0	0	0	229	0	0	5	0	28	0	0	0	0	0	0	4	0	0	0	0	0	0	0	0	1812	0	0	0	0	0	0	0	673	0	0	0	0	0	0	0	763	0	1237	0	0	0	0	0	0	0	0	0	0	0	0	0	0	0	0	0	300	0	0	0	0	0	377	0	0	495	0	0	0	0	0	467	0	0	0	0	0
k__Bacteria___p__Bacteroidota___c__Bacteroidia___o__Bacteroidales___f__Prevotellaceae___g__Paraprevotella	0	0	0	0	0	0	0	0	0	0	0	0	0	0	0	20	0	0	0	0	52	0	0	0	87	0	0	0	33	0	0	0	0	0	0	0	0	7	0	0	0	32	0	0	0	604	0	263	564	1428	0	0	0	203	0	0	0	0	187	0	0	0	0	0	0	395	0	0	21	0	0	0	0	0	0	0	0	0	0	0	0	0	0	0	182	0	0	0	0	5
k__Bacteria___p__Bacteroidota___c__Bacteroidia___o__Bacteroidales___f__Prevotellaceae___g__Prevotella	0	7	0	12	0	8	0	0	33	0	0	0	33	0	7	0	0	38	0	0	0	0	0	0	0	0	0	4	0	0	4	0	0	26	0	98	0	0	0	0	0	8	0	0	0	0	6	4	8	0	0	0	0	0	10	0	31	0	0	0	0	0	0	0	0	0	0	5	0	0	0	0	0	0	0	0	0	0	0	0	0	0	0	0	0	0	0	0	6	2
k__Bacteria___p__Bacteroidota___c__Bacteroidia___o__Bacteroidales___f__Prevotellaceae___g__Prevotellaceae Ga6A1 group	0	0	0	0	0	21	0	0	0	0	0	0	0	0	0	0	0	0	0	0	0	0	0	0	0	0	0	0	0	0	0	0	0	0	0	0	0	0	0	0	0	0	0	0	0	0	0	0	0	0	0	0	0	0	0	23	0	0	0	0	0	0	0	0	0	0	0	0	0	0	0	0	0	0	0	0	0	0	0	0	0	0	0	0	0	0	0	0	0	0
k__Bacteria___p__Bacteroidota___c__Bacteroidia___o__Bacteroidales___f__Prevotellaceae___g__Prevotellaceae NK3B31 group	0	0	0	0	0	0	0	0	0	0	0	0	0	0	0	6	0	0	0	0	0	0	0	0	0	0	0	0	0	0	0	0	0	0	0	0	0	0	0	0	0	0	0	0	0	0	0	0	0	0	0	0	0	0	0	0	0	0	0	0	0	0	0	0	0	0	0	0	0	0	0	0	559	0	0	0	0	0	0	0	0	0	0	0	0	0	0	0	0	0
k__Bacteria___p__Bacteroidota___c__Bacteroidia___o__Bacteroidales___f__Prevotellaceae___g__Prevotellaceae UCG-001	0	0	0	0	0	0	0	0	0	0	0	0	26	0	0	0	0	0	0	0	0	0	0	0	0	0	0	0	0	0	0	0	0	0	0	0	0	0	0	0	0	0	0	0	0	0	0	0	0	0	0	0	0	0	0	0	0	0	0	0	0	0	0	0	0	0	0	0	0	0	0	0	0	0	0	0	0	0	0	0	0	0	0	0	0	0	0	0	0	0
k__Bacteria___p__Bacteroidota___c__Bacteroidia___o__Bacteroidales___f__Prevotellaceae___g__Segatella	72	7	5	0	0	9	25276	0	0	0	0	0	3	0	109	7099	42	0	29654	0	18361	6128	0	7	49	0	0	0	0	0	0	9	0	20	0	0	13	0	0	5	0	2813	15	8	46	0	50	11321	0	0	23523	15	15	24	14	8	0	134	0	6	170	0	19826	7	0	0	0	33	0	0	7	23	30558	20	0	51	0	64	0	0	0	0	0	0	18345	0	0	0	47	0
k__Bacteria___p__Bacteroidota___c__Bacteroidia___o__Bacteroidales___f__Rikenellaceae___g__Alistipes	0	2795	3728	2541	236	70	355	2466	1052	928	1063	128	1569	1511	1328	17	816	5130	4	2893	240	2774	4383	573	2099	4054	757	2356	1049	732	682	309	2945	1567	174	95	3075	568	985	0	7	580	529	7507	0	4417	1619	3412	2676	2285	63	1410	722	5007	6538	1986	336	516	2002	2165	41	2372	2173	2935	1014	103	2540	1593	768	1163	986	1076	102	2901	7198	2247	349	1355	2151	2216	681	2761	965	2190	22	1264	244	166	4274	2437
k__Bacteria___p__Bacteroidota___c__Bacteroidia___o__Bacteroidales___f__Rikenellaceae___g__Rikenellaceae RC9 gut group	0	0	0	0	0	0	0	0	0	0	0	0	0	0	0	315	0	0	0	0	148	0	0	0	0	0	0	0	0	0	0	0	0	0	0	0	0	0	0	0	0	0	0	0	0	0	0	90	0	0	0	0	0	0	0	0	0	0	0	0	0	0	0	0	0	0	0	0	0	0	0	0	0	0	0	0	0	0	0	0	0	0	0	0	0	0	0	0	0	0
k__Bacteria___p__Bacteroidota___c__Bacteroidia___o__Bacteroidales___f__Tannerellaceae___g__Parabacteroides	1254	785	62	1489	160	4761	182	361	481	378	1202	326	575	1208	480	23	141	1891	80	1634	103	1236	378	314	232	2662	159	614	1551	490	2101	417	1218	1322	69	126	999	1037	1106	1367	0	1007	136	1102	472	310	661	1397	541	821	208	3410	45	560	649	6337	3743	0	786	1451	26	487	155	1623	2131	1103	836	842	1799	522	703	403	76	1160	1981	934	246	201	1163	604	6161	672	488	1265	77	724	234	592	1540	204
k__Bacteria___p__Bacteroidota___c__Bacteroidia___o__Flavobacteriales___f__Weeksellaceae___g__Bergeyella	0	0	0	0	0	0	0	0	0	0	0	0	0	0	0	0	0	0	0	0	0	0	0	0	0	0	0	0	0	2	0	0	0	0	0	0	0	0	0	0	0	0	0	0	0	0	0	0	0	0	0	0	0	0	0	0	0	0	0	0	0	0	0	0	0	0	0	0	0	0	0	0	0	0	0	0	0	0	0	0	0	0	0	0	0	0	0	0	0	0
k__Bacteria___p__Campylobacterota___c__Campylobacteria___o__Campylobacterales___f__Campylobacteraceae___g__Campylobacter	0	7	0	0	0	0	0	0	0	0	0	0	12	0	0	0	0	8	3	0	0	0	0	0	0	0	0	8	0	0	0	0	0	0	0	6	0	0	0	0	0	0	0	0	0	0	0	0	0	0	0	0	0	0	0	0	8	0	0	0	0	0	0	0	0	0	0	0	0	0	0	0	0	0	0	0	0	0	0	0	0	0	0	0	0	0	0	0	0	0
k__Bacteria___p__Cyanobacteriota___c__Vampirivibrionia___o__Gastranaerophilales___f__Gastranaerophilaceae___g__CAG-196	0	0	0	0	0	0	28	0	0	0	0	0	0	0	0	0	0	0	0	0	0	1984	0	0	0	0	0	0	0	0	0	18	0	0	0	0	162	0	0	0	0	0	24	0	0	0	0	68	0	0	0	0	0	0	0	0	0	0	0	0	0	0	0	0	0	0	0	0	0	0	0	0	0	0	0	0	0	0	0	0	0	33	0	0	0	0	0	0	0	0
k__Bacteria___p__Cyanobacteriota___c__Vampirivibrionia___o__Gastranaerophilales___f__Gastranaerophilaceae___g__Zag_111	0	0	0	0	0	0	0	0	42	0	0	0	0	0	0	0	0	0	0	0	0	0	0	0	0	0	0	0	0	0	0	0	0	0	0	0	193	0	0	0	0	0	41	0	0	0	0	0	0	0	0	0	0	0	0	0	0	0	0	0	0	0	0	0	0	0	0	0	0	0	0	0	0	0	0	0	0	0	0	0	0	0	0	0	0	0	0	0	0	0
k__Bacteria___p__Deferribacterota___c__Deferribacteres___o__Deferribacterales___f__Deferribacteraceae___g__Mucispirillum	0	0	0	0	0	0	0	0	0	0	0	0	0	0	0	0	0	0	0	0	0	0	0	0	0	0	0	0	0	0	0	0	0	0	0	0	0	0	0	0	0	0	0	0	0	0	0	0	0	0	0	0	0	8	0	0	0	0	0	0	0	0	0	0	0	0	0	0	0	0	0	0	0	0	0	3	0	0	0	0	0	0	0	0	0	0	0	0	0	0
k__Bacteria___p__Elusimicrobiota___c__Elusimicrobia___o__Elusimicrobiales___f__Elusimicrobiaceae___g__Elusimicrobium	0	0	0	0	0	0	0	0	0	0	0	0	0	0	0	1538	0	0	0	0	0	0	0	0	0	0	0	0	0	2	0	0	0	0	0	0	0	0	0	0	0	0	0	0	0	0	0	0	0	0	0	0	0	0	0	0	0	0	0	0	0	0	0	0	0	0	0	0	0	0	0	0	0	0	0	0	0	0	0	0	0	0	0	0	0	0	0	0	0	0
k__Bacteria___p__Fusobacteriota___c__Fusobacteriia___o__Fusobacteriales___f__Fusobacteriaceae___g__Fusobacterium	0	0	0	0	0	0	0	0	0	0	0	0	0	0	0	0	0	0	0	0	0	0	0	0	0	2	0	6	0	7	0	0	0	0	0	117	0	4	0	0	0	0	0	0	0	0	7	0	0	0	0	0	0	0	0	0	0	0	0	0	0	0	0	0	0	0	0	0	30	0	0	0	0	0	0	0	0	0	36	0	0	0	0	0	0	0	0	3	0	0
k__Bacteria___p__Fusobacteriota___c__Fusobacteriia___o__Fusobacteriales___f__Leptotrichiaceae___g__Pseudoleptotrichia	0	0	0	0	0	0	0	0	0	0	0	0	0	0	0	0	0	0	0	0	0	0	0	0	0	0	0	0	0	0	0	0	0	0	0	0	0	0	0	0	0	0	0	0	0	0	0	0	0	0	0	0	0	0	0	0	0	0	0	0	0	0	0	0	0	0	0	2	0	0	0	0	0	0	0	0	0	0	0	0	0	0	0	0	0	0	0	0	0	0
k__Bacteria___p__Fusobacteriota___c__Fusobacteriia___o__Fusobacteriales___f__Leptotrichiaceae___g__Sneathia	0	0	0	0	0	0	0	0	0	0	0	0	0	0	0	0	0	0	0	0	0	0	0	0	0	12	0	0	0	0	0	0	0	0	0	0	0	0	0	0	0	0	0	0	0	0	0	0	0	0	0	0	0	0	0	2	0	0	0	0	0	0	0	0	0	0	0	0	0	0	0	0	0	0	0	0	0	0	0	0	0	0	0	0	0	0	0	0	0	0
k__Bacteria___p__Pseudomonadota___c__Alphaproteobacteria___o__Hyphomicrobiales___f__Rhizobiaceae___g__Phyllobacterium	0	0	0	0	0	0	0	0	0	0	0	0	0	0	0	0	0	0	0	0	0	0	0	0	0	0	0	0	0	0	0	0	0	0	0	0	0	0	0	0	0	0	0	0	0	0	0	0	0	0	0	0	0	0	0	0	0	0	0	0	2	0	0	0	0	0	0	0	0	0	0	0	0	0	0	0	0	0	0	0	0	0	0	0	0	0	0	0	0	0
k__Bacteria___p__Pseudomonadota___c__Gammaproteobacteria___o__Burkholderiales___f__Comamonadaceae___g__Delftia	0	0	0	0	0	0	0	0	0	0	0	0	0	0	0	0	0	0	0	0	0	0	0	0	0	0	0	0	0	0	0	0	0	0	0	0	0	0	0	0	0	0	0	0	0	0	0	0	0	0	0	0	0	0	0	0	0	0	0	0	0	0	0	0	0	0	0	0	0	0	0	0	0	0	0	0	2	0	0	0	0	0	0	0	0	0	0	0	0	0
k__Bacteria___p__Pseudomonadota___c__Gammaproteobacteria___o__Burkholderiales___f__Neisseriaceae___g__Neisseria	0	0	0	0	0	0	0	0	0	0	0	0	0	0	0	0	0	0	0	0	0	0	0	0	0	0	0	0	0	6	0	0	0	0	0	0	0	0	0	0	0	0	0	0	0	0	0	0	0	0	0	0	0	0	0	0	0	0	0	0	0	0	0	0	0	0	0	0	0	0	0	0	0	0	0	0	0	0	0	0	0	0	0	0	0	0	0	0	0	0
k__Bacteria___p__Pseudomonadota___c__Gammaproteobacteria___o__Burkholderiales___f__Oxalobacteraceae___g__Oxalobacter	0	27	0	0	0	0	0	0	0	0	0	0	29	11	0	0	0	48	0	0	0	24	0	0	26	0	0	0	0	0	0	0	0	0	0	0	0	0	0	0	0	19	0	0	0	0	0	0	25	0	7	0	6	0	0	0	0	0	0	0	0	0	20	0	0	0	0	0	10	0	0	0	0	0	0	39	0	0	0	0	0	0	0	0	0	0	0	0	0	0
k__Bacteria___p__Pseudomonadota___c__Gammaproteobacteria___o__Burkholderiales___f__Sutterellaceae___g__Parasutterella	0	599	1084	537	82	0	0	16	605	801	1782	0	1367	0	784	0	195	1700	4	1180	0	129	361	882	260	835	304	173	15	632	1032	0	1350	156	0	619	1043	35	1319	0	0	18	3	33	0	47	112	23	25	96	35	1454	1022	804	829	322	0	1703	0	2224	48	0	103	68	582	1323	2014	11	153	1002	568	920	5	2981	2562	23	2	0	616	1943	3744	723	28	734	0	0	0	1083	0	24
k__Bacteria___p__Pseudomonadota___c__Gammaproteobacteria___o__Burkholderiales___f__Sutterellaceae___g__Sutterella	260	0	0	0	0	695	357	1409	0	0	98	0	0	0	4	55	25	0	484	70	1188	329	0	0	961	54	0	1393	35	0	0	108	0	817	20	239	0	1455	0	0	0	1266	0	1165	302	267	323	973	350	1030	882	0	0	100	0	2202	0	2	0	0	0	0	1539	2719	0	42	0	1948	725	0	308	4	660	0	0	996	0	521	0	0	0	0	1021	70	916	887	0	738	183	67
k__Bacteria___p__Pseudomonadota___c__Gammaproteobacteria___o__Burkholderiales___f__Sutterellaceae___g__Turicimonas	0	0	0	0	0	12	0	0	0	0	0	0	0	0	0	0	0	0	0	29	0	0	0	0	0	0	0	0	0	0	0	0	0	0	0	0	0	0	0	0	0	0	0	0	0	0	0	0	0	0	0	0	0	0	0	0	0	0	0	0	0	0	0	0	0	0	0	0	0	0	0	0	0	0	0	0	0	0	0	0	0	0	0	0	0	0	57	0	0	0
k__Bacteria___p__Pseudomonadota___c__Gammaproteobacteria___o__Enterobacterales___f__Enterobacteriaceae___g__Citrobacter	0	0	0	0	0	0	4	0	0	0	0	0	0	0	0	0	0	0	0	0	0	0	0	0	0	0	0	0	0	0	0	0	0	0	0	0	0	0	0	0	0	0	0	0	0	0	0	0	0	0	0	0	0	0	0	0	125	0	0	0	0	0	0	0	0	0	0	0	0	0	0	0	0	0	0	0	0	0	0	0	0	0	0	0	0	0	0	0	0	0
k__Bacteria___p__Pseudomonadota___c__Gammaproteobacteria___o__Enterobacterales___f__Enterobacteriaceae___g__Escherichia-Shigella	0	109	78	209	0	0	0	0	32	0	0	0	45	16	0	0	477	52	0	0	11	0	30	0	0	104	16	44	0	0	6	18	23	0	0	5777	0	0	171	99	52	0	0	71	0	37	27	3	27	0	27	18	0	4	60	26	195	0	0	13	0	29	0	0	113	54	0	26	2300	0	0	0	0	61	10	509	619	0	17	0	7	0	0	0	0	0	0	5	100	3706
k__Bacteria___p__Pseudomonadota___c__Gammaproteobacteria___o__Enterobacterales___f__Enterobacteriaceae___g__Klebsiella	0	0	0	0	0	0	0	0	0	0	0	0	0	0	0	0	0	0	14	0	0	0	0	0	0	0	0	0	0	0	0	0	0	0	0	0	0	0	0	0	0	0	0	0	0	0	0	0	0	0	0	0	0	0	0	0	0	0	0	0	0	0	27	0	0	0	27	0	44	0	0	0	0	0	0	0	0	0	0	0	0	0	0	0	0	24	0	0	0	0
k__Bacteria___p__Pseudomonadota___c__Gammaproteobacteria___o__Enterobacterales___f__Enterobacteriaceae___g__Pluralibacter	0	0	0	0	0	0	0	0	0	0	0	0	0	0	0	0	0	0	0	0	0	0	0	0	0	0	0	0	0	0	0	0	0	0	0	0	0	0	0	0	0	0	0	0	0	0	0	0	0	0	0	0	0	0	0	0	38	0	23	0	0	0	0	0	0	0	0	0	0	0	0	0	0	0	0	0	0	0	0	0	0	0	0	0	0	0	0	0	0	0
k__Bacteria___p__Pseudomonadota___c__Gammaproteobacteria___o__Enterobacterales___f__Morganellaceae___g__Morganella	0	0	0	0	0	0	0	0	0	0	0	0	0	0	0	0	0	0	0	0	0	0	0	0	0	0	0	0	0	0	0	0	0	0	0	46	0	0	0	0	0	0	0	0	0	0	0	0	0	0	0	0	0	0	0	0	0	0	0	0	0	0	0	0	0	0	0	0	0	0	0	0	0	0	0	0	0	0	0	0	0	0	0	0	0	0	0	0	0	0
k__Bacteria___p__Pseudomonadota___c__Gammaproteobacteria___o__Enterobacterales___f__Pasteurellaceae___g__Conservatibacter	0	0	0	0	0	0	0	0	0	0	0	0	0	0	0	0	0	0	0	0	0	0	0	0	0	0	0	0	0	0	0	0	0	0	0	0	0	0	0	0	0	0	0	0	0	0	0	0	0	0	0	0	0	0	0	0	0	3	0	0	0	0	0	0	0	0	0	0	0	0	0	0	0	0	0	0	0	0	0	0	0	0	0	0	0	0	0	0	0	0
k__Bacteria___p__Pseudomonadota___c__Gammaproteobacteria___o__Enterobacterales___f__Pasteurellaceae___g__Haemophilus	0	18	0	15	0	7	6	0	0	68	13	0	0	0	3	0	6	69	429	0	48	14	0	0	10	71	15	0	0	34	50	0	0	3	0	5	10	15	13	0	0	117	0	15	140	0	80	0	3	111	22	0	39	0	0	6	29	0	0	0	0	0	0	5	22	21	0	122	0	0	704	152	20	0	156	138	0	0	15	0	11	19	88	60	85	84	0	210	0	7
k__Bacteria___p__Pseudomonadota___c__Gammaproteobacteria___o__Enterobacterales___f__Pasteurellaceae___g__Mannheimia	0	11	0	0	0	0	0	0	0	0	0	0	0	0	0	0	0	0	0	0	0	0	0	0	0	0	0	0	0	0	0	0	0	0	0	0	0	0	0	0	0	0	0	0	18	0	0	0	0	0	0	0	0	0	0	0	0	0	0	0	0	0	0	0	0	0	0	0	0	0	0	0	0	0	0	0	0	0	0	0	0	0	0	0	0	0	0	26	0	0
k__Bacteria___p__Pseudomonadota___c__Gammaproteobacteria___o__Enterobacterales___f__Succinivibrionaceae___g__Succinivibrio	0	0	0	0	0	0	109	0	0	0	0	0	0	0	0	113	0	0	0	0	0	0	0	0	0	0	0	0	0	0	0	0	0	0	0	0	0	0	0	0	0	0	0	0	0	0	0	0	0	0	0	0	0	0	0	0	0	0	0	0	0	0	0	0	0	0	0	0	0	0	0	0	0	281	0	0	0	0	0	0	0	0	0	0	0	0	0	0	0	0
k__Bacteria___p__Pseudomonadota___c__Gammaproteobacteria___o__Enterobacterales___f__Vibrionaceae___g__Vibrio	0	0	0	0	0	0	0	0	0	0	0	0	0	0	0	0	0	0	0	0	0	0	0	0	0	0	0	0	0	0	0	0	0	0	0	0	0	0	0	6	0	0	0	0	0	0	0	0	0	0	0	0	0	10	0	0	0	0	0	0	0	0	0	0	0	0	0	0	0	0	0	0	0	0	0	0	0	0	0	0	0	0	0	0	0	0	0	0	0	0
k__Bacteria___p__Spirochaetota___c__Brachyspirae___o__Brachyspirales___f__Brachyspiraceae___g__Brachyspira	0	0	0	0	0	0	0	0	0	0	0	0	0	0	0	0	0	0	0	5	0	0	0	0	0	0	0	0	0	0	0	0	0	0	0	0	0	0	0	0	0	0	0	0	0	0	0	0	0	0	0	0	0	0	0	0	0	0	0	0	0	0	0	0	0	0	0	0	0	0	0	0	0	0	0	0	0	0	0	0	0	0	0	0	0	0	0	0	0	0
k__Bacteria___p__Synergistota___c__Synergistia___o__Synergistales___f__Synergistaceae___g__Cloacibacillus	0	0	4	0	0	0	0	0	0	0	0	0	0	0	0	0	0	0	0	0	0	0	11	0	0	0	0	0	0	0	0	0	0	0	0	0	0	0	0	0	0	0	0	0	0	0	0	0	6	0	0	0	0	0	0	0	0	0	0	0	0	0	0	0	0	0	0	0	0	0	0	0	0	0	0	0	0	0	0	0	0	0	0	0	0	0	0	0	0	0
k__Bacteria___p__Synergistota___c__Synergistia___o__Synergistales___f__Synergistaceae___g__Pyramidobacter	0	0	0	0	0	0	0	0	0	0	0	0	0	0	0	0	0	0	0	0	0	0	0	0	0	0	0	0	0	0	0	0	0	0	0	0	0	0	0	0	0	0	0	0	0	0	0	0	0	0	0	0	0	0	0	0	0	0	0	0	0	0	0	0	2	0	0	0	0	0	0	0	0	0	0	0	0	0	0	0	0	0	0	0	0	0	0	0	0	0
k__Bacteria___p__Thermodesulfobacteriota___c__Desulfovibrionia___o__Desulfovibrionales___f__Desulfovibrionaceae___g__Bilophila	0	134	236	0	0	131	0	293	11	61	19	0	144	336	218	0	79	329	84	259	91	294	152	219	152	194	59	272	92	274	4	0	186	89	0	0	227	105	133	144	0	91	114	180	0	186	0	464	725	21	45	422	176	331	340	3	0	0	88	496	22	0	149	415	328	0	333	246	110	28	92	176	9	598	410	0	0	243	398	235	365	239	88	132	0	0	34	34	436	319
k__Bacteria___p__Thermodesulfobacteriota___c__Desulfovibrionia___o__Desulfovibrionales___f__Desulfovibrionaceae___g__Desulfovibrio	0	0	0	127	0	0	114	0	0	0	0	0	325	0	46	67	0	13	0	0	0	57	16	0	0	0	0	0	350	0	0	0	129	0	0	0	0	0	0	0	0	603	0	0	0	0	141	0	0	0	0	0	0	0	0	0	0	0	0	0	0	0	0	0	67	0	0	278	373	146	0	0	0	0	0	0	0	0	0	0	0	0	0	0	0	0	0	0	0	0
k__Bacteria___p__Thermodesulfobacteriota___c__Desulfovibrionia___o__Desulfovibrionales___f__Desulfovibrionaceae___g__Mailhella	0	0	0	0	0	0	0	0	0	0	0	0	0	0	0	0	0	0	0	0	0	0	0	0	0	0	0	0	94	0	0	0	0	0	0	0	0	0	0	0	0	0	0	0	0	0	0	0	0	0	0	0	0	0	0	0	0	0	0	0	0	0	0	0	0	0	0	0	0	0	0	0	0	0	0	0	0	0	0	0	0	0	0	0	0	0	0	0	0	0
k__Bacteria___p__Verrucomicrobiota___c__Lentisphaeria___o__Victivallales___f__Victivallaceae___g__Victivallis	0	16	0	0	0	0	0	0	0	0	0	0	90	0	0	0	0	0	0	0	0	1364	53	0	0	0	0	0	0	7	0	0	0	0	0	0	0	0	0	0	0	0	0	0	0	52	10	11	0	0	22	0	0	21	0	0	0	0	0	0	0	0	0	0	0	0	0	0	0	0	0	0	0	0	0	0	0	0	0	0	0	0	0	25	0	0	0	0	0	0
k__Bacteria___p__Verrucomicrobiota___c__Verrucomicrobiia___o__Verrucomicrobiales___f__Akkermansiaceae___g__Akkermansia	2	950	67	0	0	0	0	9	760	0	849	690	288	81	507	0	0	1903	0	311	0	84	456	0	0	27	13	0	0	0	0	0	2221	0	66	0	404	33	163	763	0	356	0	0	0	212	99	0	1031	0	0	0	0	733	998	44	0	151	0	0	14	0	0	178	102	0	0	0	0	107	0	5	0	0	735	0	0	0	0	455	0	958	0	19	0	0	146	0	0	3632
k__Bacteria___p__Actinomycetota___c__Actinobacteria___o__Actinomycetales___f__Actinomycetaceae___g__Schaalia___s__Schaalia odontolytica	0	0	0	0	0	0	0	0	0	0	0	0	0	0	0	0	0	0	4	0	0	0	0	0	0	0	0	0	0	0	0	0	0	0	0	0	0	0	0	0	0	0	0	0	0	0	0	0	0	0	0	0	0	0	0	0	0	0	0	0	0	0	0	4	0	0	0	0	0	0	0	0	8	0	0	0	11	0	0	0	0	0	0	0	0	0	0	0	0	0
k__Bacteria___p__Actinomycetota___c__Actinobacteria___o__Actinomycetales___f__Actinomycetaceae___g__Varibaculum___s__Varibaculum timonense	0	0	0	0	0	0	0	0	0	0	0	0	0	0	0	0	0	0	0	0	0	0	0	0	0	0	0	0	0	0	0	0	0	0	0	0	0	0	0	0	0	0	0	7	0	0	0	0	0	0	0	0	0	0	0	0	0	0	0	0	0	0	0	0	0	0	0	0	0	0	0	0	0	0	0	0	0	0	0	0	0	0	0	0	0	0	0	0	0	0
k__Bacteria___p__Actinomycetota___c__Actinobacteria___o__Bifidobacteriales___f__Bifidobacteriaceae___g__Bifidobacterium___s__Bifidobacterium animalis	0	0	0	0	0	0	0	0	0	0	0	0	0	0	0	0	0	0	75	0	0	0	0	0	0	0	0	0	0	0	0	0	0	0	0	0	0	0	0	0	0	0	0	0	0	0	0	0	0	0	0	0	0	0	0	0	0	0	0	0	0	0	0	0	0	0	0	0	0	0	0	0	0	0	0	0	0	0	0	0	0	0	0	0	0	0	0	0	0	0
k__Bacteria___p__Actinomycetota___c__Actinobacteria___o__Bifidobacteriales___f__Bifidobacteriaceae___g__Bifidobacterium___s__Bifidobacterium bifidum	0	0	0	0	0	0	0	88	0	0	0	0	24	0	0	0	0	0	0	100	0	92	0	0	20	0	46	0	0	112	0	0	0	56	0	0	0	0	36	0	0	0	0	0	0	0	34	0	0	0	0	0	0	0	0	0	0	107	0	0	0	0	0	0	0	77	0	0	90	0	0	21	0	48	0	0	0	33	0	141	0	52	0	100	0	0	0	0	0	0
k__Bacteria___p__Actinomycetota___c__Actinobacteria___o__Micrococcales___f__Micrococcaceae___g__Rothia___s__Rothia mucilaginosa	0	0	0	0	0	0	0	0	0	0	0	0	0	0	0	0	0	0	5	0	0	0	0	0	0	0	0	0	4	0	0	0	0	0	8	0	0	0	0	0	0	0	0	8	0	0	0	0	0	6	0	0	0	0	0	0	0	0	0	0	0	0	0	0	0	0	0	0	0	0	0	0	0	0	0	0	5	0	0	0	0	0	0	0	0	0	0	0	0	0
k__Bacteria___p__Actinomycetota___c__Actinobacteria___o__Mycobacteriales___f__Corynebacteriaceae___g__Corynebacterium___s__Corynebacterium argentoratense	0	0	0	0	0	0	0	0	0	0	0	0	0	0	0	0	0	0	0	0	0	0	0	0	0	0	0	0	0	0	0	0	0	0	0	0	0	0	0	0	0	0	0	0	0	0	0	0	0	0	0	0	0	0	0	0	0	0	0	0	0	0	0	0	0	0	0	0	0	0	0	0	0	0	0	0	0	0	0	0	0	0	0	0	0	0	0	0	0	7
k__Bacteria___p__Actinomycetota___c__Coriobacteriia___o__Coriobacteriales___f__Atopobiaceae___g__Olsenella___s__Olsenella umbonata	0	0	0	76	0	0	0	0	0	0	0	0	0	0	0	0	0	0	0	0	0	0	0	0	0	0	0	0	0	0	0	0	0	0	0	0	0	0	0	0	0	0	0	0	0	0	0	0	0	0	0	0	111	0	0	0	0	0	0	0	0	0	0	0	0	0	0	0	0	0	0	0	0	0	0	0	0	0	0	0	0	0	0	0	0	0	0	0	0	0
k__Bacteria___p__Actinomycetota___c__Coriobacteriia___o__Coriobacteriales___f__Coriobacteriaceae___g__Collinsella___s__Collinsella aerofaciens	0	244	0	249	16	0	43	67	0	114	0	0	0	500	52	9	17	0	64	375	61	35	120	84	17	70	205	43	91	32	89	0	0	82	0	0	0	72	75	27	0	39	182	71	54	68	127	372	291	123	86	0	0	211	0	0	0	0	49	0	4	0	149	0	0	114	0	75	880	68	161	47	99	240	134	145	0	387	63	37	40	0	0	101	96	0	0	62	0	164
k__Bacteria___p__Actinomycetota___c__Coriobacteriia___o__Coriobacteriales___f__Coriobacteriaceae___g__Collinsella___s__Collinsella bouchesdurhonensis	0	0	0	0	0	0	0	0	0	0	0	0	0	46	0	0	0	0	0	0	0	0	0	0	0	0	0	0	0	0	0	0	0	0	0	0	0	0	0	0	0	0	0	0	0	0	0	0	0	0	0	0	0	0	0	0	0	0	0	0	0	0	0	0	0	0	0	0	0	0	0	0	0	0	0	0	0	0	0	0	0	0	0	0	0	0	0	0	0	0
k__Bacteria___p__Actinomycetota___c__Coriobacteriia___o__Coriobacteriales___f__Coriobacteriaceae___g__Collinsella___s__Collinsella phocaeensis	0	0	0	0	0	0	8	0	0	0	0	0	0	0	0	0	0	0	0	0	0	0	0	0	0	0	0	0	0	0	0	0	0	0	0	0	0	0	0	0	0	0	0	0	0	0	0	0	0	7	0	0	0	0	0	0	0	0	0	0	0	0	0	0	0	0	0	0	27	0	0	0	0	0	0	0	0	0	0	0	0	0	0	0	0	0	0	0	0	0
k__Bacteria___p__Actinomycetota___c__Coriobacteriia___o__Coriobacteriales___f__Coriobacteriaceae___g__Collinsella___s__Collinsella tanakaei	0	0	0	0	0	0	0	0	0	0	0	0	0	0	0	0	0	0	0	0	0	0	0	0	0	0	0	0	0	0	0	0	0	0	0	0	0	0	0	0	0	0	0	0	0	0	0	0	0	0	0	0	0	0	0	0	0	0	0	0	0	0	0	0	0	0	0	0	53	0	0	0	0	0	0	0	0	0	0	0	0	0	0	0	0	0	0	0	0	0
k__Bacteria___p__Actinomycetota___c__Coriobacteriia___o__Coriobacteriales___f__Eggerthellaceae___g__Eggerthella___s__Eggerthella lenta	82	0	17	0	0	18	0	0	44	0	21	11	0	10	0	0	0	16	0	0	0	0	0	0	0	0	0	0	0	0	0	0	5	0	0	20	0	9	0	0	5	0	0	6	0	0	0	0	0	0	0	0	0	0	10	8	78	7	8	0	0	0	0	7	15	0	0	0	45	0	0	8	0	0	0	0	9	0	0	0	11	0	0	0	0	0	0	0	88	9
k__Bacteria___p__Actinomycetota___c__Coriobacteriia___o__Coriobacteriales___f__Eggerthellaceae___g__Gordonibacter___s__Gordonibacter urolithinfaciens	0	0	0	0	0	0	0	0	0	0	0	0	0	0	0	0	0	0	0	0	0	0	0	0	0	0	0	0	0	0	0	0	0	0	0	0	0	0	0	0	0	0	0	0	0	0	0	0	0	0	0	0	0	0	0	0	0	0	3	0	0	0	0	0	0	0	0	0	0	0	0	0	0	0	0	0	0	0	0	0	0	0	0	0	0	0	0	0	0	0
k__Bacteria___p__Actinomycetota___c__Coriobacteriia___o__Coriobacteriales___f__Eggerthellaceae___g__Senegalimassilia___s__Senegalimassilia anaerobia	0	0	0	0	0	0	0	0	0	0	0	0	0	0	0	0	0	0	0	0	0	0	0	0	0	0	0	0	0	0	0	0	0	0	0	0	0	20	0	0	0	9	0	0	0	0	0	0	0	0	18	0	0	0	0	0	0	0	0	0	0	0	0	0	0	0	0	0	0	0	0	0	0	0	17	0	0	0	19	0	0	0	0	0	0	12	0	0	0	0
k__Bacteria___p__Actinomycetota___c__Coriobacteriia___o__Coriobacteriales___f__Eggerthellaceae___g__Slackia___s__Slackia faecicanis	0	0	0	0	0	0	0	0	0	0	0	0	0	0	0	0	0	0	0	0	0	0	0	0	0	0	0	0	0	0	0	0	0	0	0	0	0	0	0	0	0	0	0	21	0	0	0	0	0	0	0	0	0	0	0	0	0	0	0	0	0	0	0	0	0	0	0	0	0	0	0	0	0	0	0	0	0	0	0	0	0	0	0	0	0	0	0	0	0	0
k__Bacteria___p__Actinomycetota___c__Coriobacteriia___o__Coriobacteriales___f__Eggerthellaceae___g__Slackia___s__Slackia isoflavoniconvertens	0	0	0	0	0	0	0	0	0	0	0	0	0	0	0	0	0	0	0	0	4	0	0	0	0	0	0	0	4	0	0	0	0	0	0	0	0	0	0	0	0	0	0	0	0	0	0	0	0	34	5	0	0	0	0	0	0	0	0	0	0	0	0	0	0	0	0	4	0	0	29	0	0	0	0	0	0	0	0	0	0	0	0	0	0	0	4	0	0	49
k__Bacteria___p__Actinomycetota___c__Coriobacteriia___o__Coriobacteriales___f__Eggerthellaceae___g__Slackia___s__Slackia piriformis	0	0	0	0	0	0	0	0	0	0	0	0	0	0	0	0	0	0	7	0	0	0	0	0	0	0	0	0	0	0	0	0	0	0	0	0	0	0	0	0	0	0	0	0	0	0	0	0	0	0	0	0	0	0	0	0	0	0	0	0	0	0	6	0	0	0	0	0	0	0	0	0	0	0	0	0	0	0	0	0	0	0	0	0	0	0	0	0	0	0
k__Bacteria___p__Bacillota___c__Bacilli___o__Erysipelotrichales___f__Erysipelatoclostridiaceae___g__Catenibacterium___s__Catenibacterium mitsuokai	0	0	0	0	0	0	0	0	0	0	0	335	0	0	0	155	200	0	73	0	44	0	0	341	0	0	0	0	0	0	0	0	0	0	0	0	0	0	0	0	0	0	0	0	0	0	0	0	0	0	85	0	0	0	0	0	0	0	0	0	0	0	0	0	0	0	0	0	0	0	0	0	0	0	406	0	0	0	0	0	0	0	0	0	0	0	0	0	0	0
k__Bacteria___p__Bacillota___c__Bacilli___o__Erysipelotrichales___f__Erysipelatoclostridiaceae___g__Coprobacillus___s__Coprobacillus cateniformis	6	0	0	0	0	0	0	0	0	0	0	0	8	0	0	0	0	0	0	0	0	0	0	0	0	0	0	14	0	0	0	0	0	0	0	0	0	0	0	0	0	7	0	12	0	0	15	0	4	0	0	0	0	0	0	4	0	0	0	0	0	0	0	0	5	0	0	0	280	0	0	0	0	0	0	0	0	0	0	0	0	0	0	0	0	0	0	0	0	0
k__Bacteria___p__Bacillota___c__Bacilli___o__Erysipelotrichales___f__Erysipelatoclostridiaceae___g__Erysipelotrichaceae UCG-003___s__Erysipelotrichaceae UCG-003 bacterium	39	153	235	115	0	222	566	155	2233	317	497	0	48	191	305	0	102	0	143	68	0	96	9	223	152	492	70	253	149	376	239	357	102	97	0	0	992	590	60	1114	0	235	217	18	134	44	74	251	84	252	0	0	202	327	0	132	0	0	0	0	322	0	42	0	9	12	386	66	49	176	234	170	36	0	16	60	838	249	1065	76	654	251	294	175	134	0	235	468	0	256
k__Bacteria___p__Bacillota___c__Bacilli___o__Erysipelotrichales___f__Erysipelatoclostridiaceae___g__Longibaculum___s__Longibaculum muris	394	0	0	0	0	0	0	0	20	0	0	0	0	0	0	0	0	125	0	0	0	0	0	0	0	0	0	0	0	0	0	0	0	0	0	0	0	0	0	0	0	0	0	0	0	0	0	0	0	0	0	0	0	0	0	0	0	7	0	0	0	0	0	15	126	0	33	0	0	20	0	0	0	0	0	0	0	0	0	0	0	0	0	0	0	0	0	0	0	14
k__Bacteria___p__Bacillota___c__Bacilli___o__Erysipelotrichales___f__Erysipelatoclostridiaceae___g__Massiliomicrobiota___s__Massiliomicrobiota timonensis	0	0	0	0	0	0	0	0	0	0	38	0	0	0	0	0	0	0	0	21	0	0	0	0	0	0	0	0	0	0	0	0	0	0	0	0	0	0	0	11	0	0	0	0	0	0	0	0	0	0	0	3	95	0	0	0	0	0	0	0	0	9	0	0	2	0	0	0	0	0	0	0	0	0	0	0	0	0	0	0	0	0	0	0	0	0	0	0	0	0
k__Bacteria___p__Bacillota___c__Bacilli___o__Erysipelotrichales___f__Erysipelotrichaceae___g__Dielma___s__Dielma fastidiosa	5	0	0	0	0	13	0	0	3	0	0	0	7	0	0	0	0	0	0	0	0	0	0	0	0	0	0	30	5	0	0	0	0	0	0	0	0	9	0	0	0	0	0	0	4	0	0	0	0	0	0	0	0	0	21	0	0	30	0	27	0	6	0	12	3	0	0	0	0	0	0	0	0	0	0	13	0	0	0	0	0	0	0	0	0	0	0	0	12	11
k__Bacteria___p__Bacillota___c__Bacilli___o__Erysipelotrichales___f__Erysipelotrichaceae___g__Dubosiella___s__Dubosiella newyorkensis	0	0	0	0	0	2	0	0	0	0	0	0	0	0	0	0	0	0	0	0	0	0	0	0	0	0	0	0	0	0	0	0	0	0	0	0	0	0	0	4	0	0	0	0	0	0	0	0	0	0	0	0	0	0	0	0	0	0	0	0	0	0	0	2	0	0	0	0	0	0	0	0	0	0	0	0	0	0	0	0	0	0	0	0	0	0	0	0	0	0
k__Bacteria___p__Bacillota___c__Bacilli___o__Erysipelotrichales___f__Erysipelotrichaceae___g__Holdemanella___s__Holdemanella biformis	0	0	0	0	0	0	0	0	0	0	0	0	0	0	0	0	0	0	0	16	22	0	0	0	0	0	0	0	0	0	0	0	0	0	0	0	0	72	0	0	0	0	0	0	0	0	0	0	0	0	1350	0	0	0	0	0	0	0	0	0	0	0	0	0	0	0	0	0	0	0	0	0	0	0	0	0	0	0	0	0	0	0	0	0	0	0	1176	0	0	0
k__Bacteria___p__Bacillota___c__Bacilli___o__Erysipelotrichales___f__Erysipelotrichaceae___g__Holdemania___s__Holdemania filiformis	13	14	0	0	0	0	0	6	32	0	0	19	0	0	9	0	0	30	5	0	0	10	13	17	10	25	0	0	0	0	0	21	0	12	0	12	0	14	0	0	22	13	0	35	0	0	0	0	0	0	0	43	0	13	0	12	0	0	0	63	0	38	0	37	17	0	0	7	17	17	13	0	0	0	26	19	0	17	16	0	0	0	32	0	10	16	0	0	51	0
k__Bacteria___p__Bacillota___c__Bacilli___o__Erysipelotrichales___f__Erysipelotrichaceae___g__Holdemania___s__Holdemania massiliensis	0	0	0	0	0	0	0	0	0	0	19	0	0	0	0	0	8	0	0	11	2	0	0	0	0	0	0	0	0	7	10	0	6	0	0	0	0	0	0	93	0	0	0	0	0	0	0	0	0	0	4	0	0	0	14	0	0	0	0	0	0	0	0	0	0	0	0	0	0	0	0	0	0	37	0	0	0	0	0	0	0	4	0	0	0	0	0	0	0	0
k__Bacteria___p__Bacillota___c__Bacilli___o__Erysipelotrichales___f__Erysipelotrichaceae___g__Solobacterium___s__Solobacterium moorei	0	0	2	0	0	0	0	0	0	0	0	0	0	0	0	0	0	0	0	0	0	0	0	0	0	0	0	0	0	0	0	0	0	0	0	0	0	0	0	0	0	0	0	0	0	0	0	0	0	0	0	0	0	0	0	0	0	0	0	0	0	0	0	0	0	0	0	0	0	0	0	0	0	0	0	0	0	0	0	0	0	0	0	0	0	0	0	0	0	0
k__Bacteria___p__Bacillota___c__Bacilli___o__Erysipelotrichales___f__Erysipelotrichaceae___g__Turicibacter___s__Turicibacter sanguinis	55	129	0	12	13	0	55	7	70	17	0	0	0	102	8	0	0	4	90	12	0	0	0	22	0	115	22	0	7	0	11	51	14	17	0	0	0	0	9	0	0	0	0	0	61	0	11	0	0	5	63	0	0	9	5	9	0	0	0	0	0	7	0	0	49	0	0	0	8	0	95	226	97	0	0	38	0	0	29	7	0	10	16	0	0	0	0	53	3	3
k__Bacteria___p__Bacillota___c__Bacilli___o__Lactobacillales___f__Lactobacillaceae___g__Lactobacillus___s__Lactobacillus iners	0	0	0	0	0	0	0	0	0	0	0	0	0	0	0	0	0	0	0	0	0	0	0	0	0	0	0	0	0	0	0	0	0	0	0	0	0	0	0	0	0	0	0	0	0	0	0	0	0	0	0	0	0	0	0	0	0	0	0	0	0	0	0	0	0	0	0	15	0	0	0	0	0	0	0	0	0	0	0	0	0	0	0	0	0	0	0	0	0	0
k__Bacteria___p__Bacillota___c__Bacilli___o__Lactobacillales___f__Streptococcaceae___g__Streptococcus___s__Streptococcus mutans	0	0	0	0	0	0	0	0	0	0	0	0	0	0	0	0	0	0	6	0	0	0	0	0	0	0	0	0	0	0	0	0	0	0	0	0	0	0	0	0	0	0	0	0	0	0	0	0	0	0	0	0	0	0	0	0	0	0	0	0	0	0	0	0	0	0	0	0	0	0	0	0	0	0	0	0	0	0	0	0	0	0	0	0	0	0	0	0	0	0
k__Bacteria___p__Bacillota___c__Clostridia___o__Christensenellales___f__Christensenellaceae___g__Christensenella___s__Christensenella minuta	4	0	0	0	0	0	0	0	0	0	0	0	0	0	0	0	0	0	0	0	0	0	0	0	0	0	0	4	0	0	0	0	0	0	0	0	0	0	0	0	0	0	0	0	0	0	0	0	0	0	0	0	0	0	0	0	0	0	0	0	0	0	0	0	5	0	5	0	0	0	0	0	0	0	0	0	0	0	0	0	0	0	0	0	0	0	0	0	0	7
k__Bacteria___p__Bacillota___c__Clostridia___o__Clostridiales___f__Clostridiaceae___g__Clostridium___s__Clostridium butyricum	0	0	0	0	0	0	0	0	0	0	0	0	0	0	0	0	0	0	0	0	0	0	0	0	0	0	0	0	0	0	0	0	0	0	0	0	0	0	0	0	0	0	0	0	0	0	0	0	0	0	0	0	0	0	0	0	0	0	0	0	0	0	0	0	0	0	0	0	0	0	0	19	0	0	0	0	0	0	0	0	0	0	0	0	0	0	0	0	0	0
k__Bacteria___p__Bacillota___c__Clostridia___o__Clostridiales___f__Clostridiaceae___g__Clostridium___s__Clostridium neonatale	0	0	0	0	0	0	23	0	0	0	0	0	0	0	0	0	0	0	0	0	0	0	0	0	0	0	0	0	0	0	0	0	0	0	0	0	0	0	0	0	0	0	0	0	0	0	0	0	0	0	0	0	0	0	0	0	0	0	0	0	0	0	0	0	0	0	0	0	0	0	0	0	0	0	0	0	0	0	0	0	0	0	0	0	0	0	0	0	0	0
k__Bacteria___p__Bacillota___c__Clostridia___o__Eubacteriales___f__Anaerofustaceae___g__Anaerofustis___s__Anaerofustis stercorihominis	0	0	0	0	0	0	0	0	2	0	0	0	0	0	0	0	0	0	0	0	0	0	0	0	0	0	0	0	0	0	0	0	0	0	0	0	0	0	0	0	0	0	0	0	0	0	0	0	0	0	0	0	0	0	2	0	0	0	0	0	0	0	0	0	0	0	0	0	0	0	0	0	0	0	0	0	0	0	0	0	0	0	0	0	0	0	0	0	0	0
k__Bacteria___p__Bacillota___c__Clostridia___o__Lachnospirales___f__Lachnospiraceae___g__Anaerostipes___s__Anaerostipes caccae	0	0	0	0	0	6	0	0	0	0	0	0	0	0	0	0	0	19	0	0	0	0	0	0	0	0	0	0	0	0	0	0	0	0	0	0	0	0	0	0	0	0	0	0	0	0	0	0	0	0	0	0	0	0	0	0	32	7	0	12	0	0	0	0	0	0	0	0	0	0	0	0	0	15	0	0	0	0	0	0	0	0	0	0	0	0	0	0	0	0
k__Bacteria___p__Bacillota___c__Clostridia___o__Lachnospirales___f__Lachnospiraceae___g__Anaerostipes___s__Anaerostipes hadrus	669	129	140	339	0	395	195	342	325	501	278	60	38	487	273	13	504	202	1126	284	62	579	227	162	290	582	119	803	140	805	343	322	66	176	59	169	129	0	303	306	269	127	119	621	185	577	83	308	549	301	206	314	522	194	83	256	0	645	540	0	12	305	44	580	642	0	324	233	18	312	370	489	134	0	102	190	250	2557	275	309	2269	598	228	210	527	0	14	930	565	93
k__Bacteria___p__Bacillota___c__Clostridia___o__Lachnospirales___f__Lachnospiraceae___g__Anaerostipes___s__Anaerostipes rhamnosivorans	0	0	0	0	0	0	0	0	0	0	0	0	0	0	0	0	0	0	0	0	0	0	0	0	0	0	0	0	0	0	0	0	0	0	0	0	0	0	0	0	0	0	0	0	0	0	0	0	0	0	0	0	0	0	0	0	0	0	0	0	0	0	0	0	0	0	0	0	0	0	0	0	0	0	0	0	0	0	0	0	0	0	0	0	0	38	0	0	0	0
k__Bacteria___p__Bacillota___c__Clostridia___o__Lachnospirales___f__Lachnospiraceae___g__Blautia___s__Blautia caecimuris	143	0	0	0	0	8	0	0	130	0	0	0	0	0	0	0	0	27	0	0	0	0	0	0	0	0	0	0	0	0	0	0	0	0	0	0	0	0	0	0	151	0	0	0	0	0	0	0	0	0	0	42	0	0	40	0	2750	1215	0	258	0	0	0	21	0	0	67	0	0	0	0	0	0	28	0	0	0	0	0	18	50	0	0	16	0	13	0	23	193	0
k__Bacteria___p__Bacillota___c__Clostridia___o__Lachnospirales___f__Lachnospiraceae___g__Blautia___s__Blautia faecis	0	694	1008	103	73	109	339	104	836	310	264	140	257	340	629	11	185	616	142	166	21	223	294	34	356	200	66	376	589	221	245	491	329	90	0	49	626	0	242	211	0	432	116	439	125	130	212	250	765	360	107	190	311	447	1395	246	602	308	932	179	40	354	123	568	773	0	595	261	114	255	260	207	87	18	702	436	127	56	314	544	321	121	182	163	27	149	79	213	1267	717
k__Bacteria___p__Bacillota___c__Clostridia___o__Lachnospirales___f__Lachnospiraceae___g__Blautia___s__Blautia glucerasea	73	0	0	0	0	0	0	0	23	0	0	0	0	0	0	0	0	0	0	0	0	0	0	0	0	0	0	0	0	0	0	0	0	0	0	0	0	0	0	0	60	0	0	0	0	0	0	0	0	0	0	0	0	0	0	0	0	53	0	106	0	0	0	0	0	0	0	0	0	8	0	0	0	0	0	0	0	0	0	0	0	0	0	0	0	0	0	0	0	0
k__Bacteria___p__Bacillota___c__Clostridia___o__Lachnospirales___f__Lachnospiraceae___g__Blautia___s__Blautia hydrogenotrophica	16	0	0	0	0	0	0	0	0	0	0	0	0	0	0	0	0	22	0	0	0	14	0	0	0	0	0	0	0	0	0	0	0	0	0	0	0	0	0	0	0	0	0	19	0	0	0	0	0	0	0	0	0	0	58	11	0	0	37	0	0	0	0	0	0	0	0	0	23	15	0	0	0	0	0	0	0	0	11	0	0	0	0	0	0	0	0	0	0	23
k__Bacteria___p__Bacillota___c__Clostridia___o__Lachnospirales___f__Lachnospiraceae___g__Blautia___s__Blautia massiliensis	0	146	569	30	50	96	321	243	674	351	153	60	106	517	726	75	280	335	517	280	202	76	207	201	425	886	108	233	438	303	562	253	157	150	77	105	889	51	1252	178	0	219	282	358	430	264	67	329	1298	452	364	386	864	376	1862	650	3706	0	484	171	24	309	313	440	540	302	809	463	370	236	665	518	595	206	109	415	356	190	196	1174	0	884	363	710	161	849	16	616	540	3422
k__Bacteria___p__Bacillota___c__Clostridia___o__Lachnospirales___f__Lachnospiraceae___g__Blautia___s__Blautia obeum	0	398	527	92	43	0	243	86	1645	169	460	115	143	267	0	0	447	527	72	293	28	226	548	417	207	676	95	133	219	435	365	573	302	109	72	268	136	0	949	688	0	104	124	110	144	265	23	85	119	27	226	138	299	113	274	110	0	0	1820	0	19	283	143	506	1066	0	271	93	84	481	318	232	132	25	643	278	24	53	502	673	435	227	157	100	266	81	37	0	0	54
k__Bacteria___p__Bacillota___c__Clostridia___o__Lachnospirales___f__Lachnospiraceae___g__Blautia___s__Blautia stercoris	0	0	0	0	0	0	0	0	0	0	64	21	0	0	0	0	0	0	0	0	0	0	0	0	28	0	0	0	0	256	0	0	28	0	0	146	0	0	107	0	0	0	0	0	0	0	17	0	0	0	0	0	0	0	0	0	0	0	0	0	0	0	37	0	0	0	22	0	0	0	0	50	0	0	0	0	0	0	0	78	0	0	0	0	93	0	8	0	56	0
k__Bacteria___p__Bacillota___c__Clostridia___o__Lachnospirales___f__Lachnospiraceae___g__Coprococcus___s__Coprococcus catus	0	95	68	42	22	51	10	30	0	59	67	0	25	95	0	0	66	0	0	50	31	132	171	0	39	100	0	0	41	0	28	48	69	67	20	0	0	0	32	0	0	76	13	135	22	0	107	53	0	75	17	0	41	73	88	26	0	0	83	0	0	0	66	0	93	0	40	0	40	118	44	42	12	0	60	0	0	67	78	0	20	13	0	0	0	0	36	0	0	62
k__Bacteria___p__Bacillota___c__Clostridia___o__Lachnospirales___f__Lachnospiraceae___g__Coprococcus___s__Coprococcus comes	0	58	59	0	548	53	133	122	1487	263	99	535	81	0	39	72	21	0	31	101	25	299	139	389	178	0	0	0	170	36	96	17	144	163	0	112	0	0	137	0	0	11	451	233	0	232	364	50	0	195	34	0	0	266	149	0	0	0	122	0	596	0	91	0	558	0	395	313	250	100	140	137	51	261	244	391	0	688	156	0	0	21	208	141	0	0	455	0	0	136
k__Bacteria___p__Bacillota___c__Clostridia___o__Lachnospirales___f__Lachnospiraceae___g__Coprococcus___s__Coprococcus eutactus	0	797	0	0	0	0	0	0	0	0	0	0	0	130	299	853	740	0	0	0	0	446	0	0	0	0	0	0	0	0	58	0	9	0	0	0	0	0	0	2473	0	665	0	0	0	987	19	111	0	761	140	0	0	0	0	0	0	0	62	0	0	0	0	0	0	0	0	0	0	0	0	0	0	0	0	227	0	0	170	380	0	0	0	0	94	0	0	0	0	21
k__Bacteria___p__Bacillota___c__Clostridia___o__Lachnospirales___f__Lachnospiraceae___g__Dorea___s__Dorea formicigenerans	0	42	63	55	0	12	178	60	0	63	153	0	58	46	40	37	31	0	56	23	26	171	23	76	84	148	49	177	38	80	111	53	57	34	10	76	173	0	76	233	0	150	184	264	122	17	96	34	156	99	57	0	39	0	64	147	0	93	74	81	6	206	152	0	52	50	309	22	131	70	178	0	49	0	59	27	144	108	295	104	0	89	56	60	53	0	65	0	31	97
k__Bacteria___p__Bacillota___c__Clostridia___o__Lachnospirales___f__Lachnospiraceae___g__Dorea___s__Dorea longicatena	0	166	437	58	52	107	444	149	914	254	185	64	94	309	170	75	66	0	197	234	203	200	128	108	136	117	109	209	204	55	277	172	117	249	30	283	127	0	278	132	0	344	226	264	340	50	124	222	100	168	149	0	113	198	433	785	0	0	190	0	0	0	319	0	702	107	514	259	319	218	437	270	395	0	70	86	130	533	315	291	0	79	159	264	345	162	53	509	0	247
k__Bacteria___p__Bacillota___c__Clostridia___o__Lachnospirales___f__Lachnospiraceae___g__Eisenbergiella___s__Eisenbergiella massiliensis	161	0	9	0	0	0	0	0	140	0	0	0	0	0	0	0	0	56	0	0	0	0	0	0	0	0	0	27	0	0	0	0	0	0	0	0	0	0	0	25	0	0	0	0	0	0	0	0	0	0	0	0	0	0	0	0	0	133	0	83	0	0	0	0	0	0	0	0	0	0	0	0	0	0	0	0	0	0	0	0	0	0	0	0	0	0	0	0	20	26
k__Bacteria___p__Bacillota___c__Clostridia___o__Lachnospirales___f__Lachnospiraceae___g__Eisenbergiella___s__Eisenbergiella tayi	70	0	0	0	0	0	0	0	0	0	0	0	8	0	0	0	0	0	0	0	0	0	15	0	0	0	0	0	0	0	0	0	0	0	7	0	0	0	0	0	0	0	0	152	0	0	0	0	31	0	0	0	0	0	5	0	0	0	11	0	0	0	0	0	0	0	0	0	49	0	0	0	0	0	0	37	0	0	0	0	0	0	0	0	0	0	0	0	0	167
k__Bacteria___p__Bacillota___c__Clostridia___o__Lachnospirales___f__Lachnospiraceae___g__Faecalicatena___s__Faecalicatena contorta	0	0	0	0	0	0	0	0	0	24	0	0	0	0	0	0	0	0	0	0	0	0	0	0	0	0	0	0	0	0	0	0	0	0	0	0	0	0	0	0	0	0	0	0	0	0	0	0	0	0	0	0	0	0	10	0	0	0	0	0	0	0	0	0	0	0	0	0	0	0	0	0	0	0	0	0	0	0	0	0	0	84	0	0	0	0	0	0	6	0
k__Bacteria___p__Bacillota___c__Clostridia___o__Lachnospirales___f__Lachnospiraceae___g__Faecalimonas___s__Faecalimonas umbilicata	0	0	0	0	0	0	0	0	0	0	0	0	0	0	0	0	0	0	0	0	0	0	0	0	0	0	0	0	0	0	0	0	0	0	0	0	0	0	0	0	25	0	0	0	0	0	0	0	0	0	0	75	0	0	0	0	491	0	0	0	0	0	0	0	0	0	0	0	0	0	0	0	0	89	0	0	0	0	0	0	0	0	0	0	0	0	0	121	74	0
k__Bacteria___p__Bacillota___c__Clostridia___o__Lachnospirales___f__Lachnospiraceae___g__Frisingicoccus___s__Frisingicoccus caecimuris	0	0	52	0	0	0	0	0	0	0	13	129	0	0	0	0	0	40	0	0	0	0	0	0	0	0	0	0	0	0	0	0	0	0	0	0	0	0	0	0	0	0	0	0	0	0	0	0	0	0	0	44	0	0	0	0	0	0	0	0	0	57	0	0	0	0	0	0	0	0	0	0	0	0	0	0	0	0	0	0	0	0	0	0	0	0	0	0	0	0
k__Bacteria___p__Bacillota___c__Clostridia___o__Lachnospirales___f__Lachnospiraceae___g__Fusicatenibacter___s__Fusicatenibacter saccharivorans	0	521	786	896	3191	312	587	297	1539	1304	1447	555	482	1027	1344	78	345	691	892	275	94	1224	581	522	715	566	197	1223	382	384	1172	186	400	731	862	262	957	0	761	907	565	425	1093	969	904	1193	330	314	891	543	74	66	815	854	0	133	0	345	1318	65	337	375	175	240	2163	50	1686	616	300	846	382	809	424	0	222	614	6500	705	252	1765	0	629	259	130	90	0	238	1085	731	733
k__Bacteria___p__Bacillota___c__Clostridia___o__Lachnospirales___f__Lachnospiraceae___g__Howardella___s__Howardella ureilytica	0	0	0	0	0	0	0	0	0	0	0	0	0	0	0	9	0	0	0	0	0	0	0	12	0	0	0	0	4	0	0	0	0	0	0	0	0	0	0	0	0	0	0	0	0	0	0	6	0	0	0	0	0	0	0	0	0	0	0	0	0	0	5	0	0	0	0	0	0	0	0	11	0	0	0	0	0	0	0	0	0	0	0	0	0	0	0	0	0	0
k__Bacteria___p__Bacillota___c__Clostridia___o__Lachnospirales___f__Lachnospiraceae___g__Hungatella___s__Hungatella hathewayi	181	0	0	17	0	0	0	0	0	0	0	0	0	0	0	0	0	0	0	0	0	0	0	0	0	0	0	40	0	0	0	0	0	0	0	0	0	0	0	0	20	0	0	12	0	0	0	0	0	0	0	0	0	0	0	0	0	0	0	0	0	0	0	0	0	0	0	0	25	0	0	0	0	0	0	0	0	0	0	0	0	0	0	0	0	0	0	0	0	0
k__Bacteria___p__Bacillota___c__Clostridia___o__Lachnospirales___f__Lachnospiraceae___g__Lachnoclostridium___s__Lachnoclostridium edouardi	0	218	305	0	101	0	146	204	329	72	198	219	218	114	0	30	81	173	120	232	72	71	0	308	39	98	87	0	0	166	32	0	111	119	0	154	0	0	122	309	0	114	93	50	0	156	70	13	59	116	115	0	284	182	0	0	0	0	37	0	135	0	258	0	0	46	49	320	39	242	103	57	83	297	280	160	313	232	0	84	0	0	144	0	399	0	282	0	0	74
k__Bacteria___p__Bacillota___c__Clostridia___o__Lachnospirales___f__Lachnospiraceae___g__Lachnospira___s__Lachnospira pectinoschiza	9	160	197	0	49	0	186	139	261	158	453	494	68	69	60	16	825	0	102	75	101	85	214	1045	0	227	194	0	47	0	269	124	261	348	0	36	516	0	274	79	0	29	0	26	144	159	118	71	70	12	324	132	265	66	18	0	0	0	0	0	0	6	97	222	2118	226	137	151	0	824	517	508	0	0	600	7	675	76	181	110	0	148	70	175	70	15	221	2456	0	0
k__Bacteria___p__Bacillota___c__Clostridia___o__Lachnospirales___f__Lachnospiraceae___g__Lachnospiraceae FCS020 group___s__Lachnospiraceae FCS020 group bacterium	0	0	0	0	0	0	0	4	0	0	0	0	0	60	0	0	0	0	0	0	0	0	0	0	0	0	0	0	0	0	0	0	0	0	0	0	0	0	0	6	0	0	0	0	24	0	23	0	0	48	27	0	0	0	0	0	0	0	0	0	0	0	0	0	0	0	0	0	0	11	0	0	31	0	0	0	0	34	10	0	0	0	0	0	0	0	0	0	0	0
k__Bacteria___p__Bacillota___c__Clostridia___o__Lachnospirales___f__Lachnospiraceae___g__Lachnospiraceae NK4A136 group___s__Lachnospiraceae NK4A136 group bacterium	0	0	88	36	161	29	0	0	0	51	245	0	82	0	0	0	1402	0	0	71	0	0	0	18	0	388	0	74	0	271	310	0	0	0	0	0	1028	0	0	0	0	0	0	0	758	0	115	0	49	195	0	0	0	0	0	0	0	0	0	0	0	20	21	679	0	0	148	10	0	283	13	423	0	0	217	203	33	204	0	56	0	129	54	490	80	0	0	0	0	14
k__Bacteria___p__Bacillota___c__Clostridia___o__Lachnospirales___f__Lachnospiraceae___g__Mediterraneibacter___s__Mediterraneibacter faecis	0	141	477	0	0	20	364	0	0	234	320	0	113	199	318	53	37	0	219	81	0	144	158	0	55	83	74	109	0	70	161	0	142	70	0	189	313	0	62	23	0	0	203	323	54	148	53	0	0	47	402	0	187	0	120	699	0	0	323	0	48	0	114	425	494	0	193	335	405	0	256	90	0	0	50	0	1528	1592	39	56	0	43	87	0	0	0	0	335	0	292
k__Bacteria___p__Bacillota___c__Clostridia___o__Lachnospirales___f__Lachnospiraceae___g__Roseburia___s__Roseburia hominis	0	262	438	14	0	22	260	36	0	105	0	0	87	0	29	299	161	355	0	0	0	484	0	0	143	0	0	76	46	967	0	292	138	0	0	0	0	0	0	230	0	0	192	121	0	55	109	20	0	60	0	0	126	31	0	0	0	0	0	0	0	0	0	204	206	0	44	0	0	0	0	96	0	0	90	51	210	15	0	0	0	30	188	0	19	0	79	0	203	68
k__Bacteria___p__Bacillota___c__Clostridia___o__Lachnospirales___f__Lachnospiraceae___g__Roseburia___s__Roseburia intestinalis	0	0	282	0	44	0	843	0	2109	0	1112	118	0	40	0	0	1318	0	0	175	103	0	52	0	0	881	0	0	0	0	0	92	0	349	150	0	4204	0	231	2145	0	268	501	0	47	0	0	0	296	158	249	0	74	0	18	0	1637	0	0	943	30	710	60	76	473	228	0	0	0	98	0	0	102	0	690	0	0	0	380	61	0	0	0	126	0	0	1642	0	0	0
k__Bacteria___p__Bacillota___c__Clostridia___o__Lachnospirales___f__Lachnospiraceae___g__Roseburia___s__Roseburia inulinivorans	0	0	511	25	0	284	743	15	296	0	156	0	105	21	0	26	150	39	249	38	217	29	19	307	0	0	0	0	512	0	413	0	18	31	130	0	174	0	89	0	254	76	0	37	30	43	57	121	0	151	288	380	148	0	0	0	0	0	0	0	23	68	282	990	67	0	55	0	0	326	0	375	0	0	544	0	188	0	108	191	246	0	36	0	93	0	93	148	0	11
k__Bacteria___p__Bacillota___c__Clostridia___o__Lachnospirales___f__Lachnospiraceae___g__Sellimonas___s__Sellimonas intestinalis	94	0	0	0	0	0	0	0	0	0	0	0	0	20	0	0	0	65	0	0	0	11	0	0	0	30	6	0	0	0	0	0	0	0	0	0	0	0	0	0	0	0	0	0	0	0	0	0	0	0	0	0	0	86	0	0	84	65	25	147	0	19	0	58	0	0	0	0	0	0	0	0	0	0	0	0	0	15	63	0	37	0	0	19	0	31	0	0	0	9
k__Bacteria___p__Bacillota___c__Clostridia___o__Monoglobales___f__Monoglobaceae___g__Monoglobus___s__Monoglobus pectinilyticus	0	0	24	0	0	0	0	0	0	54	0	0	13	17	47	0	0	127	0	28	0	0	0	0	0	0	0	58	159	0	0	10	34	0	0	0	135	0	0	0	0	0	63	0	0	0	54	0	0	0	0	0	194	12	225	0	0	172	0	0	0	6	0	0	0	0	0	5	0	11	0	4	0	0	0	0	0	9	0	0	0	21	31	113	0	0	0	0	8	153
k__Bacteria___p__Bacillota___c__Clostridia___o__Oscillospirales___f__Butyricicoccaceae___g__Agathobaculum___s__Agathobaculum butyriciproducens	176	0	0	0	0	28	0	0	0	0	0	0	0	17	113	0	116	0	92	0	0	0	0	0	0	0	23	0	0	0	0	0	98	94	0	90	74	0	82	0	0	0	0	0	54	0	0	0	282	0	0	0	0	0	0	0	0	0	0	0	21	0	0	0	51	0	0	0	0	108	0	141	0	0	184	64	37	120	81	0	0	190	109	0	93	0	0	265	0	0
k__Bacteria___p__Bacillota___c__Clostridia___o__Oscillospirales___f__Butyricicoccaceae___g__Agathobaculum___s__Agathobaculum desmolans	0	0	0	0	0	0	0	0	26	0	0	0	0	0	0	0	0	9	0	0	0	0	0	0	0	0	0	0	0	0	0	0	13	0	0	0	0	0	0	0	0	0	0	0	0	0	0	0	0	0	0	0	0	0	0	0	0	0	0	0	0	0	0	0	0	0	0	0	0	0	0	0	0	0	0	0	0	0	0	0	0	0	0	18	0	0	0	0	16	0
k__Bacteria___p__Bacillota___c__Clostridia___o__Oscillospirales___f__Butyricicoccaceae___g__Butyricicoccus___s__Butyricicoccus pullicaecorum	0	0	0	0	0	0	0	0	0	0	0	0	0	0	0	0	0	0	0	0	0	0	0	0	0	0	0	0	0	0	0	0	0	0	0	0	0	0	0	0	0	0	0	0	0	0	0	0	0	0	0	0	0	0	0	0	120	0	0	0	0	0	0	0	0	0	0	0	0	0	0	0	0	0	0	0	0	0	0	0	0	0	0	0	0	0	0	0	0	0
k__Bacteria___p__Bacillota___c__Clostridia___o__Oscillospirales___f__Oscillospiraceae___g__Colidextribacter___s__Colidextribacter massiliensis	0	0	0	0	0	0	0	0	0	0	0	0	0	0	18	0	0	0	0	0	0	0	0	0	0	0	0	0	0	0	0	0	0	0	0	0	0	0	0	0	0	0	0	0	0	0	0	0	0	0	0	0	0	0	0	0	0	0	0	0	0	0	0	0	0	0	0	0	0	0	0	0	0	0	0	0	0	0	0	0	0	0	0	0	0	0	0	0	0	0
k__Bacteria___p__Bacillota___c__Clostridia___o__Oscillospirales___f__Oscillospiraceae___g__Flavonifractor___s__Flavonifractor plautii	123	0	0	0	0	115	0	19	149	0	68	130	62	16	0	0	0	211	9	0	0	0	0	26	0	15	17	69	0	24	0	34	50	14	7	165	22	39	33	34	137	0	0	38	47	0	0	24	35	0	0	162	19	0	12	49	199	273	33	108	33	63	23	41	23	14	143	21	103	31	10	34	0	123	23	25	33	76	20	40	95	50	24	55	13	49	0	56	218	149
k__Bacteria___p__Bacillota___c__Clostridia___o__Oscillospirales___f__Oscillospiraceae___g__Intestinimonas___s__Intestinimonas butyriciproducens	13	0	0	0	0	0	0	0	0	0	0	0	35	0	13	0	0	78	0	0	0	0	0	0	0	0	0	5	0	0	0	0	0	0	0	0	0	0	0	0	0	0	0	0	0	0	0	0	69	0	0	0	0	0	0	0	0	71	0	0	0	24	12	17	0	0	7	0	0	0	0	0	0	0	0	0	0	12	0	0	0	0	0	19	0	0	0	0	0	36
k__Bacteria___p__Bacillota___c__Clostridia___o__Oscillospirales___f__Oscillospiraceae___g__Intestinimonas___s__Intestinimonas massiliensis	0	0	0	0	0	0	0	0	0	0	0	0	0	0	0	0	0	19	0	0	0	0	0	0	0	0	0	0	0	5	0	0	0	0	0	0	0	0	0	0	0	0	0	0	0	0	0	0	29	0	0	0	0	0	0	0	0	0	29	23	0	0	0	9	0	0	0	0	0	0	0	0	0	0	0	0	0	0	0	0	0	0	0	23	0	0	0	0	10	0
k__Bacteria___p__Bacillota___c__Clostridia___o__Oscillospirales___f__Oscillospiraceae___g__Pseudoflavonifractor___s__Pseudoflavonifractor capillosus	0	13	0	0	0	0	0	0	0	0	0	0	0	0	0	0	0	0	0	0	0	0	0	0	0	0	0	0	0	0	0	0	0	8	0	0	0	0	0	0	0	0	0	0	0	0	0	0	0	8	0	0	0	0	0	0	0	0	0	0	0	0	0	0	0	0	0	0	0	0	0	15	0	0	0	0	0	0	0	0	0	0	0	0	0	0	0	0	0	0
k__Bacteria___p__Bacillota___c__Clostridia___o__Oscillospirales___f__Ruminococcaceae___g__Anaerotruncus___s__Anaerotruncus colihominis	31	0	16	0	0	11	0	0	0	0	0	0	0	0	0	0	0	0	0	0	0	0	0	0	0	0	0	35	0	0	0	0	0	0	0	3	0	0	0	0	0	0	0	22	0	0	0	0	0	0	0	10	0	0	13	0	0	17	0	10	0	0	0	0	0	0	12	0	24	14	0	0	0	0	9	0	0	0	0	0	0	0	3	0	0	0	0	0	13	0
k__Bacteria___p__Bacillota___c__Clostridia___o__Oscillospirales___f__Ruminococcaceae___g__Anaerotruncus___s__Anaerotruncus rubiinfantis	0	0	6	0	0	0	0	0	0	0	0	0	0	0	0	0	0	0	0	0	0	0	0	0	0	0	0	0	0	0	0	0	0	0	0	0	0	0	0	0	0	0	0	6	0	0	0	0	0	0	3	0	0	0	0	0	0	0	18	0	0	0	0	0	0	0	0	0	0	0	0	0	0	0	0	0	0	0	0	0	0	0	0	0	0	0	0	0	0	11
k__Bacteria___p__Bacillota___c__Clostridia___o__Oscillospirales___f__Ruminococcaceae___g__Faecalibacterium___s__Faecalibacterium prausnitzii	132	1681	3008	362	10274	5332	4047	4728	470	1098	2632	7648	660	1951	1534	3792	5526	718	1269	1939	116	1499	1506	12545	5305	6913	2914	2510	1612	2634	3187	3718	4711	1814	202	1617	98	2118	5255	1698	0	1377	9845	4766	7192	4451	6481	2401	1019	2566	723	5458	955	2310	207	836	0	1523	61	5688	14044	1315	1620	3448	42666	0	973	3009	304	605	3336	7092	1150	17	5968	1323	3597	2958	1144	4546	218	6568	2011	1035	1117	7430	8102	2512	37	687
k__Bacteria___p__Bacillota___c__Clostridia___o__Oscillospirales___f__Ruminococcaceae___g__Fournierella___s__Fournierella massiliensis	0	0	0	0	0	0	0	0	0	0	0	0	0	0	0	0	0	0	0	0	0	0	0	0	0	0	0	0	0	0	0	0	0	0	0	0	0	0	0	0	0	0	0	0	0	0	0	0	0	0	0	0	0	0	0	0	0	0	0	0	0	63	0	0	0	0	0	0	0	0	0	0	0	0	0	0	0	11	0	0	0	0	0	0	0	0	0	0	0	0
k__Bacteria___p__Bacillota___c__Clostridia___o__Oscillospirales___f__Ruminococcaceae___g__Gemmiger___s__Gemmiger formicilis	0	725	79	251	80	1022	191	188	1245	274	0	16	0	549	0	133	303	762	332	162	82	389	1115	731	259	379	119	674	59	816	387	0	312	586	922	643	1563	569	1140	0	0	524	1140	780	27	0	403	219	0	18	354	0	0	87	974	189	0	0	794	0	12	284	161	0	826	5	196	142	37	1201	262	429	312	0	679	349	432	530	584	48	0	142	0	727	653	0	1490	0	0	146
k__Bacteria___p__Bacillota___c__Clostridia___o__Oscillospirales___f__Ruminococcaceae___g__Harryflintia___s__Harryflintia acetispora	0	0	0	0	0	0	0	0	0	0	0	0	0	0	0	0	0	0	0	0	0	0	0	0	0	0	0	0	0	0	0	0	0	0	0	0	0	0	0	0	0	0	0	0	0	0	0	0	0	0	0	0	0	0	0	0	0	0	0	4	0	0	0	0	0	0	0	0	0	0	0	0	0	0	0	0	0	0	0	0	0	0	0	0	0	0	0	0	0	0
k__Bacteria___p__Bacillota___c__Clostridia___o__Oscillospirales___f__Ruminococcaceae___g__Negativibacillus___s__Negativibacillus massiliensis	0	0	15	0	0	0	0	0	0	0	27	0	0	0	0	0	0	71	0	0	0	0	0	0	0	80	0	0	0	0	0	0	0	11	0	0	0	0	0	19	0	6	0	104	0	0	0	0	0	0	0	0	0	0	0	0	0	0	0	0	0	0	0	0	0	0	0	0	0	0	0	0	0	0	0	0	0	0	0	0	0	0	0	0	0	0	4	0	0	0
k__Bacteria___p__Bacillota___c__Clostridia___o__Oscillospirales___f__Ruminococcaceae___g__Phocea___s__Phocea massiliensis	14	0	0	0	0	0	0	0	12	0	0	0	0	0	0	0	0	0	0	0	0	0	0	7	0	0	0	7	0	0	0	0	5	0	0	0	0	0	0	0	0	0	0	0	0	0	0	0	0	0	0	6	0	0	0	6	0	0	0	0	0	0	0	0	0	0	0	7	0	14	0	0	0	12	0	0	0	0	0	11	2	0	0	0	0	0	0	6	0	0
k__Bacteria___p__Bacillota___c__Clostridia___o__Oscillospirales___f__Ruminococcaceae___g__Ruminococcus___s__Ruminococcus bicirculans	831	1172	377	20	1149	1358	214	1158	0	0	492	5	1398	140	0	813	17	15	0	85	0	149	133	93	167	1238	0	724	478	320	201	1991	1150	745	0	54	0	218	514	0	0	634	5038	400	44	0	31	17	278	84	34	0	385	446	0	0	0	664	0	0	12	85	0	399	3211	0	2208	448	56	1803	155	26	0	0	2034	231	0	13	32	1815	0	55	1951	0	0	0	2005	6	0	16
k__Bacteria___p__Bacillota___c__Clostridia___o__Oscillospirales___f__Ruminococcaceae___g__Ruminococcus___s__Ruminococcus bromii	0	394	1893	774	256	0	194	0	0	168	959	0	851	715	0	0	0	15	0	1316	0	0	2334	0	0	0	679	0	245	187	0	272	39	872	0	0	554	12	0	0	0	0	222	0	0	56	510	0	3562	316	31	475	141	902	0	123	0	0	0	0	116	412	0	0	69	0	0	706	449	47	0	0	0	0	694	0	0	0	886	659	0	93	0	998	0	0	96	0	0	439
k__Bacteria___p__Bacillota___c__Clostridia___o__Oscillospirales___f__Ruminococcaceae___g__Ruminococcus___s__Ruminococcus callidus	0	311	0	15	0	0	0	267	0	407	0	0	53	0	0	0	0	197	0	0	0	0	0	0	0	85	0	0	0	0	0	0	236	0	0	0	0	0	0	0	0	0	0	0	0	0	291	0	277	0	0	0	0	0	0	0	0	0	0	0	0	0	0	0	0	0	0	0	0	87	0	0	0	0	0	132	0	0	0	0	0	0	0	0	0	0	220	0	0	0
k__Bacteria___p__Bacillota___c__Clostridia___o__Oscillospirales___f__Ruminococcaceae___g__Ruminococcus___s__Ruminococcus champanellensis	0	0	0	0	0	0	0	0	0	0	0	0	0	0	0	0	0	0	0	0	0	0	0	0	0	0	0	0	0	0	0	0	0	0	0	0	633	0	0	0	0	0	0	0	0	0	0	0	0	0	0	0	0	0	0	0	0	0	0	0	0	0	22	0	0	0	0	0	0	0	0	0	0	0	0	0	0	0	0	0	0	0	0	267	0	0	0	0	0	0
k__Bacteria___p__Bacillota___c__Clostridia___o__Oscillospirales___f__Ruminococcaceae___g__Ruthenibacterium___s__Ruthenibacterium lactatiformans	36	58	42	10	12	4	0	23	98	0	18	33	62	0	23	0	0	45	0	31	0	15	17	86	14	25	18	27	64	0	0	4	12	0	0	0	13	0	0	43	10	21	0	91	0	9	10	0	31	20	0	42	19	23	43	0	0	75	49	94	0	0	0	19	96	0	107	7	169	23	0	22	0	0	26	47	24	18	0	14	0	8	0	0	0	18	0	0	81	337
k__Bacteria___p__Bacillota___c__Clostridia___o__Peptococcales___f__Peptococcaceae___g__Peptococcus___s__Peptococcus niger	0	0	0	0	0	0	0	0	0	0	0	0	0	0	0	0	0	0	0	0	0	0	0	0	0	0	0	0	0	0	0	0	0	0	0	0	0	0	0	0	0	0	0	0	0	0	0	0	0	0	0	0	0	0	0	0	0	0	0	0	0	0	0	0	0	0	0	0	0	0	0	0	0	0	0	6	0	0	0	0	0	0	0	0	0	0	0	0	0	0
k__Bacteria___p__Bacillota___c__Clostridia___o__Peptostreptococcales-Tissierellales___f__Family XI___g__Anaerococcus___s__Anaerococcus vaginalis	3	0	0	0	0	0	0	0	0	0	0	0	0	0	0	0	0	0	0	0	0	0	0	0	0	0	0	0	0	0	0	0	0	0	0	14	0	0	0	0	0	0	0	0	0	0	0	0	0	0	0	0	0	0	0	0	0	0	0	0	0	0	0	0	0	0	0	0	6	0	0	0	0	0	0	0	0	0	0	0	0	0	0	0	0	0	0	0	0	0
k__Bacteria___p__Bacillota___c__Clostridia___o__Peptostreptococcales-Tissierellales___f__Family XI___g__Finegoldia___s__Finegoldia magna	2	0	0	0	0	0	0	0	3	0	0	0	0	0	0	0	0	0	0	0	0	0	0	0	0	0	0	0	0	0	0	0	0	0	0	0	0	0	0	0	0	0	0	0	0	0	0	0	0	0	0	0	0	0	0	0	5	0	0	0	0	0	0	0	0	0	0	16	0	0	0	0	0	0	0	0	0	0	0	0	0	0	0	0	0	0	0	0	0	0
k__Bacteria___p__Bacillota___c__Clostridia___o__Peptostreptococcales-Tissierellales___f__Family XI___g__Murdochiella___s__Murdochiella asaccharolytica	30	0	0	0	0	2	0	0	0	0	0	0	15	0	0	0	0	23	0	0	0	0	0	0	0	0	0	0	0	0	0	0	0	0	0	0	0	0	0	0	0	0	0	0	0	0	0	0	0	0	0	0	0	0	0	0	0	0	0	0	0	0	0	0	0	0	0	0	0	0	0	0	0	3	0	0	0	0	0	0	0	0	0	0	0	0	0	0	0	0
k__Bacteria___p__Bacillota___c__Clostridia___o__Peptostreptococcales-Tissierellales___f__Family XI___g__Peptoniphilus___s__Peptoniphilus duerdenii	0	0	0	0	0	0	0	0	0	0	0	0	0	0	0	0	0	0	0	0	0	0	0	0	0	0	0	0	0	0	0	0	0	0	0	23	0	0	0	0	0	0	0	0	0	0	0	0	0	0	0	0	0	0	0	0	0	0	0	0	0	0	0	0	0	0	0	0	0	0	0	0	0	0	0	0	0	0	0	0	0	0	0	0	0	0	0	0	0	0
k__Bacteria___p__Bacillota___c__Clostridia___o__Peptostreptococcales-Tissierellales___f__Peptostreptococcaceae___g__Clostridioides___s__Clostridioides difficile	0	0	0	0	0	0	0	0	0	0	0	0	0	0	0	0	0	0	0	0	0	0	0	0	0	0	0	0	0	0	0	0	0	0	0	0	0	0	0	0	0	0	0	0	0	0	0	0	0	0	0	0	0	0	0	0	0	0	0	0	0	0	0	0	0	0	0	0	7	0	0	0	0	0	0	0	0	0	0	0	0	0	0	0	0	0	0	0	0	0
k__Bacteria___p__Bacillota___c__Clostridia___o__Peptostreptococcales-Tissierellales___f__Peptostreptococcaceae___g__Intestinibacter___s__Intestinibacter bartlettii	98	353	65	6	20	15	48	19	97	24	27	23	21	166	0	0	45	76	0	0	0	38	83	14	16	0	30	27	0	0	47	106	0	17	4	0	0	0	30	0	154	0	0	180	0	0	0	4	34	0	20	32	0	0	40	58	132	169	0	0	0	10	16	0	83	0	6	7	0	0	114	89	0	38	0	15	0	0	0	20	7	11	109	0	0	0	0	0	0	81
k__Bacteria___p__Bacillota___c__Clostridia___o__Peptostreptococcales-Tissierellales___f__Peptostreptococcaceae___g__Peptostreptococcus___s__Peptostreptococcus anaerobius	0	0	0	0	0	0	0	0	0	0	0	0	0	0	0	0	0	0	0	0	0	0	0	0	0	0	0	0	0	0	0	0	0	0	0	116	0	0	0	0	0	0	0	0	0	0	0	0	0	0	0	0	0	0	0	0	0	0	0	0	0	0	0	0	0	0	0	0	0	0	0	0	0	0	0	0	0	0	0	0	0	0	0	0	0	0	0	0	0	0
k__Bacteria___p__Bacillota___c__Clostridia___o__Peptostreptococcales-Tissierellales___f__Peptostreptococcaceae___g__Terrisporobacter___s__Terrisporobacter mayombei	0	0	42	0	0	0	0	0	0	0	0	0	0	36	0	0	0	0	0	0	0	0	37	0	0	0	0	0	0	0	54	0	0	0	0	0	0	0	0	0	0	0	0	42	0	0	0	0	0	0	0	0	0	0	0	0	0	0	0	0	0	0	0	0	12	0	0	0	0	0	15	25	18	0	0	0	0	0	0	0	0	14	0	0	0	0	0	0	0	0
k__Bacteria___p__Bacillota___c__Negativicutes___o__Acidaminococcales___f__Acidaminococcaceae___g__Acidaminococcus___s__Acidaminococcus intestini	0	0	0	0	28	0	0	0	0	0	0	0	0	0	0	0	0	0	0	0	0	0	0	0	8	0	198	0	0	0	0	0	0	0	0	0	0	0	0	0	0	0	0	0	0	10	0	0	0	0	0	0	0	0	0	0	0	0	0	0	0	0	0	0	0	841	470	0	567	31	0	0	0	0	0	0	0	0	0	0	0	0	0	0	0	0	0	0	0	0
k__Bacteria___p__Bacillota___c__Negativicutes___o__Acidaminococcales___f__Acidaminococcaceae___g__Phascolarctobacterium___s__Phascolarctobacterium faecium	0	111	0	53	22	0	0	5	276	10	0	0	119	59	124	0	17	0	0	17	0	0	0	0	152	0	0	171	76	0	95	0	0	0	0	0	46	0	0	0	0	286	0	86	0	0	0	0	310	15	0	0	137	18	277	0	0	0	71	346	0	74	0	218	155	68	0	0	0	422	0	0	33	0	109	60	0	0	96	0	0	0	120	0	0	0	108	96	290	301
k__Bacteria___p__Bacillota___c__Negativicutes___o__Acidaminococcales___f__Acidaminococcaceae___g__Phascolarctobacterium___s__Phascolarctobacterium succinatutens	0	0	0	0	0	0	0	0	0	0	0	108	0	0	0	0	0	0	0	0	0	0	0	200	0	0	0	0	0	0	0	0	0	0	0	0	0	50	0	0	0	0	0	0	0	0	90	9	0	0	65	0	0	0	0	0	0	0	0	0	0	0	148	0	0	0	0	0	0	0	0	0	0	0	0	0	0	274	0	0	0	0	0	0	604	0	0	0	0	0
k__Bacteria___p__Bacillota___c__Negativicutes___o__Veillonellales-Selenomonadales___f__Selenomonadaceae___g__Megamonas___s__Megamonas funiformis	0	0	0	0	0	0	22	0	0	0	0	0	0	75	0	0	0	0	0	0	44	36	0	0	0	0	0	0	0	0	0	0	0	4	0	0	0	0	0	0	0	19	0	0	0	0	0	0	0	0	0	0	0	2	0	0	0	22	0	0	9	0	298	0	0	4973	0	0	0	0	0	0	2968	0	0	8	0	0	0	0	0	0	3	0	0	0	0	0	0	0
k__Bacteria___p__Bacillota___c__Negativicutes___o__Veillonellales-Selenomonadales___f__Selenomonadaceae___g__Mitsuokella___s__Mitsuokella jalaludinii	26	0	0	0	0	0	0	0	0	0	0	0	0	0	0	0	0	0	0	0	0	0	0	0	0	0	0	0	0	0	0	0	0	0	0	0	0	0	0	0	0	0	0	0	0	0	0	0	0	0	0	0	0	0	0	0	0	0	0	0	0	0	0	0	0	0	0	0	0	0	0	0	0	0	0	0	0	13	0	0	0	0	0	0	0	0	0	0	0	0
k__Bacteria___p__Bacillota___c__Negativicutes___o__Veillonellales-Selenomonadales___f__Veillonellaceae___g__Allisonella___s__Allisonella histaminiformans	0	0	0	0	0	0	19	0	0	0	0	0	0	0	0	0	0	0	0	11	0	0	0	0	0	0	0	0	0	0	0	0	0	0	0	0	0	0	0	0	0	0	0	0	0	0	0	0	0	12	11	0	0	0	0	0	0	0	0	0	0	0	0	0	0	0	0	0	0	0	0	0	0	0	0	0	0	0	0	0	0	0	0	0	0	0	0	0	0	0
k__Bacteria___p__Bacillota___c__Negativicutes___o__Veillonellales-Selenomonadales___f__Veillonellaceae___g__Dialister___s__Dialister invisus	370	367	195	520	110	0	0	0	0	0	153	0	0	0	0	0	0	7	0	285	0	229	600	0	64	0	0	0	0	7	0	138	0	176	953	236	0	0	142	357	113	181	0	863	320	226	0	0	0	226	0	680	4	138	0	148	608	210	0	0	0	0	0	0	104	0	339	913	0	0	140	0	37	0	40	305	0	0	0	292	411	57	0	225	0	483	0	0	0	3
k__Bacteria___p__Bacillota___c__Negativicutes___o__Veillonellales-Selenomonadales___f__Veillonellaceae___g__Dialister___s__Dialister propionicifaciens	0	0	0	0	0	0	0	0	0	0	0	0	0	0	0	0	0	0	0	0	0	0	0	0	0	0	0	10	0	0	0	0	0	0	0	0	0	0	0	0	0	0	0	0	0	0	0	0	0	0	0	0	0	0	0	0	0	0	0	0	0	0	0	0	0	0	0	0	0	0	0	0	0	0	0	0	0	0	0	0	0	0	0	0	0	0	0	0	0	0
k__Bacteria___p__Bacillota___c__Negativicutes___o__Veillonellales-Selenomonadales___f__Veillonellaceae___g__Dialister___s__Dialister succinatiphilus	0	0	0	0	0	0	0	0	0	0	0	0	0	0	0	0	0	0	0	0	0	0	0	0	0	0	1200	0	0	0	0	0	0	0	0	0	0	0	0	0	0	0	0	0	0	0	0	0	0	0	0	0	0	0	0	0	0	0	0	0	0	0	0	0	0	0	0	0	0	0	0	0	0	0	0	0	0	0	0	0	0	0	0	0	0	0	0	0	0	0
k__Bacteria___p__Bacillota___c__Negativicutes___o__Veillonellales-Selenomonadales___f__Veillonellaceae___g__Megasphaera___s__Megasphaera massiliensis	0	0	0	0	0	0	0	0	0	0	0	0	0	0	6	0	0	0	0	0	0	0	0	0	0	0	78	0	0	0	0	0	0	0	0	421	0	0	0	0	0	0	0	0	0	0	0	0	0	0	0	0	0	0	0	0	0	0	0	0	0	0	0	0	0	1901	0	0	0	0	59	0	1120	0	0	0	4182	0	0	0	0	0	0	273	62	0	0	0	0	0
k__Bacteria___p__Bacillota___c__Negativicutes___o__Veillonellales-Selenomonadales___f__Veillonellaceae___g__Megasphaera___s__Megasphaera stantonii	0	0	0	0	0	0	0	0	0	0	0	0	0	0	0	0	0	0	0	0	0	0	0	0	0	0	0	0	0	0	0	0	0	0	0	0	0	0	0	0	0	0	0	0	0	0	0	43	0	0	0	0	0	0	0	0	0	0	0	0	0	0	0	0	0	0	0	0	0	0	0	0	0	0	0	0	0	0	0	0	0	0	0	0	0	0	0	0	0	0
k__Bacteria___p__Bacteroidota___c__Bacteroidia___o__Bacteroidales___f__Bacteroidaceae___g__Bacteroides___s__Bacteroides bouchesdurhonensis	0	0	0	194	0	0	0	0	0	0	0	0	0	0	0	0	0	0	0	0	0	0	0	0	0	0	0	0	0	0	0	0	0	0	0	0	0	0	0	0	0	0	0	0	0	0	0	0	0	0	0	0	0	0	0	0	0	0	0	0	0	0	0	0	0	0	0	0	0	0	0	0	0	0	0	0	0	0	0	0	0	0	0	0	0	0	0	0	0	0
k__Bacteria___p__Bacteroidota___c__Bacteroidia___o__Bacteroidales___f__Bacteroidaceae___g__Bacteroides___s__Bacteroides caccae	366	574	0	473	58	0	79	128	544	102	727	0	410	143	0	0	195	0	0	225	0	63	0	52	122	0	97	496	632	0	290	131	378	124	0	0	424	264	305	0	0	197	28	620	859	212	167	416	573	191	43	696	0	109	282	1385	0	2316	97	752	0	434	655	0	93	353	0	463	814	239	0	0	0	0	0	663	0	0	336	0	2107	0	178	0	0	0	0	414	755	18
k__Bacteria___p__Bacteroidota___c__Bacteroidia___o__Bacteroidales___f__Bacteroidaceae___g__Bacteroides___s__Bacteroides clarus	0	216	0	0	0	0	0	0	0	0	0	0	0	0	0	0	0	0	0	0	0	0	0	0	0	0	0	0	0	0	0	0	0	0	0	0	0	0	0	0	0	21	0	0	0	0	0	0	0	0	0	0	0	0	0	0	0	0	0	0	0	0	0	0	69	0	0	0	0	0	0	0	0	0	0	0	0	0	0	0	0	0	0	0	0	0	0	0	0	0
k__Bacteria___p__Bacteroidota___c__Bacteroidia___o__Bacteroidales___f__Bacteroidaceae___g__Bacteroides___s__Bacteroides coprocola	0	0	0	0	0	0	105	0	0	0	0	0	0	0	0	0	0	0	0	872	116	0	0	0	0	5	0	0	0	0	0	0	0	0	0	0	0	0	0	0	0	0	0	5158	0	0	0	1522	490	0	0	0	0	0	0	0	0	0	0	0	0	0	0	0	0	0	0	0	0	0	0	0	0	0	0	0	0	0	0	0	0	0	0	0	0	0	0	0	0	0
k__Bacteria___p__Bacteroidota___c__Bacteroidia___o__Bacteroidales___f__Bacteroidaceae___g__Bacteroides___s__Bacteroides cutis	0	0	0	0	0	0	0	0	0	0	0	360	0	0	0	0	0	0	0	0	0	0	0	0	0	0	0	0	0	0	0	0	0	0	0	0	0	0	0	0	0	0	0	0	0	0	0	0	0	0	0	0	0	0	0	0	0	0	0	0	0	0	0	0	0	0	0	0	0	0	0	0	0	0	0	0	0	0	0	0	0	0	0	0	0	0	0	0	0	0
k__Bacteria___p__Bacteroidota___c__Bacteroidia___o__Bacteroidales___f__Bacteroidaceae___g__Bacteroides___s__Bacteroides eggerthii	0	0	0	0	0	0	0	0	0	0	0	0	40	62	0	5	10	0	0	0	0	0	0	243	0	0	0	0	369	0	0	0	4144	0	0	0	0	65	0	0	0	47	0	0	0	0	0	0	9	0	0	0	0	1716	3360	0	0	0	0	0	0	0	0	3085	292	266	7755	0	0	0	0	0	0	0	0	0	0	0	1523	0	0	0	0	0	0	1205	113	0	0	0
k__Bacteria___p__Bacteroidota___c__Bacteroidia___o__Bacteroidales___f__Bacteroidaceae___g__Bacteroides___s__Bacteroides finegoldii	0	0	0	0	0	0	17	0	0	148	0	0	0	0	0	0	702	0	0	177	0	0	0	0	0	0	0	0	0	0	813	0	170	0	0	0	0	0	0	0	0	0	0	0	0	0	226	0	100	89	0	0	0	151	0	0	0	0	0	0	0	0	0	0	0	0	0	1099	0	0	0	0	23	0	0	0	0	0	348	0	0	0	0	0	0	0	0	0	0	0
k__Bacteria___p__Bacteroidota___c__Bacteroidia___o__Bacteroidales___f__Bacteroidaceae___g__Bacteroides___s__Bacteroides gallinarum	0	0	0	0	0	0	0	0	0	0	0	0	0	0	0	0	0	0	0	0	0	0	0	0	0	0	0	0	0	0	0	0	0	0	0	0	0	0	0	0	0	0	0	0	0	0	0	0	0	0	0	0	0	0	0	0	0	0	0	0	0	0	0	0	0	0	0	0	0	0	0	0	0	0	35	0	0	0	0	0	0	0	0	0	0	0	0	0	0	0
k__Bacteria___p__Bacteroidota___c__Bacteroidia___o__Bacteroidales___f__Bacteroidaceae___g__Bacteroides___s__Bacteroides intestinalis	0	0	0	0	0	0	0	311	0	0	0	0	0	0	0	0	131	0	0	1558	0	0	0	0	0	0	0	197	0	0	0	857	0	0	0	0	0	877	0	0	0	0	0	786	0	0	0	0	0	0	0	0	0	0	0	0	0	0	1596	0	15	0	0	0	0	0	0	0	0	0	0	0	0	0	0	0	0	0	0	54	0	0	0	0	3	1246	0	0	0	0
k__Bacteria___p__Bacteroidota___c__Bacteroidia___o__Bacteroidales___f__Bacteroidaceae___g__Bacteroides___s__Bacteroides massiliensis	7	0	0	0	0	0	0	0	0	0	0	0	0	0	0	0	1013	0	864	0	0	405	0	746	582	0	1060	0	0	0	0	0	5	0	0	1227	0	0	0	0	0	627	0	0	2800	448	0	376	0	0	0	0	0	0	0	0	5320	0	0	0	0	0	0	0	1143	0	0	656	0	0	0	0	0	0	28	0	0	0	0	0	0	0	939	0	0	0	0	0	0	886
k__Bacteria___p__Bacteroidota___c__Bacteroidia___o__Bacteroidales___f__Bacteroidaceae___g__Bacteroides___s__Bacteroides nordii	0	0	511	42	0	0	0	0	55	47	0	0	18	0	0	0	0	0	19	11	0	0	81	0	0	0	5	0	0	0	0	0	0	0	0	0	0	246	0	0	0	0	0	0	0	0	0	0	0	0	0	0	100	0	0	0	0	0	25	0	0	0	0	0	0	0	0	0	0	0	0	0	0	26	0	0	0	14	10	34	0	0	0	0	0	386	0	0	0	53
k__Bacteria___p__Bacteroidota___c__Bacteroidia___o__Bacteroidales___f__Bacteroidaceae___g__Bacteroides___s__Bacteroides ovatus	0	0	0	0	0	0	0	0	54	0	0	0	0	0	0	0	0	0	0	116	0	54	0	82	0	928	0	0	0	652	0	0	0	81	164	0	210	2147	0	456	0	0	0	0	1385	0	0	0	182	0	0	354	149	0	0	0	1808	0	0	0	0	0	185	0	0	0	0	0	0	0	0	0	0	550	0	58	0	0	0	0	0	0	0	0	0	0	0	0	0	0
k__Bacteria___p__Bacteroidota___c__Bacteroidia___o__Bacteroidales___f__Bacteroidaceae___g__Bacteroides___s__Bacteroides plebeius	1654	0	0	0	0	0	335	0	0	0	0	225	0	0	0	0	0	0	0	0	91	0	0	0	0	0	0	0	0	0	0	0	0	0	0	0	0	0	0	0	0	0	0	0	0	0	0	1369	9	0	0	0	0	0	0	0	0	0	0	0	0	0	0	0	3281	11388	0	0	0	395	0	0	0	0	12	0	0	0	0	0	0	0	0	0	0	0	0	0	6	0
k__Bacteria___p__Bacteroidota___c__Bacteroidia___o__Bacteroidales___f__Bacteroidaceae___g__Bacteroides___s__Bacteroides rodentium	0	0	0	0	0	0	0	0	0	0	0	0	0	0	0	0	0	0	0	0	0	0	0	0	0	0	0	0	0	0	0	0	3117	0	0	0	0	0	0	0	0	0	0	0	0	0	0	0	0	0	0	0	0	0	0	0	0	0	0	0	0	0	0	0	0	0	0	0	0	0	0	0	0	0	0	0	0	0	0	0	0	0	0	0	0	0	0	0	0	0
k__Bacteria___p__Bacteroidota___c__Bacteroidia___o__Bacteroidales___f__Bacteroidaceae___g__Bacteroides___s__Bacteroides salyersiae	631	280	0	433	34	0	0	0	0	0	0	88	0	0	0	0	45	0	0	0	12	0	0	0	0	0	0	0	0	191	0	0	0	0	0	0	0	0	0	0	0	0	0	0	0	0	0	0	307	27	0	0	0	0	0	0	0	0	0	0	0	0	0	0	93	0	272	0	11	0	0	0	0	0	0	0	0	0	0	0	0	0	0	0	0	0	0	53	0	0
k__Bacteria___p__Bacteroidota___c__Bacteroidia___o__Bacteroidales___f__Bacteroidaceae___g__Bacteroides___s__Bacteroides stercoris	536	0	0	0	0	0	0	8	0	0	0	0	0	0	0	0	44	0	0	200	0	0	0	0	105	954	0	0	0	0	0	0	0	0	0	0	0	0	0	0	0	0	0	0	0	0	0	0	0	0	0	0	0	0	0	0	0	0	0	0	0	0	0	0	0	0	0	0	0	0	0	0	0	0	428	0	0	0	0	0	0	0	0	0	0	0	0	0	0	0
k__Bacteria___p__Bacteroidota___c__Bacteroidia___o__Bacteroidales___f__Bacteroidaceae___g__Bacteroides___s__Bacteroides uniformis	2097	1561	1395	2173	51	0	0	1370	1509	1400	6303	469	1643	337	622	11	1813	1681	13	2314	0	257	1542	672	870	0	282	1387	2778	641	649	1634	27	1948	65	587	670	1618	571	0	755	660	283	1617	833	568	459	816	1205	2182	39	1575	1611	3895	1852	1148	0	0	0	3802	42	2203	268	1216	2017	124	5372	1628	625	881	1113	445	0	3095	1929	1011	272	717	768	1037	2155	1473	293	2574	36	2195	140	253	4298	618
k__Bacteria___p__Bacteroidota___c__Bacteroidia___o__Bacteroidales___f__Bacteroidaceae___g__Bacteroides___s__Bacteroides vulgatus	4571	2388	11393	5627	82	0	818	4743	3453	3417	5436	0	2467	203	3469	71	7425	0	615	1314	99	1279	2761	6777	3955	47	1720	751	8329	8719	3141	2928	2024	2216	0	5710	6	7728	2422	0	15154	957	1362	0	0	2344	0	504	2045	3098	228	4787	11082	2830	0	11275	8301	22068	1673	7277	171	6883	966	0	0	7622	2137	1319	2641	973	5982	0	462	4973	10726	2931	1199	3843	3808	5476	12393	3543	7835	1863	877	6485	1417	0	0	2799
k__Bacteria___p__Bacteroidota___c__Bacteroidia___o__Bacteroidales___f__Barnesiellaceae___g__Barnesiella___s__Barnesiella intestinihominis	0	0	0	0	0	0	0	0	0	0	0	0	0	0	0	0	0	0	0	0	0	0	0	0	0	0	0	108	0	0	0	410	0	0	0	0	0	0	0	0	0	0	60	0	0	0	0	0	0	453	0	0	0	0	0	0	0	0	0	0	0	0	0	0	0	0	0	0	0	0	0	0	0	0	0	0	0	0	0	0	0	0	0	0	0	0	0	0	0	0
k__Bacteria___p__Bacteroidota___c__Bacteroidia___o__Bacteroidales___f__Barnesiellaceae___g__Coprobacter___s__Coprobacter fastidiosus	0	0	0	0	0	0	0	0	0	0	0	0	0	0	0	0	0	0	0	0	0	0	0	0	0	0	0	0	166	0	19	0	0	0	0	0	0	0	0	0	0	11	4	0	0	0	0	7	0	26	0	0	0	0	0	0	0	0	0	483	0	0	0	0	30	0	0	0	0	0	0	0	0	0	335	0	0	0	0	112	0	0	0	0	0	0	0	0	0	9
k__Bacteria___p__Bacteroidota___c__Bacteroidia___o__Bacteroidales___f__Barnesiellaceae___g__Coprobacter___s__Coprobacter secundus	0	0	0	34	0	0	0	0	0	0	0	0	0	0	0	0	0	0	0	0	0	0	0	0	0	0	0	0	0	0	0	0	0	0	0	0	0	0	0	0	0	0	0	0	0	0	0	0	0	0	0	0	0	0	0	0	0	0	0	0	0	0	0	0	2	0	0	35	0	0	0	0	0	0	0	0	0	20	0	0	0	0	0	0	0	0	0	0	0	0
k__Bacteria___p__Bacteroidota___c__Bacteroidia___o__Bacteroidales___f__Marinifilaceae___g__Butyricimonas___s__Butyricimonas faecihominis	0	0	0	0	0	0	0	0	0	51	0	0	0	0	0	0	0	0	0	0	0	0	0	0	0	0	0	0	0	0	0	0	0	0	0	0	0	0	0	0	0	0	0	0	0	0	0	0	16	0	0	0	0	0	0	0	0	0	0	0	0	0	0	46	46	0	0	0	0	0	0	0	0	0	0	38	0	14	0	34	0	0	0	0	0	0	0	0	0	39
k__Bacteria___p__Bacteroidota___c__Bacteroidia___o__Bacteroidales___f__Marinifilaceae___g__Butyricimonas___s__Butyricimonas paravirosa	0	0	0	72	0	0	0	0	0	0	0	0	27	0	0	0	0	0	0	0	0	0	0	0	0	0	20	0	0	0	0	0	0	21	0	0	17	0	0	0	0	0	0	0	0	28	0	0	0	27	0	0	0	74	0	0	0	0	0	0	0	0	95	0	32	0	0	0	23	0	0	0	0	0	0	0	0	0	0	0	0	0	0	0	0	0	0	0	0	0
k__Bacteria___p__Bacteroidota___c__Bacteroidia___o__Bacteroidales___f__Marinifilaceae___g__Butyricimonas___s__Butyricimonas virosa	0	0	0	0	0	0	0	0	0	68	0	0	0	0	0	0	0	0	0	66	0	0	0	0	0	0	0	0	0	51	0	0	0	35	0	0	0	0	0	0	0	0	0	0	0	55	0	41	102	145	0	0	0	0	0	0	0	0	0	0	0	0	0	0	29	0	0	0	0	0	0	0	0	0	0	0	0	59	0	0	0	0	0	0	0	0	0	0	0	0
k__Bacteria___p__Bacteroidota___c__Bacteroidia___o__Bacteroidales___f__Marinifilaceae___g__Gabonibacter___s__Gabonibacter massiliensis	0	13	0	0	0	0	0	0	0	0	0	0	0	0	0	0	0	0	0	0	0	0	0	0	0	0	0	0	0	0	0	0	0	0	0	0	0	0	0	0	0	0	0	0	0	0	0	0	0	0	0	0	0	0	0	0	0	0	0	0	0	0	0	0	0	0	0	0	0	0	0	0	0	0	0	0	0	0	0	0	0	0	0	0	0	0	0	0	0	0
k__Bacteria___p__Bacteroidota___c__Bacteroidia___o__Bacteroidales___f__Marinifilaceae___g__Odoribacter___s__Odoribacter laneus	0	0	0	0	0	0	0	0	0	0	0	0	0	0	0	0	0	0	0	0	0	0	0	0	0	0	0	0	0	0	0	0	0	0	0	0	0	0	0	0	0	0	0	0	0	0	0	0	0	0	0	0	0	0	0	0	0	0	0	0	0	0	0	0	60	0	0	0	0	0	0	0	0	0	0	0	0	0	0	0	0	0	0	0	0	0	0	0	0	0
k__Bacteria___p__Bacteroidota___c__Bacteroidia___o__Bacteroidales___f__Marinifilaceae___g__Odoribacter___s__Odoribacter splanchnicus	0	58	68	57	8	0	12	83	38	26	97	0	23	0	61	0	68	62	0	100	52	183	120	22	31	0	17	34	71	0	40	0	120	36	9	112	90	7	194	107	0	34	14	92	196	80	78	45	58	14	14	67	69	168	70	195	0	0	35	164	0	231	0	133	54	0	159	55	33	68	51	0	0	38	360	45	0	40	27	0	162	0	27	117	0	40	11	8	0	150
k__Bacteria___p__Bacteroidota___c__Bacteroidia___o__Bacteroidales___f__Porphyromonadaceae___g__Porphyromonas___s__Porphyromonas asaccharolytica	0	0	0	0	0	0	0	0	0	0	0	0	0	0	0	0	0	0	0	0	0	0	0	0	0	0	0	0	0	0	0	0	0	0	0	0	0	0	0	0	0	0	0	0	0	0	0	0	0	0	0	0	0	0	17	0	0	0	0	0	0	0	0	0	0	0	0	0	0	0	0	0	0	0	0	0	0	0	0	0	0	0	0	0	0	0	0	0	0	0
k__Bacteria___p__Bacteroidota___c__Bacteroidia___o__Bacteroidales___f__Porphyromonadaceae___g__Porphyromonas___s__Porphyromonas bennonis	0	0	0	0	0	0	0	0	0	0	0	0	0	0	0	0	0	0	0	0	0	0	0	0	0	0	0	7	0	0	0	0	0	0	0	0	0	0	0	0	0	0	0	0	0	0	0	0	0	0	0	0	0	0	0	0	0	0	0	0	0	0	0	0	0	0	0	0	0	0	0	0	0	0	0	0	0	0	0	0	0	0	0	0	0	0	0	0	0	0
k__Bacteria___p__Bacteroidota___c__Bacteroidia___o__Bacteroidales___f__Porphyromonadaceae___g__Porphyromonas___s__Porphyromonas somerae	0	0	0	0	0	0	0	0	0	0	0	0	4	0	0	0	0	0	0	0	0	0	0	0	0	0	0	0	0	0	0	0	0	0	0	0	0	0	0	0	0	0	0	0	0	0	0	0	0	0	0	0	0	0	0	0	0	0	0	0	0	0	0	0	0	0	0	0	0	0	0	0	0	0	0	0	0	0	0	0	0	0	0	0	0	0	0	0	0	0
k__Bacteria___p__Bacteroidota___c__Bacteroidia___o__Bacteroidales___f__Porphyromonadaceae___g__Porphyromonas___s__Porphyromonas uenonis	0	0	0	0	0	0	0	0	0	0	0	0	0	0	0	0	0	0	2	0	0	0	0	0	0	0	0	0	0	0	0	0	0	0	0	0	0	0	0	0	0	0	0	0	0	0	0	0	0	0	0	0	0	0	0	0	0	0	0	0	0	0	0	0	0	0	0	0	0	0	0	0	0	0	0	0	0	0	0	0	0	0	0	0	0	0	0	0	0	0
k__Bacteria___p__Bacteroidota___c__Bacteroidia___o__Bacteroidales___f__Prevotellaceae___g__Massiliprevotella___s__Massiliprevotella massiliensis	0	0	0	0	0	0	595	0	0	0	0	0	229	0	0	5	0	28	0	0	0	0	0	0	4	0	0	0	0	0	0	0	0	1812	0	0	0	0	0	0	0	673	0	0	0	0	0	0	0	642	0	1237	0	0	0	0	0	0	0	0	0	0	0	0	0	0	0	0	0	300	0	0	0	0	0	377	0	0	495	0	0	0	0	0	467	0	0	0	0	0
k__Bacteria___p__Bacteroidota___c__Bacteroidia___o__Bacteroidales___f__Prevotellaceae___g__Paraprevotella___s__Paraprevotella clara	0	0	0	0	0	0	0	0	0	0	0	0	0	0	0	0	0	0	0	0	0	0	0	0	0	0	0	0	0	0	0	0	0	0	0	0	0	0	0	0	0	0	0	0	0	0	0	0	0	0	0	0	0	0	0	0	0	0	151	0	0	0	0	0	0	0	0	0	0	0	0	0	0	0	0	0	0	0	0	0	0	0	0	0	0	0	0	0	0	0
k__Bacteria___p__Bacteroidota___c__Bacteroidia___o__Bacteroidales___f__Prevotellaceae___g__Paraprevotella___s__Paraprevotella xylaniphila	0	0	0	0	0	0	0	0	0	0	0	0	0	0	0	0	0	0	0	0	0	0	0	0	0	0	0	0	0	0	0	0	0	0	0	0	0	0	0	0	0	0	0	0	0	0	0	0	0	0	0	0	0	203	0	0	0	0	0	0	0	0	0	0	0	0	0	0	0	0	0	0	0	0	0	0	0	0	0	0	0	0	0	0	0	0	0	0	0	0
k__Bacteria___p__Bacteroidota___c__Bacteroidia___o__Bacteroidales___f__Prevotellaceae___g__Prevotella___s__Prevotella bivia	0	0	0	3	0	0	0	0	0	0	0	0	16	0	0	0	0	0	0	0	0	0	0	0	0	0	0	0	0	0	0	0	0	0	0	0	0	0	0	0	0	0	0	0	0	0	0	0	0	0	0	0	0	0	0	0	0	0	0	0	0	0	0	0	0	0	0	0	0	0	0	0	0	0	0	0	0	0	0	0	0	0	0	0	0	0	0	0	0	0
k__Bacteria___p__Bacteroidota___c__Bacteroidia___o__Bacteroidales___f__Prevotellaceae___g__Prevotella___s__Prevotella corporis	0	7	0	9	0	0	0	0	24	0	0	0	0	0	0	0	0	0	0	0	0	0	0	0	0	0	0	0	0	0	0	0	0	26	0	13	0	0	0	0	0	0	0	0	0	0	0	4	8	0	0	0	0	0	10	0	0	0	0	0	0	0	0	0	0	0	0	5	0	0	0	0	0	0	0	0	0	0	0	0	0	0	0	0	0	0	0	0	0	0
k__Bacteria___p__Bacteroidota___c__Bacteroidia___o__Bacteroidales___f__Prevotellaceae___g__Prevotella___s__Prevotella disiens	0	0	0	0	0	8	0	0	0	0	0	0	0	0	0	0	0	11	0	0	0	0	0	0	0	0	0	0	0	0	4	0	0	0	0	10	0	0	0	0	0	8	0	0	0	0	6	0	0	0	0	0	0	0	0	0	0	0	0	0	0	0	0	0	0	0	0	0	0	0	0	0	0	0	0	0	0	0	0	0	0	0	0	0	0	0	0	0	0	2
k__Bacteria___p__Bacteroidota___c__Bacteroidia___o__Bacteroidales___f__Rikenellaceae___g__Alistipes___s__Alistipes finegoldii	0	0	248	24	0	70	40	0	99	45	349	0	129	0	124	0	0	0	0	308	64	316	50	44	436	0	0	228	138	58	0	0	492	52	42	0	368	0	0	0	0	81	0	514	0	1404	0	0	0	0	0	0	0	72	184	0	0	0	112	18	0	0	182	626	0	0	358	70	42	28	0	66	0	0	0	252	0	0	298	0	399	1271	80	167	0	60	0	0	0	0
k__Bacteria___p__Bacteroidota___c__Bacteroidia___o__Bacteroidales___f__Rikenellaceae___g__Alistipes___s__Alistipes ihumii	0	132	0	0	8	0	0	0	0	130	124	0	152	37	0	6	0	0	0	148	0	144	364	0	0	0	21	183	83	0	0	0	0	137	7	0	21	0	111	0	0	0	17	0	0	0	0	12	0	137	0	0	0	143	138	0	0	0	0	32	0	0	14	0	33	0	71	24	193	0	22	0	0	0	0	0	0	25	81	0	0	175	15	0	0	0	0	0	0	0
k__Bacteria___p__Bacteroidota___c__Bacteroidia___o__Bacteroidales___f__Rikenellaceae___g__Alistipes___s__Alistipes indistinctus	0	0	0	23	0	0	0	10	0	0	0	0	11	0	0	0	0	0	4	0	0	156	6	0	0	0	0	0	8	0	0	0	0	0	0	0	0	0	0	0	0	63	4	23	0	50	0	0	14	0	14	0	0	11	0	0	0	0	0	0	2	0	17	0	0	0	125	0	11	0	0	0	0	0	0	7	0	7	0	0	0	0	0	0	22	0	0	0	0	0
k__Bacteria___p__Bacteroidota___c__Bacteroidia___o__Bacteroidales___f__Rikenellaceae___g__Alistipes___s__Alistipes inops	0	0	0	0	0	0	0	0	0	0	0	0	0	27	22	0	0	0	0	0	0	0	0	0	0	0	0	0	0	0	0	0	0	0	0	0	8	0	378	0	0	0	169	0	0	0	0	11	0	0	0	0	0	0	0	0	0	0	0	0	0	0	0	0	399	0	0	0	0	0	0	0	0	0	0	0	0	0	15	0	38	0	0	0	0	0	0	0	0	0
k__Bacteria___p__Bacteroidota___c__Bacteroidia___o__Bacteroidales___f__Rikenellaceae___g__Alistipes___s__Alistipes massiliensis	0	0	0	0	0	0	23	0	0	0	0	0	0	0	0	0	0	0	0	0	0	0	0	0	0	0	0	0	19	0	0	0	0	0	0	0	0	0	0	0	0	0	20	0	0	0	0	0	0	16	0	0	0	0	0	0	0	0	0	0	0	0	0	37	258	0	0	0	65	0	0	0	0	0	803	0	0	14	0	0	0	0	0	0	0	0	0	0	0	14
k__Bacteria___p__Bacteroidota___c__Bacteroidia___o__Bacteroidales___f__Rikenellaceae___g__Alistipes___s__Alistipes obesi	0	279	0	1055	29	0	16	179	0	0	0	24	532	376	91	0	33	1228	0	529	0	295	607	0	145	190	45	0	75	0	44	0	0	0	0	0	169	0	0	0	0	0	51	967	0	261	237	23	694	248	25	166	0	88	0	0	0	0	33	29	0	0	26	0	92	0	0	15	0	78	0	99	0	0	541	377	0	52	362	0	0	663	71	224	0	0	26	0	0	152
k__Bacteria___p__Bacteroidota___c__Bacteroidia___o__Bacteroidales___f__Rikenellaceae___g__Alistipes___s__Alistipes putredinis	0	1091	2497	601	92	0	219	1625	797	494	0	0	307	342	632	0	426	3902	0	424	109	894	1070	485	1041	1257	263	1273	406	457	477	0	1778	852	74	0	0	543	0	0	0	206	0	3973	0	2148	1099	952	928	1272	0	770	611	1938	885	1457	0	0	169	1551	9	1928	0	2024	20	86	1507	488	271	498	809	778	78	2329	3162	880	0	701	1157	1884	0	572	609	1137	0	816	184	137	3033	1088
k__Bacteria___p__Bacteroidota___c__Bacteroidia___o__Bacteroidales___f__Rikenellaceae___g__Alistipes___s__Alistipes shahii	0	402	983	777	36	0	57	100	84	215	0	0	268	14	302	0	206	0	0	201	0	289	645	44	311	21	70	0	179	0	161	186	119	432	0	95	224	0	496	0	0	104	69	1422	0	0	235	158	374	480	24	328	0	526	155	0	0	0	128	135	8	444	45	150	97	17	454	40	35	196	45	0	0	42	2007	0	0	482	214	173	55	0	31	523	0	0	34	29	323	707
k__Bacteria___p__Bacteroidota___c__Bacteroidia___o__Bacteroidales___f__Tannerellaceae___g__Parabacteroides___s__Parabacteroides distasonis	798	548	0	974	22	2547	20	333	106	108	7	0	123	1136	0	0	101	257	80	192	22	804	0	86	41	0	42	0	591	490	51	310	716	263	69	0	414	1013	152	0	0	579	136	148	0	310	386	680	143	362	13	1003	45	119	0	5461	3743	0	635	1094	14	487	88	704	1782	709	836	621	707	94	137	403	35	536	309	175	0	105	201	66	5128	0	232	262	77	196	142	444	1540	10
k__Bacteria___p__Bacteroidota___c__Bacteroidia___o__Bacteroidales___f__Tannerellaceae___g__Parabacteroides___s__Parabacteroides faecis	0	0	0	0	0	0	0	0	0	0	0	0	0	0	0	0	0	0	0	0	0	0	0	0	0	0	0	0	0	0	0	0	0	0	0	0	0	0	0	0	0	0	0	0	0	0	0	0	0	0	0	0	0	93	0	0	0	0	0	29	0	0	0	0	0	0	0	0	0	0	0	0	0	0	0	0	0	0	0	0	0	0	0	0	0	0	0	0	0	0
k__Bacteria___p__Bacteroidota___c__Bacteroidia___o__Bacteroidales___f__Tannerellaceae___g__Parabacteroides___s__Parabacteroides gordonii	0	0	0	0	0	0	0	0	0	0	0	0	69	0	0	0	0	0	0	0	0	0	0	0	0	0	0	0	0	0	0	0	0	0	0	0	0	0	0	0	0	0	0	0	0	0	0	0	0	0	0	0	0	0	0	0	0	0	0	0	0	0	0	0	0	0	0	0	0	0	0	0	0	0	0	0	0	0	0	0	0	0	0	0	0	0	0	0	0	0
k__Bacteria___p__Bacteroidota___c__Bacteroidia___o__Bacteroidales___f__Tannerellaceae___g__Parabacteroides___s__Parabacteroides johnsonii	299	77	0	0	0	0	0	0	0	0	0	0	0	0	0	0	0	0	0	0	0	0	378	0	0	0	0	0	0	0	0	107	0	0	0	0	585	0	0	0	0	0	0	868	0	0	0	0	0	0	0	0	0	0	0	0	0	0	0	0	0	0	0	0	127	0	0	21	0	0	0	0	0	0	27	0	0	96	0	0	1033	0	0	0	0	0	0	0	0	0
k__Bacteria___p__Bacteroidota___c__Bacteroidia___o__Bacteroidales___f__Tannerellaceae___g__Parabacteroides___s__Parabacteroides merdae	0	160	0	515	138	2174	89	0	375	270	1195	326	383	0	480	13	40	1634	0	1442	81	432	0	228	191	2662	117	591	960	0	2050	0	380	1059	0	126	0	0	954	1367	0	428	0	0	472	0	275	717	398	459	195	2407	0	330	649	876	0	0	151	328	12	0	67	919	222	394	0	68	1092	428	566	0	41	624	1645	725	246	0	962	538	0	672	256	1003	0	466	92	148	0	194
k__Bacteria___p__Campylobacterota___c__Campylobacteria___o__Campylobacterales___f__Campylobacteraceae___g__Campylobacter___s__Campylobacter concisus	0	0	0	0	0	0	0	0	0	0	0	0	0	0	0	0	0	0	3	0	0	0	0	0	0	0	0	0	0	0	0	0	0	0	0	0	0	0	0	0	0	0	0	0	0	0	0	0	0	0	0	0	0	0	0	0	0	0	0	0	0	0	0	0	0	0	0	0	0	0	0	0	0	0	0	0	0	0	0	0	0	0	0	0	0	0	0	0	0	0
k__Bacteria___p__Campylobacterota___c__Campylobacteria___o__Campylobacterales___f__Campylobacteraceae___g__Campylobacter___s__Campylobacter gracilis	0	0	0	0	0	0	0	0	0	0	0	0	0	0	0	0	0	0	0	0	0	0	0	0	0	0	0	0	0	0	0	0	0	0	0	0	0	0	0	0	0	0	0	0	0	0	0	0	0	0	0	0	0	0	0	0	8	0	0	0	0	0	0	0	0	0	0	0	0	0	0	0	0	0	0	0	0	0	0	0	0	0	0	0	0	0	0	0	0	0
k__Bacteria___p__Campylobacterota___c__Campylobacteria___o__Campylobacterales___f__Campylobacteraceae___g__Campylobacter___s__Campylobacter hominis	0	7	0	0	0	0	0	0	0	0	0	0	12	0	0	0	0	8	0	0	0	0	0	0	0	0	0	8	0	0	0	0	0	0	0	6	0	0	0	0	0	0	0	0	0	0	0	0	0	0	0	0	0	0	0	0	0	0	0	0	0	0	0	0	0	0	0	0	0	0	0	0	0	0	0	0	0	0	0	0	0	0	0	0	0	0	0	0	0	0
k__Bacteria___p__Deferribacterota___c__Deferribacteres___o__Deferribacterales___f__Deferribacteraceae___g__Mucispirillum___s__Mucispirillum schaedleri	0	0	0	0	0	0	0	0	0	0	0	0	0	0	0	0	0	0	0	0	0	0	0	0	0	0	0	0	0	0	0	0	0	0	0	0	0	0	0	0	0	0	0	0	0	0	0	0	0	0	0	0	0	8	0	0	0	0	0	0	0	0	0	0	0	0	0	0	0	0	0	0	0	0	0	3	0	0	0	0	0	0	0	0	0	0	0	0	0	0
k__Bacteria___p__Fusobacteriota___c__Fusobacteriia___o__Fusobacteriales___f__Fusobacteriaceae___g__Fusobacterium___s__Fusobacterium mortiferum	0	0	0	0	0	0	0	0	0	0	0	0	0	0	0	0	0	0	0	0	0	0	0	0	0	0	0	0	0	0	0	0	0	0	0	0	0	4	0	0	0	0	0	0	0	0	0	0	0	0	0	0	0	0	0	0	0	0	0	0	0	0	0	0	0	0	0	0	0	0	0	0	0	0	0	0	0	0	0	0	0	0	0	0	0	0	0	0	0	0
k__Bacteria___p__Fusobacteriota___c__Fusobacteriia___o__Fusobacteriales___f__Fusobacteriaceae___g__Fusobacterium___s__Fusobacterium nucleatum	0	0	0	0	0	0	0	0	0	0	0	0	0	0	0	0	0	0	0	0	0	0	0	0	0	0	0	0	0	0	0	0	0	0	0	117	0	0	0	0	0	0	0	0	0	0	0	0	0	0	0	0	0	0	0	0	0	0	0	0	0	0	0	0	0	0	0	0	16	0	0	0	0	0	0	0	0	0	0	0	0	0	0	0	0	0	0	0	0	0
k__Bacteria___p__Fusobacteriota___c__Fusobacteriia___o__Fusobacteriales___f__Fusobacteriaceae___g__Fusobacterium___s__Fusobacterium periodonticum	0	0	0	0	0	0	0	0	0	0	0	0	0	0	0	0	0	0	0	0	0	0	0	0	0	0	0	0	0	7	0	0	0	0	0	0	0	0	0	0	0	0	0	0	0	0	0	0	0	0	0	0	0	0	0	0	0	0	0	0	0	0	0	0	0	0	0	0	0	0	0	0	0	0	0	0	0	0	0	0	0	0	0	0	0	0	0	3	0	0
k__Bacteria___p__Pseudomonadota___c__Gammaproteobacteria___o__Burkholderiales___f__Oxalobacteraceae___g__Oxalobacter___s__Oxalobacter formigenes	0	27	0	0	0	0	0	0	0	0	0	0	29	0	0	0	0	48	0	0	0	24	0	0	26	0	0	0	0	0	0	0	0	0	0	0	0	0	0	0	0	19	0	0	0	0	0	0	25	0	7	0	6	0	0	0	0	0	0	0	0	0	20	0	0	0	0	0	10	0	0	0	0	0	0	39	0	0	0	0	0	0	0	0	0	0	0	0	0	0
k__Bacteria___p__Pseudomonadota___c__Gammaproteobacteria___o__Burkholderiales___f__Sutterellaceae___g__Parasutterella___s__Parasutterella excrementihominis	0	599	826	537	82	0	0	16	476	801	1782	0	1367	0	784	0	195	1700	4	746	0	129	361	882	260	69	304	173	15	530	1032	0	1350	156	0	440	539	35	1319	0	0	18	3	33	0	47	112	23	25	96	35	1454	1022	804	748	322	0	1703	0	1729	48	0	103	68	430	1323	2014	11	153	1002	568	643	5	927	2562	23	0	0	616	1943	3744	723	28	636	0	0	0	1083	0	24
k__Bacteria___p__Pseudomonadota___c__Gammaproteobacteria___o__Burkholderiales___f__Sutterellaceae___g__Parasutterella___s__Parasutterella secunda	0	0	0	0	0	0	0	0	0	0	0	0	0	0	0	0	0	0	0	0	0	0	0	0	0	766	0	0	0	0	0	0	0	0	0	0	0	0	0	0	0	0	0	0	0	0	0	0	0	0	0	0	0	0	0	0	0	0	0	0	0	0	0	0	0	0	0	0	0	0	0	0	0	0	0	0	0	0	0	0	0	0	0	0	0	0	0	0	0	0
k__Bacteria___p__Pseudomonadota___c__Gammaproteobacteria___o__Burkholderiales___f__Sutterellaceae___g__Sutterella___s__Sutterella parvirubra	0	0	0	0	0	593	0	0	0	0	0	0	0	0	0	0	0	0	0	0	0	0	0	0	0	0	0	0	0	0	0	0	0	0	0	0	0	0	0	0	0	0	0	0	0	0	0	0	0	0	0	0	0	0	0	0	0	0	0	0	0	0	0	0	0	0	0	0	0	0	0	0	0	0	0	0	0	0	0	0	0	0	0	0	0	0	0	0	0	0
k__Bacteria___p__Pseudomonadota___c__Gammaproteobacteria___o__Burkholderiales___f__Sutterellaceae___g__Sutterella___s__Sutterella seckii	0	0	0	0	0	0	0	0	0	0	0	0	0	0	0	0	0	0	0	0	0	0	0	0	0	0	0	0	0	0	0	0	0	0	0	0	0	0	0	0	0	87	0	0	0	0	0	0	0	0	0	0	0	0	0	0	0	0	0	0	0	0	0	0	0	0	0	0	0	0	0	0	0	0	0	0	0	0	0	0	0	0	0	0	916	0	0	0	0	0
k__Bacteria___p__Pseudomonadota___c__Gammaproteobacteria___o__Burkholderiales___f__Sutterellaceae___g__Sutterella___s__Sutterella stercoricanis	260	0	0	0	0	0	0	0	0	0	98	0	0	0	0	0	25	0	0	0	45	0	0	0	0	43	0	0	0	0	0	0	0	0	0	0	0	0	0	0	0	0	0	0	0	0	0	0	0	0	43	0	0	0	0	0	0	0	0	0	0	0	0	0	0	42	0	0	0	0	308	0	0	0	0	0	0	0	0	0	0	0	0	70	0	0	0	391	0	0
k__Bacteria___p__Pseudomonadota___c__Gammaproteobacteria___o__Burkholderiales___f__Sutterellaceae___g__Sutterella___s__Sutterella wadsworthensis	0	0	0	0	0	0	0	813	0	0	0	0	0	0	0	0	0	0	0	0	0	22	0	0	961	4	0	1390	0	0	0	0	0	817	0	239	0	713	0	0	0	0	0	1165	302	0	323	477	226	0	342	0	0	0	0	0	0	2	0	0	0	0	617	2719	0	0	0	274	265	0	0	0	477	0	0	996	0	504	0	0	0	0	1021	0	0	887	0	0	0	0
k__Bacteria___p__Pseudomonadota___c__Gammaproteobacteria___o__Burkholderiales___f__Sutterellaceae___g__Turicimonas___s__Turicimonas muris	0	0	0	0	0	0	0	0	0	0	0	0	0	0	0	0	0	0	0	29	0	0	0	0	0	0	0	0	0	0	0	0	0	0	0	0	0	0	0	0	0	0	0	0	0	0	0	0	0	0	0	0	0	0	0	0	0	0	0	0	0	0	0	0	0	0	0	0	0	0	0	0	0	0	0	0	0	0	0	0	0	0	0	0	0	0	57	0	0	0
k__Bacteria___p__Pseudomonadota___c__Gammaproteobacteria___o__Enterobacterales___f__Morganellaceae___g__Morganella___s__Morganella morganii	0	0	0	0	0	0	0	0	0	0	0	0	0	0	0	0	0	0	0	0	0	0	0	0	0	0	0	0	0	0	0	0	0	0	0	46	0	0	0	0	0	0	0	0	0	0	0	0	0	0	0	0	0	0	0	0	0	0	0	0	0	0	0	0	0	0	0	0	0	0	0	0	0	0	0	0	0	0	0	0	0	0	0	0	0	0	0	0	0	0
k__Bacteria___p__Synergistota___c__Synergistia___o__Synergistales___f__Synergistaceae___g__Cloacibacillus___s__Cloacibacillus evryensis	0	0	4	0	0	0	0	0	0	0	0	0	0	0	0	0	0	0	0	0	0	0	11	0	0	0	0	0	0	0	0	0	0	0	0	0	0	0	0	0	0	0	0	0	0	0	0	0	6	0	0	0	0	0	0	0	0	0	0	0	0	0	0	0	0	0	0	0	0	0	0	0	0	0	0	0	0	0	0	0	0	0	0	0	0	0	0	0	0	0
k__Bacteria___p__Synergistota___c__Synergistia___o__Synergistales___f__Synergistaceae___g__Pyramidobacter___s__Pyramidobacter piscolens	0	0	0	0	0	0	0	0	0	0	0	0	0	0	0	0	0	0	0	0	0	0	0	0	0	0	0	0	0	0	0	0	0	0	0	0	0	0	0	0	0	0	0	0	0	0	0	0	0	0	0	0	0	0	0	0	0	0	0	0	0	0	0	0	2	0	0	0	0	0	0	0	0	0	0	0	0	0	0	0	0	0	0	0	0	0	0	0	0	0
k__Bacteria___p__Thermodesulfobacteriota___c__Desulfovibrionia___o__Desulfovibrionales___f__Desulfovibrionaceae___g__Bilophila___s__Bilophila wadsworthia	0	134	236	0	0	131	0	293	11	61	19	0	144	336	218	0	79	329	0	259	91	294	152	219	119	194	59	272	92	274	4	0	186	89	0	0	227	105	133	144	0	91	114	180	0	186	0	464	725	21	45	422	176	331	340	3	0	0	88	496	22	0	149	415	316	0	229	246	110	28	92	176	9	598	410	0	0	243	398	235	365	239	88	132	0	0	34	34	436	256
k__Bacteria___p__Thermodesulfobacteriota___c__Desulfovibrionia___o__Desulfovibrionales___f__Desulfovibrionaceae___g__Desulfovibrio___s__Desulfovibrio fairfieldensis	0	0	0	127	0	0	0	0	0	0	0	0	0	0	46	0	0	0	0	0	0	0	0	0	0	0	0	0	0	0	0	0	129	0	0	0	0	0	0	0	0	0	0	0	0	0	0	0	0	0	0	0	0	0	0	0	0	0	0	0	0	0	0	0	61	0	0	0	0	146	0	0	0	0	0	0	0	0	0	0	0	0	0	0	0	0	0	0	0	0
k__Bacteria___p__Thermodesulfobacteriota___c__Desulfovibrionia___o__Desulfovibrionales___f__Desulfovibrionaceae___g__Desulfovibrio___s__Desulfovibrio piger	0	0	0	0	0	0	0	0	0	0	0	0	0	0	0	0	0	0	0	0	0	0	0	0	0	0	0	0	0	0	0	0	0	0	0	0	0	0	0	0	0	0	0	0	0	0	0	0	0	0	0	0	0	0	0	0	0	0	0	0	0	0	0	0	0	0	0	0	200	0	0	0	0	0	0	0	0	0	0	0	0	0	0	0	0	0	0	0	0	0
k__Bacteria___p__Verrucomicrobiota___c__Lentisphaeria___o__Victivallales___f__Victivallaceae___g__Victivallis___s__Victivallis vadensis	0	0	0	0	0	0	0	0	0	0	0	0	0	0	0	0	0	0	0	0	0	0	53	0	0	0	0	0	0	0	0	0	0	0	0	0	0	0	0	0	0	0	0	0	0	0	0	0	0	0	0	0	0	0	0	0	0	0	0	0	0	0	0	0	0	0	0	0	0	0	0	0	0	0	0	0	0	0	0	0	0	0	0	0	0	0	0	0	0	0
k__Bacteria___p__Verrucomicrobiota___c__Verrucomicrobiia___o__Verrucomicrobiales___f__Akkermansiaceae___g__Akkermansia___s__Akkermansia muciniphila	2	950	67	0	0	0	0	0	760	0	849	690	288	81	0	0	0	0	0	311	0	84	456	0	0	27	13	0	0	0	0	0	2221	0	66	0	404	0	163	763	0	356	0	0	0	212	0	0	1031	0	0	0	0	0	998	44	0	0	0	0	14	0	0	178	102	0	0	0	0	107	0	0	0	0	735	0	0	0	0	455	0	958	0	0	0	0	146	0	0	3612
