clade_name	SRR11944139	SRR11944140	SRR11944141	SRR11944142	SRR11944143	SRR11944144	SRR11944145	SRR11944146	SRR11944147	SRR11944148	SRR11944149	SRR11944150	SRR11944151	SRR11944152	SRR11944153	SRR11944154	SRR11944155	SRR11944156	SRR11944157	SRR11944158	SRR11944159	SRR11944160	SRR11944161	SRR11944162	SRR11944163	SRR11944164	SRR11944165	SRR11944166	SRR11944167	SRR11944168	SRR11944169	SRR11944170	SRR11944171	SRR11944172	SRR11944173	SRR11944174	SRR11944175	SRR11944176	SRR11944177	SRR11944178	SRR11944179	SRR11944180	SRR11944181	SRR11944182	SRR11944183	SRR11944184	SRR11944185	SRR11944186	SRR11944187	SRR11944188	SRR11944189	SRR11944190	SRR11944191	SRR11944192	SRR11944193	SRR11944194	SRR11944195	SRR11944196	SRR11944197	SRR11944198	SRR11944199	SRR11944200	SRR11944201	SRR11944202	SRR11944204	SRR11944205	SRR11944206	SRR11944207	SRR11944208	SRR11944209	SRR11944210	SRR11944211	SRR11944212	SRR11944213	SRR11944214	SRR11944215	SRR11944216	SRR11944217	SRR11944218	SRR11944219	SRR11944220	SRR11944221	SRR11944222	SRR11944223	SRR11944224	SRR11944225	SRR11944226	SRR11944227	SRR11944228	SRR11944229	SRR11944230	SRR11944231	SRR11944232	SRR11944233	SRR11944234	SRR11944235	SRR11944236	SRR11944237	SRR11944238	SRR11944239	SRR11944240	SRR11944241	SRR11944242	SRR11944243	SRR11944244	SRR11944245	SRR11944246	SRR11944247	SRR11944248	SRR11944249
d__Bacteria___p__Actinobacteriota	978	3467	786	1114	378	567	2836	1858	284	766	5176	67	358	899	559	153	3027	918	4641	3902	978	0	2153	2496	380	4367	4383	1430	2044	309	3673	3250	5723	1048	2360	1225	2333	2348	0	504	1137	3726	2039	935	694	1131	991	2855	910	608	592	369	681	433	3636	2136	4	3466	3155	5055	686	4000	1189	963	838	1394	2427	199	1823	60	106	1683	1102	941	3713	688	1280	828	940	2684	1129	4795	555	4066	4006	382	439	547	4599	1534	1583	0	3373	1211	32	1887	701	2801	812	1920	358	43	787	3462	2363	609	4526	438	5860	5606
d__Bacteria___p__Actinobacteriota___c__Actinobacteria	558	3305	141	777	378	518	2796	1121	284	766	5176	12	20	522	109	138	2842	591	3758	3883	978	0	2153	2496	0	3736	2900	936	332	86	2106	3250	4219	466	935	723	1031	1708	0	106	171	3398	1774	700	208	642	782	2816	392	161	514	91	681	85	3562	1648	4	3259	2184	3937	331	2790	1185	365	838	1281	2069	0	1032	60	10	980	243	545	2564	665	1014	226	0	2684	1129	4778	13	3249	3220	177	162	441	2632	1534	904	0	3191	544	32	1887	657	2719	0	0	11	43	437	986	1009	427	2807	438	5860	4703
d__Bacteria___p__Actinobacteriota___c__Actinobacteria___o__Actinomycetales	8	0	0	0	0	0	24	0	0	3	0	0	0	17	11	0	47	9	0	0	29	0	0	8	0	0	7	17	7	0	12	0	39	0	0	10	0	13	0	0	21	11	6	12	9	0	15	5	11	2	0	0	33	0	0	8	0	0	0	7	0	3	0	0	10	11	20	0	5	0	0	42	0	0	6	16	13	7	0	8	82	11	13	20	0	0	11	0	12	2	0	0	0	6	19	39	0	9	0	0	11	5	47	30	25	61	0	21	24	49
d__Bacteria___p__Actinobacteriota___c__Actinobacteria___o__Actinomycetales___f__Actinomycetaceae	8	0	0	0	0	0	24	0	0	3	0	0	0	17	11	0	47	9	0	0	29	0	0	8	0	0	7	17	7	0	12	0	39	0	0	10	0	13	0	0	21	11	6	12	9	0	15	5	11	2	0	0	33	0	0	8	0	0	0	7	0	3	0	0	10	11	20	0	5	0	0	42	0	0	6	16	13	7	0	8	82	11	13	20	0	0	11	0	12	2	0	0	0	6	19	39	0	9	0	0	11	5	47	30	25	61	0	21	24	49
d__Bacteria___p__Actinobacteriota___c__Actinobacteria___o__Actinomycetales___f__Actinomycetaceae___g__Actinomyces	8	0	0	0	0	0	24	0	0	3	0	0	0	17	11	0	47	9	0	0	29	0	0	8	0	0	7	17	7	0	12	0	39	0	0	10	0	13	0	0	21	11	6	12	9	0	15	5	11	2	0	0	33	0	0	8	0	0	0	7	0	3	0	0	10	6	0	0	5	0	0	42	0	0	6	16	13	7	0	8	82	11	13	20	0	0	11	0	12	2	0	0	0	6	19	39	0	9	0	0	11	5	0	21	25	61	0	21	24	49
d__Bacteria___p__Actinobacteriota___c__Actinobacteria___o__Actinomycetales___f__Actinomycetaceae___g__F0332	0	0	0	0	0	0	0	0	0	0	0	0	0	0	0	0	0	0	0	0	0	0	0	0	0	0	0	0	0	0	0	0	0	0	0	0	0	0	0	0	0	0	0	0	0	0	0	0	0	0	0	0	0	0	0	0	0	0	0	0	0	0	0	0	0	0	0	0	0	0	0	0	0	0	0	0	0	0	0	0	0	0	0	0	0	0	0	0	0	0	0	0	0	0	0	0	0	0	0	0	0	0	0	3	0	0	0	0	0	0
d__Bacteria___p__Actinobacteriota___c__Actinobacteria___o__Actinomycetales___f__Actinomycetaceae___g__Varibaculum	0	0	0	0	0	0	0	0	0	0	0	0	0	0	0	0	0	0	0	0	0	0	0	0	0	0	0	0	0	0	0	0	0	0	0	0	0	0	0	0	0	0	0	0	0	0	0	0	0	0	0	0	0	0	0	0	0	0	0	0	0	0	0	0	0	5	20	0	0	0	0	0	0	0	0	0	0	0	0	0	0	0	0	0	0	0	0	0	0	0	0	0	0	0	0	0	0	0	0	0	0	0	47	6	0	0	0	0	0	0
d__Bacteria___p__Actinobacteriota___c__Actinobacteria___o__Bifidobacteriales	550	3305	141	775	378	518	2767	1121	284	763	5176	12	20	505	98	138	2795	582	3758	3883	949	0	2153	2477	0	3736	2893	917	325	86	2094	3250	4180	466	935	713	1031	1695	0	106	150	3372	1768	688	199	642	767	2811	381	159	514	91	648	85	3562	1640	4	3259	2184	3930	331	2787	1185	365	828	1270	2049	0	1027	60	10	938	243	545	2558	649	1001	219	0	2676	1047	4767	0	3229	3220	177	151	441	2620	1532	904	0	3191	538	13	1848	657	2710	0	0	0	38	390	956	984	366	2807	415	5836	4652
d__Bacteria___p__Actinobacteriota___c__Actinobacteria___o__Bifidobacteriales___f__Bifidobacteriaceae	550	3305	141	775	378	518	2767	1121	284	763	5176	12	20	505	98	138	2795	582	3758	3883	949	0	2153	2477	0	3736	2893	917	325	86	2094	3250	4180	466	935	713	1031	1695	0	106	150	3372	1768	688	199	642	767	2811	381	159	514	91	648	85	3562	1640	4	3259	2184	3930	331	2787	1185	365	828	1270	2049	0	1027	60	10	938	243	545	2558	649	1001	219	0	2676	1047	4767	0	3229	3220	177	151	441	2620	1532	904	0	3191	538	13	1848	657	2710	0	0	0	38	390	956	984	366	2807	415	5836	4652
d__Bacteria___p__Actinobacteriota___c__Actinobacteria___o__Bifidobacteriales___f__Bifidobacteriaceae___g__Alloscardovia	0	0	0	0	0	0	0	0	0	0	0	0	0	0	0	0	0	0	0	0	0	0	0	0	0	0	0	0	0	0	0	0	0	4	0	3	0	0	0	0	0	0	0	0	0	0	0	0	0	0	0	0	0	0	0	0	0	0	0	0	0	0	0	0	0	0	0	0	0	0	0	0	0	0	0	0	0	0	0	0	0	0	0	0	0	0	0	0	0	0	0	0	0	0	5	0	0	0	0	0	0	0	0	0	0	0	0	0	0	0
d__Bacteria___p__Actinobacteriota___c__Actinobacteria___o__Bifidobacteriales___f__Bifidobacteriaceae___g__Bifidobacterium	550	3305	141	775	378	518	2767	1121	284	763	5176	12	20	505	98	138	2795	582	3758	3881	949	0	2153	2477	0	3736	2893	917	325	86	2094	3250	4180	462	935	710	1031	1695	0	106	150	3372	1768	688	199	642	767	2811	381	159	514	91	648	85	3562	1640	4	3259	2184	3930	331	2787	1185	365	828	1270	2049	0	1027	60	10	938	243	545	2558	649	1001	219	0	2676	1047	4767	0	3229	3220	177	151	441	2620	1532	904	0	3191	538	8	1848	657	2710	0	0	0	38	390	956	984	366	2807	415	5836	4652
d__Bacteria___p__Actinobacteriota___c__Actinobacteria___o__Bifidobacteriales___f__Bifidobacteriaceae___g__Pseudoscardovia	0	0	0	0	0	0	0	0	0	0	0	0	0	0	0	0	0	0	0	2	0	0	0	0	0	0	0	0	0	0	0	0	0	0	0	0	0	0	0	0	0	0	0	0	0	0	0	0	0	0	0	0	0	0	0	0	0	0	0	0	0	0	0	0	0	0	0	0	0	0	0	0	0	0	0	0	0	0	0	0	0	0	0	0	0	0	0	0	0	0	0	0	0	0	0	0	0	0	0	0	0	0	0	0	0	0	0	0	0	0
d__Bacteria___p__Actinobacteriota___c__Actinobacteria___o__Corynebacteriales	0	0	0	0	0	0	0	0	0	0	0	0	0	0	0	0	0	0	0	0	0	0	0	11	0	0	0	0	0	0	0	0	0	0	0	0	0	0	0	0	0	0	0	0	0	0	0	0	0	0	0	0	0	0	0	0	0	0	0	0	0	0	0	0	0	0	0	0	0	0	0	0	0	0	0	0	0	0	0	0	0	0	0	0	0	0	0	0	0	0	0	0	0	0	0	0	0	0	0	0	0	0	0	0	0	0	0	0	0	0
d__Bacteria___p__Actinobacteriota___c__Actinobacteria___o__Corynebacteriales___f__Corynebacteriaceae	0	0	0	0	0	0	0	0	0	0	0	0	0	0	0	0	0	0	0	0	0	0	0	11	0	0	0	0	0	0	0	0	0	0	0	0	0	0	0	0	0	0	0	0	0	0	0	0	0	0	0	0	0	0	0	0	0	0	0	0	0	0	0	0	0	0	0	0	0	0	0	0	0	0	0	0	0	0	0	0	0	0	0	0	0	0	0	0	0	0	0	0	0	0	0	0	0	0	0	0	0	0	0	0	0	0	0	0	0	0
d__Bacteria___p__Actinobacteriota___c__Actinobacteria___o__Corynebacteriales___f__Corynebacteriaceae___g__Corynebacterium	0	0	0	0	0	0	0	0	0	0	0	0	0	0	0	0	0	0	0	0	0	0	0	11	0	0	0	0	0	0	0	0	0	0	0	0	0	0	0	0	0	0	0	0	0	0	0	0	0	0	0	0	0	0	0	0	0	0	0	0	0	0	0	0	0	0	0	0	0	0	0	0	0	0	0	0	0	0	0	0	0	0	0	0	0	0	0	0	0	0	0	0	0	0	0	0	0	0	0	0	0	0	0	0	0	0	0	0	0	0
d__Bacteria___p__Actinobacteriota___c__Actinobacteria___o__Micrococcales	0	0	0	2	0	0	5	0	0	0	0	0	0	0	0	0	0	0	0	0	0	0	0	0	0	0	0	0	0	0	0	0	0	0	0	0	0	0	0	0	0	15	0	0	0	0	0	0	0	0	0	0	0	0	0	0	0	0	0	0	0	0	0	0	0	0	0	0	0	0	0	0	0	0	0	0	0	0	0	0	0	0	0	0	0	0	0	0	0	0	0	0	0	0	0	0	0	0	0	0	0	0	0	0	0	0	0	2	0	2
d__Bacteria___p__Actinobacteriota___c__Actinobacteria___o__Micrococcales___f__Micrococcaceae	0	0	0	2	0	0	5	0	0	0	0	0	0	0	0	0	0	0	0	0	0	0	0	0	0	0	0	0	0	0	0	0	0	0	0	0	0	0	0	0	0	15	0	0	0	0	0	0	0	0	0	0	0	0	0	0	0	0	0	0	0	0	0	0	0	0	0	0	0	0	0	0	0	0	0	0	0	0	0	0	0	0	0	0	0	0	0	0	0	0	0	0	0	0	0	0	0	0	0	0	0	0	0	0	0	0	0	2	0	2
d__Bacteria___p__Actinobacteriota___c__Actinobacteria___o__Micrococcales___f__Micrococcaceae___g__Rothia	0	0	0	2	0	0	5	0	0	0	0	0	0	0	0	0	0	0	0	0	0	0	0	0	0	0	0	0	0	0	0	0	0	0	0	0	0	0	0	0	0	15	0	0	0	0	0	0	0	0	0	0	0	0	0	0	0	0	0	0	0	0	0	0	0	0	0	0	0	0	0	0	0	0	0	0	0	0	0	0	0	0	0	0	0	0	0	0	0	0	0	0	0	0	0	0	0	0	0	0	0	0	0	0	0	0	0	2	0	2
d__Bacteria___p__Actinobacteriota___c__Actinobacteria___o__Propionibacteriales	0	0	0	0	0	0	0	0	0	0	0	0	0	0	0	0	0	0	0	0	0	0	0	0	0	0	0	2	0	0	0	0	0	0	0	0	0	0	0	0	0	0	0	0	0	0	0	0	0	0	0	0	0	0	0	0	0	0	0	0	0	0	0	0	0	0	0	0	0	0	0	0	0	0	0	0	0	0	0	0	0	0	0	0	0	0	0	0	0	0	0	0	0	0	0	0	0	0	0	0	0	0	0	0	0	0	0	0	0	0
d__Bacteria___p__Actinobacteriota___c__Actinobacteria___o__Propionibacteriales___f__Propionibacteriaceae	0	0	0	0	0	0	0	0	0	0	0	0	0	0	0	0	0	0	0	0	0	0	0	0	0	0	0	2	0	0	0	0	0	0	0	0	0	0	0	0	0	0	0	0	0	0	0	0	0	0	0	0	0	0	0	0	0	0	0	0	0	0	0	0	0	0	0	0	0	0	0	0	0	0	0	0	0	0	0	0	0	0	0	0	0	0	0	0	0	0	0	0	0	0	0	0	0	0	0	0	0	0	0	0	0	0	0	0	0	0
d__Bacteria___p__Actinobacteriota___c__Actinobacteria___o__Propionibacteriales___f__Propionibacteriaceae___g__Pseudopropionibacterium	0	0	0	0	0	0	0	0	0	0	0	0	0	0	0	0	0	0	0	0	0	0	0	0	0	0	0	2	0	0	0	0	0	0	0	0	0	0	0	0	0	0	0	0	0	0	0	0	0	0	0	0	0	0	0	0	0	0	0	0	0	0	0	0	0	0	0	0	0	0	0	0	0	0	0	0	0	0	0	0	0	0	0	0	0	0	0	0	0	0	0	0	0	0	0	0	0	0	0	0	0	0	0	0	0	0	0	0	0	0
d__Bacteria___p__Actinobacteriota___c__Coriobacteriia	420	162	645	337	0	49	40	737	0	0	0	55	338	377	450	15	185	327	883	19	0	0	0	0	380	631	1483	494	1712	223	1567	0	1504	582	1425	502	1302	640	0	398	966	328	265	235	486	489	209	39	518	447	78	278	0	348	74	488	0	207	971	1118	355	1210	4	598	0	113	358	199	791	0	96	703	859	396	1149	23	266	602	940	0	0	17	542	817	786	205	277	106	1967	0	679	0	182	667	0	0	44	82	812	1920	347	0	350	2476	1354	182	1719	0	0	903
d__Bacteria___p__Actinobacteriota___c__Coriobacteriia___o__Coriobacteriales	420	162	645	337	0	49	40	737	0	0	0	55	338	377	450	15	185	327	883	19	0	0	0	0	380	631	1483	494	1712	223	1567	0	1504	582	1425	502	1302	640	0	398	966	328	265	235	486	489	209	39	518	447	78	278	0	348	74	488	0	207	971	1118	355	1210	4	598	0	113	358	199	791	0	96	703	859	396	1149	23	266	602	940	0	0	17	542	817	786	205	277	106	1967	0	679	0	182	667	0	0	44	82	812	1920	347	0	350	2476	1354	182	1719	0	0	903
d__Bacteria___p__Actinobacteriota___c__Coriobacteriia___o__Coriobacteriales___f__Atopobiaceae	0	0	0	0	0	0	0	0	0	0	0	0	0	0	0	0	0	0	0	0	0	0	0	0	0	0	0	0	0	0	0	0	74	0	0	0	5	0	0	43	0	0	0	0	0	0	0	0	0	0	0	0	0	0	0	0	0	0	0	0	0	0	0	0	0	0	0	0	0	0	0	0	54	0	89	0	26	0	0	0	0	0	0	16	11	0	0	11	0	0	0	0	0	0	0	0	10	0	0	0	0	0	0	0	0	0	0	0	0	0
d__Bacteria___p__Actinobacteriota___c__Coriobacteriia___o__Coriobacteriales___f__Atopobiaceae___g__Atopobium	0	0	0	0	0	0	0	0	0	0	0	0	0	0	0	0	0	0	0	0	0	0	0	0	0	0	0	0	0	0	0	0	0	0	0	0	5	0	0	0	0	0	0	0	0	0	0	0	0	0	0	0	0	0	0	0	0	0	0	0	0	0	0	0	0	0	0	0	0	0	0	0	0	0	0	0	0	0	0	0	0	0	0	16	4	0	0	0	0	0	0	0	0	0	0	0	0	0	0	0	0	0	0	0	0	0	0	0	0	0
d__Bacteria___p__Actinobacteriota___c__Coriobacteriia___o__Coriobacteriales___f__Atopobiaceae___g__Libanicoccus	0	0	0	0	0	0	0	0	0	0	0	0	0	0	0	0	0	0	0	0	0	0	0	0	0	0	0	0	0	0	0	0	0	0	0	0	0	0	0	0	0	0	0	0	0	0	0	0	0	0	0	0	0	0	0	0	0	0	0	0	0	0	0	0	0	0	0	0	0	0	0	0	0	0	0	0	0	0	0	0	0	0	0	0	0	0	0	0	0	0	0	0	0	0	0	0	10	0	0	0	0	0	0	0	0	0	0	0	0	0
d__Bacteria___p__Actinobacteriota___c__Coriobacteriia___o__Coriobacteriales___f__Atopobiaceae___g__Olsenella	0	0	0	0	0	0	0	0	0	0	0	0	0	0	0	0	0	0	0	0	0	0	0	0	0	0	0	0	0	0	0	0	74	0	0	0	0	0	0	43	0	0	0	0	0	0	0	0	0	0	0	0	0	0	0	0	0	0	0	0	0	0	0	0	0	0	0	0	0	0	0	0	54	0	89	0	26	0	0	0	0	0	0	0	7	0	0	11	0	0	0	0	0	0	0	0	0	0	0	0	0	0	0	0	0	0	0	0	0	0
d__Bacteria___p__Actinobacteriota___c__Coriobacteriia___o__Coriobacteriales___f__Coriobacteriaceae	411	158	623	299	0	0	0	734	0	0	0	0	305	377	450	0	8	327	883	3	0	0	0	0	380	629	1438	466	1707	215	1554	0	1201	582	1410	431	1153	609	0	328	966	0	256	219	465	435	209	0	487	376	0	278	0	220	0	443	0	0	971	1025	344	1210	0	564	0	69	358	0	787	0	96	699	731	360	1039	0	174	584	920	0	0	0	542	801	775	205	268	93	1546	0	659	0	172	614	0	0	34	0	781	1913	159	0	247	2468	1354	0	1702	0	0	903
d__Bacteria___p__Actinobacteriota___c__Coriobacteriia___o__Coriobacteriales___f__Coriobacteriaceae___g__Collinsella	411	158	623	299	0	0	0	734	0	0	0	0	305	377	450	0	8	327	883	3	0	0	0	0	380	629	1438	466	1707	215	1554	0	1201	582	1410	431	1153	609	0	328	966	0	256	219	465	435	209	0	487	376	0	278	0	220	0	443	0	0	971	1025	344	1210	0	564	0	69	358	0	787	0	96	699	731	360	1039	0	174	584	920	0	0	0	542	801	775	205	268	93	1546	0	659	0	172	614	0	0	34	0	781	1913	159	0	247	2468	1354	0	1702	0	0	903
d__Bacteria___p__Actinobacteriota___c__Coriobacteriia___o__Coriobacteriales___f__Coriobacteriales_Incertae_Sedis	0	4	19	38	0	0	0	0	0	0	0	0	0	0	0	0	0	0	0	0	0	0	0	0	0	0	0	0	0	0	0	0	33	0	0	71	0	0	0	0	0	328	0	0	0	21	0	6	0	42	0	0	0	115	0	34	0	39	0	79	0	0	0	16	0	0	0	0	0	0	0	0	0	5	2	23	4	18	5	0	0	17	0	0	0	0	0	0	16	0	3	0	0	51	0	0	0	0	10	0	0	0	0	0	0	0	0	0	0	0
d__Bacteria___p__Actinobacteriota___c__Coriobacteriia___o__Coriobacteriales___f__Coriobacteriales_Incertae_Sedis___g__Raoultibacter	0	0	5	0	0	0	0	0	0	0	0	0	0	0	0	0	0	0	0	0	0	0	0	0	0	0	0	0	0	0	0	0	33	0	0	0	0	0	0	0	0	0	0	0	0	0	0	0	0	0	0	0	0	0	0	0	0	0	0	0	0	0	0	0	0	0	0	0	0	0	0	0	0	5	2	23	4	0	0	0	0	0	0	0	0	0	0	0	0	0	3	0	0	0	0	0	0	0	0	0	0	0	0	0	0	0	0	0	0	0
d__Bacteria___p__Actinobacteriota___c__Coriobacteriia___o__Coriobacteriales___f__Eggerthellaceae	9	0	3	0	0	49	40	3	0	0	0	55	33	0	0	15	177	0	0	16	0	0	0	0	0	2	45	28	5	8	13	0	196	0	15	0	144	31	0	27	0	0	9	16	21	33	0	19	31	29	78	0	0	13	74	11	0	168	0	14	11	0	4	18	0	44	0	199	4	0	0	4	74	31	15	0	51	0	15	0	0	0	0	0	0	0	9	2	405	0	17	0	10	2	0	0	0	82	21	7	188	0	103	8	0	182	17	0	0	0
d__Bacteria___p__Actinobacteriota___c__Coriobacteriia___o__Coriobacteriales___f__Eggerthellaceae___g__Adlercreutzia	0	0	0	0	0	0	0	0	0	0	0	0	0	0	0	0	0	0	0	0	0	0	0	0	0	0	0	0	0	0	0	0	0	0	0	0	0	0	0	0	0	0	0	0	0	0	0	0	0	0	0	0	0	0	0	0	0	0	0	0	0	0	0	0	0	0	0	0	0	0	0	2	0	0	0	0	0	0	0	0	0	0	0	0	0	0	0	0	0	0	0	0	0	0	0	0	0	0	0	0	0	0	0	0	0	0	0	0	0	0
d__Bacteria___p__Actinobacteriota___c__Coriobacteriia___o__Coriobacteriales___f__Eggerthellaceae___g__Denitrobacterium	0	0	0	0	0	0	0	0	0	0	0	0	0	0	0	0	0	0	0	0	0	0	0	0	0	0	0	0	0	0	0	0	0	0	0	0	0	0	0	0	0	0	0	0	0	0	0	0	0	0	0	0	0	0	0	0	0	135	0	0	0	0	0	0	0	0	0	0	0	0	0	0	0	0	15	0	0	0	0	0	0	0	0	0	0	0	0	0	0	0	0	0	0	0	0	0	0	0	0	0	0	0	0	0	0	0	0	0	0	0
d__Bacteria___p__Actinobacteriota___c__Coriobacteriia___o__Coriobacteriales___f__Eggerthellaceae___g__Eggerthella	0	0	0	0	0	42	40	0	0	0	0	55	0	0	0	8	177	0	0	16	0	0	0	0	0	0	45	28	0	0	13	0	196	0	0	0	0	0	0	0	0	0	9	0	15	4	0	0	0	0	78	0	0	13	60	0	0	33	0	2	0	0	0	18	0	0	0	104	0	0	0	2	46	31	0	0	6	0	15	0	0	0	0	0	0	0	0	2	0	0	17	0	0	0	0	0	0	66	13	7	0	0	45	8	0	0	0	0	0	0
d__Bacteria___p__Actinobacteriota___c__Coriobacteriia___o__Coriobacteriales___f__Eggerthellaceae___g__Enterorhabdus	0	0	0	0	0	0	0	0	0	0	0	0	33	0	0	0	0	0	0	0	0	0	0	0	0	0	0	0	0	0	0	0	0	0	0	0	0	0	0	0	0	0	0	0	0	0	0	19	0	0	0	0	0	0	0	0	0	0	0	0	11	0	0	0	0	10	0	0	0	0	0	0	28	0	0	0	0	0	0	0	0	0	0	0	0	0	0	0	56	0	0	0	0	0	0	0	0	0	0	0	70	0	0	0	0	0	0	0	0	0
d__Bacteria___p__Actinobacteriota___c__Coriobacteriia___o__Coriobacteriales___f__Eggerthellaceae___g__Enteroscipio	0	0	0	0	0	0	0	0	0	0	0	0	0	0	0	0	0	0	0	0	0	0	0	0	0	0	0	0	0	0	0	0	0	0	0	0	44	0	0	0	0	0	0	0	0	0	0	0	31	0	0	0	0	0	0	0	0	0	0	0	0	0	0	0	0	0	0	95	4	0	0	0	0	0	0	0	0	0	0	0	0	0	0	0	0	0	0	0	0	0	0	0	0	0	0	0	0	0	0	0	0	0	0	0	0	0	0	0	0	0
d__Bacteria___p__Actinobacteriota___c__Coriobacteriia___o__Coriobacteriales___f__Eggerthellaceae___g__Gordonibacter	9	0	3	0	0	7	0	3	0	0	0	0	0	0	0	7	0	0	0	0	0	0	0	0	0	2	0	0	0	8	0	0	0	0	15	0	0	0	0	0	0	0	0	16	6	0	0	0	0	29	0	0	0	0	14	0	0	0	0	9	0	0	4	0	0	0	0	0	0	0	0	0	0	0	0	0	0	0	0	0	0	0	0	0	0	0	9	0	0	0	0	0	10	2	0	0	0	16	8	0	8	0	5	0	0	0	17	0	0	0
d__Bacteria___p__Actinobacteriota___c__Coriobacteriia___o__Coriobacteriales___f__Eggerthellaceae___g__Senegalimassilia	0	0	0	0	0	0	0	0	0	0	0	0	0	0	0	0	0	0	0	0	0	0	0	0	0	0	0	0	0	0	0	0	0	0	0	0	100	31	0	27	0	0	0	0	0	29	0	0	0	0	0	0	0	0	0	11	0	0	0	0	0	0	0	0	0	34	0	0	0	0	0	0	0	0	0	0	10	0	0	0	0	0	0	0	0	0	0	0	349	0	0	0	0	0	0	0	0	0	0	0	0	0	53	0	0	0	0	0	0	0
d__Bacteria___p__Actinobacteriota___c__Coriobacteriia___o__Coriobacteriales___f__Eggerthellaceae___g__Slackia	0	0	0	0	0	0	0	0	0	0	0	0	0	0	0	0	0	0	0	0	0	0	0	0	0	0	0	0	0	0	0	0	0	0	0	0	0	0	0	0	0	0	0	0	0	0	0	0	0	0	0	0	0	0	0	0	0	0	0	3	0	0	0	0	0	0	0	0	0	0	0	0	0	0	0	0	0	0	0	0	0	0	0	0	0	0	0	0	0	0	0	0	0	0	0	0	0	0	0	0	0	0	0	0	0	182	0	0	0	0
d__Bacteria___p__Bacteroidota	16111	6774	9741	13832	14878	11752	13138	10352	13944	11058	17585	9120	10000	9802	8269	8103	14031	11800	12987	15432	15204	3029	16054	13459	9537	10792	12521	10576	10296	10616	11101	5984	13362	9841	17537	10580	12102	10137	6300	9580	11971	12832	11662	16156	11304	8666	11850	18196	11190	15288	10738	10624	7231	12278	17462	10926	9111	6354	14036	13369	11199	11497	10302	17332	13358	9017	12724	18472	8837	13425	7092	15226	15376	10848	10272	17256	5169	12983	10356	13441	8655	8175	15436	9127	26297	11864	16229	13180	7095	12819	13539	10521	7775	15699	12049	11077	7592	14385	17314	11309	14046	12533	11217	8491	17908	21387	14712	8033	15281	13339
d__Bacteria___p__Bacteroidota___c__Bacteroidia	16111	6774	9741	13832	14878	11752	13138	10352	13944	11058	17585	9120	10000	9802	8269	8103	14031	11800	12987	15432	15204	3029	16054	13459	9537	10792	12521	10576	10296	10616	11101	5984	13362	9841	17537	10580	12102	10137	6300	9580	11971	12832	11662	16156	11304	8666	11850	18196	11190	15288	10738	10624	7231	12278	17462	10926	9111	6354	14036	13369	11199	11497	10302	17332	13358	9017	12724	18472	8837	13425	7092	15226	15376	10848	10272	17256	5169	12983	10356	13441	8655	8175	15436	9127	26297	11864	16229	13180	7095	12819	13539	10521	7775	15699	12049	11077	7592	14385	17314	11309	14046	12533	11217	8491	17908	21387	14712	8033	15281	13339
d__Bacteria___p__Bacteroidota___c__Bacteroidia___o__Bacteroidales	16111	6774	9741	13832	14878	11752	13138	10352	13944	11058	17585	9120	10000	9802	8269	8103	14031	11800	12987	15432	15204	3029	16054	13459	9537	10792	12521	10576	10273	10616	11101	5984	13362	9841	17537	10580	12102	10137	6300	9580	11971	12832	11662	16156	11304	8666	11850	18196	11190	15288	10738	10624	7231	12122	17462	10926	9111	6354	14032	13369	11199	11497	10302	17332	13358	9017	12724	18472	8837	13425	7092	15226	15376	10848	10272	17256	5169	12983	10356	13441	8655	8175	15436	9127	26291	11864	16229	13180	7095	12819	13539	10521	7775	15699	12049	11077	7592	14385	17314	11309	14028	12533	11217	8491	17908	21387	14712	8033	15281	13339
d__Bacteria___p__Bacteroidota___c__Bacteroidia___o__Bacteroidales___f__Bacteroidaceae	12778	449	7408	4294	2869	8324	13138	1653	13099	10295	13719	9120	8530	56	2726	6615	12562	9166	12099	13451	11111	2765	14350	13446	8611	9460	7498	9722	7346	9874	9825	2728	9261	7481	16457	8809	10853	9212	5902	20	3333	11585	9527	12124	9527	4071	10969	14516	10447	8227	9021	6385	4755	4875	14348	8125	7995	5221	7152	9095	1100	8864	9693	14038	12578	6334	9624	14315	8613	5566	6680	4914	12884	9244	3785	15188	3243	11035	7348	12386	7814	7090	13362	7785	7109	8898	13099	3581	4371	11156	11840	1721	3246	12509	9211	10990	271	12754	2689	10451	9471	11941	7406	6747	17816	18857	12669	7521	14315	12632
d__Bacteria___p__Bacteroidota___c__Bacteroidia___o__Bacteroidales___f__Bacteroidaceae___g__Bacteroides	12778	449	7408	4294	2869	8324	13138	1653	13099	10295	13719	9120	8530	56	2726	6615	12562	9166	12099	13451	11111	2765	14350	13446	8611	9460	7498	9722	7346	9874	9825	2728	9261	7481	16457	8809	10853	9212	5902	20	3333	11585	9527	12124	9527	4071	10969	14516	10447	8227	9021	6385	4755	4875	14348	8125	7995	5221	7152	9095	1100	8864	9693	14038	12578	6334	9624	14315	8613	5566	6680	4914	12884	9244	3785	15188	3243	11035	7348	12386	7814	7090	13362	7785	7109	8898	13099	3581	4371	11156	11840	1721	3246	12509	9211	10990	271	12754	2689	10451	9471	11941	7406	6747	17816	18857	12669	7521	14315	12632
d__Bacteria___p__Bacteroidota___c__Bacteroidia___o__Bacteroidales___f__Barnesiellaceae	456	0	251	9	0	510	0	61	70	7	0	0	43	0	298	248	116	5	0	199	252	0	286	0	266	108	697	93	541	0	0	0	1547	0	0	87	176	38	0	0	302	179	0	742	26	374	0	23	0	624	0	0	37	10	386	789	0	114	0	49	34	71	0	0	0	58	480	0	0	85	0	0	213	172	41	0	86	30	88	0	214	0	0	192	211	404	1141	231	656	0	0	0	285	0	0	0	0	0	6	0	860	0	609	0	0	185	66	0	0	48
d__Bacteria___p__Bacteroidota___c__Bacteroidia___o__Bacteroidales___f__Barnesiellaceae___g__Barnesiella	95	0	251	0	0	510	0	54	0	7	0	0	0	0	298	198	0	5	0	199	226	0	245	0	187	26	544	63	494	0	0	0	1521	0	0	87	176	10	0	0	302	179	0	742	7	374	0	23	0	624	0	0	0	10	386	438	0	114	0	38	14	0	0	0	0	0	320	0	0	28	0	0	0	44	15	0	0	0	75	0	214	0	0	58	211	0	351	198	490	0	0	0	219	0	0	0	0	0	6	0	572	0	609	0	0	74	0	0	0	16
d__Bacteria___p__Bacteroidota___c__Bacteroidia___o__Bacteroidales___f__Barnesiellaceae___g__Coprobacter	361	0	0	9	0	0	0	7	70	0	0	0	43	0	0	50	116	0	0	0	26	0	41	0	79	82	153	30	47	0	0	0	26	0	0	0	0	28	0	0	0	0	0	0	19	0	0	0	0	0	0	0	37	0	0	351	0	0	0	11	20	71	0	0	0	58	160	0	0	57	0	0	213	128	26	0	86	30	13	0	0	0	0	134	0	404	790	33	166	0	0	0	66	0	0	0	0	0	0	0	288	0	0	0	0	111	66	0	0	32
d__Bacteria___p__Bacteroidota___c__Bacteroidia___o__Bacteroidales___f__Marinifilaceae	78	0	142	53	0	317	0	177	0	21	473	0	136	0	71	50	14	54	0	0	39	0	44	0	59	18	334	65	509	0	0	0	403	101	0	115	85	56	0	0	31	36	156	485	10	39	28	72	114	502	0	0	89	58	0	169	376	0	39	251	4	37	47	0	0	139	108	274	0	70	7	0	171	68	57	298	202	3	11	0	0	0	0	36	87	156	161	39	231	0	170	0	123	165	0	77	0	0	24	9	359	0	40	0	0	63	106	0	0	9
d__Bacteria___p__Bacteroidota___c__Bacteroidia___o__Bacteroidales___f__Marinifilaceae___g__Butyricimonas	0	0	46	9	0	108	0	75	0	0	393	0	0	0	6	23	0	0	0	0	0	0	8	0	13	0	137	4	159	0	0	0	403	55	0	62	0	14	0	0	3	12	0	89	0	0	0	72	59	109	0	0	0	29	0	110	48	0	14	92	0	0	0	0	0	95	0	0	0	36	0	0	171	0	29	0	20	3	0	0	0	0	0	22	0	156	12	6	203	0	29	0	54	99	0	0	0	0	0	0	76	0	0	0	0	0	0	0	0	0
d__Bacteria___p__Bacteroidota___c__Bacteroidia___o__Bacteroidales___f__Marinifilaceae___g__Odoribacter	78	0	96	44	0	209	0	102	0	21	80	0	136	0	65	27	14	54	0	0	39	0	36	0	46	18	197	61	350	0	0	0	0	46	0	53	85	42	0	0	28	24	156	396	10	39	28	0	55	393	0	0	89	29	0	59	328	0	25	159	4	37	47	0	0	44	108	274	0	34	7	0	0	68	28	298	182	0	11	0	0	0	0	14	87	0	149	33	28	0	141	0	69	66	0	77	0	0	24	9	254	0	40	0	0	63	106	0	0	9
d__Bacteria___p__Bacteroidota___c__Bacteroidia___o__Bacteroidales___f__Marinifilaceae___g__Sanguibacteroides	0	0	0	0	0	0	0	0	0	0	0	0	0	0	0	0	0	0	0	0	0	0	0	0	0	0	0	0	0	0	0	0	0	0	0	0	0	0	0	0	0	0	0	0	0	0	0	0	0	0	0	0	0	0	0	0	0	0	0	0	0	0	0	0	0	0	0	0	0	0	0	0	0	0	0	0	0	0	0	0	0	0	0	0	0	0	0	0	0	0	0	0	0	0	0	0	0	0	0	0	29	0	0	0	0	0	0	0	0	0
d__Bacteria___p__Bacteroidota___c__Bacteroidia___o__Bacteroidales___f__Muribaculaceae	0	81	0	0	472	0	0	0	0	0	0	0	0	40	0	0	0	1702	0	0	0	0	0	0	0	0	0	0	0	0	0	0	0	0	0	0	0	377	0	0	0	0	0	0	0	0	0	0	0	0	0	0	0	0	0	0	0	0	383	101	4	0	0	0	0	4	0	0	0	0	0	0	0	0	969	899	0	1661	0	0	0	0	0	0	0	0	0	0	0	0	0	0	0	0	0	0	108	0	458	0	0	0	0	0	0	0	0	0	0	142
d__Bacteria___p__Bacteroidota___c__Bacteroidia___o__Bacteroidales___f__Porphyromonadaceae	0	0	0	0	0	0	0	0	0	0	0	0	0	0	0	0	0	0	0	0	0	0	0	0	0	0	0	0	0	0	0	0	0	0	0	0	0	0	0	0	0	0	0	0	0	0	0	0	0	0	0	0	0	0	4	0	0	0	0	0	0	0	0	0	0	16	0	0	0	0	0	0	0	0	0	0	0	0	0	0	0	0	0	0	0	0	0	0	0	0	0	0	0	0	0	0	0	0	0	0	0	0	12	0	0	0	0	0	0	0
d__Bacteria___p__Bacteroidota___c__Bacteroidia___o__Bacteroidales___f__Porphyromonadaceae___g__Porphyromonas	0	0	0	0	0	0	0	0	0	0	0	0	0	0	0	0	0	0	0	0	0	0	0	0	0	0	0	0	0	0	0	0	0	0	0	0	0	0	0	0	0	0	0	0	0	0	0	0	0	0	0	0	0	0	4	0	0	0	0	0	0	0	0	0	0	16	0	0	0	0	0	0	0	0	0	0	0	0	0	0	0	0	0	0	0	0	0	0	0	0	0	0	0	0	0	0	0	0	0	0	0	0	12	0	0	0	0	0	0	0
d__Bacteria___p__Bacteroidota___c__Bacteroidia___o__Bacteroidales___f__Prevotellaceae	1077	6171	371	8101	11459	1004	0	7720	0	0	11	0	0	9619	3869	0	8	0	410	0	2669	0	3	8	0	2	0	0	0	0	157	0	5	3	0	410	49	0	0	9547	6919	0	409	0	1070	2311	0	1622	0	14	0	103	3	4891	959	439	0	685	5609	2616	9763	324	0	0	0	9	3	429	0	6789	0	7668	0	0	4566	13	430	0	0	9	0	0	0	0	17277	0	0	8174	0	26	0	8751	0	648	0	10	7073	3	13109	0	1117	0	70	23	0	0	2	0	0	0
d__Bacteria___p__Bacteroidota___c__Bacteroidia___o__Bacteroidales___f__Prevotellaceae___g__Alloprevotella	0	0	0	0	4122	0	0	0	0	0	0	0	0	0	58	0	0	0	0	0	2390	0	0	0	0	0	0	0	0	0	157	0	0	0	0	0	0	0	0	1271	0	0	0	0	0	0	0	0	0	3	0	0	0	0	0	0	0	0	0	0	1577	0	0	0	0	0	0	0	0	0	0	0	0	0	0	0	0	0	0	0	0	0	0	0	0	0	0	0	0	0	0	0	0	0	0	0	544	0	0	0	0	0	0	0	0	0	0	0	0	0
d__Bacteria___p__Bacteroidota___c__Bacteroidia___o__Bacteroidales___f__Prevotellaceae___g__Paraprevotella	1077	0	371	137	0	1004	0	109	0	0	0	0	0	0	0	0	5	0	410	0	277	0	0	0	0	0	0	0	0	0	0	0	0	0	0	410	0	0	0	0	543	0	409	0	0	0	0	0	0	0	0	8	0	126	959	439	0	0	247	603	0	324	0	0	0	0	0	429	0	0	0	0	0	0	0	0	103	0	0	0	0	0	0	0	284	0	0	0	0	0	0	84	0	0	0	0	0	0	0	0	1100	0	0	0	0	0	0	0	0	0
d__Bacteria___p__Bacteroidota___c__Bacteroidia___o__Bacteroidales___f__Prevotellaceae___g__Prevotella	0	5933	0	7156	7337	0	0	7611	0	0	11	0	0	9619	3111	0	3	0	0	0	2	0	3	8	0	2	0	0	0	0	0	0	5	3	0	0	49	0	0	8087	5580	0	0	0	1070	2311	0	1622	0	11	0	82	3	84	0	0	0	0	4099	3	7915	0	0	0	0	9	3	0	0	6789	0	7668	0	0	4225	13	327	0	0	9	0	0	0	0	16993	0	0	8174	0	26	0	8667	0	648	0	10	6080	3	13109	0	5	0	70	23	0	0	2	0	0	0
d__Bacteria___p__Bacteroidota___c__Bacteroidia___o__Bacteroidales___f__Prevotellaceae___g__Prevotellaceae_NK3B31_group	0	238	0	0	0	0	0	0	0	0	0	0	0	0	29	0	0	0	0	0	0	0	0	0	0	0	0	0	0	0	0	0	0	0	0	0	0	0	0	0	0	0	0	0	0	0	0	0	0	0	0	0	0	4681	0	0	0	643	695	1793	269	0	0	0	0	0	0	0	0	0	0	0	0	0	0	0	0	0	0	0	0	0	0	0	0	0	0	0	0	0	0	0	0	0	0	0	14	0	0	0	0	0	0	0	0	0	0	0	0	0
d__Bacteria___p__Bacteroidota___c__Bacteroidia___o__Bacteroidales___f__Prevotellaceae___g__Prevotellaceae_UCG-001	0	0	0	603	0	0	0	0	0	0	0	0	0	0	0	0	0	0	0	0	0	0	0	0	0	0	0	0	0	0	0	0	0	0	0	0	0	0	0	0	0	0	0	0	0	0	0	0	0	0	0	0	0	0	0	0	0	0	0	0	0	0	0	0	0	0	0	0	0	0	0	0	0	0	0	0	0	0	0	0	0	0	0	0	0	0	0	0	0	0	0	0	0	0	0	0	0	0	0	0	0	0	0	0	0	0	0	0	0	0
d__Bacteria___p__Bacteroidota___c__Bacteroidia___o__Bacteroidales___f__Prevotellaceae___g__Prevotellaceae_UCG-003	0	0	0	0	0	0	0	0	0	0	0	0	0	0	0	0	0	0	0	0	0	0	0	0	0	0	0	0	0	0	0	0	0	0	0	0	0	0	0	0	0	0	0	0	0	0	0	0	0	0	0	0	0	0	0	0	0	0	0	0	0	0	0	0	0	0	0	0	0	0	0	0	0	0	0	0	0	0	0	0	0	0	0	0	0	0	0	0	0	0	0	0	0	0	0	0	87	0	0	0	0	0	0	0	0	0	0	0	0	0
d__Bacteria___p__Bacteroidota___c__Bacteroidia___o__Bacteroidales___f__Rikenellaceae	889	13	748	779	67	1597	0	221	215	88	825	0	611	11	274	335	313	581	0	0	102	0	42	0	370	250	424	52	1138	279	12	0	1123	223	0	788	396	251	398	0	392	439	719	1946	201	590	151	216	121	4732	77	822	1428	836	1765	1014	740	21	267	501	34	497	217	653	175	1131	2001	1448	224	382	30	552	936	435	479	46	737	23	137	0	0	1085	118	410	991	256	1009	353	544	1594	1057	49	3690	850	0	0	58	586	188	21	1217	0	845	264	92	788	327	60	0	46
d__Bacteria___p__Bacteroidota___c__Bacteroidia___o__Bacteroidales___f__Rikenellaceae___g__Alistipes	889	2	748	779	67	1597	0	221	215	88	825	0	611	11	230	335	313	581	0	0	102	0	42	0	370	250	294	52	1138	279	12	0	1123	223	0	788	396	237	398	0	392	439	719	1946	201	590	151	216	121	4732	77	822	1428	836	1765	1014	740	21	267	501	34	497	217	653	175	1131	2001	1448	224	382	30	552	936	435	479	37	737	23	137	0	0	1085	118	410	991	256	1009	353	544	1594	1057	49	3690	850	0	0	0	586	188	21	1217	0	845	264	92	788	327	60	0	46
d__Bacteria___p__Bacteroidota___c__Bacteroidia___o__Bacteroidales___f__Rikenellaceae___g__Rikenella	0	0	0	0	0	0	0	0	0	0	0	0	0	0	0	0	0	0	0	0	0	0	0	0	0	0	130	0	0	0	0	0	0	0	0	0	0	0	0	0	0	0	0	0	0	0	0	0	0	0	0	0	0	0	0	0	0	0	0	0	0	0	0	0	0	0	0	0	0	0	0	0	0	0	0	9	0	0	0	0	0	0	0	0	0	0	0	0	0	0	0	0	0	0	0	0	0	0	0	0	0	0	0	0	0	0	0	0	0	0
d__Bacteria___p__Bacteroidota___c__Bacteroidia___o__Bacteroidales___f__Rikenellaceae___g__Rikenellaceae_RC9_gut_group	0	11	0	0	0	0	0	0	0	0	0	0	0	0	44	0	0	0	0	0	0	0	0	0	0	0	0	0	0	0	0	0	0	0	0	0	0	0	0	0	0	0	0	0	0	0	0	0	0	0	0	0	0	0	0	0	0	0	0	0	0	0	0	0	0	0	0	0	0	0	0	0	0	0	0	0	0	0	0	0	0	0	0	0	0	0	0	0	0	0	0	0	0	0	0	0	58	0	0	0	0	0	0	0	0	0	0	0	0	0
d__Bacteria___p__Bacteroidota___c__Bacteroidia___o__Bacteroidales___f__Tannerellaceae	833	27	821	596	11	0	0	518	560	647	2557	0	680	76	1031	855	1018	292	478	1782	1031	264	1329	5	231	954	3568	644	739	463	1107	3256	1023	2033	1080	371	543	203	0	0	994	593	851	859	470	1281	702	1747	508	1185	1640	3314	919	1452	0	390	0	313	582	754	260	1704	345	2641	605	1326	508	2006	0	533	375	2092	1172	929	375	812	471	231	2772	1039	627	0	1956	704	616	2150	819	802	1293	43	472	0	431	1527	2838	0	74	1042	840	828	1004	592	2235	1457	0	1494	1542	452	966	462
d__Bacteria___p__Bacteroidota___c__Bacteroidia___o__Bacteroidales___f__Tannerellaceae___g__Parabacteroides	816	27	758	590	0	0	0	518	560	647	2557	0	0	76	881	855	1018	290	478	1782	1031	264	1329	5	231	954	3568	595	739	463	1107	3256	109	2033	1080	356	543	200	0	0	994	593	851	859	452	1281	702	1747	508	1185	1588	3314	919	1119	0	390	0	313	582	732	260	1704	345	2641	605	1290	449	2006	0	533	375	2092	1172	924	343	812	471	226	2772	1039	627	0	1956	704	616	2109	787	802	1293	43	472	0	415	1527	2838	0	74	1042	840	828	946	592	2235	1457	0	1494	1542	452	966	462
d__Bacteria___p__Campilobacterota	0	0	0	0	0	0	0	0	0	0	0	0	0	3	0	0	0	0	0	0	0	0	0	0	0	0	0	0	0	0	0	0	0	0	0	0	0	0	0	0	4	0	0	0	0	0	0	0	0	5	0	0	0	0	0	0	0	0	0	0	0	0	0	0	0	0	0	0	0	0	0	0	0	0	0	0	0	0	0	0	0	0	0	0	0	0	0	0	0	0	0	0	0	0	0	0	0	0	0	0	0	0	10	6	0	0	0	0	0	0
d__Bacteria___p__Campilobacterota___c__Campylobacteria	0	0	0	0	0	0	0	0	0	0	0	0	0	3	0	0	0	0	0	0	0	0	0	0	0	0	0	0	0	0	0	0	0	0	0	0	0	0	0	0	4	0	0	0	0	0	0	0	0	5	0	0	0	0	0	0	0	0	0	0	0	0	0	0	0	0	0	0	0	0	0	0	0	0	0	0	0	0	0	0	0	0	0	0	0	0	0	0	0	0	0	0	0	0	0	0	0	0	0	0	0	0	10	6	0	0	0	0	0	0
d__Bacteria___p__Campilobacterota___c__Campylobacteria___o__Campylobacterales	0	0	0	0	0	0	0	0	0	0	0	0	0	3	0	0	0	0	0	0	0	0	0	0	0	0	0	0	0	0	0	0	0	0	0	0	0	0	0	0	4	0	0	0	0	0	0	0	0	5	0	0	0	0	0	0	0	0	0	0	0	0	0	0	0	0	0	0	0	0	0	0	0	0	0	0	0	0	0	0	0	0	0	0	0	0	0	0	0	0	0	0	0	0	0	0	0	0	0	0	0	0	10	6	0	0	0	0	0	0
d__Bacteria___p__Campilobacterota___c__Campylobacteria___o__Campylobacterales___f__Campylobacteraceae	0	0	0	0	0	0	0	0	0	0	0	0	0	3	0	0	0	0	0	0	0	0	0	0	0	0	0	0	0	0	0	0	0	0	0	0	0	0	0	0	4	0	0	0	0	0	0	0	0	5	0	0	0	0	0	0	0	0	0	0	0	0	0	0	0	0	0	0	0	0	0	0	0	0	0	0	0	0	0	0	0	0	0	0	0	0	0	0	0	0	0	0	0	0	0	0	0	0	0	0	0	0	10	6	0	0	0	0	0	0
d__Bacteria___p__Campilobacterota___c__Campylobacteria___o__Campylobacterales___f__Campylobacteraceae___g__Campylobacter	0	0	0	0	0	0	0	0	0	0	0	0	0	3	0	0	0	0	0	0	0	0	0	0	0	0	0	0	0	0	0	0	0	0	0	0	0	0	0	0	4	0	0	0	0	0	0	0	0	5	0	0	0	0	0	0	0	0	0	0	0	0	0	0	0	0	0	0	0	0	0	0	0	0	0	0	0	0	0	0	0	0	0	0	0	0	0	0	0	0	0	0	0	0	0	0	0	0	0	0	0	0	10	6	0	0	0	0	0	0
d__Bacteria___p__Cyanobacteria	0	0	0	0	0	193	0	0	0	0	0	0	0	0	0	0	0	0	0	0	0	0	0	0	0	0	0	0	20	0	0	0	0	0	0	0	0	0	0	0	0	0	0	0	0	0	0	0	0	0	0	0	0	95	0	0	0	0	0	0	0	49	0	0	0	0	0	0	0	0	0	0	0	0	0	0	0	0	0	0	0	0	0	0	0	0	0	0	0	0	0	0	5	0	0	0	0	0	0	0	0	0	0	0	0	0	0	0	0	0
d__Bacteria___p__Cyanobacteria___c__Vampirivibrionia	0	0	0	0	0	193	0	0	0	0	0	0	0	0	0	0	0	0	0	0	0	0	0	0	0	0	0	0	20	0	0	0	0	0	0	0	0	0	0	0	0	0	0	0	0	0	0	0	0	0	0	0	0	95	0	0	0	0	0	0	0	49	0	0	0	0	0	0	0	0	0	0	0	0	0	0	0	0	0	0	0	0	0	0	0	0	0	0	0	0	0	0	5	0	0	0	0	0	0	0	0	0	0	0	0	0	0	0	0	0
d__Bacteria___p__Cyanobacteria___c__Vampirivibrionia___o__Gastranaerophilales	0	0	0	0	0	193	0	0	0	0	0	0	0	0	0	0	0	0	0	0	0	0	0	0	0	0	0	0	20	0	0	0	0	0	0	0	0	0	0	0	0	0	0	0	0	0	0	0	0	0	0	0	0	95	0	0	0	0	0	0	0	49	0	0	0	0	0	0	0	0	0	0	0	0	0	0	0	0	0	0	0	0	0	0	0	0	0	0	0	0	0	0	5	0	0	0	0	0	0	0	0	0	0	0	0	0	0	0	0	0
d__Bacteria___p__Desulfobacterota	102	0	124	207	85	395	0	97	219	122	401	0	19	4	269	83	1012	94	0	0	0	0	64	0	0	120	68	33	306	255	190	0	444	280	172	129	0	76	158	0	4	48	45	248	49	0	110	205	175	147	70	17	415	1079	171	128	0	0	363	226	55	579	33	340	333	964	295	0	234	135	0	0	0	87	543	247	46	36	41	0	0	0	0	149	0	0	277	196	228	0	27	0	17	46	183	0	7	90	61	0	1098	0	125	367	236	63	291	54	17	46
d__Bacteria___p__Desulfobacterota___c__Desulfovibrionia	102	0	124	207	85	395	0	97	219	122	401	0	19	4	269	83	1012	94	0	0	0	0	64	0	0	120	68	33	306	255	190	0	444	280	172	129	0	76	158	0	4	48	45	248	49	0	110	205	175	147	70	17	415	1079	171	128	0	0	363	226	55	579	33	340	333	964	295	0	234	135	0	0	0	87	543	247	46	36	41	0	0	0	0	149	0	0	277	196	228	0	27	0	17	46	183	0	7	90	61	0	1098	0	125	367	236	63	291	54	17	46
d__Bacteria___p__Desulfobacterota___c__Desulfovibrionia___o__Desulfovibrionales	102	0	124	207	85	395	0	97	219	122	401	0	19	4	269	83	1012	94	0	0	0	0	64	0	0	120	68	33	306	255	190	0	444	280	172	129	0	76	158	0	4	48	45	248	49	0	110	205	175	147	70	17	415	1079	171	128	0	0	363	226	55	579	33	340	333	964	295	0	234	135	0	0	0	87	543	247	46	36	41	0	0	0	0	149	0	0	277	196	228	0	27	0	17	46	183	0	7	90	61	0	1098	0	125	367	236	63	291	54	17	46
d__Bacteria___p__Desulfobacterota___c__Desulfovibrionia___o__Desulfovibrionales___f__Desulfovibrionaceae	102	0	124	207	85	395	0	97	219	122	401	0	19	4	269	83	1012	94	0	0	0	0	64	0	0	120	68	33	306	255	190	0	444	280	172	129	0	76	158	0	4	48	45	248	49	0	110	205	175	147	70	17	415	1079	171	128	0	0	363	226	55	579	33	340	333	964	295	0	234	135	0	0	0	87	543	247	46	36	41	0	0	0	0	149	0	0	277	196	228	0	27	0	17	46	183	0	7	90	61	0	1098	0	125	367	236	63	291	54	17	46
d__Bacteria___p__Desulfobacterota___c__Desulfovibrionia___o__Desulfovibrionales___f__Desulfovibrionaceae___g__Bilophila	102	0	114	198	85	395	0	97	219	122	401	0	0	4	260	83	1012	94	0	0	0	0	64	0	0	120	0	33	306	224	190	0	444	280	172	119	0	76	158	0	4	48	45	241	49	0	93	205	175	147	70	0	140	183	171	128	0	0	137	222	20	558	33	340	333	324	216	0	234	135	0	0	0	87	50	236	28	36	41	0	0	0	0	72	0	0	71	196	205	0	0	0	0	46	183	0	0	90	61	0	6	0	68	367	236	0	291	54	17	46
d__Bacteria___p__Desulfobacterota___c__Desulfovibrionia___o__Desulfovibrionales___f__Desulfovibrionaceae___g__Desulfovibrio	0	0	10	4	0	0	0	0	0	0	0	0	6	0	0	0	0	0	0	0	0	0	0	0	0	0	0	0	0	0	0	0	0	0	0	0	0	0	0	0	0	0	0	0	0	0	0	0	0	0	0	17	0	896	0	0	0	0	226	0	35	0	0	0	0	640	0	0	0	0	0	0	0	0	478	11	18	0	0	0	0	0	0	74	0	0	0	0	0	0	2	0	17	0	0	0	7	0	0	0	1076	0	0	0	0	0	0	0	0	0
d__Bacteria___p__Desulfobacterota___c__Desulfovibrionia___o__Desulfovibrionales___f__Desulfovibrionaceae___g__Mailhella	0	0	0	0	0	0	0	0	0	0	0	0	0	0	9	0	0	0	0	0	0	0	0	0	0	0	0	0	0	0	0	0	0	0	0	0	0	0	0	0	0	0	0	0	0	0	0	0	0	0	0	0	275	0	0	0	0	0	0	0	0	0	0	0	0	0	0	0	0	0	0	0	0	0	0	0	0	0	0	0	0	0	0	0	0	0	206	0	0	0	0	0	0	0	0	0	0	0	0	0	0	0	0	0	0	0	0	0	0	0
d__Bacteria___p__Firmicutes	25821	6255	19485	10244	2151	18268	10319	16264	11484	10769	23931	14594	9848	14021	13432	17074	11349	10643	13764	7619	7914	0	19409	10177	7163	12291	17444	17924	15722	15865	7961	10694	18482	7928	12649	13587	9802	8721	915	6062	10329	12886	12633	25094	11378	13928	10716	21380	8884	12567	9980	13543	10939	24505	19224	14286	10775	26059	11354	14376	9480	17086	7701	16743	14159	8509	13712	13278	9490	8720	6187	16455	16577	14743	17547	19062	20149	11253	17389	13099	13248	13301	8838	15257	16299	7264	14595	15173	13493	7894	18301	1949	11644	24486	17108	13759	10747	19082	17276	12596	18432	8434	10100	14234	21582	16145	20622	6338	21673	15644
d__Bacteria___p__Firmicutes___c__Bacilli	3605	2373	2288	605	20	911	927	1058	233	3791	1018	522	783	7626	1996	1265	2165	827	3488	356	269	0	4030	2797	894	778	1261	1231	1383	3630	325	776	854	1546	1020	4374	1090	1229	42	1587	1107	5468	1454	2033	1332	195	2150	1415	866	1087	1795	150	1616	994	1053	1551	818	16276	1533	532	741	650	734	1548	2853	884	2114	1161	577	139	2001	2008	464	275	727	1965	2754	846	705	5173	405	538	525	3255	1394	1284	1707	1169	1051	919	1111	32	1357	534	5467	1857	4716	4467	5372	400	1911	1006	1636	2981	3262	2724	746	1205	6509	667
d__Bacteria___p__Firmicutes___c__Bacilli___o__Bacillales	0	0	134	23	0	43	0	0	0	0	0	5	0	0	0	0	0	0	0	0	0	0	0	0	0	66	0	0	0	0	0	0	0	0	0	0	0	0	0	0	0	0	14	0	0	0	0	0	0	0	0	0	0	0	0	0	0	0	0	0	16	5	0	0	0	0	0	0	0	0	0	0	0	0	22	0	115	0	111	0	0	0	0	54	0	0	0	77	0	0	0	0	0	0	0	0	0	0	49	25	0	0	26	0	0	0	0	0	0	131
d__Bacteria___p__Firmicutes___c__Bacilli___o__Bacillales___f__Bacillaceae	0	0	134	23	0	43	0	0	0	0	0	5	0	0	0	0	0	0	0	0	0	0	0	0	0	66	0	0	0	0	0	0	0	0	0	0	0	0	0	0	0	0	14	0	0	0	0	0	0	0	0	0	0	0	0	0	0	0	0	0	16	5	0	0	0	0	0	0	0	0	0	0	0	0	22	0	115	0	111	0	0	0	0	54	0	0	0	77	0	0	0	0	0	0	0	0	0	0	49	25	0	0	26	0	0	0	0	0	0	131
d__Bacteria___p__Firmicutes___c__Bacilli___o__Bacillales___f__Bacillaceae___g__Bacillus	0	0	134	23	0	32	0	0	0	0	0	5	0	0	0	0	0	0	0	0	0	0	0	0	0	66	0	0	0	0	0	0	0	0	0	0	0	0	0	0	0	0	14	0	0	0	0	0	0	0	0	0	0	0	0	0	0	0	0	0	16	5	0	0	0	0	0	0	0	0	0	0	0	0	22	0	115	0	111	0	0	0	0	54	0	0	0	77	0	0	0	0	0	0	0	0	0	0	49	25	0	0	26	0	0	0	0	0	0	129
d__Bacteria___p__Firmicutes___c__Bacilli___o__Bacillales___f__Bacillaceae___g__Calditerricola	0	0	0	0	0	11	0	0	0	0	0	0	0	0	0	0	0	0	0	0	0	0	0	0	0	0	0	0	0	0	0	0	0	0	0	0	0	0	0	0	0	0	0	0	0	0	0	0	0	0	0	0	0	0	0	0	0	0	0	0	0	0	0	0	0	0	0	0	0	0	0	0	0	0	0	0	0	0	0	0	0	0	0	0	0	0	0	0	0	0	0	0	0	0	0	0	0	0	0	0	0	0	0	0	0	0	0	0	0	0
d__Bacteria___p__Firmicutes___c__Bacilli___o__Erysipelotrichales	3297	151	1855	319	0	758	878	394	75	1195	685	328	783	1206	1265	1172	879	513	513	336	158	0	397	224	826	681	526	405	1043	3505	35	341	188	889	210	361	325	1054	42	1579	934	206	1071	1852	1025	121	327	755	508	557	1688	40	1203	601	373	1367	646	2172	1217	530	717	158	289	43	2366	686	1023	828	237	117	586	67	260	215	479	584	2215	784	552	711	86	203	464	848	1391	45	1292	659	279	763	625	0	125	401	60	517	287	986	5271	65	1720	40	1335	2264	367	2165	391	406	511	77
d__Bacteria___p__Firmicutes___c__Bacilli___o__Erysipelotrichales___f__Erysipelatoclostridiaceae	673	53	1829	120	0	651	844	385	56	1136	533	162	696	661	580	1157	534	509	478	293	90	0	194	224	815	681	317	137	971	3505	20	270	168	827	159	354	304	39	42	1129	904	159	1058	1800	1014	15	258	587	450	516	662	19	1032	587	308	147	606	36	38	480	621	158	261	21	2327	20	908	442	211	61	580	49	257	170	29	137	983	784	552	42	70	85	434	472	24	45	1292	644	226	607	615	0	121	354	5	475	70	922	3647	9	1284	31	1290	827	321	1206	387	365	497	66
d__Bacteria___p__Firmicutes___c__Bacilli___o__Erysipelotrichales___f__Erysipelatoclostridiaceae___g__Candidatus_Stoquefichus	0	0	0	0	0	0	0	0	0	0	0	0	0	0	0	0	0	0	0	0	0	0	160	10	0	0	0	0	0	0	0	0	0	0	0	0	0	0	0	0	0	0	0	0	0	0	0	0	0	0	0	0	0	0	0	0	0	0	0	0	0	0	0	0	0	0	0	0	0	0	0	0	0	0	0	0	0	0	0	0	0	0	0	0	0	0	0	0	0	0	0	0	0	0	0	0	0	0	0	0	253	0	0	0	0	0	0	0	0	0
d__Bacteria___p__Firmicutes___c__Bacilli___o__Erysipelotrichales___f__Erysipelatoclostridiaceae___g__Catenibacterium	0	53	0	0	0	0	0	0	0	0	0	0	0	661	272	0	0	0	0	0	0	0	0	0	0	0	0	0	0	0	0	0	0	0	0	323	0	0	0	1127	391	0	0	0	0	0	0	0	0	0	0	0	939	0	0	0	0	0	0	0	619	0	0	0	0	0	0	0	0	0	0	0	0	0	0	0	803	0	0	0	0	0	0	0	0	0	0	0	0	0	416	0	0	0	0	0	67	0	3647	0	475	0	0	0	0	0	0	0	0	0
d__Bacteria___p__Firmicutes___c__Bacilli___o__Erysipelotrichales___f__Erysipelatoclostridiaceae___g__Coprobacillus	0	0	0	0	0	0	0	0	0	0	29	0	3	0	0	0	0	0	4	0	0	0	0	0	0	0	0	0	0	4	0	0	109	6	0	0	11	0	0	0	0	0	0	6	5	0	0	9	3	0	4	2	18	0	4	16	15	0	0	0	0	0	0	0	0	0	4	0	2	2	0	0	9	0	0	0	5	0	0	3	16	28	0	0	0	0	0	0	2	0	0	0	0	0	0	0	0	550	0	0	0	0	145	0	0	0	0	0	0	0
d__Bacteria___p__Firmicutes___c__Bacilli___o__Erysipelotrichales___f__Erysipelatoclostridiaceae___g__Eggerthia	0	0	0	0	0	0	0	0	0	0	0	0	0	0	0	0	0	0	0	0	0	0	0	0	0	0	0	0	0	0	0	0	0	0	0	0	0	0	0	0	0	0	0	6	0	0	0	0	0	0	0	0	0	0	0	0	0	0	0	0	0	0	0	0	0	0	0	0	0	0	0	0	17	0	0	0	0	0	0	0	0	0	0	0	0	0	0	0	0	0	0	0	0	0	0	0	0	0	0	0	0	0	0	0	0	0	0	0	0	0
d__Bacteria___p__Firmicutes___c__Bacilli___o__Erysipelotrichales___f__Erysipelatoclostridiaceae___g__Erysipelatoclostridium	8	0	11	3	0	0	844	0	56	36	504	162	56	0	0	13	534	0	474	293	90	0	34	214	4	0	317	137	87	6	16	270	59	821	159	31	0	30	42	2	14	159	56	161	21	15	258	49	447	0	658	15	75	32	292	5	15	36	32	0	2	158	261	21	0	20	0	442	9	59	8	49	231	170	24	137	3	0	4	39	54	57	434	0	24	45	68	29	224	607	5	0	5	23	5	15	0	372	0	9	179	31	1145	0	321	1206	51	365	497	66
d__Bacteria___p__Firmicutes___c__Bacilli___o__Erysipelotrichales___f__Erysipelatoclostridiaceae___g__Erysipelotrichaceae_UCG-003	665	0	1814	117	0	651	0	385	0	1100	0	0	637	0	308	1144	0	509	0	0	0	0	0	0	811	681	0	0	884	3495	0	0	0	0	0	0	293	9	0	0	499	0	1002	1627	988	0	0	529	0	516	0	2	0	555	12	126	576	0	6	480	0	0	0	0	2327	0	904	0	200	0	572	0	0	0	0	0	172	784	548	0	0	0	0	472	0	0	1224	615	0	0	194	0	116	331	0	460	3	0	0	0	354	0	0	827	0	0	336	0	0	0
d__Bacteria___p__Firmicutes___c__Bacilli___o__Erysipelotrichales___f__Erysipelatoclostridiaceae___g__UCG-004	0	0	0	0	0	0	0	0	0	0	0	0	0	0	0	0	0	0	0	0	0	0	0	0	0	0	0	0	0	0	0	0	0	0	0	0	0	0	0	0	0	0	0	0	0	0	0	0	0	0	0	0	0	0	0	0	0	0	0	0	0	0	0	0	0	0	0	0	0	0	0	0	0	0	5	0	0	0	0	0	0	0	0	0	0	0	0	0	0	0	0	0	0	0	0	0	0	0	0	0	0	0	0	0	0	0	0	0	0	0
d__Bacteria___p__Firmicutes___c__Bacilli___o__Erysipelotrichales___f__Erysipelotrichaceae	2624	98	26	199	0	107	34	9	19	59	152	166	87	545	685	15	345	4	35	43	68	0	203	0	11	0	209	268	72	0	15	71	20	62	51	7	21	1015	0	450	30	47	13	52	11	106	69	168	58	41	1026	21	171	14	65	1220	40	2136	1179	50	96	0	28	22	39	666	115	386	26	56	6	18	3	45	450	447	1232	0	0	669	16	118	30	376	1367	0	0	15	53	156	10	0	4	47	55	42	217	64	1624	56	436	9	45	1437	46	959	4	41	14	11
d__Bacteria___p__Firmicutes___c__Bacilli___o__Erysipelotrichales___f__Erysipelotrichaceae___g__Catenisphaera	0	0	0	0	0	0	0	0	0	0	0	0	0	0	0	0	0	0	0	0	0	0	0	0	0	0	0	0	0	0	0	0	0	0	0	0	0	0	0	78	0	0	0	0	0	0	0	0	0	0	0	0	0	0	0	0	0	0	0	0	0	0	0	0	0	0	0	0	0	0	0	0	0	0	0	0	0	0	0	0	0	0	0	0	0	0	0	0	0	0	0	0	0	0	0	0	0	0	0	0	0	0	0	0	0	0	0	0	0	0
d__Bacteria___p__Firmicutes___c__Bacilli___o__Erysipelotrichales___f__Erysipelotrichaceae___g__Dielma	0	0	0	0	0	0	0	4	0	0	0	0	0	0	0	0	9	0	0	0	0	0	0	0	0	0	0	0	0	0	0	0	0	0	16	0	0	0	0	0	0	0	0	0	0	0	0	0	0	0	0	0	0	0	0	0	0	0	0	5	0	0	0	0	0	0	0	0	0	0	0	0	0	0	0	0	0	0	0	0	0	0	0	0	0	0	0	0	0	0	0	0	0	0	0	0	0	0	0	0	7	0	0	0	0	0	0	0	0	0
d__Bacteria___p__Firmicutes___c__Bacilli___o__Erysipelotrichales___f__Erysipelotrichaceae___g__Faecalicoccus	0	0	0	81	0	0	0	0	0	0	0	0	0	2	0	0	0	0	0	0	0	0	0	0	0	0	0	0	0	0	0	0	0	2	0	0	0	0	0	0	0	0	0	0	0	65	0	0	0	0	0	0	0	0	0	0	0	0	0	45	0	0	0	0	0	0	0	0	0	0	0	0	0	0	4	0	0	0	0	0	0	0	0	0	0	0	0	0	0	0	0	0	0	0	0	0	0	0	0	0	0	0	0	0	0	0	0	0	0	0
d__Bacteria___p__Firmicutes___c__Bacilli___o__Erysipelotrichales___f__Erysipelotrichaceae___g__Faecalitalea	0	0	0	95	0	8	0	2	0	33	0	0	33	0	0	10	0	0	0	0	62	0	180	0	0	0	35	0	0	0	0	0	0	0	0	7	0	0	0	0	0	0	0	10	0	16	48	0	4	0	929	9	0	0	0	0	19	12	0	0	0	0	0	0	0	10	87	0	0	27	0	0	0	12	0	75	0	0	0	0	0	29	0	346	0	0	0	0	23	0	0	0	0	17	0	14	0	36	0	56	166	0	0	0	0	197	0	0	0	6
d__Bacteria___p__Firmicutes___c__Bacilli___o__Erysipelotrichales___f__Erysipelotrichaceae___g__Holdemanella	2608	88	0	0	0	0	0	0	0	0	0	0	0	543	585	0	0	0	0	3	0	0	0	0	0	0	0	0	0	0	0	0	0	0	0	0	0	1007	0	372	0	0	0	0	0	0	0	0	0	0	0	0	0	0	0	1182	0	2069	1137	0	0	0	0	0	0	345	0	0	0	0	0	0	0	0	396	0	1173	0	0	639	0	0	0	0	1355	0	0	0	0	0	0	0	0	0	0	0	93	0	1554	0	0	0	0	1383	0	0	0	0	0	0
d__Bacteria___p__Firmicutes___c__Bacilli___o__Erysipelotrichales___f__Erysipelotrichaceae___g__Holdemania	7	0	18	6	0	9	0	3	0	17	0	0	19	0	0	5	0	4	0	0	0	0	0	0	0	0	0	12	4	0	0	0	12	0	0	0	18	8	0	0	0	27	10	29	0	0	8	5	7	7	0	0	8	14	0	0	0	36	7	0	0	0	4	0	9	0	0	33	8	4	6	0	0	11	0	21	17	0	0	5	5	62	0	5	0	0	0	6	13	0	0	0	0	9	0	0	0	0	7	0	22	0	19	0	0	63	0	0	0	0
d__Bacteria___p__Firmicutes___c__Bacilli___o__Erysipelotrichales___f__Erysipelotrichaceae___g__Merdibacter	0	0	0	0	0	3	0	0	0	0	0	0	0	0	0	0	0	0	0	0	0	0	0	0	0	0	8	0	0	0	0	0	0	0	0	0	0	0	0	0	0	0	3	3	0	0	7	2	11	2	14	0	9	0	4	0	0	6	2	0	0	0	24	0	0	0	0	0	0	0	0	0	0	3	0	193	4	0	0	0	0	0	0	0	0	0	0	0	17	0	0	0	0	0	0	7	0	12	3	0	0	0	0	0	0	4	4	0	0	0
d__Bacteria___p__Firmicutes___c__Bacilli___o__Erysipelotrichales___f__Erysipelotrichaceae___g__Solobacterium	0	10	0	0	0	0	0	0	0	0	0	0	0	0	53	0	0	0	0	0	0	0	0	0	0	0	4	0	0	0	0	0	0	0	0	0	3	0	0	0	0	0	0	0	0	0	0	0	0	0	0	0	0	0	0	0	0	0	0	0	0	0	0	0	0	0	0	0	0	0	0	0	0	0	0	0	0	0	0	0	0	0	0	0	0	0	0	0	0	0	0	0	0	0	0	6	124	0	0	0	0	0	0	12	0	15	0	0	0	0
d__Bacteria___p__Firmicutes___c__Bacilli___o__Erysipelotrichales___f__Erysipelotrichaceae___g__Turicibacter	9	0	0	0	0	2	0	0	0	0	0	166	0	0	37	0	0	0	0	11	0	0	0	0	0	0	0	247	3	0	0	0	0	0	0	0	0	0	0	0	0	0	0	0	0	0	0	137	9	10	0	0	83	0	0	0	0	0	0	0	96	0	0	10	0	0	0	0	5	0	0	0	0	0	0	127	34	0	0	0	0	0	0	11	0	0	0	0	0	0	6	0	0	21	0	0	0	0	0	0	0	0	0	42	0	0	0	0	2	0
d__Bacteria___p__Firmicutes___c__Bacilli___o__Izemoplasmatales	0	0	0	0	0	0	0	0	0	0	0	0	0	0	0	0	0	0	0	0	0	0	0	0	0	0	0	0	0	0	0	0	0	0	0	0	0	0	0	0	0	0	0	0	0	0	0	0	0	140	0	0	0	92	0	0	0	0	0	0	0	0	0	0	0	0	0	0	0	0	0	0	0	0	0	0	0	0	0	0	0	0	0	0	0	0	0	0	0	0	7	0	0	0	0	0	0	0	0	0	3	0	0	0	0	0	0	0	0	0
d__Bacteria___p__Firmicutes___c__Bacilli___o__Lactobacillales	308	2222	299	263	20	93	41	664	158	2596	333	189	0	6420	731	93	1286	314	2975	17	111	0	3633	2571	68	31	735	800	340	125	290	435	659	657	810	3952	765	175	0	6	173	5258	369	179	303	74	1816	657	358	380	107	110	401	225	680	184	172	14104	316	2	8	487	338	1505	487	198	1089	333	340	22	1415	1935	204	60	226	1374	408	62	40	4462	294	331	52	2349	3	1239	317	433	772	156	245	32	1004	101	5407	1340	4429	3475	52	310	24	963	275	665	2882	559	355	799	5994	404
d__Bacteria___p__Firmicutes___c__Bacilli___o__Lactobacillales___f__Aerococcaceae	0	0	0	0	0	0	0	0	0	0	0	0	0	0	0	0	0	0	0	0	0	0	0	0	0	0	0	0	0	0	0	0	0	0	0	0	0	0	0	0	0	0	0	0	0	0	0	0	0	0	0	0	0	0	0	0	0	0	0	0	0	0	0	0	0	0	0	0	0	0	0	0	0	0	0	0	0	0	0	0	0	0	0	0	0	0	0	0	0	0	0	0	0	0	0	7	0	0	0	0	0	0	0	10	0	6	0	0	0	0
d__Bacteria___p__Firmicutes___c__Bacilli___o__Lactobacillales___f__Aerococcaceae___g__Abiotrophia	0	0	0	0	0	0	0	0	0	0	0	0	0	0	0	0	0	0	0	0	0	0	0	0	0	0	0	0	0	0	0	0	0	0	0	0	0	0	0	0	0	0	0	0	0	0	0	0	0	0	0	0	0	0	0	0	0	0	0	0	0	0	0	0	0	0	0	0	0	0	0	0	0	0	0	0	0	0	0	0	0	0	0	0	0	0	0	0	0	0	0	0	0	0	0	7	0	0	0	0	0	0	0	10	0	6	0	0	0	0
d__Bacteria___p__Firmicutes___c__Bacilli___o__Lactobacillales___f__Carnobacteriaceae	0	0	0	0	0	0	0	0	0	0	0	4	0	0	0	0	5	0	0	5	0	0	0	26	0	0	0	12	0	0	5	0	0	0	10	8	0	0	0	0	4	0	0	0	0	0	0	0	0	0	0	0	0	0	0	0	0	0	0	0	0	6	0	4	0	0	0	2	0	2	0	8	7	0	0	9	0	0	2	0	12	0	25	0	0	0	0	0	14	0	0	0	0	0	0	0	0	11	0	6	0	0	0	67	0	14	4	10	0	0
d__Bacteria___p__Firmicutes___c__Bacilli___o__Lactobacillales___f__Carnobacteriaceae___g__Granulicatella	0	0	0	0	0	0	0	0	0	0	0	4	0	0	0	0	5	0	0	5	0	0	0	26	0	0	0	12	0	0	5	0	0	0	10	8	0	0	0	0	4	0	0	0	0	0	0	0	0	0	0	0	0	0	0	0	0	0	0	0	0	6	0	4	0	0	0	2	0	2	0	8	7	0	0	9	0	0	2	0	12	0	25	0	0	0	0	0	14	0	0	0	0	0	0	0	0	11	0	6	0	0	0	67	0	14	4	10	0	0
d__Bacteria___p__Firmicutes___c__Bacilli___o__Lactobacillales___f__Enterococcaceae	5	0	0	0	0	0	0	0	0	341	92	0	0	0	470	0	65	0	28	0	0	0	103	0	0	0	83	0	0	0	25	40	0	111	0	168	0	0	0	0	2	170	2	5	0	0	0	0	0	0	48	0	0	0	0	0	0	0	104	0	0	0	45	0	262	0	0	0	0	0	986	0	0	0	0	0	0	15	0	39	5	23	0	0	0	0	137	0	0	0	0	0	213	0	225	25	0	7	0	0	0	0	0	0	11	0	6	27	218	0
d__Bacteria___p__Firmicutes___c__Bacilli___o__Lactobacillales___f__Enterococcaceae___g__Enterococcus	5	0	0	0	0	0	0	0	0	341	92	0	0	0	470	0	65	0	28	0	0	0	103	0	0	0	83	0	0	0	25	40	0	111	0	168	0	0	0	0	2	170	2	5	0	0	0	0	0	0	48	0	0	0	0	0	0	0	104	0	0	0	45	0	262	0	0	0	0	0	986	0	0	0	0	0	0	15	0	39	5	23	0	0	0	0	137	0	0	0	0	0	213	0	225	25	0	7	0	0	0	0	0	0	11	0	6	27	218	0
d__Bacteria___p__Firmicutes___c__Bacilli___o__Lactobacillales___f__Lactobacillaceae	0	2153	53	0	20	0	0	0	0	0	0	0	0	5233	25	0	594	3	16	0	0	0	0	0	43	0	63	0	0	2	0	39	3	32	0	0	19	58	0	0	0	1690	37	0	7	0	13	0	49	0	37	0	0	0	94	0	0	13986	9	0	0	163	0	0	0	0	2	0	6	0	124	0	10	0	0	4	0	0	0	4144	0	87	0	233	0	0	0	34	18	0	15	32	0	52	183	1237	4146	0	0	0	0	29	0	46	405	0	4	0	0	2
d__Bacteria___p__Firmicutes___c__Bacilli___o__Lactobacillales___f__Lactobacillaceae___g__Lactobacillus	0	2153	53	0	20	0	0	0	0	0	0	0	0	5233	25	0	205	3	16	0	0	0	0	0	43	0	63	0	0	2	0	39	3	32	0	0	19	58	0	0	0	1690	37	0	7	0	13	0	49	0	37	0	0	0	94	0	0	13986	9	0	0	163	0	0	0	0	2	0	6	0	124	0	10	0	0	4	0	0	0	4144	0	87	0	233	0	0	0	34	18	0	15	32	0	52	183	1237	4146	0	0	0	0	29	0	46	405	0	4	0	0	2
d__Bacteria___p__Firmicutes___c__Bacilli___o__Lactobacillales___f__Lactobacillaceae___g__Pediococcus	0	0	0	0	0	0	0	0	0	0	0	0	0	0	0	0	389	0	0	0	0	0	0	0	0	0	0	0	0	0	0	0	0	0	0	0	0	0	0	0	0	0	0	0	0	0	0	0	0	0	0	0	0	0	0	0	0	0	0	0	0	0	0	0	0	0	0	0	0	0	0	0	0	0	0	0	0	0	0	0	0	0	0	0	0	0	0	0	0	0	0	0	0	0	0	0	0	0	0	0	0	0	0	0	0	0	0	0	0	0
d__Bacteria___p__Firmicutes___c__Bacilli___o__Lactobacillales___f__Leuconostocaceae	0	0	0	0	0	0	0	0	0	21	0	0	0	0	0	0	0	0	0	0	0	0	0	0	0	0	0	0	0	2	0	0	0	81	0	480	0	0	0	0	0	278	0	0	0	7	0	0	0	2	0	0	0	0	0	0	0	0	0	0	0	0	0	0	0	0	0	11	0	0	0	0	0	0	0	0	0	0	0	0	0	0	0	0	0	0	0	0	10	0	0	0	0	0	0	0	0	0	0	0	0	0	0	0	3	0	0	0	0	0
d__Bacteria___p__Firmicutes___c__Bacilli___o__Lactobacillales___f__Leuconostocaceae___g__Leuconostoc	0	0	0	0	0	0	0	0	0	21	0	0	0	0	0	0	0	0	0	0	0	0	0	0	0	0	0	0	0	2	0	0	0	53	0	0	0	0	0	0	0	278	0	0	0	7	0	0	0	0	0	0	0	0	0	0	0	0	0	0	0	0	0	0	0	0	0	0	0	0	0	0	0	0	0	0	0	0	0	0	0	0	0	0	0	0	0	0	10	0	0	0	0	0	0	0	0	0	0	0	0	0	0	0	3	0	0	0	0	0
d__Bacteria___p__Firmicutes___c__Bacilli___o__Lactobacillales___f__Leuconostocaceae___g__Weissella	0	0	0	0	0	0	0	0	0	0	0	0	0	0	0	0	0	0	0	0	0	0	0	0	0	0	0	0	0	0	0	0	0	28	0	480	0	0	0	0	0	0	0	0	0	0	0	0	0	2	0	0	0	0	0	0	0	0	0	0	0	0	0	0	0	0	0	11	0	0	0	0	0	0	0	0	0	0	0	0	0	0	0	0	0	0	0	0	0	0	0	0	0	0	0	0	0	0	0	0	0	0	0	0	0	0	0	0	0	0
d__Bacteria___p__Firmicutes___c__Bacilli___o__Lactobacillales___f__Streptococcaceae	303	69	246	263	0	93	41	664	158	2234	241	185	0	1187	236	93	622	311	2931	12	111	0	3530	2545	25	31	589	788	340	121	260	356	656	433	800	3296	746	117	0	6	167	3120	330	174	296	67	1803	657	309	378	22	110	401	225	586	184	172	118	203	2	8	318	293	1501	225	198	1087	320	334	20	303	1927	187	60	226	1361	408	47	38	279	277	221	27	2116	3	1239	180	399	730	156	230	0	791	49	4999	71	283	3457	52	304	24	934	275	542	2463	539	341	762	5776	402
d__Bacteria___p__Firmicutes___c__Bacilli___o__Lactobacillales___f__Streptococcaceae___g__Lactococcus	0	0	0	0	0	0	0	0	0	0	7	11	0	0	0	0	14	0	3	0	0	0	0	0	0	0	0	0	0	0	0	0	0	32	0	29	0	0	0	0	0	1546	18	0	0	6	3	5	14	132	0	0	0	2	0	0	0	0	0	0	0	0	0	0	0	25	0	0	0	0	0	0	0	0	0	0	0	0	0	0	0	0	0	0	0	0	0	0	40	0	0	0	23	0	2	0	0	0	0	0	0	36	0	189	0	0	0	22	0	0
d__Bacteria___p__Firmicutes___c__Bacilli___o__Lactobacillales___f__Streptococcaceae___g__Streptococcus	303	69	246	263	0	93	41	664	158	2234	234	174	0	1187	236	93	608	311	2928	12	111	0	3530	2545	25	31	589	788	340	121	260	356	656	401	800	3267	746	117	0	6	167	1574	312	174	296	61	1800	652	295	246	22	110	401	223	586	184	172	118	203	2	8	316	293	1501	225	173	1087	320	334	20	303	1927	187	60	226	1361	408	47	38	279	277	221	27	2116	3	1239	180	399	690	156	230	0	768	49	4997	71	283	3457	52	304	24	898	275	353	2463	539	341	740	5776	402
d__Bacteria___p__Firmicutes___c__Bacilli___o__RF39	0	0	0	0	0	17	0	0	0	0	0	0	0	0	0	0	0	0	0	0	0	0	0	0	0	0	0	0	0	0	0	0	0	0	0	61	0	0	0	0	0	0	0	0	0	0	0	0	0	10	0	0	0	16	0	0	0	0	0	0	0	0	107	0	0	0	0	0	0	0	0	0	0	0	0	0	16	0	0	0	0	0	0	0	0	0	98	0	0	0	231	0	228	32	0	0	0	0	0	0	137	0	0	0	0	0	0	0	0	0
d__Bacteria___p__Firmicutes___c__Bacilli___o__Staphylococcales	0	0	0	0	0	0	8	0	0	0	0	0	0	0	0	0	0	0	0	3	0	0	0	2	0	0	0	26	0	0	0	0	7	0	0	0	0	0	0	2	0	4	0	2	4	0	7	3	0	0	0	0	12	0	0	0	0	0	0	0	0	0	0	0	0	0	2	0	0	0	0	6	0	0	0	7	0	0	2	0	25	4	9	4	0	0	0	0	0	0	3	0	0	0	0	0	0	6	0	0	0	3	0	52	13	0	0	0	4	55
d__Bacteria___p__Firmicutes___c__Bacilli___o__Staphylococcales___f__Gemellaceae	0	0	0	0	0	0	8	0	0	0	0	0	0	0	0	0	0	0	0	3	0	0	0	2	0	0	0	26	0	0	0	0	7	0	0	0	0	0	0	2	0	4	0	2	4	0	7	3	0	0	0	0	12	0	0	0	0	0	0	0	0	0	0	0	0	0	2	0	0	0	0	6	0	0	0	7	0	0	2	0	8	4	9	4	0	0	0	0	0	0	3	0	0	0	0	0	0	6	0	0	0	3	0	52	13	0	0	0	4	55
d__Bacteria___p__Firmicutes___c__Bacilli___o__Staphylococcales___f__Gemellaceae___g__Gemella	0	0	0	0	0	0	8	0	0	0	0	0	0	0	0	0	0	0	0	3	0	0	0	2	0	0	0	26	0	0	0	0	7	0	0	0	0	0	0	2	0	4	0	2	4	0	7	3	0	0	0	0	12	0	0	0	0	0	0	0	0	0	0	0	0	0	2	0	0	0	0	6	0	0	0	7	0	0	2	0	8	4	9	4	0	0	0	0	0	0	3	0	0	0	0	0	0	6	0	0	0	3	0	52	13	0	0	0	4	55
d__Bacteria___p__Firmicutes___c__Bacilli___o__Staphylococcales___f__Staphylococcaceae	0	0	0	0	0	0	0	0	0	0	0	0	0	0	0	0	0	0	0	0	0	0	0	0	0	0	0	0	0	0	0	0	0	0	0	0	0	0	0	0	0	0	0	0	0	0	0	0	0	0	0	0	0	0	0	0	0	0	0	0	0	0	0	0	0	0	0	0	0	0	0	0	0	0	0	0	0	0	0	0	17	0	0	0	0	0	0	0	0	0	0	0	0	0	0	0	0	0	0	0	0	0	0	0	0	0	0	0	0	0
d__Bacteria___p__Firmicutes___c__Bacilli___o__Staphylococcales___f__Staphylococcaceae___g__Staphylococcus	0	0	0	0	0	0	0	0	0	0	0	0	0	0	0	0	0	0	0	0	0	0	0	0	0	0	0	0	0	0	0	0	0	0	0	0	0	0	0	0	0	0	0	0	0	0	0	0	0	0	0	0	0	0	0	0	0	0	0	0	0	0	0	0	0	0	0	0	0	0	0	0	0	0	0	0	0	0	0	0	17	0	0	0	0	0	0	0	0	0	0	0	0	0	0	0	0	0	0	0	0	0	0	0	0	0	0	0	0	0
d__Bacteria___p__Firmicutes___c__Clostridia	15161	1587	16556	8806	1405	16789	9166	10289	10647	5753	22086	14010	8733	4016	10566	15498	8743	9470	8371	4878	7325	0	5810	5146	5872	10775	15003	16349	14046	11492	7238	9411	16004	5722	8320	8893	7399	7492	738	814	9199	4890	10658	22636	9553	10081	8283	19307	7726	10885	8031	12336	9094	22111	17779	9264	9606	5743	6672	13365	5239	8774	6967	13796	10039	7285	9490	11255	8772	5598	3881	13138	15534	14099	13473	16563	14985	10071	15565	7722	12448	9849	7637	7619	6435	5336	12776	13392	11795	5381	16552	185	10287	22930	5740	10799	1110	14023	5567	11282	16495	7406	8323	10757	13023	12538	11739	4758	10354	13367
d__Bacteria___p__Firmicutes___c__Clostridia___o__Christensenellales	0	7	1227	141	0	151	0	0	0	0	0	0	23	4	750	0	0	190	0	0	0	0	0	0	0	6	8	161	777	28	0	0	0	0	0	613	0	432	0	0	2	2	121	924	42	70	0	56	88	1092	0	0	43	1192	11	216	7	0	13	74	0	0	339	23	16	312	34	87	0	4	0	0	0	0	240	62	1362	0	0	0	0	0	0	2	3	0	406	0	0	0	124	0	1212	265	0	0	0	12	271	0	689	0	0	0	0	0	0	0	0	0
d__Bacteria___p__Firmicutes___c__Clostridia___o__Christensenellales___f__Christensenellaceae	0	7	1227	141	0	151	0	0	0	0	0	0	23	4	750	0	0	190	0	0	0	0	0	0	0	6	8	161	777	28	0	0	0	0	0	613	0	432	0	0	2	2	121	924	42	70	0	56	88	1092	0	0	43	1192	11	216	7	0	13	74	0	0	339	23	16	312	34	87	0	4	0	0	0	0	240	62	1362	0	0	0	0	0	0	2	3	0	406	0	0	0	124	0	1212	265	0	0	0	12	271	0	689	0	0	0	0	0	0	0	0	0
d__Bacteria___p__Firmicutes___c__Clostridia___o__Christensenellales___f__Christensenellaceae___g__Christensenella	0	0	5	0	0	0	0	0	0	0	0	0	0	0	0	0	0	0	0	0	0	0	0	0	0	0	0	0	0	0	0	0	0	0	0	0	0	0	0	0	0	2	0	0	0	0	0	0	0	0	0	0	0	0	3	0	0	0	3	0	0	0	0	0	0	4	0	0	0	0	0	0	0	0	0	0	0	0	0	0	0	0	0	0	0	0	0	0	0	0	0	0	0	0	0	0	0	0	0	0	0	0	0	0	0	0	0	0	0	0
d__Bacteria___p__Firmicutes___c__Clostridia___o__Christensenellales___f__Christensenellaceae___g__Christensenellaceae_R-7_group	0	7	1208	135	0	145	0	0	0	0	0	0	23	4	738	0	0	184	0	0	0	0	0	0	0	6	8	161	777	28	0	0	0	0	0	613	0	432	0	0	2	0	121	912	34	70	0	56	85	1070	0	0	43	1192	8	209	7	0	0	74	0	0	339	23	16	304	34	80	0	4	0	0	0	0	232	62	1362	0	0	0	0	0	0	0	0	0	404	0	0	0	124	0	1205	234	0	0	0	0	271	0	681	0	0	0	0	0	0	0	0	0
d__Bacteria___p__Firmicutes___c__Clostridia___o__Clostridia_UCG-014	0	0	77	0	25	107	0	0	0	0	0	0	201	0	58	0	0	0	0	0	0	0	0	0	0	0	0	0	37	0	0	0	0	0	0	0	0	27	0	0	56	0	952	148	0	0	0	0	0	154	0	0	0	1852	0	189	0	0	0	0	0	0	40	0	0	0	0	0	0	4	0	0	0	0	0	0	73	0	0	0	0	232	0	0	0	0	654	0	0	0	180	0	1366	854	0	0	0	0	0	0	201	0	0	0	0	0	0	0	0	0
d__Bacteria___p__Firmicutes___c__Clostridia___o__Clostridia_or	0	0	0	0	0	0	0	0	0	0	0	0	0	0	0	0	0	0	0	0	0	0	0	0	0	0	0	0	4	0	0	0	0	0	0	0	0	0	0	0	0	0	0	0	0	2	0	0	0	18	0	0	0	0	6	0	0	0	0	0	0	0	4	0	0	0	0	3	0	0	0	0	0	0	0	0	8	0	0	0	0	0	0	0	0	0	0	0	0	0	0	0	8	8	0	0	0	0	9	0	0	0	0	0	0	0	0	0	0	0
d__Bacteria___p__Firmicutes___c__Clostridia___o__Clostridia_or___f__Hungateiclostridiaceae	0	0	0	0	0	0	0	0	0	0	0	0	0	0	0	0	0	0	0	0	0	0	0	0	0	0	0	0	4	0	0	0	0	0	0	0	0	0	0	0	0	0	0	0	0	2	0	0	0	18	0	0	0	0	6	0	0	0	0	0	0	0	4	0	0	0	0	3	0	0	0	0	0	0	0	0	8	0	0	0	0	0	0	0	0	0	0	0	0	0	0	0	8	8	0	0	0	0	9	0	0	0	0	0	0	0	0	0	0	0
d__Bacteria___p__Firmicutes___c__Clostridia___o__Clostridia_or___f__Hungateiclostridiaceae___g__Ruminiclostridium	0	0	0	0	0	0	0	0	0	0	0	0	0	0	0	0	0	0	0	0	0	0	0	0	0	0	0	0	4	0	0	0	0	0	0	0	0	0	0	0	0	0	0	0	0	0	0	0	0	0	0	0	0	0	6	0	0	0	0	0	0	0	0	0	0	0	0	0	0	0	0	0	0	0	0	0	8	0	0	0	0	0	0	0	0	0	0	0	0	0	0	0	0	8	0	0	0	0	0	0	0	0	0	0	0	0	0	0	0	0
d__Bacteria___p__Firmicutes___c__Clostridia___o__Clostridia_vadinBB60_group	0	0	32	4	0	7	0	0	0	0	0	0	10	0	16	0	0	2	0	0	0	0	0	0	0	0	0	0	5	0	0	0	0	0	0	10	0	0	0	0	0	0	0	11	0	60	0	3	0	231	0	0	0	380	0	11	0	0	0	0	0	0	10	0	0	4	0	0	0	0	0	0	0	0	4	0	3	0	0	0	0	0	0	0	0	0	26	0	0	0	5	0	2422	14	0	0	0	0	4	0	96	0	0	0	0	0	0	0	0	0
d__Bacteria___p__Firmicutes___c__Clostridia___o__Clostridiales	0	0	6	129	0	0	88	0	0	50	0	71	0	76	16	0	0	0	37	0	94	0	52	93	20	0	4	493	0	95	3	0	0	0	30	0	0	0	0	0	0	40	39	0	86	45	0	457	142	8	65	0	0	0	0	0	53	9	0	0	28	0	0	0	0	0	0	0	14	0	9	0	0	0	0	134	76	0	181	0	0	0	0	39	0	0	33	0	50	0	0	0	71	5	0	29	0	33	9	0	114	0	19	77	0	17	0	0	344	129
d__Bacteria___p__Firmicutes___c__Clostridia___o__Clostridiales___f__Clostridiaceae	0	0	6	129	0	0	88	0	0	50	0	71	0	76	16	0	0	0	37	0	94	0	52	93	20	0	4	493	0	95	3	0	0	0	30	0	0	0	0	0	0	40	39	0	86	45	0	457	142	8	65	0	0	0	0	0	53	9	0	0	28	0	0	0	0	0	0	0	14	0	9	0	0	0	0	134	76	0	181	0	0	0	0	39	0	0	33	0	50	0	0	0	71	5	0	29	0	33	9	0	114	0	19	77	0	17	0	0	344	129
d__Bacteria___p__Firmicutes___c__Clostridia___o__Clostridiales___f__Clostridiaceae___g__Clostridium_sensu_stricto_1	0	0	6	129	0	0	88	0	0	50	0	71	0	76	16	0	0	0	37	0	94	0	52	93	20	0	4	493	0	95	3	0	0	0	30	0	0	0	0	0	0	40	39	0	86	45	0	457	142	8	65	0	0	0	0	0	53	9	0	0	28	0	0	0	0	0	0	0	14	0	9	0	0	0	0	134	76	0	181	0	0	0	0	39	0	0	33	0	50	0	0	0	71	5	0	29	0	33	9	0	114	0	19	77	0	17	0	0	344	129
d__Bacteria___p__Firmicutes___c__Clostridia___o__Eubacteriales	0	0	15	0	0	0	0	0	0	0	3	0	0	0	13	0	0	0	0	0	0	0	0	0	0	0	0	0	0	0	0	7	10	135	5	0	26	2	0	0	0	236	3	35	0	0	0	0	10	4	14	2	4	27	0	34	0	0	2	0	0	21	0	33	0	32	26	4	5	0	0	0	0	0	5	11	14	0	3	0	0	0	0	8	0	0	0	0	88	0	5	0	13	0	0	13	0	3	47	0	5	0	0	0	0	105	0	34	0	0
d__Bacteria___p__Firmicutes___c__Clostridia___o__Eubacteriales___f__Anaerofustaceae	0	0	3	0	0	0	0	0	0	0	3	0	0	0	0	0	0	0	0	0	0	0	0	0	0	0	0	0	0	0	0	7	10	0	5	0	0	0	0	0	0	0	0	0	0	0	0	0	0	4	0	2	4	0	0	2	0	0	0	0	0	0	0	0	0	0	2	4	0	0	0	0	0	0	0	0	0	0	0	0	0	0	0	0	0	0	0	0	0	0	0	0	0	0	0	0	0	3	0	0	5	0	0	0	0	2	0	0	0	0
d__Bacteria___p__Firmicutes___c__Clostridia___o__Eubacteriales___f__Anaerofustaceae___g__Anaerofustis	0	0	3	0	0	0	0	0	0	0	3	0	0	0	0	0	0	0	0	0	0	0	0	0	0	0	0	0	0	0	0	7	10	0	5	0	0	0	0	0	0	0	0	0	0	0	0	0	0	4	0	2	4	0	0	2	0	0	0	0	0	0	0	0	0	0	2	4	0	0	0	0	0	0	0	0	0	0	0	0	0	0	0	0	0	0	0	0	0	0	0	0	0	0	0	0	0	3	0	0	5	0	0	0	0	2	0	0	0	0
d__Bacteria___p__Firmicutes___c__Clostridia___o__Eubacteriales___f__Eubacteriaceae	0	0	12	0	0	0	0	0	0	0	0	0	0	0	13	0	0	0	0	0	0	0	0	0	0	0	0	0	0	0	0	0	0	135	0	0	26	2	0	0	0	236	3	35	0	0	0	0	10	0	14	0	0	27	0	32	0	0	2	0	0	21	0	33	0	32	24	0	5	0	0	0	0	0	5	11	14	0	3	0	0	0	0	8	0	0	0	0	88	0	5	0	13	0	0	13	0	0	47	0	0	0	0	0	0	103	0	34	0	0
d__Bacteria___p__Firmicutes___c__Clostridia___o__Eubacteriales___f__Eubacteriaceae___g__Eubacterium	0	0	12	0	0	0	0	0	0	0	0	0	0	0	13	0	0	0	0	0	0	0	0	0	0	0	0	0	0	0	0	0	0	135	0	0	26	2	0	0	0	236	3	35	0	0	0	0	10	0	14	0	0	27	0	32	0	0	2	0	0	21	0	33	0	32	24	0	0	0	0	0	0	0	5	11	14	0	3	0	0	0	0	8	0	0	0	0	88	0	5	0	13	0	0	13	0	0	47	0	0	0	0	0	0	103	0	34	0	0
d__Bacteria___p__Firmicutes___c__Clostridia___o__Eubacteriales___f__Eubacteriaceae___g__Pseudoramibacter	0	0	0	0	0	0	0	0	0	0	0	0	0	0	0	0	0	0	0	0	0	0	0	0	0	0	0	0	0	0	0	0	0	0	0	0	0	0	0	0	0	0	0	0	0	0	0	0	0	0	0	0	0	0	0	0	0	0	0	0	0	0	0	0	0	0	0	0	5	0	0	0	0	0	0	0	0	0	0	0	0	0	0	0	0	0	0	0	0	0	0	0	0	0	0	0	0	0	0	0	0	0	0	0	0	0	0	0	0	0
d__Bacteria___p__Firmicutes___c__Clostridia___o__Lachnospirales	8448	899	7880	1484	412	8836	5775	7003	4416	5092	12146	8846	3284	2428	3310	9518	3526	2695	7520	4261	4237	0	4842	4946	1964	6491	6298	10215	5832	4194	3242	5710	4878	3858	5091	2068	4097	2355	0	374	6662	1227	3724	11736	5913	3809	4846	6900	4165	4277	7309	7676	3139	8230	7105	3021	5163	2225	2251	5072	3099	7397	2948	10175	7971	1846	4793	9684	3245	2155	1716	9908	8874	8427	6201	3700	5810	6197	10923	3226	9305	5242	4903	4213	1937	4174	4511	8337	5254	4946	5718	0	1632	9434	5343	5576	639	11275	2931	9275	4119	7333	3366	8457	7928	10717	9024	2834	6253	8665
d__Bacteria___p__Firmicutes___c__Clostridia___o__Lachnospirales___f__Defluviitaleaceae	0	0	6	0	0	9	0	0	0	0	0	0	10	0	0	0	0	0	0	0	0	0	0	0	0	0	0	0	13	0	0	0	0	0	0	5	0	9	0	0	0	0	0	85	0	0	0	0	0	16	0	0	0	19	0	6	0	0	0	0	0	0	0	0	0	3	0	0	0	0	0	0	0	0	13	0	0	0	0	0	0	0	0	0	0	0	0	0	20	0	0	0	17	13	0	0	0	0	0	0	0	0	0	0	0	0	0	0	0	0
d__Bacteria___p__Firmicutes___c__Clostridia___o__Lachnospirales___f__Defluviitaleaceae___g__Defluviitaleaceae_UCG-011	0	0	6	0	0	9	0	0	0	0	0	0	10	0	0	0	0	0	0	0	0	0	0	0	0	0	0	0	13	0	0	0	0	0	0	5	0	9	0	0	0	0	0	85	0	0	0	0	0	16	0	0	0	19	0	6	0	0	0	0	0	0	0	0	0	3	0	0	0	0	0	0	0	0	13	0	0	0	0	0	0	0	0	0	0	0	0	0	20	0	0	0	17	13	0	0	0	0	0	0	0	0	0	0	0	0	0	0	0	0
d__Bacteria___p__Firmicutes___c__Clostridia___o__Lachnospirales___f__Lachnospiraceae	8448	899	7874	1484	412	8827	5775	7003	4416	5092	12146	8846	3274	2428	3310	9518	3526	2695	7520	4261	4237	0	4842	4946	1964	6491	6298	10215	5819	4194	3242	5710	4878	3858	5091	2063	4097	2346	0	374	6662	1227	3724	11651	5913	3809	4846	6900	4165	4261	7309	7676	3135	8211	7105	3015	5163	2225	2251	5072	3099	7397	2948	10175	7971	1843	4793	9684	3245	2155	1716	9908	8874	8427	6188	3700	5810	6197	10923	3226	9305	5242	4903	4213	1937	4174	4507	8337	5234	4946	5718	0	1615	9421	5343	5576	639	11275	2931	9275	4119	7333	3366	8457	7928	10717	9024	2834	6253	8665
d__Bacteria___p__Firmicutes___c__Clostridia___o__Lachnospirales___f__Lachnospiraceae___g__ASF356	0	0	3	0	0	0	0	0	0	0	0	0	0	0	0	0	0	0	0	0	0	0	0	0	0	0	0	0	0	0	0	0	0	0	0	0	0	0	0	0	0	0	0	0	0	0	0	0	0	0	0	0	0	0	0	0	0	0	0	0	0	0	0	0	0	0	0	0	0	0	0	0	0	0	0	0	0	0	0	0	0	0	0	0	0	0	0	0	0	0	0	0	0	0	0	0	0	0	0	0	0	0	0	0	0	0	0	0	0	0
d__Bacteria___p__Firmicutes___c__Clostridia___o__Lachnospirales___f__Lachnospiraceae___g__Acetitomaculum	0	0	0	0	0	0	0	0	0	0	0	0	0	0	0	0	0	0	0	0	0	0	0	0	0	0	0	0	0	0	0	0	0	0	0	0	0	0	0	0	0	0	0	0	0	0	0	0	0	0	0	0	0	0	0	0	0	0	0	0	0	0	0	0	0	0	0	0	0	0	0	0	0	0	0	0	0	0	0	0	0	0	0	0	0	0	0	0	0	0	0	0	0	29	0	0	0	0	0	0	0	0	0	0	0	0	0	0	0	0
d__Bacteria___p__Firmicutes___c__Clostridia___o__Lachnospirales___f__Lachnospiraceae___g__Agathobacter	1355	20	1031	147	0	358	0	430	382	0	2290	0	774	54	143	2488	0	1263	303	0	0	0	0	0	0	54	0	1491	895	144	181	672	0	0	486	296	685	205	0	0	260	0	571	586	305	46	468	653	0	106	0	98	0	0	990	803	1953	73	1201	318	184	0	0	865	0	7	487	0	0	222	269	1000	76	823	0	0	1161	924	886	0	0	1012	0	0	0	560	887	168	0	0	449	0	126	148	0	0	148	967	526	0	0	0	47	554	0	0	1115	0	0	1248
d__Bacteria___p__Firmicutes___c__Clostridia___o__Lachnospirales___f__Lachnospiraceae___g__Anaerostignum	0	0	8	0	0	5	0	0	0	0	0	0	0	0	0	0	3	0	0	0	0	0	0	0	0	0	0	0	0	0	0	0	0	0	0	0	0	0	0	0	0	0	0	0	0	0	0	0	0	0	7	0	0	0	0	0	0	0	0	0	0	0	0	0	0	0	0	0	0	0	0	0	5	0	0	0	0	0	0	0	0	5	0	0	0	0	0	0	0	0	0	0	0	0	0	0	0	0	0	0	0	5	0	0	0	0	5	16	0	0
d__Bacteria___p__Firmicutes___c__Clostridia___o__Lachnospirales___f__Lachnospiraceae___g__Anaerostipes	72	62	888	108	0	320	12	1640	888	42	2156	912	23	4	220	1016	123	297	123	26	312	0	20	1103	8	1561	223	822	510	57	584	1733	464	385	213	156	521	7	0	0	918	144	965	1088	337	21	755	185	384	605	61	14	23	367	56	103	240	159	0	914	107	15	372	1705	47	0	573	663	761	468	88	1384	1272	1857	399	247	640	1409	2049	1089	1776	50	96	4	51	303	588	6	1336	1468	175	0	252	254	103	882	0	294	31	2338	0	1423	132	212	83	161	528	1026	0	1294
d__Bacteria___p__Firmicutes___c__Clostridia___o__Lachnospirales___f__Lachnospiraceae___g__Blautia	2106	430	2752	1019	78	2240	3637	1513	1750	2250	3064	3570	748	700	974	2213	922	656	715	1359	2311	0	2219	703	1034	1244	1799	2185	1081	1209	846	939	3339	237	2016	502	1817	483	0	152	2140	859	1376	3451	784	1354	383	1173	1842	2409	907	2700	1706	1215	1621	515	1554	570	759	1190	973	3674	839	3085	4248	444	1322	5434	1452	562	685	2709	2627	1759	1844	1948	1412	365	2267	773	1986	855	2227	1076	797	1639	1702	3320	2078	2045	2500	0	247	2050	698	1407	21	3173	1502	2910	2284	2824	517	2666	4240	2647	2065	16	1431	2095
d__Bacteria___p__Firmicutes___c__Clostridia___o__Lachnospirales___f__Lachnospiraceae___g__CAG-56	226	0	36	0	0	0	0	31	0	0	0	117	0	0	41	0	0	0	0	0	0	0	0	0	0	0	0	0	0	0	0	0	0	0	0	0	0	50	0	0	0	0	0	63	0	0	0	85	0	0	0	0	0	7	151	0	0	0	0	111	0	0	0	0	0	0	0	0	0	0	0	0	0	0	0	0	57	0	96	0	0	0	0	0	49	0	0	0	0	0	0	0	0	159	0	0	0	0	0	0	21	0	0	121	0	0	0	0	0	0
d__Bacteria___p__Firmicutes___c__Clostridia___o__Lachnospirales___f__Lachnospiraceae___g__Catenibacillus	0	0	0	0	0	0	0	0	0	0	0	8	0	0	0	0	0	0	0	0	0	0	0	0	0	0	0	0	16	0	0	0	0	0	0	0	0	0	0	0	0	0	0	0	0	0	0	0	0	0	0	0	10	0	0	0	0	0	0	0	0	7	0	0	0	0	0	37	0	0	0	0	0	0	7	0	0	0	0	0	8	0	0	14	0	0	31	0	0	0	0	0	0	0	0	0	0	0	0	0	0	0	0	0	0	0	0	0	0	0
d__Bacteria___p__Firmicutes___c__Clostridia___o__Lachnospirales___f__Lachnospiraceae___g__Cellulosilyticum	0	0	0	0	0	0	0	0	0	0	0	0	0	0	0	0	0	0	0	0	0	0	0	0	0	0	0	0	0	0	0	0	0	0	0	0	0	0	0	0	0	0	0	0	0	0	0	0	0	0	0	0	0	0	0	0	0	0	0	0	0	0	23	0	0	0	0	0	0	0	0	0	0	0	0	0	0	0	0	0	0	0	0	0	0	0	0	0	0	0	0	0	0	0	0	0	0	0	0	0	0	0	0	0	0	0	0	0	0	0
d__Bacteria___p__Firmicutes___c__Clostridia___o__Lachnospirales___f__Lachnospiraceae___g__Coprococcus	153	0	192	0	0	0	0	105	0	224	0	0	74	48	0	326	0	35	176	0	0	0	0	0	0	0	0	651	0	0	0	0	0	309	0	135	137	55	0	0	0	0	41	86	0	0	243	205	51	0	0	0	207	121	0	99	0	0	0	131	0	0	0	0	0	0	0	0	0	0	0	0	662	469	274	57	133	60	0	0	0	0	0	0	105	0	0	0	0	0	0	0	0	754	0	122	0	107	22	0	34	0	0	250	0	0	0	0	0	0
d__Bacteria___p__Firmicutes___c__Clostridia___o__Lachnospirales___f__Lachnospiraceae___g__Dorea	1347	10	746	0	0	62	227	766	439	341	715	153	0	649	171	349	0	0	2740	1089	0	0	1000	227	0	1574	460	1545	203	304	97	449	14	221	386	180	0	156	0	100	939	0	154	1226	372	330	186	1150	922	0	3150	104	118	3527	29	259	179	469	109	517	521	748	0	647	547	2	562	697	0	0	94	1789	721	412	812	0	240	68	736	0	1172	27	0	515	63	0	83	491	0	0	302	0	0	565	888	1086	162	691	47	502	145	299	216	1792	1295	3301	655	0	2927	396
d__Bacteria___p__Firmicutes___c__Clostridia___o__Lachnospirales___f__Lachnospiraceae___g__Eisenbergiella	0	0	0	0	0	8	0	0	9	0	0	9	0	0	0	0	35	0	0	0	0	0	0	0	0	0	77	0	27	0	0	0	0	12	0	0	0	0	0	0	0	0	0	7	0	0	0	0	20	0	11	46	0	0	8	0	29	0	0	5	0	0	50	0	0	0	0	73	0	0	0	0	0	0	2	19	0	0	0	0	0	0	0	0	0	18	0	5	0	0	9	0	0	0	0	0	0	371	45	0	13	0	0	0	7	0	0	9	0	0
d__Bacteria___p__Firmicutes___c__Clostridia___o__Lachnospirales___f__Lachnospiraceae___g__Frisingicoccus	0	0	0	0	0	43	0	0	0	0	0	20	0	0	0	4	0	0	0	0	0	0	0	0	0	0	0	0	0	0	0	0	0	116	0	0	0	0	0	0	0	0	0	0	0	0	0	0	0	23	0	0	0	0	33	0	0	0	0	0	0	0	0	0	0	0	0	35	0	0	0	0	0	0	0	0	14	0	0	0	0	0	0	0	0	0	0	0	0	0	0	0	0	0	0	0	0	0	0	0	0	0	173	0	0	0	0	0	0	0
d__Bacteria___p__Firmicutes___c__Clostridia___o__Lachnospirales___f__Lachnospiraceae___g__Fusicatenibacter	755	0	365	0	0	718	0	213	151	301	0	1641	300	401	0	705	0	0	422	97	47	0	15	0	338	345	877	785	0	382	531	687	0	647	614	184	398	249	0	12	272	0	0	684	314	1373	36	244	0	0	0	1721	0	2	1237	235	0	229	0	706	545	64	3	904	425	0	235	0	0	0	35	554	907	1012	227	207	382	156	2132	254	1564	421	0	244	0	0	0	628	0	0	556	0	0	563	989	240	0	1224	0	761	0	364	152	195	52	76	437	299	1166	199
d__Bacteria___p__Firmicutes___c__Clostridia___o__Lachnospirales___f__Lachnospiraceae___g__GCA-900066575	0	0	0	0	0	0	0	0	0	0	0	0	0	0	0	0	0	0	0	0	0	0	0	0	0	0	17	6	45	0	0	0	0	0	0	0	0	0	0	0	0	0	0	16	0	0	0	0	0	0	0	0	0	0	26	0	0	15	0	0	0	0	0	0	0	0	0	0	0	0	0	0	0	0	0	0	0	0	0	0	0	0	0	0	0	0	0	0	0	0	0	0	0	0	0	0	0	0	0	0	0	0	0	0	0	0	0	0	0	0
d__Bacteria___p__Firmicutes___c__Clostridia___o__Lachnospirales___f__Lachnospiraceae___g__GCA-900066755	0	98	0	0	0	557	0	148	0	0	0	0	0	0	0	0	0	0	0	0	0	0	0	0	0	0	0	0	0	0	0	0	0	0	0	0	0	96	0	0	0	0	0	258	0	0	0	0	0	0	0	0	0	0	381	0	0	0	0	0	0	0	0	0	0	0	0	0	0	0	0	0	0	329	0	0	0	199	392	0	0	0	0	0	140	0	144	0	0	0	0	0	0	0	0	0	0	0	0	0	0	0	0	0	0	0	130	0	0	0
d__Bacteria___p__Firmicutes___c__Clostridia___o__Lachnospirales___f__Lachnospiraceae___g__Hungatella	0	0	0	0	0	0	0	0	0	0	0	0	0	0	0	0	0	0	0	0	0	0	0	0	0	0	0	0	0	0	0	0	0	0	0	0	0	0	0	0	0	0	0	0	0	0	0	0	0	0	0	31	0	0	0	0	0	0	0	0	0	0	0	0	0	0	0	49	0	0	0	0	0	0	0	0	0	0	0	0	0	0	0	0	0	0	0	0	0	0	0	0	0	0	0	0	0	42	0	0	0	0	10	0	0	0	0	0	0	0
d__Bacteria___p__Firmicutes___c__Clostridia___o__Lachnospirales___f__Lachnospiraceae___g__Lachnoclostridium	657	17	370	143	0	515	780	526	269	1022	851	186	322	74	358	363	636	132	1269	994	1388	0	93	2585	175	644	506	678	891	169	228	80	154	1004	272	71	257	163	0	21	419	42	66	239	1227	43	550	288	160	82	1685	441	25	257	363	53	449	88	79	262	531	932	103	1310	1141	99	570	874	741	369	151	1161	838	618	320	43	54	1696	1389	237	555	426	1489	456	533	285	142	1067	118	864	384	0	62	312	2109	558	121	282	22	2166	337	1133	92	764	774	1020	1562	532	680	1666
d__Bacteria___p__Firmicutes___c__Clostridia___o__Lachnospirales___f__Lachnospiraceae___g__Lachnospira	40	0	58	0	0	21	0	15	0	0	0	198	0	47	0	0	0	0	179	0	3	0	254	0	0	66	408	0	34	130	58	0	0	0	0	0	0	0	0	0	55	0	0	125	0	0	72	280	0	0	99	0	0	0	51	0	75	0	0	0	73	0	0	84	0	0	0	0	0	0	0	0	355	158	86	0	74	0	154	0	80	0	0	339	0	0	0	0	0	0	0	0	0	349	0	0	0	273	0	0	0	0	0	0	0	440	25	0	0	0
d__Bacteria___p__Firmicutes___c__Clostridia___o__Lachnospirales___f__Lachnospiraceae___g__Lachnospiraceae_AC2044_group	0	0	0	0	0	0	0	0	0	0	0	0	0	0	0	0	0	0	0	0	0	0	0	0	0	0	0	0	0	0	0	0	0	0	0	0	0	0	0	0	0	0	0	0	0	0	0	0	0	0	0	0	0	0	0	0	0	0	0	0	0	0	0	0	0	0	0	0	0	0	0	0	0	0	178	0	9	0	0	0	0	0	0	0	0	0	0	0	0	0	0	0	0	321	0	0	0	0	0	0	0	0	0	0	0	0	0	0	0	0
d__Bacteria___p__Firmicutes___c__Clostridia___o__Lachnospirales___f__Lachnospiraceae___g__Lachnospiraceae_FCS020_group	55	42	57	0	0	53	0	7	0	0	0	0	0	0	37	0	0	26	0	0	0	0	0	0	0	19	0	0	0	0	0	14	0	0	13	0	0	14	0	0	0	0	24	0	0	0	0	23	0	48	0	11	0	18	0	48	0	0	0	0	20	0	0	0	0	14	28	0	0	0	0	12	0	0	0	0	110	16	70	0	0	0	0	0	0	0	51	0	0	0	78	0	0	92	0	0	0	40	0	0	0	0	43	0	0	0	11	0	0	0
d__Bacteria___p__Firmicutes___c__Clostridia___o__Lachnospirales___f__Lachnospiraceae___g__Lachnospiraceae_ND3007_group	0	0	5	0	0	0	0	0	0	0	0	0	0	0	0	0	0	0	0	0	0	0	0	0	0	27	0	0	0	0	0	0	0	0	0	0	0	0	0	0	0	0	0	0	0	0	0	0	0	0	0	0	0	0	0	0	0	0	0	0	0	0	0	0	0	0	0	0	0	0	0	0	0	0	0	0	21	0	0	0	0	3	0	0	0	0	0	0	0	0	0	0	0	3	0	0	0	0	0	0	0	0	0	0	0	0	0	0	0	0
d__Bacteria___p__Firmicutes___c__Clostridia___o__Lachnospirales___f__Lachnospiraceae___g__Lachnospiraceae_NK4A136_group	154	0	127	0	0	811	0	28	360	0	0	416	40	0	0	168	0	0	0	0	0	0	27	0	0	0	0	242	56	43	0	91	0	0	0	0	27	2	0	0	0	0	37	1127	84	13	0	153	0	0	0	0	0	586	124	0	0	0	0	195	0	0	0	19	0	0	0	0	16	0	0	22	0	23	82	0	9	0	9	180	0	103	0	0	0	0	0	26	0	0	156	0	0	543	8	0	0	0	190	0	195	0	24	0	0	0	25	0	0	0
d__Bacteria___p__Firmicutes___c__Clostridia___o__Lachnospirales___f__Lachnospiraceae___g__Lachnospiraceae_UCG-001	0	0	0	0	0	1099	0	0	0	0	0	0	0	0	34	0	0	53	0	0	0	0	0	0	0	11	0	0	0	0	0	0	47	0	0	67	0	0	0	0	0	0	0	9	2	0	0	68	0	0	0	151	0	51	0	68	0	0	0	0	0	0	0	0	0	0	0	0	0	0	0	0	0	0	0	127	48	0	0	0	0	62	0	0	0	0	76	0	0	0	66	0	0	212	0	0	0	0	0	0	0	0	0	0	0	0	0	0	0	0
d__Bacteria___p__Firmicutes___c__Clostridia___o__Lachnospirales___f__Lachnospiraceae___g__Lachnospiraceae_UCG-002	0	0	0	0	0	5	0	0	0	0	0	0	0	0	0	0	12	0	0	0	0	0	0	0	0	0	14	0	20	3	0	0	16	0	0	0	0	0	0	0	0	0	0	0	0	16	0	0	0	0	0	0	0	0	0	5	0	0	0	0	0	0	0	3	0	0	0	0	0	0	0	0	0	0	0	0	0	0	0	0	0	7	0	8	0	0	0	0	0	0	0	0	0	0	0	0	0	0	4	0	0	0	0	0	0	0	0	0	0	0
d__Bacteria___p__Firmicutes___c__Clostridia___o__Lachnospirales___f__Lachnospiraceae___g__Lachnospiraceae_UCG-003	0	0	0	0	0	0	0	0	0	0	0	0	0	0	0	0	0	0	0	0	0	0	0	0	0	0	0	0	0	0	0	0	0	0	0	0	0	0	0	0	0	0	0	0	0	0	0	0	0	0	0	0	0	0	0	0	0	0	0	0	0	0	0	0	0	0	0	0	0	0	0	0	0	0	0	0	6	0	0	0	0	0	0	3	0	0	0	0	0	0	0	0	0	0	0	0	0	0	0	0	0	0	0	0	0	0	0	0	0	0
d__Bacteria___p__Firmicutes___c__Clostridia___o__Lachnospirales___f__Lachnospiraceae___g__Lachnospiraceae_UCG-004	83	8	0	0	0	113	0	80	46	0	0	174	0	0	41	82	0	0	0	0	0	0	75	0	0	70	140	200	9	0	0	72	0	0	0	0	0	43	0	0	0	0	0	15	86	0	52	119	0	0	0	143	0	29	0	0	0	0	0	62	9	0	0	88	0	0	0	17	0	0	0	244	0	41	27	0	16	45	12	0	15	0	0	36	0	0	0	102	0	0	42	0	0	63	0	0	0	0	0	286	0	0	44	0	0	0	109	0	0	0
d__Bacteria___p__Firmicutes___c__Clostridia___o__Lachnospirales___f__Lachnospiraceae___g__Lachnospiraceae_UCG-008	0	0	0	12	0	0	0	0	0	0	0	0	0	0	0	0	0	0	0	0	0	0	0	0	0	0	0	0	0	0	0	0	0	0	0	0	0	0	0	0	0	0	0	0	8	0	0	0	0	0	0	0	0	0	0	0	0	0	0	0	0	0	0	0	0	0	0	0	0	0	0	0	0	0	0	0	0	0	0	0	0	0	0	0	0	0	0	0	0	0	0	0	0	7	0	0	0	0	0	0	0	0	0	0	0	0	22	0	0	0
d__Bacteria___p__Firmicutes___c__Clostridia___o__Lachnospirales___f__Lachnospiraceae___g__Lachnospiraceae_UCG-010	6	7	0	8	0	10	0	12	0	0	0	0	0	0	0	0	0	0	0	0	4	0	6	0	0	0	0	0	0	0	0	0	4	0	0	0	0	0	0	0	7	5	0	8	0	0	0	0	0	0	0	16	0	0	0	0	0	6	0	5	5	0	0	0	0	0	12	0	0	0	0	39	0	34	10	0	7	17	0	0	11	13	0	5	6	0	9	0	0	0	0	0	0	16	0	0	0	14	4	0	7	0	0	2	0	0	0	0	0	0
d__Bacteria___p__Firmicutes___c__Clostridia___o__Lachnospirales___f__Lachnospiraceae___g__Lactonifactor	0	0	42	0	0	0	0	11	0	0	0	0	0	0	0	0	0	0	0	0	0	0	0	0	0	0	0	0	3	6	0	0	0	20	0	0	5	0	0	0	0	0	0	0	0	0	0	0	7	0	0	12	0	18	12	0	0	13	0	0	0	0	0	0	7	0	10	8	0	0	0	0	0	0	0	0	0	0	0	0	0	0	0	0	0	0	4	0	0	0	0	0	0	0	0	0	0	0	0	0	0	0	8	0	0	45	0	0	0	0
d__Bacteria___p__Firmicutes___c__Clostridia___o__Lachnospirales___f__Lachnospiraceae___g__Marvinbryantia	0	0	23	0	0	0	0	0	0	0	0	0	14	13	0	0	0	0	0	0	0	0	0	0	25	0	0	0	0	0	0	0	0	45	0	0	49	11	0	0	0	0	0	53	15	28	0	15	0	0	0	0	0	31	0	0	0	0	15	0	26	0	0	0	0	0	0	0	0	0	0	15	0	0	0	0	9	0	0	0	0	0	0	0	27	0	20	0	0	0	19	0	0	74	0	0	0	40	0	0	83	0	11	0	0	0	0	0	0	0
d__Bacteria___p__Firmicutes___c__Clostridia___o__Lachnospirales___f__Lachnospiraceae___g__Robinsoniella	0	0	0	0	0	0	0	0	0	0	0	23	0	0	0	0	238	0	136	82	0	0	0	179	0	0	0	0	0	29	0	116	0	0	0	0	0	0	0	0	49	0	0	0	0	0	0	0	0	0	78	0	0	0	0	0	0	0	0	0	0	58	0	0	28	0	0	0	0	0	0	0	0	0	0	0	0	0	0	0	0	0	0	0	0	185	0	0	0	0	0	0	0	0	107	0	0	0	0	0	0	144	0	0	785	0	0	0	0	0
d__Bacteria___p__Firmicutes___c__Clostridia___o__Lachnospirales___f__Lachnospiraceae___g__Roseburia	72	0	67	0	0	20	676	0	0	50	1195	608	0	40	66	33	0	0	0	36	26	0	732	92	75	115	0	57	143	1130	37	53	314	90	25	12	16	115	0	0	602	26	0	74	134	183	1354	1529	0	0	0	986	0	0	92	62	0	0	0	0	0	0	0	263	0	0	67	0	0	0	233	128	225	43	260	109	99	255	249	0	349	29	0	1184	30	456	36	245	56	0	188	0	0	727	303	362	72	14	0	64	0	0	63	0	0	0	0	0	0	417
d__Bacteria___p__Firmicutes___c__Clostridia___o__Lachnospirales___f__Lachnospiraceae___g__Sellimonas	0	0	0	0	0	40	0	0	0	0	0	0	0	0	0	0	329	0	0	0	0	0	0	0	29	0	301	0	123	44	0	0	0	0	205	0	75	0	0	0	0	0	0	9	0	15	66	0	0	7	67	0	0	0	37	0	40	30	0	0	0	70	47	76	0	0	54	199	70	0	0	0	0	0	0	38	0	0	0	167	0	188	0	53	49	0	0	78	271	51	0	0	0	0	0	10	0	7	67	0	29	0	0	0	22	0	21	0	0	0
d__Bacteria___p__Firmicutes___c__Clostridia___o__Lachnospirales___f__Lachnospiraceae___g__Shuttleworthia	0	27	0	33	0	48	0	0	0	0	0	0	0	0	0	0	148	0	0	0	0	0	0	0	0	8	47	0	27	0	0	0	135	0	16	0	0	0	0	0	0	0	0	35	0	0	0	0	0	23	0	0	23	0	0	9	0	5	5	0	14	13	25	13	0	0	0	0	24	42	0	0	0	56	0	0	0	0	0	0	5	0	0	39	9	0	0	16	19	0	0	0	0	0	0	0	0	0	0	0	0	0	0	0	0	0	0	0	0	0
d__Bacteria___p__Firmicutes___c__Clostridia___o__Lachnospirales___f__Lachnospiraceae___g__Stomatobaculum	0	0	0	0	0	0	0	0	0	0	0	0	0	0	0	0	0	0	0	0	0	0	0	0	0	0	0	0	0	0	0	0	0	0	0	0	0	0	0	0	0	0	0	0	0	0	0	0	0	0	0	0	0	0	0	0	0	0	0	0	0	0	0	0	0	0	0	0	0	0	0	0	0	0	0	0	0	0	0	0	0	0	0	2	0	0	0	0	0	0	0	0	0	0	0	0	0	0	0	0	0	0	0	0	0	0	0	0	0	0
d__Bacteria___p__Firmicutes___c__Clostridia___o__Lachnospirales___f__Lachnospiraceae___g__Syntrophococcus	0	0	0	0	0	0	0	0	0	0	0	0	0	0	0	0	0	0	0	0	0	0	0	0	0	0	0	0	0	0	0	0	0	0	0	0	0	0	0	0	0	0	0	0	0	0	0	0	0	0	0	0	0	0	0	0	0	0	0	0	0	0	0	0	0	0	0	0	0	0	0	0	0	0	0	0	0	0	0	0	0	0	0	0	0	0	0	0	24	0	0	0	0	0	0	0	0	0	5	0	0	0	0	0	0	0	0	0	0	0
d__Bacteria___p__Firmicutes___c__Clostridia___o__Lachnospirales___f__Lachnospiraceae___g__Tuzzerella	0	0	0	14	11	49	0	79	44	110	61	20	66	0	11	20	266	50	175	0	0	0	0	0	0	22	90	0	168	7	0	0	108	17	0	33	0	10	0	0	19	0	89	104	0	0	0	0	101	35	60	118	98	68	73	4	99	0	0	28	0	13	30	33	33	267	48	0	0	0	30	194	0	55	18	4	0	10	0	0	44	87	0	0	0	14	8	0	0	0	157	0	0	97	0	0	47	126	0	0	175	0	91	22	0	0	3	0	0	0
d__Bacteria___p__Firmicutes___c__Clostridia___o__Lachnospirales___f__Lachnospiraceae___g__Tyzzerella	309	0	0	0	322	738	0	0	0	5	0	0	0	0	37	342	0	77	0	0	78	0	0	0	0	0	0	0	0	0	0	0	0	337	0	0	5	57	0	0	0	0	0	0	0	0	138	0	0	0	0	0	0	0	0	0	0	0	0	0	0	0	0	0	0	0	0	53	0	0	26	0	0	0	0	0	0	229	99	0	0	0	0	0	0	0	375	0	0	0	0	0	0	175	89	481	0	0	0	0	0	0	0	54	0	0	687	0	0	512
d__Bacteria___p__Firmicutes___c__Clostridia___o__Lachnospirales___f__Lachnospiraceae___g__UC5-1-2E3	0	0	0	0	0	0	0	0	0	0	104	0	0	0	0	0	0	0	0	0	0	0	0	0	0	0	14	0	72	11	0	0	0	0	0	0	0	0	0	0	0	0	0	0	0	0	0	0	14	0	0	11	0	31	14	0	0	0	0	0	0	0	38	0	0	0	0	66	0	0	0	0	0	0	0	0	0	0	0	0	0	0	0	0	0	0	0	0	0	0	0	0	0	0	0	0	0	0	31	0	28	0	8	0	14	0	0	0	0	0
d__Bacteria___p__Firmicutes___c__Clostridia___o__Monoglobales	105	0	44	130	28	264	209	13	310	327	669	590	347	0	25	176	316	16	339	0	107	0	80	0	25	56	863	64	160	186	53	552	7	129	4	35	51	45	0	0	70	159	184	184	221	141	199	267	48	330	0	348	0	129	77	87	25	37	77	227	9	3	167	174	89	0	100	0	0	135	101	255	301	554	245	209	0	41	72	178	29	42	0	113	10	407	546	30	0	0	117	0	71	51	187	201	0	256	23	0	585	0	29	116	14	0	99	0	0	0
d__Bacteria___p__Firmicutes___c__Clostridia___o__Monoglobales___f__Monoglobaceae	105	0	44	130	28	264	209	13	310	327	669	590	347	0	25	176	316	16	339	0	107	0	80	0	25	56	863	64	160	186	53	552	7	129	4	35	51	45	0	0	70	159	184	184	221	141	199	267	48	330	0	348	0	129	77	87	25	37	77	227	9	3	167	174	89	0	100	0	0	135	101	255	301	554	245	209	0	41	72	178	29	42	0	113	10	407	546	30	0	0	117	0	71	51	187	201	0	256	23	0	585	0	29	116	14	0	99	0	0	0
d__Bacteria___p__Firmicutes___c__Clostridia___o__Monoglobales___f__Monoglobaceae___g__Monoglobus	105	0	44	130	28	264	209	13	310	327	669	590	347	0	25	176	316	16	339	0	107	0	80	0	25	56	863	64	160	186	53	552	7	129	4	35	51	45	0	0	70	159	184	184	221	141	199	267	48	330	0	348	0	129	77	87	25	37	77	227	9	3	167	174	89	0	100	0	0	135	101	255	301	554	245	209	0	41	72	178	29	42	0	113	10	407	546	30	0	0	117	0	71	51	187	201	0	256	23	0	585	0	29	116	14	0	99	0	0	0
d__Bacteria___p__Firmicutes___c__Clostridia___o__Oscillospirales	6584	636	7087	6696	940	7351	2620	3254	5895	284	8961	4492	4794	698	6232	5765	4349	6198	330	325	2830	0	716	91	3799	4188	7359	4878	7012	6048	3757	2984	10587	1479	2989	6079	2981	4461	738	440	2384	3226	5567	9458	3268	5911	3197	10370	3158	4377	590	4285	5825	10173	10513	5573	4323	3436	4255	7962	2096	1325	3459	3359	1961	4765	4286	1337	4860	3273	2045	2941	6247	5083	6736	11644	7461	3829	4101	4060	3061	4104	2292	3146	4460	706	6367	5013	5860	347	10330	185	3135	12080	83	3935	471	2340	2228	1875	10562	31	4687	2061	4928	1056	2423	1793	3514	1075
d__Bacteria___p__Firmicutes___c__Clostridia___o__Oscillospirales___f__Butyricicoccaceae	211	18	32	196	66	99	1093	145	35	81	620	123	0	66	48	179	96	130	38	126	274	0	0	77	16	105	230	251	32	325	87	106	107	13	32	123	110	62	75	76	223	14	54	227	99	58	251	222	15	76	204	133	12	181	6	65	30	103	90	184	11	66	57	376	0	13	95	13	283	51	294	322	305	164	209	423	46	176	214	112	73	0	176	88	203	148	105	359	63	71	328	0	0	273	0	226	87	17	46	181	100	0	37	83	37	611	136	153	308	0
d__Bacteria___p__Firmicutes___c__Clostridia___o__Oscillospirales___f__Butyricicoccaceae___g__Butyricicoccus	211	18	32	196	66	91	1093	145	35	81	620	123	0	66	48	179	96	130	38	126	274	0	0	77	16	105	214	251	27	313	87	0	107	0	32	115	110	51	75	76	223	14	33	212	99	58	251	218	15	62	204	133	0	163	0	56	30	103	90	184	11	59	42	358	0	0	95	9	283	44	294	322	305	164	209	215	39	176	214	112	73	0	176	88	203	148	105	356	0	71	328	0	0	45	0	226	87	17	46	181	100	0	37	83	37	611	124	153	308	0
d__Bacteria___p__Firmicutes___c__Clostridia___o__Oscillospirales___f__Butyricicoccaceae___g__UCG-008	0	0	0	0	0	0	0	0	0	0	0	0	0	0	0	0	0	0	0	0	0	0	0	0	0	0	0	0	0	0	0	106	0	0	0	0	0	0	0	0	0	0	0	0	0	0	0	4	0	0	0	0	0	0	0	0	0	0	0	0	0	0	0	0	0	0	0	0	0	0	0	0	0	0	0	0	0	0	0	0	0	0	0	0	0	0	0	0	0	0	0	0	0	228	0	0	0	0	0	0	0	0	0	0	0	0	0	0	0	0
d__Bacteria___p__Firmicutes___c__Clostridia___o__Oscillospirales___f__Butyricicoccaceae___g__UCG-009	0	0	0	0	0	8	0	0	0	0	0	0	0	0	0	0	0	0	0	0	0	0	0	0	0	0	16	0	5	12	0	0	0	13	0	8	0	11	0	0	0	0	21	15	0	0	0	0	0	14	0	0	12	18	6	9	0	0	0	0	0	7	6	18	0	13	0	4	0	7	0	0	0	0	0	208	7	0	0	0	0	0	0	0	0	0	0	3	63	0	0	0	0	0	0	0	0	0	0	0	0	0	0	0	0	0	12	0	0	0
d__Bacteria___p__Firmicutes___c__Clostridia___o__Oscillospirales___f__Ethanoligenenaceae	0	0	0	0	0	0	0	0	0	0	5	0	0	0	0	0	0	0	0	0	0	0	0	0	0	0	0	0	0	0	0	0	0	0	0	0	0	0	0	0	0	0	0	0	0	0	0	0	0	0	0	0	0	0	0	0	0	0	0	0	0	0	0	4	0	0	0	0	0	0	0	0	0	0	0	0	0	0	0	0	0	0	0	0	0	0	0	0	0	0	0	0	0	0	0	0	0	0	0	0	0	0	0	0	0	0	0	0	0	0
d__Bacteria___p__Firmicutes___c__Clostridia___o__Oscillospirales___f__Ethanoligenenaceae___g__Acetanaerobacterium	0	0	0	0	0	0	0	0	0	0	5	0	0	0	0	0	0	0	0	0	0	0	0	0	0	0	0	0	0	0	0	0	0	0	0	0	0	0	0	0	0	0	0	0	0	0	0	0	0	0	0	0	0	0	0	0	0	0	0	0	0	0	0	4	0	0	0	0	0	0	0	0	0	0	0	0	0	0	0	0	0	0	0	0	0	0	0	0	0	0	0	0	0	0	0	0	0	0	0	0	0	0	0	0	0	0	0	0	0	0
d__Bacteria___p__Firmicutes___c__Clostridia___o__Oscillospirales___f__Oscillospiraceae	379	13	1928	346	42	648	10	450	266	47	121	156	1433	14	1559	777	1156	806	155	36	30	0	61	0	177	179	413	72	2052	581	136	243	2387	354	466	349	669	501	16	0	408	246	715	1051	457	518	403	549	545	874	230	304	1770	1807	431	896	433	195	854	262	76	264	311	518	347	3294	441	457	207	240	115	257	386	235	2040	677	1801	59	85	219	54	232	24	263	834	225	727	484	2469	231	1570	0	327	2457	74	68	125	633	982	71	1159	27	1286	34	175	249	346	18	4	19
d__Bacteria___p__Firmicutes___c__Clostridia___o__Oscillospirales___f__Oscillospiraceae___g__Colidextribacter	0	4	0	0	0	0	0	91	0	27	0	49	0	0	0	0	33	6	57	0	0	0	0	0	0	61	68	10	371	90	0	0	79	0	0	0	0	13	0	0	45	0	101	105	35	24	124	36	119	23	20	35	0	157	25	32	99	66	3	5	9	81	16	68	117	85	28	10	113	0	44	61	113	32	35	0	0	16	15	0	14	0	0	54	10	91	0	94	59	0	0	0	64	35	0	0	0	80	105	15	11	0	94	6	126	0	14	0	0	7
d__Bacteria___p__Firmicutes___c__Clostridia___o__Oscillospirales___f__Oscillospiraceae___g__Flavonifractor	25	0	31	0	0	27	0	42	54	0	121	31	0	0	5	0	275	0	48	10	15	0	23	0	25	24	70	13	52	62	63	158	0	53	0	0	38	0	0	0	59	43	0	30	14	46	31	5	35	61	19	32	0	112	56	0	18	49	30	0	18	42	25	140	98	102	141	169	0	30	18	111	32	33	18	0	74	0	26	0	0	35	0	33	0	42	0	26	140	188	12	0	0	14	74	26	0	74	25	14	0	27	268	0	12	164	141	16	4	0
d__Bacteria___p__Firmicutes___c__Clostridia___o__Oscillospirales___f__Oscillospiraceae___g__Intestinimonas	0	0	7	0	0	45	0	0	0	0	0	0	0	0	0	0	0	0	0	0	0	0	0	0	0	0	0	0	37	2	0	0	0	0	0	0	0	0	0	0	0	0	0	23	0	0	0	0	0	50	0	15	0	26	0	0	0	0	0	0	0	0	0	3	0	743	0	0	0	0	0	0	23	0	7	0	0	0	0	0	0	0	0	0	0	0	0	0	0	0	0	0	96	0	0	0	0	0	35	0	0	0	63	0	0	0	0	0	0	0
d__Bacteria___p__Firmicutes___c__Clostridia___o__Oscillospirales___f__Oscillospiraceae___g__NK4A214_group	68	0	330	67	0	60	0	0	101	0	0	0	21	4	71	20	0	233	0	0	0	0	0	0	0	0	0	0	398	17	0	0	0	0	0	25	0	13	0	0	0	0	11	91	66	140	41	72	101	294	0	0	171	237	0	349	0	0	75	0	0	0	63	0	0	50	15	0	0	33	16	0	0	0	611	0	557	0	0	0	0	0	0	0	118	0	3	0	0	0	3	0	76	218	0	0	39	242	59	0	85	0	0	0	0	0	0	0	0	0
d__Bacteria___p__Firmicutes___c__Clostridia___o__Oscillospirales___f__Oscillospiraceae___g__Oscillibacter	68	0	53	49	0	80	10	66	101	14	0	44	66	0	108	39	806	13	50	8	0	0	27	0	93	0	122	14	370	157	68	0	544	287	233	48	269	21	16	0	122	90	75	258	110	44	44	54	100	228	183	90	90	366	99	59	216	30	150	16	28	85	85	188	105	748	132	225	70	104	23	85	161	100	145	435	30	13	5	142	16	154	24	46	86	0	152	36	617	0	102	0	0	5	0	33	33	81	290	42	33	0	328	8	37	16	85	2	0	0
d__Bacteria___p__Firmicutes___c__Clostridia___o__Oscillospirales___f__Oscillospiraceae___g__Oscillospira	13	5	13	34	0	0	0	16	0	0	0	7	10	0	0	8	0	0	0	0	9	0	0	0	0	17	62	9	72	25	0	85	0	0	0	0	0	8	0	0	0	18	0	83	0	12	0	0	15	66	0	40	0	42	27	18	0	8	23	18	4	0	79	9	0	0	0	5	0	47	7	0	0	0	11	0	6	26	0	0	0	0	0	11	33	0	0	26	0	0	20	0	0	12	0	0	0	0	37	0	170	0	0	0	0	69	56	0	0	0
d__Bacteria___p__Firmicutes___c__Clostridia___o__Oscillospirales___f__Oscillospiraceae___g__Pseudoflavonifractor	0	0	0	0	0	0	0	0	0	0	0	0	0	0	5	0	0	0	0	0	0	0	0	0	0	0	0	0	0	0	0	0	0	0	0	0	0	0	0	0	0	0	0	0	0	0	0	4	0	0	0	0	0	0	0	0	0	0	0	0	0	0	0	0	0	0	0	0	0	0	0	0	0	0	0	0	4	0	0	0	0	0	0	0	0	0	0	0	0	0	0	0	0	0	0	0	0	0	2	0	0	0	0	0	0	0	0	0	0	0
d__Bacteria___p__Firmicutes___c__Clostridia___o__Oscillospirales___f__Oscillospiraceae___g__UCG-002	74	0	600	78	0	235	0	130	0	6	0	0	1087	10	796	514	0	363	0	0	0	0	0	0	13	15	0	0	125	88	0	0	0	0	0	102	0	306	0	0	3	95	308	142	74	192	45	143	6	0	0	5	832	661	0	247	0	0	424	159	6	0	0	53	8	1062	0	0	0	0	0	0	0	0	707	99	806	0	5	0	0	0	0	24	401	0	333	40	0	0	1139	0	58	1610	0	0	26	0	98	0	39	0	287	0	0	0	0	0	0	0
d__Bacteria___p__Firmicutes___c__Clostridia___o__Oscillospirales___f__Oscillospiraceae___g__UCG-003	24	0	18	28	0	68	0	57	0	0	0	0	71	0	91	91	0	86	0	0	0	0	0	0	0	16	0	26	28	0	0	0	13	0	0	45	0	41	0	0	17	0	55	0	38	0	84	56	0	0	0	39	10	10	10	12	0	0	45	22	0	0	0	19	0	168	0	0	0	0	0	0	0	0	196	0	61	0	27	0	15	0	0	0	55	53	11	64	0	0	160	0	0	114	0	9	27	0	0	0	44	0	9	17	0	0	0	0	0	12
d__Bacteria___p__Firmicutes___c__Clostridia___o__Oscillospirales___f__Oscillospiraceae___g__UCG-005	38	4	729	49	0	4	0	31	0	0	0	11	118	0	464	60	0	49	0	0	0	0	0	0	23	11	0	0	238	0	0	0	1498	0	225	78	362	44	0	0	5	0	104	19	39	40	0	115	78	5	0	9	496	59	40	175	0	0	24	0	0	0	0	2	0	330	46	0	0	12	0	0	0	13	185	58	259	0	0	0	0	0	0	17	100	0	205	75	1502	0	104	0	13	320	0	0	0	0	286	0	171	0	162	0	0	0	0	0	0	0
d__Bacteria___p__Firmicutes___c__Clostridia___o__Oscillospirales___f__Oscillospirales_fa	0	0	140	0	0	0	0	0	0	0	0	0	0	0	0	0	0	0	0	0	0	0	0	0	0	0	0	0	0	0	0	0	0	0	0	0	0	0	0	0	0	0	0	0	0	0	0	0	0	0	0	0	0	0	0	0	0	0	0	0	0	0	0	0	0	0	0	0	0	0	0	0	0	0	0	0	17	0	0	0	0	0	0	0	0	0	0	0	0	0	69	0	0	13	0	0	0	0	0	0	0	0	0	0	0	0	0	0	0	0
d__Bacteria___p__Firmicutes___c__Clostridia___o__Oscillospirales___f__Oscillospirales_fa___g__Hydrogenoanaerobacterium	0	0	140	0	0	0	0	0	0	0	0	0	0	0	0	0	0	0	0	0	0	0	0	0	0	0	0	0	0	0	0	0	0	0	0	0	0	0	0	0	0	0	0	0	0	0	0	0	0	0	0	0	0	0	0	0	0	0	0	0	0	0	0	0	0	0	0	0	0	0	0	0	0	0	0	0	17	0	0	0	0	0	0	0	0	0	0	0	0	0	69	0	0	13	0	0	0	0	0	0	0	0	0	0	0	0	0	0	0	0
d__Bacteria___p__Firmicutes___c__Clostridia___o__Oscillospirales___f__Ruminococcaceae	5925	605	4528	5879	832	6460	1517	2562	5398	95	8211	4213	3314	607	3598	4705	3082	5131	137	163	2410	0	655	3	3606	3791	6708	4555	4647	4586	3534	2635	7156	1112	2491	5484	1625	3796	647	364	1750	2958	4491	7756	2582	5249	2543	9140	2376	3088	156	3788	3759	7797	9654	4406	3736	2755	2908	7506	1960	856	2891	2433	1614	1458	3393	783	4164	2804	1636	2362	5380	4684	3933	10076	5323	3594	3764	3727	2932	3872	2092	2689	3070	333	5375	3904	2692	45	8221	185	2293	9089	9	3641	255	1665	679	1623	9013	4	3349	1944	4716	191	1941	1622	3202	1056
d__Bacteria___p__Firmicutes___c__Clostridia___o__Oscillospirales___f__Ruminococcaceae___g__Anaerofilum	0	0	0	0	0	0	0	0	0	0	0	0	4	0	0	0	0	0	0	0	0	0	0	0	0	0	0	0	6	0	0	0	0	0	0	0	0	0	0	0	0	0	0	4	0	6	0	0	0	0	0	0	5	0	0	0	0	0	0	0	0	0	0	5	0	0	0	0	0	0	0	0	0	0	0	0	0	0	0	0	0	0	0	0	4	0	0	0	0	0	3	0	0	0	0	0	0	0	0	0	0	0	0	0	0	0	0	0	0	0
d__Bacteria___p__Firmicutes___c__Clostridia___o__Oscillospirales___f__Ruminococcaceae___g__Anaerotruncus	0	0	2	0	0	7	0	0	2	0	0	0	11	0	0	0	15	0	0	0	0	0	0	0	0	0	3	0	16	0	0	0	11	0	0	0	44	0	0	0	13	0	0	3	0	0	0	0	0	79	0	0	7	4	3	0	0	0	0	0	0	0	0	0	0	0	5	34	0	0	0	0	2	0	0	31	8	0	0	0	0	0	0	0	0	0	6	4	0	0	0	0	0	0	0	0	0	6	3	0	0	0	10	0	0	0	0	0	0	0
d__Bacteria___p__Firmicutes___c__Clostridia___o__Oscillospirales___f__Ruminococcaceae___g__Angelakisella	0	0	3	0	0	0	0	0	0	0	0	0	5	0	0	0	0	0	0	0	0	0	0	0	0	0	0	0	0	0	0	0	0	0	0	0	0	0	0	0	0	0	0	0	0	0	0	0	0	5	0	0	0	0	0	0	0	0	0	0	0	0	0	0	0	0	0	0	0	0	0	0	0	0	0	0	0	0	0	0	0	0	0	0	0	0	0	0	0	0	0	0	0	0	0	0	0	0	0	0	0	0	0	0	0	0	0	0	0	0
d__Bacteria___p__Firmicutes___c__Clostridia___o__Oscillospirales___f__Ruminococcaceae___g__CAG-352	0	0	0	0	0	0	0	0	0	0	0	0	0	0	0	0	0	10	0	0	0	0	0	0	0	0	0	0	0	0	0	0	0	0	0	0	0	0	0	0	0	0	0	0	0	0	0	0	0	85	0	0	0	1072	0	0	0	0	0	0	0	0	0	0	0	0	0	0	0	0	0	0	0	0	0	0	0	0	0	0	0	0	0	0	0	0	0	0	0	0	0	0	0	0	0	0	0	0	0	0	0	0	0	0	0	0	0	0	0	0
d__Bacteria___p__Firmicutes___c__Clostridia___o__Oscillospirales___f__Ruminococcaceae___g__Candidatus_Soleaferrea	2	0	0	0	0	0	0	0	0	0	0	0	0	0	0	0	0	0	0	0	0	0	0	0	0	0	0	0	0	0	4	0	7	0	7	2	0	0	0	0	5	0	0	0	0	0	0	3	0	0	0	0	0	6	0	0	0	0	0	0	3	0	0	0	0	0	0	0	0	0	0	0	0	0	0	0	0	0	0	0	0	0	0	5	0	0	0	0	0	0	2	0	0	0	0	0	0	5	0	0	0	0	0	0	0	0	0	9	0	0
d__Bacteria___p__Firmicutes___c__Clostridia___o__Oscillospirales___f__Ruminococcaceae___g__Caproiciproducens	0	0	0	0	0	2	0	0	0	0	0	0	0	0	0	0	0	0	0	0	0	0	0	0	0	0	0	0	0	0	0	0	8	0	0	0	0	0	0	0	0	0	0	19	0	0	0	0	0	7	0	0	0	0	0	0	0	0	0	97	0	0	0	26	0	44	0	0	0	0	0	0	0	0	0	0	0	0	0	0	0	0	0	0	0	0	0	0	0	0	0	0	0	0	0	0	0	0	5	0	0	0	0	0	0	0	0	0	0	0
d__Bacteria___p__Firmicutes___c__Clostridia___o__Oscillospirales___f__Ruminococcaceae___g__DTU089	5	0	0	0	0	6	0	0	0	0	0	0	8	0	6	0	0	0	0	0	0	0	0	0	0	5	16	0	54	8	0	0	32	9	0	0	0	0	0	0	4	0	0	20	0	7	13	3	0	8	0	0	14	2	8	13	0	0	0	0	0	0	4	7	2	0	26	35	4	0	0	0	0	0	0	7	0	0	5	23	0	3	0	4	0	0	0	0	0	12	0	0	0	5	0	4	0	12	12	0	0	0	3	0	0	0	0	0	0	0
d__Bacteria___p__Firmicutes___c__Clostridia___o__Oscillospirales___f__Ruminococcaceae___g__Faecalibacterium	3359	333	1175	3692	464	4013	1499	2190	3370	0	7514	3298	1225	516	2813	3582	1654	2761	0	160	582	0	646	0	2106	2962	6143	3546	0	2070	1423	2522	5325	782	1921	3451	794	1660	640	257	1102	2485	2831	3601	1241	2537	1560	4791	312	461	0	1022	996	1336	6151	2285	2913	1476	2077	5124	805	128	1853	1570	1135	734	1019	0	3280	1850	1326	2173	4246	4624	1380	5141	1125	3000	3436	2102	2829	3125	2081	1798	2044	100	4353	3168	693	0	3405	61	213	4931	0	3610	147	1099	0	0	4458	0	1166	1490	3844	0	1827	1590	3202	972
d__Bacteria___p__Firmicutes___c__Clostridia___o__Oscillospirales___f__Ruminococcaceae___g__Fournierella	0	0	0	0	0	0	0	0	0	15	20	0	11	0	0	0	0	0	119	0	0	0	0	0	0	0	55	0	0	0	0	65	0	0	13	0	0	0	0	0	4	64	0	0	0	0	0	0	1218	0	25	0	19	0	0	0	156	30	0	0	0	0	38	0	10	0	0	0	0	0	0	0	0	0	0	59	0	0	0	0	3	0	0	0	41	0	0	9	0	0	0	0	0	0	0	0	0	0	5	0	32	0	0	0	0	88	0	0	0	0
d__Bacteria___p__Firmicutes___c__Clostridia___o__Oscillospirales___f__Ruminococcaceae___g__Harryflintia	0	0	0	0	0	0	0	0	0	0	0	0	0	0	0	0	0	0	0	0	0	0	0	0	0	0	0	0	0	0	0	0	0	0	0	3	0	0	0	0	0	0	0	0	0	0	0	0	0	0	0	0	0	5	0	0	0	0	0	0	0	0	0	0	0	0	0	0	0	0	0	0	0	0	0	0	0	0	0	0	0	0	0	0	0	0	0	0	0	0	0	0	0	0	0	0	0	0	0	0	0	0	0	0	0	0	0	0	0	0
d__Bacteria___p__Firmicutes___c__Clostridia___o__Oscillospirales___f__Ruminococcaceae___g__Incertae_Sedis	0	9	54	84	72	40	0	122	160	7	41	14	201	58	95	62	0	11	18	0	409	0	7	0	26	14	54	0	177	22	0	6	104	129	0	41	0	63	7	0	10	185	210	73	25	337	15	9	321	588	52	324	597	154	80	24	122	178	274	18	26	59	13	698	23	67	7	369	0	14	0	15	17	28	33	4	4	0	42	10	0	43	5	28	33	220	11	0	142	19	35	0	25	65	5	7	65	79	126	0	112	4	56	61	782	66	6	3	0	0
d__Bacteria___p__Firmicutes___c__Clostridia___o__Oscillospirales___f__Ruminococcaceae___g__Negativibacillus	25	0	11	0	0	62	18	7	0	22	0	0	0	0	0	22	0	11	0	0	0	0	0	0	0	7	343	0	215	32	18	0	83	0	3	12	0	20	0	0	0	0	0	150	0	38	0	0	115	68	0	0	80	21	49	51	214	3	0	0	0	9	0	0	0	85	52	9	0	23	0	0	63	6	54	0	43	0	0	0	0	0	0	10	10	0	0	25	335	0	72	0	0	97	0	0	0	198	56	0	19	0	32	0	0	0	0	0	0	0
d__Bacteria___p__Firmicutes___c__Clostridia___o__Oscillospirales___f__Ruminococcaceae___g__Paludicola	3	0	0	0	0	0	0	2	0	0	0	0	0	0	0	0	0	0	0	0	0	0	0	0	0	0	22	0	4	0	3	42	5	0	7	0	8	0	0	0	0	0	14	12	5	0	4	0	7	0	0	5	0	4	0	0	0	0	0	0	0	15	0	0	0	0	0	10	0	0	0	0	8	0	0	7	6	0	0	0	0	3	0	0	0	0	0	0	0	0	0	0	0	0	0	0	0	0	0	0	18	0	0	0	0	9	0	0	0	0
d__Bacteria___p__Firmicutes___c__Clostridia___o__Oscillospirales___f__Ruminococcaceae___g__Phocea	0	0	0	0	0	3	0	0	0	0	0	0	4	0	2	0	0	0	0	0	0	0	0	0	0	0	0	0	6	3	6	0	0	7	0	0	0	3	0	0	0	3	0	0	0	7	0	0	34	14	0	0	0	4	10	7	0	0	0	0	0	8	0	0	5	0	0	0	0	0	0	0	0	0	15	6	0	0	0	9	0	0	0	0	0	0	0	2	0	0	0	0	0	0	0	0	0	0	2	0	2	0	3	0	4	0	0	0	0	0
d__Bacteria___p__Firmicutes___c__Clostridia___o__Oscillospirales___f__Ruminococcaceae___g__Ruminococcus	1042	179	1471	1333	82	1830	0	52	1339	0	3	271	1334	0	398	674	0	1319	0	0	388	0	0	0	1372	692	0	158	2436	2040	1291	0	1271	0	0	1353	0	986	0	0	28	167	385	3060	1218	1779	0	3054	0	880	0	405	1564	4572	3068	1894	0	307	0	0	1086	0	902	0	0	130	2113	0	309	319	269	0	0	0	837	3066	3251	286	0	295	0	656	0	809	0	0	414	577	1053	0	3693	0	1625	1725	0	0	0	0	185	1623	1880	0	960	0	0	0	0	0	0	0
d__Bacteria___p__Firmicutes___c__Clostridia___o__Oscillospirales___f__Ruminococcaceae___g__Subdoligranulum	1433	84	1385	686	214	310	0	164	5	0	619	630	468	33	244	311	3	995	0	0	1023	0	0	0	102	0	0	817	1144	332	604	0	9	0	341	583	496	1059	0	100	504	0	763	580	0	431	899	1224	187	0	0	1574	295	524	174	58	239	703	462	2128	0	573	0	0	269	66	0	0	557	380	35	174	1002	0	1373	1397	834	308	281	1200	88	0	0	0	893	0	547	34	44	0	965	124	283	2076	0	5	43	4	185	0	1505	0	454	393	0	0	60	0	0	84
d__Bacteria___p__Firmicutes___c__Clostridia___o__Oscillospirales___f__Ruminococcaceae___g__UBA1819	6	0	27	4	0	43	0	0	2	18	14	0	17	0	0	17	82	2	0	3	5	0	2	3	0	0	13	5	11	19	0	0	32	51	109	0	35	0	0	0	0	6	0	22	17	8	24	13	155	35	7	17	25	21	18	10	35	11	7	6	5	27	13	8	84	276	56	110	4	14	0	0	0	4	3	82	7	0	0	22	0	34	6	3	0	0	7	20	183	0	7	0	13	11	4	0	0	22	30	0	16	0	577	0	4	19	10	20	0	0
d__Bacteria___p__Firmicutes___c__Clostridia___o__Oscillospirales___f__UCG-010	0	0	0	0	0	0	0	0	0	0	0	0	8	0	10	0	0	0	0	0	0	0	0	0	0	0	0	0	82	0	0	0	0	0	0	0	0	0	0	0	0	0	0	0	0	0	0	0	4	24	0	0	0	169	0	4	0	0	0	0	0	0	0	0	0	0	0	0	0	0	0	0	0	0	6	0	3	0	0	0	0	0	0	0	0	0	0	0	0	0	5	0	23	16	0	0	0	0	11	0	6	0	15	0	0	0	0	0	0	0
d__Bacteria___p__Firmicutes___c__Clostridia___o__Peptococcales	0	10	0	0	0	0	0	0	0	0	0	0	0	0	0	0	0	0	0	0	0	0	0	0	0	0	0	0	3	0	0	0	0	0	0	0	0	0	0	0	0	0	0	0	2	0	0	0	0	0	0	0	0	15	0	0	0	0	0	0	0	0	0	0	0	0	0	0	0	0	0	0	0	0	0	0	15	0	0	0	0	0	0	0	0	0	0	0	0	0	13	0	0	0	0	0	0	0	3	0	46	0	0	0	0	0	0	0	0	0
d__Bacteria___p__Firmicutes___c__Clostridia___o__Peptococcales___f__Peptococcaceae	0	10	0	0	0	0	0	0	0	0	0	0	0	0	0	0	0	0	0	0	0	0	0	0	0	0	0	0	3	0	0	0	0	0	0	0	0	0	0	0	0	0	0	0	2	0	0	0	0	0	0	0	0	15	0	0	0	0	0	0	0	0	0	0	0	0	0	0	0	0	0	0	0	0	0	0	15	0	0	0	0	0	0	0	0	0	0	0	0	0	13	0	0	0	0	0	0	0	3	0	46	0	0	0	0	0	0	0	0	0
d__Bacteria___p__Firmicutes___c__Clostridia___o__Peptococcales___f__Peptococcaceae___g__Peptococcus	0	10	0	0	0	0	0	0	0	0	0	0	0	0	0	0	0	0	0	0	0	0	0	0	0	0	0	0	0	0	0	0	0	0	0	0	0	0	0	0	0	0	0	0	0	0	0	0	0	0	0	0	0	0	0	0	0	0	0	0	0	0	0	0	0	0	0	0	0	0	0	0	0	0	0	0	0	0	0	0	0	0	0	0	0	0	0	0	0	0	0	0	0	0	0	0	0	0	0	0	0	0	0	0	0	0	0	0	0	0
d__Bacteria___p__Firmicutes___c__Clostridia___o__Peptostreptococcales-Tissierellales	24	35	138	222	0	32	474	19	26	0	307	11	56	810	146	39	552	369	145	292	57	0	120	16	64	34	469	538	129	941	183	158	514	101	201	81	244	166	0	0	23	0	42	128	16	37	41	1251	115	363	53	23	75	70	67	69	35	36	74	30	3	20	0	29	2	323	251	79	648	18	10	34	112	35	42	803	163	4	285	254	53	229	442	88	25	49	125	12	543	88	46	0	77	206	127	1045	0	104	39	132	65	42	222	46	153	643	193	97	243	3498
d__Bacteria___p__Firmicutes___c__Clostridia___o__Peptostreptococcales-Tissierellales___f__Anaerovoracaceae	24	3	138	20	0	27	0	19	15	0	0	0	56	0	47	30	0	8	0	0	0	0	0	0	0	8	31	0	112	34	27	0	318	84	70	26	120	21	0	0	0	0	35	108	4	20	33	9	44	315	0	3	52	59	40	15	20	12	27	28	3	20	0	7	0	19	31	79	12	18	0	11	64	5	42	42	73	4	0	17	0	43	0	5	25	7	13	12	312	0	30	0	0	43	0	4	0	51	16	0	63	0	29	8	0	0	61	0	0	0
d__Bacteria___p__Firmicutes___c__Clostridia___o__Peptostreptococcales-Tissierellales___f__Anaerovoracaceae___g__Anaerovorax	0	0	0	0	0	0	0	0	0	0	0	0	0	0	0	0	0	0	0	0	0	0	0	0	0	0	0	0	0	0	0	0	0	0	0	0	0	0	0	0	0	0	0	0	0	0	0	0	0	0	0	0	0	0	0	0	0	0	0	0	0	0	0	0	0	0	0	0	0	0	0	0	0	0	0	0	3	0	0	0	0	0	0	0	0	0	0	0	0	0	0	0	0	0	0	0	0	0	0	0	0	0	0	0	0	0	0	0	0	0
d__Bacteria___p__Firmicutes___c__Clostridia___o__Peptostreptococcales-Tissierellales___f__Anaerovoracaceae___g__Family_XIII_AD3011_group	5	3	98	0	0	9	0	8	3	0	0	0	21	0	37	19	0	2	0	0	0	0	0	0	0	8	18	0	96	14	27	0	233	73	70	8	120	12	0	0	0	0	21	83	0	11	26	9	22	131	0	3	23	38	7	10	11	12	17	20	0	16	0	0	0	11	18	75	12	12	0	11	18	0	16	42	43	0	0	12	0	28	0	5	19	7	13	2	312	0	15	0	0	28	0	0	0	51	11	0	15	0	27	8	0	0	39	0	0	0
d__Bacteria___p__Firmicutes___c__Clostridia___o__Peptostreptococcales-Tissierellales___f__Anaerovoracaceae___g__Family_XIII_UCG-001	16	0	18	12	0	18	0	11	0	0	0	0	18	0	10	11	0	6	0	0	0	0	0	0	0	0	0	0	16	20	0	0	16	11	0	18	0	9	0	0	0	0	14	15	4	3	0	0	13	12	0	0	25	18	29	0	0	0	5	8	3	4	0	7	0	2	7	4	0	6	0	0	18	5	19	0	27	4	0	5	0	13	0	0	0	0	0	0	0	0	15	0	0	15	0	0	0	0	5	0	46	0	0	0	0	0	22	0	0	0
d__Bacteria___p__Firmicutes___c__Clostridia___o__Peptostreptococcales-Tissierellales___f__Anaerovoracaceae___g__S5-A14a	0	0	0	0	0	0	0	0	0	0	0	0	0	0	0	0	0	0	0	0	0	0	0	0	0	0	0	0	0	0	0	0	0	0	0	0	0	0	0	0	0	0	0	0	0	0	0	0	0	0	0	0	0	0	0	0	0	0	0	0	0	0	0	0	0	0	0	0	0	0	0	0	0	0	0	0	0	0	0	0	0	0	0	0	0	0	0	0	0	0	0	0	0	0	0	0	0	0	0	0	0	0	2	0	0	0	0	0	0	0
d__Bacteria___p__Firmicutes___c__Clostridia___o__Peptostreptococcales-Tissierellales___f__Peptostreptococcaceae	0	32	0	202	0	5	474	0	11	0	282	11	0	810	97	9	550	361	137	292	57	0	113	13	64	26	438	538	17	907	156	136	196	4	131	55	120	145	0	0	16	0	7	20	12	17	6	1242	71	42	53	20	3	11	27	54	15	24	39	0	0	0	0	22	0	304	220	0	636	0	10	23	48	30	0	757	90	0	285	237	53	186	442	83	0	42	112	0	231	41	13	0	77	163	127	927	0	53	23	132	0	42	122	23	153	638	132	97	243	3498
d__Bacteria___p__Firmicutes___c__Clostridia___o__Peptostreptococcales-Tissierellales___f__Peptostreptococcaceae___g__Intestinibacter	0	0	0	113	0	5	280	0	11	0	211	11	0	44	0	9	10	103	137	292	5	0	100	13	39	26	376	166	0	897	140	136	181	0	53	0	19	84	0	0	16	0	0	0	12	10	6	1092	0	0	53	11	0	0	12	0	15	24	0	0	0	0	0	0	0	207	111	0	538	0	0	23	26	0	0	493	17	0	0	237	0	186	442	25	0	0	88	0	165	41	13	0	0	160	60	0	0	42	9	0	0	42	49	0	0	604	132	97	40	1149
d__Bacteria___p__Firmicutes___c__Clostridia___o__Peptostreptococcales-Tissierellales___f__Peptostreptococcaceae___g__Peptostreptococcus	0	0	0	0	0	0	0	0	0	0	0	0	0	0	0	0	0	0	0	0	0	0	0	0	0	0	0	0	0	0	0	0	0	4	0	0	0	0	0	0	0	0	0	0	0	0	0	0	0	4	0	0	3	0	0	0	0	0	0	0	0	0	0	0	0	0	0	0	0	0	0	0	0	0	0	0	0	0	0	0	0	0	0	0	0	0	0	0	0	0	0	0	0	0	0	0	0	0	0	0	0	0	0	12	0	0	0	0	0	0
d__Bacteria___p__Firmicutes___c__Clostridia___o__Peptostreptococcales-Tissierellales___f__Peptostreptococcaceae___g__Romboutsia	0	32	0	89	0	0	133	0	0	0	71	0	0	766	97	0	540	221	0	0	52	0	0	0	0	0	62	372	17	0	16	0	15	0	78	55	101	61	0	0	0	0	7	20	0	7	0	150	25	38	0	9	0	11	11	54	0	0	39	0	0	0	0	22	0	97	109	0	98	0	10	0	22	30	0	163	59	0	285	0	47	0	0	58	0	42	24	0	66	0	0	0	77	3	67	923	0	11	14	132	0	0	73	11	153	34	0	0	203	2145
d__Bacteria___p__Firmicutes___c__Clostridia___o__Peptostreptococcales-Tissierellales___f__Peptostreptococcaceae___g__Terrisporobacter	0	0	0	0	0	0	61	0	0	0	0	0	0	0	0	0	0	37	0	0	0	0	13	0	25	0	0	0	0	10	0	0	0	0	0	0	0	0	0	0	0	0	0	0	0	0	0	0	46	0	0	0	0	0	4	0	0	0	0	0	0	0	0	0	0	0	0	0	0	0	0	0	0	0	0	101	14	0	0	0	6	0	0	0	0	0	0	0	0	0	0	0	0	0	0	4	0	0	0	0	0	0	0	0	0	0	0	0	0	204
d__Bacteria___p__Firmicutes___c__Clostridia___o__Peptostreptococcales-Tissierellales___f__Peptostreptococcales-Tissierellales_fa	0	0	0	0	0	0	0	0	0	0	25	0	0	0	2	0	2	0	8	0	0	0	7	3	0	0	0	0	0	0	0	22	0	13	0	0	4	0	0	0	7	0	0	0	0	0	2	0	0	6	0	0	20	0	0	0	0	0	8	2	0	0	0	0	2	0	0	0	0	0	0	0	0	0	0	4	0	0	0	0	0	0	0	0	0	0	0	0	0	47	3	0	0	0	0	114	0	0	0	0	2	0	71	15	0	5	0	0	0	0
d__Bacteria___p__Firmicutes___c__Clostridia___o__Peptostreptococcales-Tissierellales___f__Peptostreptococcales-Tissierellales_fa___g__Anaerococcus	0	0	0	0	0	0	0	0	0	0	0	0	0	0	2	0	0	0	4	0	0	0	0	0	0	0	0	0	0	0	0	0	0	2	0	0	0	0	0	0	0	0	0	0	0	0	0	0	0	3	0	0	0	0	0	0	0	0	0	2	0	0	0	0	0	0	0	0	0	0	0	0	0	0	0	0	0	0	0	0	0	0	0	0	0	0	0	0	0	13	0	0	0	0	0	10	0	0	0	0	0	0	18	7	0	0	0	0	0	0
d__Bacteria___p__Firmicutes___c__Clostridia___o__Peptostreptococcales-Tissierellales___f__Peptostreptococcales-Tissierellales_fa___g__Ezakiella	0	0	0	0	0	0	0	0	0	0	0	0	0	0	0	0	0	0	0	0	0	0	0	0	0	0	0	0	0	0	0	0	0	0	0	0	0	0	0	0	0	0	0	0	0	0	0	0	0	0	0	0	0	0	0	0	0	0	0	0	0	0	0	0	0	0	0	0	0	0	0	0	0	0	0	0	0	0	0	0	0	0	0	0	0	0	0	0	0	0	0	0	0	0	0	0	0	0	0	0	0	0	4	0	0	0	0	0	0	0
d__Bacteria___p__Firmicutes___c__Clostridia___o__Peptostreptococcales-Tissierellales___f__Peptostreptococcales-Tissierellales_fa___g__Fenollaria	0	0	0	0	0	0	0	0	0	0	6	0	0	0	0	0	0	0	0	0	0	0	0	0	0	0	0	0	0	0	0	0	0	0	0	0	0	0	0	0	0	0	0	0	0	0	0	0	0	3	0	0	0	0	0	0	0	0	0	0	0	0	0	0	0	0	0	0	0	0	0	0	0	0	0	0	0	0	0	0	0	0	0	0	0	0	0	0	0	0	0	0	0	0	0	0	0	0	0	0	0	0	0	0	0	0	0	0	0	0
d__Bacteria___p__Firmicutes___c__Clostridia___o__Peptostreptococcales-Tissierellales___f__Peptostreptococcales-Tissierellales_fa___g__Finegoldia	0	0	0	0	0	0	0	0	0	0	6	0	0	0	0	0	0	0	4	0	0	0	0	3	0	0	0	0	0	0	0	14	0	11	0	0	0	0	0	0	0	0	0	0	0	0	0	0	0	0	0	0	0	0	0	0	0	0	6	0	0	0	0	0	0	0	0	0	0	0	0	0	0	0	0	4	0	0	0	0	0	0	0	0	0	0	0	0	0	11	0	0	0	0	0	82	0	0	0	0	0	0	0	0	0	5	0	0	0	0
d__Bacteria___p__Firmicutes___c__Clostridia___o__Peptostreptococcales-Tissierellales___f__Peptostreptococcales-Tissierellales_fa___g__Murdochiella	0	0	0	0	0	0	0	0	0	0	0	0	0	0	0	0	0	0	0	0	0	0	0	0	0	0	0	0	0	0	0	0	0	0	0	0	0	0	0	0	0	0	0	0	0	0	0	0	0	0	0	0	0	0	0	0	0	0	0	0	0	0	0	0	0	0	0	0	0	0	0	0	0	0	0	0	0	0	0	0	0	0	0	0	0	0	0	0	0	12	0	0	0	0	0	0	0	0	0	0	0	0	35	0	0	0	0	0	0	0
d__Bacteria___p__Firmicutes___c__Clostridia___o__Peptostreptococcales-Tissierellales___f__Peptostreptococcales-Tissierellales_fa___g__Parvimonas	0	0	0	0	0	0	0	0	0	0	0	0	0	0	0	0	2	0	0	0	0	0	7	0	0	0	0	0	0	0	0	0	0	0	0	0	4	0	0	0	0	0	0	0	0	0	2	0	0	0	0	0	20	0	0	0	0	0	2	0	0	0	0	0	0	0	0	0	0	0	0	0	0	0	0	0	0	0	0	0	0	0	0	0	0	0	0	0	0	0	3	0	0	0	0	0	0	0	0	0	2	0	0	0	0	0	0	0	0	0
d__Bacteria___p__Firmicutes___c__Clostridia___o__Peptostreptococcales-Tissierellales___f__Peptostreptococcales-Tissierellales_fa___g__Peptoniphilus	0	0	0	0	0	0	0	0	0	0	13	0	0	0	0	0	0	0	0	0	0	0	0	0	0	0	0	0	0	0	0	8	0	0	0	0	0	0	0	0	7	0	0	0	0	0	0	0	0	0	0	0	0	0	0	0	0	0	0	0	0	0	0	0	2	0	0	0	0	0	0	0	0	0	0	0	0	0	0	0	0	0	0	0	0	0	0	0	0	11	0	0	0	0	0	22	0	0	0	0	0	0	14	8	0	0	0	0	0	0
d__Bacteria___p__Firmicutes___c__Incertae_Sedis	0	0	11	0	0	0	0	0	0	0	0	0	0	0	0	0	0	0	0	0	0	0	0	0	0	0	0	0	0	0	0	0	15	0	0	0	0	0	0	0	0	0	13	12	0	0	0	0	0	0	0	0	0	0	0	0	0	0	0	0	0	0	0	0	0	0	0	0	0	0	0	0	0	0	0	0	0	0	0	0	0	0	0	0	0	0	0	0	0	0	4	0	0	0	0	0	0	0	0	0	3	0	0	0	0	0	0	0	0	0
d__Bacteria___p__Firmicutes___c__Incertae_Sedis___o__DTU014	0	0	11	0	0	0	0	0	0	0	0	0	0	0	0	0	0	0	0	0	0	0	0	0	0	0	0	0	0	0	0	0	15	0	0	0	0	0	0	0	0	0	13	12	0	0	0	0	0	0	0	0	0	0	0	0	0	0	0	0	0	0	0	0	0	0	0	0	0	0	0	0	0	0	0	0	0	0	0	0	0	0	0	0	0	0	0	0	0	0	4	0	0	0	0	0	0	0	0	0	3	0	0	0	0	0	0	0	0	0
d__Bacteria___p__Firmicutes___c__Negativicutes	7055	2295	607	833	726	568	226	4917	604	1225	827	62	332	2379	870	311	441	346	1905	2385	320	0	9569	2234	397	738	1180	344	293	743	398	507	1609	660	3309	320	1313	0	135	3661	23	2528	508	413	493	3652	283	658	292	595	154	1057	229	1400	392	3471	351	4040	3149	479	3500	7662	0	1319	1267	340	2108	862	141	2983	305	1309	579	369	3347	534	2377	336	1119	204	395	2914	676	4383	8470	644	112	612	647	1594	634	1732	0	1022	5901	1103	4921	592	6337	914	23	22	141	496	5297	883	8137	375	4810	1610
d__Bacteria___p__Firmicutes___c__Negativicutes___o__Acidaminococcales	130	99	602	788	641	568	0	885	0	842	0	11	332	49	0	0	0	256	0	41	0	0	86	0	98	3	0	147	293	0	374	0	0	660	370	250	742	0	0	344	9	58	439	405	429	266	204	409	228	595	146	904	96	944	388	194	351	188	630	479	596	309	0	344	1009	303	625	862	109	232	153	0	379	332	472	520	114	336	0	204	324	771	659	324	929	358	62	612	647	0	626	0	0	39	420	0	390	0	362	0	23	0	71	197	326	881	167	294	0	0
d__Bacteria___p__Firmicutes___c__Negativicutes___o__Acidaminococcales___f__Acidaminococcaceae	130	99	602	788	641	568	0	885	0	842	0	11	332	49	0	0	0	256	0	41	0	0	86	0	98	3	0	147	293	0	374	0	0	660	370	250	742	0	0	344	9	58	439	405	429	266	204	409	228	595	146	904	96	944	388	194	351	188	630	479	596	309	0	344	1009	303	625	862	109	232	153	0	379	332	472	520	114	336	0	204	324	771	659	324	929	358	62	612	647	0	626	0	0	39	420	0	390	0	362	0	23	0	71	197	326	881	167	294	0	0
d__Bacteria___p__Firmicutes___c__Negativicutes___o__Acidaminococcales___f__Acidaminococcaceae___g__Acidaminococcus	121	99	0	66	0	0	0	0	0	442	0	0	0	8	0	0	0	0	0	0	0	0	0	0	98	0	0	70	0	0	0	0	0	0	299	0	356	0	0	334	7	0	0	0	3	244	0	0	0	0	0	0	0	0	0	194	0	188	630	0	180	0	0	0	0	0	0	0	0	232	0	0	0	76	472	0	76	85	0	0	0	771	659	0	0	0	0	0	0	0	0	0	0	0	420	0	0	0	362	0	0	0	0	197	0	0	0	0	0	0
d__Bacteria___p__Firmicutes___c__Negativicutes___o__Acidaminococcales___f__Acidaminococcaceae___g__Phascolarctobacterium	9	0	602	722	641	568	0	885	0	400	0	11	332	0	0	0	0	256	0	41	0	0	86	0	0	3	0	77	293	0	374	0	0	660	71	250	386	0	0	10	2	58	439	405	426	22	204	409	228	595	146	904	96	944	388	0	351	0	0	479	416	309	0	344	1009	303	26	862	109	0	153	0	379	256	0	520	38	251	0	204	324	0	0	324	0	358	62	612	647	0	626	0	0	39	0	0	390	0	0	0	23	0	71	0	326	881	167	294	0	0
d__Bacteria___p__Firmicutes___c__Negativicutes___o__Acidaminococcales___f__Acidaminococcaceae___g__Succiniclasticum	0	0	0	0	0	0	0	0	0	0	0	0	0	0	0	0	0	0	0	0	0	0	0	0	0	0	0	0	0	0	0	0	0	0	0	0	0	0	0	0	0	0	0	0	0	0	0	0	0	0	0	0	0	0	0	0	0	0	0	0	0	0	0	0	0	0	0	0	0	0	0	0	0	0	0	0	0	0	0	0	0	0	0	0	929	0	0	0	0	0	0	0	0	0	0	0	0	0	0	0	0	0	0	0	0	0	0	0	0	0
d__Bacteria___p__Firmicutes___c__Negativicutes___o__Veillonellales-Selenomonadales	6925	2196	5	45	85	0	226	4032	604	383	827	51	0	2330	870	311	441	90	1905	2344	320	0	9483	2234	299	735	1180	197	0	743	24	507	1609	0	2939	70	571	0	135	3317	14	2470	69	8	64	3386	79	249	64	0	8	153	133	456	4	3277	0	3852	2519	0	2904	7353	0	975	258	37	1483	0	32	2751	152	1309	200	37	2875	14	2263	0	1119	0	71	2143	17	4059	7541	286	50	0	0	1594	8	1732	0	983	5481	1103	4531	592	5975	914	0	22	70	299	4971	2	7970	81	4810	1610
d__Bacteria___p__Firmicutes___c__Negativicutes___o__Veillonellales-Selenomonadales___f__Selenomonadaceae	6052	332	0	0	0	0	0	4032	0	0	0	0	0	1215	620	294	6	0	0	0	0	0	9451	0	0	0	0	0	0	5	0	0	0	0	0	0	0	0	0	1643	0	0	0	0	0	1122	0	0	0	0	0	0	0	456	0	829	0	0	0	0	1489	7350	0	0	0	4	0	0	0	2018	0	0	0	0	0	0	952	0	0	0	0	1772	0	0	3628	0	0	0	0	0	0	1732	0	0	3117	0	3640	0	3216	0	0	0	0	0	4964	0	7958	0	0	0
d__Bacteria___p__Firmicutes___c__Negativicutes___o__Veillonellales-Selenomonadales___f__Selenomonadaceae___g__Megamonas	4985	0	0	0	0	0	0	4032	0	0	0	0	0	1215	0	294	6	0	0	0	0	0	9451	0	0	0	0	0	0	5	0	0	0	0	0	0	0	0	0	77	0	0	0	0	0	20	0	0	0	0	0	0	0	456	0	0	0	0	0	0	0	7350	0	0	0	4	0	0	0	2018	0	0	0	0	0	0	0	0	0	0	0	1772	0	0	3628	0	0	0	0	0	0	1732	0	0	0	0	3640	0	0	0	0	0	0	0	4964	0	7958	0	0	0
d__Bacteria___p__Firmicutes___c__Negativicutes___o__Veillonellales-Selenomonadales___f__Selenomonadaceae___g__Mitsuokella	1067	332	0	0	0	0	0	0	0	0	0	0	0	0	620	0	0	0	0	0	0	0	0	0	0	0	0	0	0	0	0	0	0	0	0	0	0	0	0	1566	0	0	0	0	0	1102	0	0	0	0	0	0	0	0	0	829	0	0	0	0	1380	0	0	0	0	0	0	0	0	0	0	0	0	0	0	0	952	0	0	0	0	0	0	0	0	0	0	0	0	0	0	0	0	0	3117	0	0	0	3216	0	0	0	0	0	0	0	0	0	0	0
d__Bacteria___p__Firmicutes___c__Negativicutes___o__Veillonellales-Selenomonadales___f__Veillonellaceae	873	1864	5	45	85	0	226	0	604	383	827	51	0	1115	250	17	435	90	1905	2344	320	0	32	2234	299	735	1180	197	0	738	24	507	1609	0	2939	70	571	0	135	1674	14	2470	69	8	64	2264	79	249	64	0	8	153	133	0	4	2448	0	3852	2519	0	1415	3	0	975	258	33	1483	0	32	733	152	1309	200	37	2875	14	1311	0	1119	0	71	371	17	4059	3913	286	50	0	0	1594	8	0	0	983	2364	1103	891	592	2759	914	0	22	70	299	7	2	12	81	4810	1610
d__Bacteria___p__Firmicutes___c__Negativicutes___o__Veillonellales-Selenomonadales___f__Veillonellaceae___g__Allisonella	0	0	2	0	0	0	0	0	0	0	0	0	0	0	0	0	0	0	0	0	0	0	0	0	0	0	0	0	0	0	0	0	0	0	0	0	0	0	0	0	0	0	0	0	0	0	0	0	0	0	0	0	0	0	0	0	0	0	0	0	0	0	0	0	0	0	0	0	0	0	0	0	0	0	0	0	0	0	0	0	0	0	0	0	0	0	0	0	0	0	0	0	0	0	0	0	0	0	0	0	0	0	0	0	0	0	0	0	0	0
d__Bacteria___p__Firmicutes___c__Negativicutes___o__Veillonellales-Selenomonadales___f__Veillonellaceae___g__Anaeroglobus	0	0	0	0	0	0	0	0	0	0	0	0	0	0	0	0	34	0	0	0	0	0	0	0	0	0	0	0	0	0	0	0	0	0	0	0	0	0	0	0	0	0	0	0	0	0	0	0	0	0	0	0	0	0	0	0	0	0	0	0	0	0	0	0	0	0	0	0	0	0	0	0	0	0	0	0	0	0	0	0	0	0	0	0	0	0	0	0	0	0	0	0	0	0	0	0	0	0	0	0	0	0	0	0	0	2	0	0	0	0
d__Bacteria___p__Firmicutes___c__Negativicutes___o__Veillonellales-Selenomonadales___f__Veillonellaceae___g__Dialister	0	0	0	20	0	0	0	0	0	0	2	25	0	0	0	0	385	0	0	0	320	0	0	0	293	735	0	4	0	0	24	504	1609	0	1223	0	0	0	135	730	4	0	0	0	51	1081	0	93	0	0	0	0	133	0	0	795	0	1033	901	0	0	0	0	0	0	30	17	0	0	728	0	0	0	0	2490	4	604	0	1098	0	0	94	0	0	0	0	0	0	0	1464	0	0	0	964	1833	36	0	592	1129	914	0	22	70	99	0	0	0	0	0	0
d__Bacteria___p__Firmicutes___c__Negativicutes___o__Veillonellales-Selenomonadales___f__Veillonellaceae___g__Megasphaera	850	1864	0	0	0	0	0	0	0	0	0	0	0	285	250	0	0	0	0	0	0	0	0	0	0	0	0	125	0	738	0	0	0	0	1716	0	568	0	0	910	10	0	0	0	0	1169	7	75	0	0	0	3	0	0	0	1646	0	2808	1618	0	1383	0	0	0	258	0	47	0	0	0	0	0	200	37	385	0	687	0	0	0	0	0	0	3825	3884	233	0	0	0	8	0	0	0	0	0	4	690	0	1619	0	0	0	0	120	0	0	0	12	538	1549
d__Bacteria___p__Firmicutes___c__Negativicutes___o__Veillonellales-Selenomonadales___f__Veillonellaceae___g__Veillonella	0	0	3	12	0	0	226	0	604	383	825	26	0	798	0	17	16	55	1905	2344	0	0	32	2234	0	0	1148	68	0	0	0	0	0	0	0	70	0	0	0	0	0	2470	69	8	2	0	36	17	64	0	8	14	0	0	4	4	0	0	0	0	0	0	0	975	0	3	1419	0	5	5	152	1309	0	0	0	10	8	0	0	0	9	260	17	130	0	41	50	0	0	122	8	0	0	16	531	1063	154	0	0	0	0	0	0	0	7	0	6	61	4272	42
d__Bacteria___p__Fusobacteriota	0	0	0	0	0	0	117	114	78	34	171	0	0	0	0	0	2	0	0	903	1742	0	171	523	0	0	41	0	0	0	866	0	0	555	0	0	4	0	0	0	0	13	0	0	230	0	9	0	0	0	39	12	0	0	0	0	105	0	0	0	273	2596	0	0	205	0	36	3876	0	0	0	107	982	0	0	18	0	635	151	0	2354	0	1234	266	0	350	0	0	8	56	0	0	0	0	28	4037	240	12	0	0	0	1289	0	23	3549	505	0	275	0	0
d__Bacteria___p__Fusobacteriota___c__Fusobacteriia	0	0	0	0	0	0	117	114	78	34	171	0	0	0	0	0	2	0	0	903	1742	0	171	523	0	0	41	0	0	0	866	0	0	555	0	0	4	0	0	0	0	13	0	0	230	0	9	0	0	0	39	12	0	0	0	0	105	0	0	0	273	2596	0	0	205	0	36	3876	0	0	0	107	982	0	0	18	0	635	151	0	2354	0	1234	266	0	350	0	0	8	56	0	0	0	0	28	4037	240	12	0	0	0	1289	0	23	3549	505	0	275	0	0
d__Bacteria___p__Fusobacteriota___c__Fusobacteriia___o__Fusobacteriales	0	0	0	0	0	0	117	114	78	34	171	0	0	0	0	0	2	0	0	903	1742	0	171	523	0	0	41	0	0	0	866	0	0	555	0	0	4	0	0	0	0	13	0	0	230	0	9	0	0	0	39	12	0	0	0	0	105	0	0	0	273	2596	0	0	205	0	36	3876	0	0	0	107	982	0	0	18	0	635	151	0	2354	0	1234	266	0	350	0	0	8	56	0	0	0	0	28	4037	240	12	0	0	0	1289	0	23	3549	505	0	275	0	0
d__Bacteria___p__Fusobacteriota___c__Fusobacteriia___o__Fusobacteriales___f__Fusobacteriaceae	0	0	0	0	0	0	117	114	78	34	171	0	0	0	0	0	0	0	0	903	1742	0	171	523	0	0	41	0	0	0	866	0	0	555	0	0	4	0	0	0	0	13	0	0	230	0	9	0	0	0	39	12	0	0	0	0	105	0	0	0	273	2596	0	0	205	0	36	3876	0	0	0	107	982	0	0	18	0	635	151	0	2354	0	1234	266	0	350	0	0	0	56	0	0	0	0	28	4037	240	12	0	0	0	1289	0	23	3549	505	0	275	0	0
d__Bacteria___p__Fusobacteriota___c__Fusobacteriia___o__Fusobacteriales___f__Fusobacteriaceae___g__Cetobacterium	0	0	0	0	0	0	0	0	0	0	0	0	0	0	0	0	0	0	0	0	0	0	0	0	0	0	0	0	0	0	0	0	0	0	0	0	0	0	0	0	0	0	0	0	0	0	0	0	0	0	0	0	0	0	0	0	0	0	0	0	0	0	0	0	0	0	0	0	0	0	0	0	0	0	0	0	0	0	0	0	0	0	0	0	0	0	0	0	0	0	0	0	0	0	0	0	240	0	0	0	0	0	0	0	0	0	0	0	0	0
d__Bacteria___p__Fusobacteriota___c__Fusobacteriia___o__Fusobacteriales___f__Fusobacteriaceae___g__Fusobacterium	0	0	0	0	0	0	117	114	78	34	171	0	0	0	0	0	0	0	0	903	1742	0	171	523	0	0	41	0	0	0	866	0	0	555	0	0	4	0	0	0	0	13	0	0	230	0	9	0	0	0	39	12	0	0	0	0	105	0	0	0	273	2596	0	0	205	0	36	3876	0	0	0	107	982	0	0	18	0	635	151	0	2354	0	1234	266	0	350	0	0	0	56	0	0	0	0	28	4037	0	12	0	0	0	1289	0	23	3549	505	0	275	0	0
d__Bacteria___p__Fusobacteriota___c__Fusobacteriia___o__Fusobacteriales___f__Leptotrichiaceae	0	0	0	0	0	0	0	0	0	0	0	0	0	0	0	0	2	0	0	0	0	0	0	0	0	0	0	0	0	0	0	0	0	0	0	0	0	0	0	0	0	0	0	0	0	0	0	0	0	0	0	0	0	0	0	0	0	0	0	0	0	0	0	0	0	0	0	0	0	0	0	0	0	0	0	0	0	0	0	0	0	0	0	0	0	0	0	0	8	0	0	0	0	0	0	0	0	0	0	0	0	0	0	0	0	0	0	0	0	0
d__Bacteria___p__Fusobacteriota___c__Fusobacteriia___o__Fusobacteriales___f__Leptotrichiaceae___g__Leptotrichia	0	0	0	0	0	0	0	0	0	0	0	0	0	0	0	0	2	0	0	0	0	0	0	0	0	0	0	0	0	0	0	0	0	0	0	0	0	0	0	0	0	0	0	0	0	0	0	0	0	0	0	0	0	0	0	0	0	0	0	0	0	0	0	0	0	0	0	0	0	0	0	0	0	0	0	0	0	0	0	0	0	0	0	0	0	0	0	0	0	0	0	0	0	0	0	0	0	0	0	0	0	0	0	0	0	0	0	0	0	0
d__Bacteria___p__Fusobacteriota___c__Fusobacteriia___o__Fusobacteriales___f__Leptotrichiaceae___g__Sneathia	0	0	0	0	0	0	0	0	0	0	0	0	0	0	0	0	0	0	0	0	0	0	0	0	0	0	0	0	0	0	0	0	0	0	0	0	0	0	0	0	0	0	0	0	0	0	0	0	0	0	0	0	0	0	0	0	0	0	0	0	0	0	0	0	0	0	0	0	0	0	0	0	0	0	0	0	0	0	0	0	0	0	0	0	0	0	0	0	8	0	0	0	0	0	0	0	0	0	0	0	0	0	0	0	0	0	0	0	0	0
d__Bacteria___p__Patescibacteria	0	0	0	0	0	0	7	0	0	0	0	6	0	0	0	0	0	0	0	0	3	0	0	0	0	0	0	0	0	0	0	0	0	0	0	0	0	0	0	0	0	0	0	0	0	0	0	0	0	5	0	0	0	0	0	0	0	0	0	0	0	0	0	0	0	0	0	0	0	0	0	0	0	0	0	0	0	0	0	0	3	0	0	0	0	0	0	0	0	0	0	0	0	0	0	9	0	0	0	0	0	0	0	6	0	14	0	0	0	4
d__Bacteria___p__Patescibacteria___c__Saccharimonadia	0	0	0	0	0	0	7	0	0	0	0	6	0	0	0	0	0	0	0	0	3	0	0	0	0	0	0	0	0	0	0	0	0	0	0	0	0	0	0	0	0	0	0	0	0	0	0	0	0	5	0	0	0	0	0	0	0	0	0	0	0	0	0	0	0	0	0	0	0	0	0	0	0	0	0	0	0	0	0	0	3	0	0	0	0	0	0	0	0	0	0	0	0	0	0	9	0	0	0	0	0	0	0	6	0	14	0	0	0	4
d__Bacteria___p__Patescibacteria___c__Saccharimonadia___o__Saccharimonadales	0	0	0	0	0	0	7	0	0	0	0	6	0	0	0	0	0	0	0	0	3	0	0	0	0	0	0	0	0	0	0	0	0	0	0	0	0	0	0	0	0	0	0	0	0	0	0	0	0	5	0	0	0	0	0	0	0	0	0	0	0	0	0	0	0	0	0	0	0	0	0	0	0	0	0	0	0	0	0	0	3	0	0	0	0	0	0	0	0	0	0	0	0	0	0	9	0	0	0	0	0	0	0	6	0	14	0	0	0	4
d__Bacteria___p__Patescibacteria___c__Saccharimonadia___o__Saccharimonadales___f__Saccharimonadaceae	0	0	0	0	0	0	7	0	0	0	0	6	0	0	0	0	0	0	0	0	3	0	0	0	0	0	0	0	0	0	0	0	0	0	0	0	0	0	0	0	0	0	0	0	0	0	0	0	0	5	0	0	0	0	0	0	0	0	0	0	0	0	0	0	0	0	0	0	0	0	0	0	0	0	0	0	0	0	0	0	3	0	0	0	0	0	0	0	0	0	0	0	0	0	0	9	0	0	0	0	0	0	0	6	0	14	0	0	0	4
d__Bacteria___p__Patescibacteria___c__Saccharimonadia___o__Saccharimonadales___f__Saccharimonadaceae___g__Candidatus_Saccharimonas	0	0	0	0	0	0	2	0	0	0	0	0	0	0	0	0	0	0	0	0	0	0	0	0	0	0	0	0	0	0	0	0	0	0	0	0	0	0	0	0	0	0	0	0	0	0	0	0	0	0	0	0	0	0	0	0	0	0	0	0	0	0	0	0	0	0	0	0	0	0	0	0	0	0	0	0	0	0	0	0	0	0	0	0	0	0	0	0	0	0	0	0	0	0	0	0	0	0	0	0	0	0	0	0	0	0	0	0	0	0
d__Bacteria___p__Patescibacteria___c__Saccharimonadia___o__Saccharimonadales___f__Saccharimonadaceae___g__TM7x	0	0	0	0	0	0	5	0	0	0	0	6	0	0	0	0	0	0	0	0	3	0	0	0	0	0	0	0	0	0	0	0	0	0	0	0	0	0	0	0	0	0	0	0	0	0	0	0	0	5	0	0	0	0	0	0	0	0	0	0	0	0	0	0	0	0	0	0	0	0	0	0	0	0	0	0	0	0	0	0	3	0	0	0	0	0	0	0	0	0	0	0	0	0	0	9	0	0	0	0	0	0	0	6	0	14	0	0	0	4
d__Bacteria___p__Proteobacteria	2913	0	431	32	17	2375	713	803	554	1784	2142	0	724	14	97	214	1525	169	0	3	32	0	1176	135	187	1010	709	443	210	1056	464	39	0	345	370	112	189	344	0	4638	1402	18	1093	734	556	33	1088	705	0	423	1027	627	239	1715	122	1280	83	618	1175	2676	535	774	102	1057	345	780	1078	926	0	441	527	710	264	976	553	1974	80	458	1089	1279	1650	0	589	1120	310	358	16	916	225	21	18	0	356	2586	110	1029	369	407	194	844	1059	213	1443	3183	964	2847	853	70	1182	977
d__Bacteria___p__Proteobacteria___c__Alphaproteobacteria	2405	0	0	0	0	1798	0	0	0	0	5	0	35	0	0	0	0	0	0	3	0	0	4	0	0	0	551	0	0	0	0	0	0	0	0	0	0	0	0	0	0	0	0	0	0	0	0	0	0	0	0	0	0	1126	0	1032	0	0	0	101	0	0	0	0	0	0	0	0	0	0	0	0	0	0	0	0	0	0	0	0	0	0	0	0	0	0	0	0	0	0	0	0	285	0	0	5	0	5	0	3	939	0	0	0	3	3	3	0	0	0
d__Bacteria___p__Proteobacteria___c__Alphaproteobacteria___o__Rhizobiales	0	0	0	0	0	0	0	0	0	0	0	0	0	0	0	0	0	0	0	0	0	0	0	0	0	0	0	0	0	0	0	0	0	0	0	0	0	0	0	0	0	0	0	0	0	0	0	0	0	0	0	0	0	0	0	0	0	0	0	0	0	0	0	0	0	0	0	0	0	0	0	0	0	0	0	0	0	0	0	0	0	0	0	0	0	0	0	0	0	0	0	0	0	0	0	0	0	0	0	3	0	0	0	0	0	0	0	0	0	0
d__Bacteria___p__Proteobacteria___c__Alphaproteobacteria___o__Rhizobiales___f__Rhizobiaceae	0	0	0	0	0	0	0	0	0	0	0	0	0	0	0	0	0	0	0	0	0	0	0	0	0	0	0	0	0	0	0	0	0	0	0	0	0	0	0	0	0	0	0	0	0	0	0	0	0	0	0	0	0	0	0	0	0	0	0	0	0	0	0	0	0	0	0	0	0	0	0	0	0	0	0	0	0	0	0	0	0	0	0	0	0	0	0	0	0	0	0	0	0	0	0	0	0	0	0	3	0	0	0	0	0	0	0	0	0	0
d__Bacteria___p__Proteobacteria___c__Alphaproteobacteria___o__Rhizobiales___f__Rhizobiaceae___g__Ochrobactrum	0	0	0	0	0	0	0	0	0	0	0	0	0	0	0	0	0	0	0	0	0	0	0	0	0	0	0	0	0	0	0	0	0	0	0	0	0	0	0	0	0	0	0	0	0	0	0	0	0	0	0	0	0	0	0	0	0	0	0	0	0	0	0	0	0	0	0	0	0	0	0	0	0	0	0	0	0	0	0	0	0	0	0	0	0	0	0	0	0	0	0	0	0	0	0	0	0	0	0	3	0	0	0	0	0	0	0	0	0	0
d__Bacteria___p__Proteobacteria___c__Alphaproteobacteria___o__Rhodospirillales	2405	0	0	0	0	1798	0	0	0	0	0	0	35	0	0	0	0	0	0	0	0	0	0	0	0	0	549	0	0	0	0	0	0	0	0	0	0	0	0	0	0	0	0	0	0	0	0	0	0	0	0	0	0	1126	0	1032	0	0	0	94	0	0	0	0	0	0	0	0	0	0	0	0	0	0	0	0	0	0	0	0	0	0	0	0	0	0	0	0	0	0	0	0	240	0	0	0	0	0	0	0	939	0	0	0	0	0	0	0	0	0
d__Bacteria___p__Proteobacteria___c__Alphaproteobacteria___o__Sphingomonadales	0	0	0	0	0	0	0	0	0	0	5	0	0	0	0	0	0	0	0	3	0	0	4	0	0	0	2	0	0	0	0	0	0	0	0	0	0	0	0	0	0	0	0	0	0	0	0	0	0	0	0	0	0	0	0	0	0	0	0	7	0	0	0	0	0	0	0	0	0	0	0	0	0	0	0	0	0	0	0	0	0	0	0	0	0	0	0	0	0	0	0	0	0	0	0	5	0	5	0	0	0	0	0	0	3	3	3	0	0	0
d__Bacteria___p__Proteobacteria___c__Alphaproteobacteria___o__Sphingomonadales___f__Sphingomonadaceae	0	0	0	0	0	0	0	0	0	0	5	0	0	0	0	0	0	0	0	3	0	0	4	0	0	0	2	0	0	0	0	0	0	0	0	0	0	0	0	0	0	0	0	0	0	0	0	0	0	0	0	0	0	0	0	0	0	0	0	7	0	0	0	0	0	0	0	0	0	0	0	0	0	0	0	0	0	0	0	0	0	0	0	0	0	0	0	0	0	0	0	0	0	0	0	5	0	5	0	0	0	0	0	0	3	3	3	0	0	0
d__Bacteria___p__Proteobacteria___c__Alphaproteobacteria___o__Sphingomonadales___f__Sphingomonadaceae___g__Sphingomonas	0	0	0	0	0	0	0	0	0	0	5	0	0	0	0	0	0	0	0	3	0	0	4	0	0	0	2	0	0	0	0	0	0	0	0	0	0	0	0	0	0	0	0	0	0	0	0	0	0	0	0	0	0	0	0	0	0	0	0	7	0	0	0	0	0	0	0	0	0	0	0	0	0	0	0	0	0	0	0	0	0	0	0	0	0	0	0	0	0	0	0	0	0	0	0	5	0	5	0	0	0	0	0	0	3	3	3	0	0	0
d__Bacteria___p__Proteobacteria___c__Gammaproteobacteria	508	0	431	32	17	577	713	803	554	1784	2137	0	689	14	97	214	1525	169	0	0	32	0	1172	135	187	1010	158	443	210	1056	464	39	0	345	370	112	189	344	0	4638	1402	18	1093	734	556	33	1088	705	0	423	1027	627	239	589	122	248	83	618	1175	2575	535	774	102	1057	345	780	1078	926	0	441	527	710	264	976	553	1974	80	458	1089	1279	1650	0	589	1120	310	358	16	916	225	21	18	0	71	2586	110	1024	369	402	194	841	120	213	1443	3183	961	2844	850	70	1182	977
d__Bacteria___p__Proteobacteria___c__Gammaproteobacteria___o__Aeromonadales	0	0	0	0	0	0	0	0	0	0	0	0	0	0	0	0	0	0	0	0	0	0	0	0	0	0	0	0	0	0	0	0	0	0	0	0	0	0	0	4549	0	0	0	0	0	0	0	0	0	0	0	0	0	0	0	0	0	0	525	0	0	0	0	0	0	0	0	0	0	0	0	0	0	0	0	0	0	0	0	0	0	0	0	0	0	0	0	0	0	0	0	0	0	0	0	0	0	0	0	0	0	0	0	0	0	0	0	0	0	0
d__Bacteria___p__Proteobacteria___c__Gammaproteobacteria___o__Aeromonadales___f__Succinivibrionaceae	0	0	0	0	0	0	0	0	0	0	0	0	0	0	0	0	0	0	0	0	0	0	0	0	0	0	0	0	0	0	0	0	0	0	0	0	0	0	0	4549	0	0	0	0	0	0	0	0	0	0	0	0	0	0	0	0	0	0	525	0	0	0	0	0	0	0	0	0	0	0	0	0	0	0	0	0	0	0	0	0	0	0	0	0	0	0	0	0	0	0	0	0	0	0	0	0	0	0	0	0	0	0	0	0	0	0	0	0	0	0
d__Bacteria___p__Proteobacteria___c__Gammaproteobacteria___o__Aeromonadales___f__Succinivibrionaceae___g__Succinivibrio	0	0	0	0	0	0	0	0	0	0	0	0	0	0	0	0	0	0	0	0	0	0	0	0	0	0	0	0	0	0	0	0	0	0	0	0	0	0	0	4549	0	0	0	0	0	0	0	0	0	0	0	0	0	0	0	0	0	0	525	0	0	0	0	0	0	0	0	0	0	0	0	0	0	0	0	0	0	0	0	0	0	0	0	0	0	0	0	0	0	0	0	0	0	0	0	0	0	0	0	0	0	0	0	0	0	0	0	0	0	0
d__Bacteria___p__Proteobacteria___c__Gammaproteobacteria___o__Burkholderiales	481	0	431	12	0	577	477	730	554	1578	2137	0	689	14	97	214	1464	159	0	0	0	0	428	0	147	1010	158	443	210	0	464	0	0	257	347	106	169	344	0	89	1398	0	162	724	366	0	1088	705	0	423	289	627	239	567	99	248	0	618	631	83	535	317	102	1057	0	310	925	884	0	441	13	686	264	939	553	1963	80	458	1089	1214	1431	0	504	1120	310	0	0	916	225	0	0	0	71	567	0	597	0	360	194	831	120	95	244	363	592	2389	798	0	739	489
d__Bacteria___p__Proteobacteria___c__Gammaproteobacteria___o__Burkholderiales___f__Burkholderiaceae	0	0	0	0	0	0	0	0	0	0	0	0	0	0	0	0	0	0	0	0	0	0	0	0	0	0	0	0	0	0	0	0	0	0	0	0	0	0	0	0	0	0	0	0	0	0	0	0	0	0	0	0	0	0	0	0	0	0	0	0	0	0	0	0	0	0	0	0	0	0	0	0	0	0	0	0	0	0	0	0	0	0	0	0	0	0	0	0	0	0	0	0	0	0	0	0	0	0	0	0	0	0	0	0	5	0	2	0	0	0
d__Bacteria___p__Proteobacteria___c__Gammaproteobacteria___o__Burkholderiales___f__Burkholderiaceae___g__Ralstonia	0	0	0	0	0	0	0	0	0	0	0	0	0	0	0	0	0	0	0	0	0	0	0	0	0	0	0	0	0	0	0	0	0	0	0	0	0	0	0	0	0	0	0	0	0	0	0	0	0	0	0	0	0	0	0	0	0	0	0	0	0	0	0	0	0	0	0	0	0	0	0	0	0	0	0	0	0	0	0	0	0	0	0	0	0	0	0	0	0	0	0	0	0	0	0	0	0	0	0	0	0	0	0	0	5	0	2	0	0	0
d__Bacteria___p__Proteobacteria___c__Gammaproteobacteria___o__Burkholderiales___f__Oxalobacteraceae	0	0	16	0	0	0	0	0	0	0	0	0	0	0	19	0	0	0	0	0	0	0	0	0	0	0	0	0	0	0	0	0	0	0	0	0	0	0	0	0	0	0	0	0	0	0	0	0	0	0	0	0	0	0	0	0	0	0	0	3	0	0	0	0	0	0	0	0	0	0	0	0	0	0	10	0	0	0	0	0	0	0	0	0	0	0	0	0	0	0	0	0	0	0	0	0	0	0	0	0	0	0	0	0	0	0	0	0	3	0
d__Bacteria___p__Proteobacteria___c__Gammaproteobacteria___o__Burkholderiales___f__Oxalobacteraceae___g__Herbaspirillum	0	0	0	0	0	0	0	0	0	0	0	0	0	0	0	0	0	0	0	0	0	0	0	0	0	0	0	0	0	0	0	0	0	0	0	0	0	0	0	0	0	0	0	0	0	0	0	0	0	0	0	0	0	0	0	0	0	0	0	0	0	0	0	0	0	0	0	0	0	0	0	0	0	0	0	0	0	0	0	0	0	0	0	0	0	0	0	0	0	0	0	0	0	0	0	0	0	0	0	0	0	0	0	0	0	0	0	0	3	0
d__Bacteria___p__Proteobacteria___c__Gammaproteobacteria___o__Burkholderiales___f__Oxalobacteraceae___g__Oxalobacter	0	0	16	0	0	0	0	0	0	0	0	0	0	0	19	0	0	0	0	0	0	0	0	0	0	0	0	0	0	0	0	0	0	0	0	0	0	0	0	0	0	0	0	0	0	0	0	0	0	0	0	0	0	0	0	0	0	0	0	3	0	0	0	0	0	0	0	0	0	0	0	0	0	0	10	0	0	0	0	0	0	0	0	0	0	0	0	0	0	0	0	0	0	0	0	0	0	0	0	0	0	0	0	0	0	0	0	0	0	0
d__Bacteria___p__Proteobacteria___c__Gammaproteobacteria___o__Burkholderiales___f__Sutterellaceae	481	0	415	12	0	577	477	730	554	1578	2137	0	689	14	78	214	1464	159	0	0	0	0	428	0	147	1010	158	443	210	0	464	0	0	257	347	106	169	344	0	89	1398	0	162	724	366	0	1088	705	0	423	289	627	239	564	99	248	0	618	631	80	535	317	102	1057	0	310	925	884	0	441	13	686	264	939	543	1963	80	458	1089	1214	1431	0	504	1120	310	0	0	916	225	0	0	0	71	567	0	597	0	360	194	831	120	95	244	363	587	2389	796	0	736	489
d__Bacteria___p__Proteobacteria___c__Gammaproteobacteria___o__Burkholderiales___f__Sutterellaceae___g__Parasutterella	64	0	8	12	0	0	0	7	554	1578	2137	0	689	14	78	6	1464	20	0	0	0	0	428	0	0	0	0	443	0	0	193	0	0	0	0	0	0	109	0	0	1395	0	0	0	0	0	1088	622	0	423	0	12	0	0	0	16	0	618	631	13	15	0	0	0	0	22	925	884	0	42	13	0	0	67	10	1963	0	0	0	1214	439	0	0	341	24	0	0	36	31	0	0	0	0	499	0	597	0	0	25	831	12	0	244	0	0	2389	0	0	0	91
d__Bacteria___p__Proteobacteria___c__Gammaproteobacteria___o__Burkholderiales___f__Sutterellaceae___g__Sutterella	417	0	407	0	0	577	477	723	0	0	0	0	0	0	0	208	0	139	0	0	0	0	0	0	147	1010	158	0	210	0	271	0	0	257	347	106	169	235	0	89	3	0	162	724	366	0	0	83	0	0	289	615	239	564	99	232	0	0	0	67	520	317	102	1057	0	288	0	0	0	399	0	686	264	872	533	0	80	458	1089	0	992	0	504	779	286	0	0	880	194	0	0	0	71	68	0	0	0	360	169	0	108	95	0	363	587	0	796	0	736	398
d__Bacteria___p__Proteobacteria___c__Gammaproteobacteria___o__Enterobacterales	0	0	0	0	0	0	0	0	0	206	0	0	0	0	0	0	61	0	0	0	0	0	706	0	0	0	0	0	0	1056	0	0	0	88	0	0	0	0	0	0	0	18	520	0	190	33	0	0	0	0	738	0	0	0	0	0	0	0	0	2389	0	401	0	0	312	394	153	0	0	0	514	0	0	37	0	0	0	0	0	0	117	0	0	0	0	358	0	0	0	0	0	0	0	2019	110	0	347	0	0	10	0	118	1199	2744	196	388	0	0	404	459
d__Bacteria___p__Proteobacteria___c__Gammaproteobacteria___o__Enterobacterales___f__Enterobacteriaceae	0	0	0	0	0	0	0	0	0	206	0	0	0	0	0	0	61	0	0	0	0	0	706	0	0	0	0	0	0	1056	0	0	0	88	0	0	0	0	0	0	0	18	520	0	190	33	0	0	0	0	738	0	0	0	0	0	0	0	0	1497	0	401	0	0	312	394	153	0	0	0	514	0	0	37	0	0	0	0	0	0	117	0	0	0	0	358	0	0	0	0	0	0	0	2019	110	0	347	0	0	10	0	118	1199	2322	196	388	0	0	404	459
d__Bacteria___p__Proteobacteria___c__Gammaproteobacteria___o__Enterobacterales___f__Enterobacteriaceae___g__Citrobacter	0	0	0	0	0	0	0	0	0	0	0	0	0	0	0	0	0	0	0	0	0	0	0	0	0	0	0	0	0	0	0	0	0	0	0	0	0	0	0	0	0	0	0	0	0	0	0	0	0	0	0	0	0	0	0	0	0	0	0	0	0	398	0	0	0	0	0	0	0	0	0	0	0	0	0	0	0	0	0	0	0	0	0	0	0	0	0	0	0	0	0	0	0	0	0	0	0	0	0	0	0	0	0	0	0	0	0	0	0	0
d__Bacteria___p__Proteobacteria___c__Gammaproteobacteria___o__Enterobacterales___f__Enterobacteriaceae___g__Enterobacter	0	0	0	0	0	0	0	0	0	0	0	0	0	0	0	0	0	0	0	0	0	0	0	0	0	0	0	0	0	0	0	0	0	0	0	0	0	0	0	0	0	0	0	0	0	0	0	0	0	0	0	0	0	0	0	0	0	0	0	0	0	0	0	0	0	0	0	0	0	0	0	0	0	0	0	0	0	0	0	0	0	0	0	0	0	0	0	0	0	0	0	0	0	0	0	0	0	0	0	0	0	0	0	0	11	0	0	0	0	0
d__Bacteria___p__Proteobacteria___c__Gammaproteobacteria___o__Enterobacterales___f__Enterobacteriaceae___g__Escherichia/Shigella	0	0	0	0	0	0	0	0	0	206	0	0	0	0	0	0	61	0	0	0	0	0	706	0	0	0	0	0	0	1056	0	0	0	0	0	0	0	0	0	0	0	0	520	0	190	33	0	0	0	0	0	0	0	0	0	0	0	0	0	1497	0	3	0	0	312	394	153	0	0	0	0	0	0	37	0	0	0	0	0	0	30	0	0	0	0	125	0	0	0	0	0	0	0	0	110	0	347	0	0	0	0	118	1199	553	0	388	0	0	404	459
d__Bacteria___p__Proteobacteria___c__Gammaproteobacteria___o__Enterobacterales___f__Enterobacteriaceae___g__Klebsiella	0	0	0	0	0	0	0	0	0	0	0	0	0	0	0	0	0	0	0	0	0	0	0	0	0	0	0	0	0	0	0	0	0	0	0	0	0	0	0	0	0	0	0	0	0	0	0	0	0	0	738	0	0	0	0	0	0	0	0	0	0	0	0	0	0	0	0	0	0	0	511	0	0	0	0	0	0	0	0	0	0	0	0	0	0	0	0	0	0	0	0	0	0	1765	0	0	0	0	0	10	0	0	0	0	103	0	0	0	0	0
d__Bacteria___p__Proteobacteria___c__Gammaproteobacteria___o__Enterobacterales___f__Enterobacteriaceae___g__Kosakonia	0	0	0	0	0	0	0	0	0	0	0	0	0	0	0	0	0	0	0	0	0	0	0	0	0	0	0	0	0	0	0	0	0	0	0	0	0	0	0	0	0	0	0	0	0	0	0	0	0	0	0	0	0	0	0	0	0	0	0	0	0	0	0	0	0	0	0	0	0	0	0	0	0	0	0	0	0	0	0	0	0	0	0	0	0	233	0	0	0	0	0	0	0	0	0	0	0	0	0	0	0	0	0	0	0	0	0	0	0	0
d__Bacteria___p__Proteobacteria___c__Gammaproteobacteria___o__Enterobacterales___f__Enterobacteriaceae___g__Raoultella	0	0	0	0	0	0	0	0	0	0	0	0	0	0	0	0	0	0	0	0	0	0	0	0	0	0	0	0	0	0	0	0	0	0	0	0	0	0	0	0	0	0	0	0	0	0	0	0	0	0	0	0	0	0	0	0	0	0	0	0	0	0	0	0	0	0	0	0	0	0	0	0	0	0	0	0	0	0	0	0	87	0	0	0	0	0	0	0	0	0	0	0	0	0	0	0	0	0	0	0	0	0	0	1556	53	0	0	0	0	0
d__Bacteria___p__Proteobacteria___c__Gammaproteobacteria___o__Enterobacterales___f__Hafniaceae	0	0	0	0	0	0	0	0	0	0	0	0	0	0	0	0	0	0	0	0	0	0	0	0	0	0	0	0	0	0	0	0	0	0	0	0	0	0	0	0	0	0	0	0	0	0	0	0	0	0	0	0	0	0	0	0	0	0	0	892	0	0	0	0	0	0	0	0	0	0	0	0	0	0	0	0	0	0	0	0	0	0	0	0	0	0	0	0	0	0	0	0	0	0	0	0	0	0	0	0	0	0	0	0	0	0	0	0	0	0
d__Bacteria___p__Proteobacteria___c__Gammaproteobacteria___o__Enterobacterales___f__Hafniaceae___g__Hafnia-Obesumbacterium	0	0	0	0	0	0	0	0	0	0	0	0	0	0	0	0	0	0	0	0	0	0	0	0	0	0	0	0	0	0	0	0	0	0	0	0	0	0	0	0	0	0	0	0	0	0	0	0	0	0	0	0	0	0	0	0	0	0	0	892	0	0	0	0	0	0	0	0	0	0	0	0	0	0	0	0	0	0	0	0	0	0	0	0	0	0	0	0	0	0	0	0	0	0	0	0	0	0	0	0	0	0	0	0	0	0	0	0	0	0
d__Bacteria___p__Proteobacteria___c__Gammaproteobacteria___o__Enterobacterales___f__Morganellaceae	0	0	0	0	0	0	0	0	0	0	0	0	0	0	0	0	0	0	0	0	0	0	0	0	0	0	0	0	0	0	0	0	0	0	0	0	0	0	0	0	0	0	0	0	0	0	0	0	0	0	0	0	0	0	0	0	0	0	0	0	0	0	0	0	0	0	0	0	0	0	0	0	0	0	0	0	0	0	0	0	0	0	0	0	0	0	0	0	0	0	0	0	0	0	0	0	0	0	0	0	0	0	0	422	0	0	0	0	0	0
d__Bacteria___p__Proteobacteria___c__Gammaproteobacteria___o__Enterobacterales___f__Morganellaceae___g__Providencia	0	0	0	0	0	0	0	0	0	0	0	0	0	0	0	0	0	0	0	0	0	0	0	0	0	0	0	0	0	0	0	0	0	0	0	0	0	0	0	0	0	0	0	0	0	0	0	0	0	0	0	0	0	0	0	0	0	0	0	0	0	0	0	0	0	0	0	0	0	0	0	0	0	0	0	0	0	0	0	0	0	0	0	0	0	0	0	0	0	0	0	0	0	0	0	0	0	0	0	0	0	0	0	422	0	0	0	0	0	0
d__Bacteria___p__Proteobacteria___c__Gammaproteobacteria___o__Oceanospirillales	27	0	0	20	17	0	236	0	0	0	0	0	0	0	0	0	0	10	0	0	32	0	38	135	40	0	0	0	0	0	0	39	0	0	23	6	20	0	0	0	0	0	0	10	0	0	0	0	0	0	0	0	0	22	23	0	83	0	19	42	0	56	0	0	33	76	0	42	0	0	0	24	0	0	0	11	0	0	0	65	102	0	85	0	0	0	16	0	0	21	18	0	0	0	0	427	22	42	0	0	0	0	0	76	173	67	52	70	39	29
d__Bacteria___p__Proteobacteria___c__Gammaproteobacteria___o__Oceanospirillales___f__Halomonadaceae	27	0	0	20	17	0	236	0	0	0	0	0	0	0	0	0	0	10	0	0	32	0	38	135	40	0	0	0	0	0	0	39	0	0	23	6	20	0	0	0	0	0	0	10	0	0	0	0	0	0	0	0	0	22	23	0	83	0	19	42	0	56	0	0	33	76	0	42	0	0	0	24	0	0	0	11	0	0	0	65	102	0	85	0	0	0	16	0	0	21	18	0	0	0	0	427	22	42	0	0	0	0	0	76	173	67	52	70	39	29
d__Bacteria___p__Proteobacteria___c__Gammaproteobacteria___o__Oceanospirillales___f__Halomonadaceae___g__Halomonas	27	0	0	20	17	0	236	0	0	0	0	0	0	0	0	0	0	10	0	0	32	0	38	135	40	0	0	0	0	0	0	39	0	0	23	6	20	0	0	0	0	0	0	10	0	0	0	0	0	0	0	0	0	22	23	0	83	0	19	42	0	56	0	0	33	76	0	42	0	0	0	24	0	0	0	11	0	0	0	65	102	0	85	0	0	0	16	0	0	21	18	0	0	0	0	427	22	42	0	0	0	0	0	76	173	67	52	70	39	29
d__Bacteria___p__Proteobacteria___c__Gammaproteobacteria___o__Pseudomonadales	0	0	0	0	0	0	0	0	0	0	0	0	0	0	0	0	0	0	0	0	0	0	0	0	0	0	0	0	0	0	0	0	0	0	0	0	0	0	0	0	4	0	411	0	0	0	0	0	0	0	0	0	0	0	0	0	0	0	0	0	0	0	0	0	0	0	0	0	0	0	0	0	0	0	0	0	0	0	0	0	0	0	0	0	0	0	0	0	0	0	0	0	0	0	0	0	0	0	0	0	0	0	0	0	0	0	0	0	0	0
d__Bacteria___p__Proteobacteria___c__Gammaproteobacteria___o__Pseudomonadales___f__Pseudomonadaceae	0	0	0	0	0	0	0	0	0	0	0	0	0	0	0	0	0	0	0	0	0	0	0	0	0	0	0	0	0	0	0	0	0	0	0	0	0	0	0	0	4	0	411	0	0	0	0	0	0	0	0	0	0	0	0	0	0	0	0	0	0	0	0	0	0	0	0	0	0	0	0	0	0	0	0	0	0	0	0	0	0	0	0	0	0	0	0	0	0	0	0	0	0	0	0	0	0	0	0	0	0	0	0	0	0	0	0	0	0	0
d__Bacteria___p__Proteobacteria___c__Gammaproteobacteria___o__Pseudomonadales___f__Pseudomonadaceae___g__Pseudomonas	0	0	0	0	0	0	0	0	0	0	0	0	0	0	0	0	0	0	0	0	0	0	0	0	0	0	0	0	0	0	0	0	0	0	0	0	0	0	0	0	4	0	411	0	0	0	0	0	0	0	0	0	0	0	0	0	0	0	0	0	0	0	0	0	0	0	0	0	0	0	0	0	0	0	0	0	0	0	0	0	0	0	0	0	0	0	0	0	0	0	0	0	0	0	0	0	0	0	0	0	0	0	0	0	0	0	0	0	0	0
d__Bacteria___p__Proteobacteria___c__Gammaproteobacteria___o__Xanthomonadales	0	0	0	0	0	0	0	0	0	0	0	0	0	0	0	0	0	0	0	0	0	0	0	0	0	0	0	0	0	0	0	0	0	0	0	0	0	0	0	0	0	0	0	0	0	0	0	0	0	0	0	0	0	0	0	0	0	0	0	61	0	0	0	0	0	0	0	0	0	0	0	0	0	0	0	0	0	0	0	0	0	0	0	0	0	0	0	0	0	0	0	0	0	0	0	0	0	0	0	0	0	0	0	0	0	0	0	0	0	0
d__Bacteria___p__Proteobacteria___c__Gammaproteobacteria___o__Xanthomonadales___f__Xanthomonadaceae	0	0	0	0	0	0	0	0	0	0	0	0	0	0	0	0	0	0	0	0	0	0	0	0	0	0	0	0	0	0	0	0	0	0	0	0	0	0	0	0	0	0	0	0	0	0	0	0	0	0	0	0	0	0	0	0	0	0	0	61	0	0	0	0	0	0	0	0	0	0	0	0	0	0	0	0	0	0	0	0	0	0	0	0	0	0	0	0	0	0	0	0	0	0	0	0	0	0	0	0	0	0	0	0	0	0	0	0	0	0
d__Bacteria___p__Proteobacteria___c__Gammaproteobacteria___o__Xanthomonadales___f__Xanthomonadaceae___g__Stenotrophomonas	0	0	0	0	0	0	0	0	0	0	0	0	0	0	0	0	0	0	0	0	0	0	0	0	0	0	0	0	0	0	0	0	0	0	0	0	0	0	0	0	0	0	0	0	0	0	0	0	0	0	0	0	0	0	0	0	0	0	0	61	0	0	0	0	0	0	0	0	0	0	0	0	0	0	0	0	0	0	0	0	0	0	0	0	0	0	0	0	0	0	0	0	0	0	0	0	0	0	0	0	0	0	0	0	0	0	0	0	0	0
d__Bacteria___p__Spirochaetota	0	0	0	0	0	0	0	0	0	0	0	0	0	0	0	0	0	0	0	0	0	0	0	0	0	0	0	0	0	0	0	0	0	0	0	0	0	0	0	33	0	0	0	0	0	0	0	0	0	0	0	0	0	0	0	0	0	0	0	0	0	0	0	0	0	0	0	0	0	0	0	0	0	0	0	0	0	0	0	0	0	0	0	0	0	0	0	0	0	0	0	0	0	0	0	0	0	0	0	0	0	0	0	0	0	0	0	0	0	0
d__Bacteria___p__Spirochaetota___c__Brachyspirae	0	0	0	0	0	0	0	0	0	0	0	0	0	0	0	0	0	0	0	0	0	0	0	0	0	0	0	0	0	0	0	0	0	0	0	0	0	0	0	33	0	0	0	0	0	0	0	0	0	0	0	0	0	0	0	0	0	0	0	0	0	0	0	0	0	0	0	0	0	0	0	0	0	0	0	0	0	0	0	0	0	0	0	0	0	0	0	0	0	0	0	0	0	0	0	0	0	0	0	0	0	0	0	0	0	0	0	0	0	0
d__Bacteria___p__Spirochaetota___c__Brachyspirae___o__Brachyspirales	0	0	0	0	0	0	0	0	0	0	0	0	0	0	0	0	0	0	0	0	0	0	0	0	0	0	0	0	0	0	0	0	0	0	0	0	0	0	0	33	0	0	0	0	0	0	0	0	0	0	0	0	0	0	0	0	0	0	0	0	0	0	0	0	0	0	0	0	0	0	0	0	0	0	0	0	0	0	0	0	0	0	0	0	0	0	0	0	0	0	0	0	0	0	0	0	0	0	0	0	0	0	0	0	0	0	0	0	0	0
d__Bacteria___p__Spirochaetota___c__Brachyspirae___o__Brachyspirales___f__Brachyspiraceae	0	0	0	0	0	0	0	0	0	0	0	0	0	0	0	0	0	0	0	0	0	0	0	0	0	0	0	0	0	0	0	0	0	0	0	0	0	0	0	33	0	0	0	0	0	0	0	0	0	0	0	0	0	0	0	0	0	0	0	0	0	0	0	0	0	0	0	0	0	0	0	0	0	0	0	0	0	0	0	0	0	0	0	0	0	0	0	0	0	0	0	0	0	0	0	0	0	0	0	0	0	0	0	0	0	0	0	0	0	0
d__Bacteria___p__Spirochaetota___c__Brachyspirae___o__Brachyspirales___f__Brachyspiraceae___g__Brachyspira	0	0	0	0	0	0	0	0	0	0	0	0	0	0	0	0	0	0	0	0	0	0	0	0	0	0	0	0	0	0	0	0	0	0	0	0	0	0	0	33	0	0	0	0	0	0	0	0	0	0	0	0	0	0	0	0	0	0	0	0	0	0	0	0	0	0	0	0	0	0	0	0	0	0	0	0	0	0	0	0	0	0	0	0	0	0	0	0	0	0	0	0	0	0	0	0	0	0	0	0	0	0	0	0	0	0	0	0	0	0
d__Bacteria___p__Synergistota	0	0	0	0	0	0	0	0	0	0	0	0	0	0	10	0	0	24	0	0	0	0	0	0	0	0	0	0	0	4	0	0	15	4	0	0	0	0	0	0	0	0	0	0	0	0	0	5	0	0	0	0	0	0	0	0	0	0	0	0	0	0	0	0	0	0	0	0	0	0	0	0	0	0	0	8	6	0	0	0	0	0	0	0	0	0	0	0	0	0	0	0	0	0	0	0	0	5	14	0	0	0	0	0	0	0	0	0	0	0
d__Bacteria___p__Synergistota___c__Synergistia	0	0	0	0	0	0	0	0	0	0	0	0	0	0	10	0	0	24	0	0	0	0	0	0	0	0	0	0	0	4	0	0	15	4	0	0	0	0	0	0	0	0	0	0	0	0	0	5	0	0	0	0	0	0	0	0	0	0	0	0	0	0	0	0	0	0	0	0	0	0	0	0	0	0	0	8	6	0	0	0	0	0	0	0	0	0	0	0	0	0	0	0	0	0	0	0	0	5	14	0	0	0	0	0	0	0	0	0	0	0
d__Bacteria___p__Synergistota___c__Synergistia___o__Synergistales	0	0	0	0	0	0	0	0	0	0	0	0	0	0	10	0	0	24	0	0	0	0	0	0	0	0	0	0	0	4	0	0	15	4	0	0	0	0	0	0	0	0	0	0	0	0	0	5	0	0	0	0	0	0	0	0	0	0	0	0	0	0	0	0	0	0	0	0	0	0	0	0	0	0	0	8	6	0	0	0	0	0	0	0	0	0	0	0	0	0	0	0	0	0	0	0	0	5	14	0	0	0	0	0	0	0	0	0	0	0
d__Bacteria___p__Synergistota___c__Synergistia___o__Synergistales___f__Synergistaceae	0	0	0	0	0	0	0	0	0	0	0	0	0	0	10	0	0	24	0	0	0	0	0	0	0	0	0	0	0	4	0	0	15	4	0	0	0	0	0	0	0	0	0	0	0	0	0	5	0	0	0	0	0	0	0	0	0	0	0	0	0	0	0	0	0	0	0	0	0	0	0	0	0	0	0	8	6	0	0	0	0	0	0	0	0	0	0	0	0	0	0	0	0	0	0	0	0	5	14	0	0	0	0	0	0	0	0	0	0	0
d__Bacteria___p__Synergistota___c__Synergistia___o__Synergistales___f__Synergistaceae___g__Cloacibacillus	0	0	0	0	0	0	0	0	0	0	0	0	0	0	0	0	0	0	0	0	0	0	0	0	0	0	0	0	0	0	0	0	0	0	0	0	0	0	0	0	0	0	0	0	0	0	0	0	0	0	0	0	0	0	0	0	0	0	0	0	0	0	0	0	0	0	0	0	0	0	0	0	0	0	0	0	0	0	0	0	0	0	0	0	0	0	0	0	0	0	0	0	0	0	0	0	0	0	14	0	0	0	0	0	0	0	0	0	0	0
d__Bacteria___p__Synergistota___c__Synergistia___o__Synergistales___f__Synergistaceae___g__Pyramidobacter	0	0	0	0	0	0	0	0	0	0	0	0	0	0	10	0	0	9	0	0	0	0	0	0	0	0	0	0	0	4	0	0	15	4	0	0	0	0	0	0	0	0	0	0	0	0	0	5	0	0	0	0	0	0	0	0	0	0	0	0	0	0	0	0	0	0	0	0	0	0	0	0	0	0	0	8	6	0	0	0	0	0	0	0	0	0	0	0	0	0	0	0	0	0	0	0	0	5	0	0	0	0	0	0	0	0	0	0	0	0
d__Bacteria___p__Synergistota___c__Synergistia___o__Synergistales___f__Synergistaceae___g__Synergistes	0	0	0	0	0	0	0	0	0	0	0	0	0	0	0	0	0	15	0	0	0	0	0	0	0	0	0	0	0	0	0	0	0	0	0	0	0	0	0	0	0	0	0	0	0	0	0	0	0	0	0	0	0	0	0	0	0	0	0	0	0	0	0	0	0	0	0	0	0	0	0	0	0	0	0	0	0	0	0	0	0	0	0	0	0	0	0	0	0	0	0	0	0	0	0	0	0	0	0	0	0	0	0	0	0	0	0	0	0	0
d__Bacteria___p__Verrucomicrobiota	0	0	26	10	0	15	0	24	0	0	0	0	53	0	0	0	0	25	0	4	0	0	0	0	0	0	75	0	25	4	0	0	119	156	0	0	112	0	0	0	0	30	0	57	0	16	0	4	184	248	0	28	36	21	0	0	0	0	0	0	0	0	0	42	3	1602	297	0	6	0	0	8	57	0	7	19	0	0	0	0	0	0	0	0	172	0	16	0	84	0	0	0	148	0	0	0	0	0	29	0	9	0	0	0	0	0	0	0	0	0
d__Bacteria___p__Verrucomicrobiota___c__Lentisphaeria	0	0	8	10	0	0	0	24	0	0	0	0	0	0	0	0	0	25	0	0	0	0	0	0	0	0	0	0	0	0	0	0	0	0	0	0	0	0	0	0	0	0	0	0	0	0	0	0	0	0	0	0	0	0	0	0	0	0	0	0	0	0	0	0	0	0	31	0	0	0	0	0	0	0	7	0	0	0	0	0	0	0	0	0	0	0	0	0	15	0	0	0	0	0	0	0	0	0	0	0	0	0	0	0	0	0	0	0	0	0
d__Bacteria___p__Verrucomicrobiota___c__Lentisphaeria___o__Victivallales	0	0	8	10	0	0	0	24	0	0	0	0	0	0	0	0	0	25	0	0	0	0	0	0	0	0	0	0	0	0	0	0	0	0	0	0	0	0	0	0	0	0	0	0	0	0	0	0	0	0	0	0	0	0	0	0	0	0	0	0	0	0	0	0	0	0	31	0	0	0	0	0	0	0	7	0	0	0	0	0	0	0	0	0	0	0	0	0	15	0	0	0	0	0	0	0	0	0	0	0	0	0	0	0	0	0	0	0	0	0
d__Bacteria___p__Verrucomicrobiota___c__Lentisphaeria___o__Victivallales___f__Victivallaceae	0	0	8	10	0	0	0	24	0	0	0	0	0	0	0	0	0	25	0	0	0	0	0	0	0	0	0	0	0	0	0	0	0	0	0	0	0	0	0	0	0	0	0	0	0	0	0	0	0	0	0	0	0	0	0	0	0	0	0	0	0	0	0	0	0	0	31	0	0	0	0	0	0	0	7	0	0	0	0	0	0	0	0	0	0	0	0	0	15	0	0	0	0	0	0	0	0	0	0	0	0	0	0	0	0	0	0	0	0	0
d__Bacteria___p__Verrucomicrobiota___c__Lentisphaeria___o__Victivallales___f__Victivallaceae___g__Victivallis	0	0	8	10	0	0	0	24	0	0	0	0	0	0	0	0	0	19	0	0	0	0	0	0	0	0	0	0	0	0	0	0	0	0	0	0	0	0	0	0	0	0	0	0	0	0	0	0	0	0	0	0	0	0	0	0	0	0	0	0	0	0	0	0	0	0	21	0	0	0	0	0	0	0	0	0	0	0	0	0	0	0	0	0	0	0	0	0	15	0	0	0	0	0	0	0	0	0	0	0	0	0	0	0	0	0	0	0	0	0
d__Bacteria___p__Verrucomicrobiota___c__Verrucomicrobiae	0	0	18	0	0	15	0	0	0	0	0	0	53	0	0	0	0	0	0	4	0	0	0	0	0	0	75	0	25	4	0	0	119	156	0	0	112	0	0	0	0	30	0	57	0	16	0	4	184	248	0	28	36	21	0	0	0	0	0	0	0	0	0	42	3	1602	266	0	6	0	0	8	57	0	0	19	0	0	0	0	0	0	0	0	172	0	16	0	69	0	0	0	148	0	0	0	0	0	29	0	9	0	0	0	0	0	0	0	0	0
d__Bacteria___p__Verrucomicrobiota___c__Verrucomicrobiae___o__Verrucomicrobiales	0	0	18	0	0	15	0	0	0	0	0	0	53	0	0	0	0	0	0	4	0	0	0	0	0	0	75	0	25	4	0	0	119	156	0	0	112	0	0	0	0	30	0	57	0	16	0	4	184	248	0	28	36	21	0	0	0	0	0	0	0	0	0	42	3	1602	266	0	6	0	0	8	57	0	0	19	0	0	0	0	0	0	0	0	172	0	16	0	69	0	0	0	148	0	0	0	0	0	29	0	9	0	0	0	0	0	0	0	0	0
d__Bacteria___p__Verrucomicrobiota___c__Verrucomicrobiae___o__Verrucomicrobiales___f__Akkermansiaceae	0	0	18	0	0	15	0	0	0	0	0	0	53	0	0	0	0	0	0	4	0	0	0	0	0	0	75	0	25	4	0	0	119	156	0	0	112	0	0	0	0	30	0	57	0	16	0	4	184	248	0	28	36	21	0	0	0	0	0	0	0	0	0	42	3	1602	266	0	6	0	0	8	57	0	0	19	0	0	0	0	0	0	0	0	172	0	16	0	69	0	0	0	148	0	0	0	0	0	29	0	9	0	0	0	0	0	0	0	0	0
d__Bacteria___p__Verrucomicrobiota___c__Verrucomicrobiae___o__Verrucomicrobiales___f__Akkermansiaceae___g__Akkermansia	0	0	18	0	0	15	0	0	0	0	0	0	53	0	0	0	0	0	0	4	0	0	0	0	0	0	75	0	25	4	0	0	119	156	0	0	112	0	0	0	0	30	0	57	0	16	0	4	184	248	0	28	36	21	0	0	0	0	0	0	0	0	0	42	3	1602	266	0	6	0	0	8	57	0	0	19	0	0	0	0	0	0	0	0	172	0	16	0	69	0	0	0	148	0	0	0	0	0	29	0	9	0	0	0	0	0	0	0	0	0
