clade_name	ERR3548557	ERR3548558	ERR3548559	ERR3548560	ERR3548563	ERR3548564	ERR3548567	ERR3548568	ERR3548569	ERR3548570	ERR3548571	ERR3548572	ERR3548574	ERR3548575	ERR3548576	ERR3548577	ERR3548578	ERR3548579	ERR3548580	ERR3548581	ERR3548582	ERR3548583	ERR3548584	ERR3548587	ERR3548590	ERR3548594	ERR3548595	ERR3548596	ERR3548597	ERR3548598	ERR3548599	ERR3548600	ERR3548601	ERR3548603	ERR3548604	ERR3548606	ERR3548607	ERR3548608	ERR3548609	ERR3548610	ERR3548611	ERR3548613	ERR3548615	ERR3548616	ERR3548618	ERR3548619	ERR3548620	ERR3548623	ERR3548626	ERR3548627	ERR3548628	ERR3548629	ERR3548631	ERR3548632	ERR3548635	ERR3548636	ERR3548637	ERR3548639	ERR3548640	ERR3548641	ERR3548642	ERR3548644	ERR3548645	ERR3548646	ERR3548650	ERR3548652	ERR3548653	ERR3548654	ERR3548655	ERR3548656	ERR3548658	ERR3548659	ERR3548661	ERR3548662	ERR3548663	ERR3548664	ERR3548665	ERR3548666	ERR3548667	ERR3548670	ERR3548672	ERR3548673	ERR3548674	ERR3548676	ERR3548677	ERR3548678	ERR3548680	ERR3548681	ERR3548682	ERR3548683	ERR3548684	ERR3548686	ERR3548687	ERR3548688	ERR3548689	ERR3548690	ERR3548692	ERR3548693	ERR3548694	ERR3548697	ERR3548698	ERR3548699	ERR3548701	ERR3548702	ERR3548704	ERR3548705	ERR3548706	ERR3548707	ERR3548708	ERR3548709	ERR3548710	ERR3548711	ERR3548712	ERR3548713	ERR3548714	ERR3548715	ERR3548716	ERR3548717	ERR3548718	ERR3548719	ERR3548721	ERR3548722	ERR3548723	ERR3548724	ERR3548726	ERR3548728	ERR3548729	ERR3548731	ERR3548733	ERR3548734	ERR3548735	ERR3548736	ERR3548741	ERR3548742	ERR3548744	ERR3548745	ERR3548746	ERR3548747	ERR3548748	ERR3548750	ERR3548751	ERR3548752	ERR3548753	ERR3548755	ERR3548756	ERR3548757	ERR3548758	ERR3548759	ERR3548760	ERR3548761	ERR3548762	ERR3548763	ERR3548765	ERR3548766	ERR3548767	ERR3548769	ERR3548770	ERR3548771	ERR3548772	ERR3548774	ERR3548775	ERR3548776	ERR3548777	ERR3548778	ERR3548779	ERR3548782	ERR3548783	ERR3548784	ERR3548785	ERR3548786	ERR3548787	ERR3548788	ERR3548792	ERR3548793	ERR3548794	ERR3548796	ERR3548798	ERR3548799	ERR3548800	ERR3548805	ERR3548806	ERR3548807	ERR3548808	ERR3548809	ERR3548810	ERR3548812	ERR3548813	ERR3548814	ERR3548816	ERR3548817	ERR3548818	ERR3548819	ERR3548820	ERR3548822	ERR3548823	ERR3548824	ERR3548825	ERR3548826	ERR3548827	ERR3548828	ERR3548831	ERR3548832	ERR3548833	ERR3548842	ERR3548844	ERR3548845	ERR3548846	ERR3548848	ERR3548849	ERR3548851	ERR3548852	ERR3548853	ERR3548855	ERR3548856	ERR3548859	ERR3548860	ERR3548862	ERR3548864	ERR3548865	ERR3548866	ERR3548867	ERR3548868	ERR3548869	ERR3548870	ERR3548871	ERR3548872	ERR3548874	ERR3548875	ERR3548876	ERR3548877	ERR3548878	ERR3548879	ERR3548880	ERR3548882	ERR3548883	ERR3548884	ERR3548885	ERR3548886	ERR3548888	ERR3548889	ERR3548891	ERR3548892	ERR3548893	ERR3548894	ERR3548895	ERR3548896	ERR3548897	ERR3548898	ERR3548899	ERR3548901	ERR3548903	ERR3548905	ERR3548907	ERR3548908	ERR3548910	ERR3548912	ERR3548913	ERR3548914	ERR3548915	ERR3548919	ERR3548920	ERR3548923	ERR3548924	ERR3548925	ERR3548926	ERR3548927	ERR3548928	ERR3548929	ERR3548931	ERR3548933	ERR3548934	ERR3548935	ERR3548936	ERR3548937	ERR3548938	ERR3548939	ERR3548942	ERR3548944	ERR3548945	ERR3548946	ERR3548948	ERR3548951	ERR3548952	ERR3548953	ERR3548955	ERR3548958	ERR3548959	ERR3548960	ERR3548961	ERR3548963	ERR3548964	ERR3548965	ERR3548966	ERR3548967	ERR3548968	ERR3548969	ERR3548972	ERR3548973	ERR3548975	ERR3548976	ERR3548977	ERR3548978	ERR3548979	ERR3548980	ERR3548981	ERR3548982	ERR3548983	ERR3548984	ERR3548985	ERR3548987	ERR3548988	ERR3548990	ERR3548991	ERR3548993	ERR3548995	ERR3548996	ERR3548997	ERR3549000	ERR3549001	ERR3549002	ERR3549003	ERR3549004	ERR3549005	ERR3549006	ERR3549007	ERR3549008	ERR3549009	ERR3549010	ERR3549011	ERR3549012	ERR3549015	ERR3549016	ERR3549017	ERR3549018	ERR3549020	ERR3549021	ERR3549023	ERR3549024	ERR3549025	ERR3549026	ERR3549027	ERR3549029	ERR3549031	ERR3549032	ERR3549033	ERR3549035	ERR3549037	ERR3549039	ERR3549040	ERR3549041	ERR3549042	ERR3549043	ERR3549044	ERR3549045	ERR3549047	ERR3549049	ERR3549050	ERR3549051	ERR3549052	ERR3549053	ERR3549056	ERR3549058	ERR3549059	ERR3549060	ERR3549063	ERR3549064	ERR3549068	ERR3549069	ERR3549071	ERR3549072	ERR3549073	ERR3549074	ERR3549077	ERR3549078	ERR3549079	ERR3549080	ERR3549081	ERR3549082	ERR3549083	ERR3549084	ERR3549086	ERR3549087	ERR3549088	ERR3549090	ERR3549091	ERR3549092	ERR3549094	ERR3549095	ERR3549096	ERR3549098	ERR3549101	ERR3549105	ERR3549106	ERR3549107	ERR3549108	ERR3549109	ERR3549111	ERR3549112	ERR3549113	ERR3549114	ERR3549115	ERR3549116	ERR3549117	ERR3549119	ERR3549120	ERR3549121	ERR3549122	ERR3549123	ERR3549125	ERR3549126	ERR3549127	ERR3549133	ERR3549134	ERR3549135	ERR3549138	ERR3549139	ERR3549140	ERR3549141	ERR3585884	ERR3585885	ERR3585887	ERR3585889	ERR3585894	ERR3585895	ERR3585896	ERR3585898	ERR3585900	ERR3585903	ERR3585904	ERR3585905	ERR3585908	ERR3585909	ERR3585910	ERR3585913	ERR3585915	ERR3585917	ERR3585921	ERR3585922	ERR3585924	ERR3585926	ERR3585928	ERR3585939	ERR3585940	ERR3585942	ERR3585945	ERR3585948	ERR3585950	ERR3585952	ERR3585955	ERR3585956	ERR3585962	ERR3585963	ERR3585966	ERR3585970	ERR3585971	ERR3585975	ERR3585986	ERR3585987	ERR3585993	ERR3585999	ERR3586002	ERR3586003	ERR3586004	ERR3586007	ERR3586010	ERR3586012	ERR3586014	ERR3586015	ERR3586019	ERR3586020	ERR3586026	ERR3586027	ERR3586038	ERR3586041	ERR3586049	ERR3586074	ERR3586075	ERR3586076	ERR3586084	ERR3586100	ERR3586108	ERR3586109	ERR3586112	ERR3586120	ERR3586123	ERR3586138	ERR3586145	ERR3586146	ERR3586147	ERR3586161	ERR3586162	ERR3586166	ERR3586167	ERR3586184	ERR3586185	ERR3586190	ERR3586191	ERR3586192	ERR3586195	ERR3586196	ERR3586198	ERR3586199	ERR3586200	ERR3586203	ERR3586219	ERR3586229	ERR3586230	ERR3586233	ERR3586236	ERR3586245	ERR3586255	ERR3586259	ERR3586264	ERR3586276	ERR3586285	ERR3586291	ERR3586298	ERR3586300	ERR3586302	ERR3586309	ERR3586320	ERR3586330	ERR3586334	ERR3586357	ERR3586377
d__Archaea___p__Euryarchaeota	0	60	0	0	0	0	0	0	0	0	0	0	0	0	0	0	0	0	0	0	0	0	9	0	22	43	0	0	0	55	0	0	45	0	0	0	0	0	0	0	0	0	0	0	0	0	0	0	0	0	0	0	11	0	0	0	0	0	0	0	0	0	0	0	0	0	0	0	58	0	0	0	0	0	0	0	24	0	8	0	0	0	0	0	0	0	0	0	0	10	21	0	0	0	0	0	0	0	0	38	0	0	0	0	0	0	0	0	0	0	0	0	23	15	0	0	0	0	27	0	0	0	0	0	0	0	0	0	0	0	0	0	14	0	0	0	0	0	0	0	0	0	0	0	0	0	0	0	0	0	0	0	0	0	0	0	0	0	0	0	0	0	0	0	0	0	0	0	19	0	0	0	0	0	13	0	0	7	0	0	86	0	0	0	0	0	0	0	26	0	0	0	14	0	0	0	0	0	0	33	0	0	0	0	0	0	38	0	0	15	0	0	30	0	0	0	0	26	0	41	53	0	0	0	0	5	0	0	0	0	50	0	24	0	0	0	16	0	0	28	0	0	0	0	0	0	45	0	0	0	12	13	0	0	86	0	0	0	8	0	0	0	0	76	0	0	0	0	21	0	0	0	102	0	0	0	0	0	0	0	23	0	0	0	0	0	0	0	0	0	0	0	0	0	0	0	0	0	0	0	0	0	0	0	0	0	0	0	0	0	0	0	0	0	0	0	0	0	0	13	0	0	0	0	0	0	0	0	8	0	0	0	0	0	0	0	0	0	0	0	0	0	0	0	0	0	0	0	0	0	0	0	0	0	14	0	0	0	0	16	0	0	0	0	0	0	0	0	0	0	0	0	16	24	0	0	89	0	0	0	0	0	0	3	0	0	0	0	0	0	0	0	0	0	0	0	0	0	0	0	0	0	0	0	0	25	0	0	0	0	0	0	0	22	0	0	0	0	0	0	0	0	0	0	0	0	0	0	0	0	0	10	0	0	0	0	0	0	0	0	0	0	0	0	0	0	0	0	0	0	0	0	0	0	0	0	0	0	0	0	0	0	0	0	0	0	0	0	0	0	0	0	0	0	0	0	0	0	0	0	0	0	0	0	0	0	0	0	0	0	0	0	0	0	0	0	0	0	0	0	0	0	0	0	0	0	11	0	0	0	277	0	0	0	0	0	0	0	0	11	0	0	22	0	0
d__Archaea___p__Euryarchaeota___c__Methanobacteria	0	60	0	0	0	0	0	0	0	0	0	0	0	0	0	0	0	0	0	0	0	0	9	0	22	43	0	0	0	55	0	0	45	0	0	0	0	0	0	0	0	0	0	0	0	0	0	0	0	0	0	0	11	0	0	0	0	0	0	0	0	0	0	0	0	0	0	0	58	0	0	0	0	0	0	0	24	0	8	0	0	0	0	0	0	0	0	0	0	10	21	0	0	0	0	0	0	0	0	38	0	0	0	0	0	0	0	0	0	0	0	0	23	15	0	0	0	0	27	0	0	0	0	0	0	0	0	0	0	0	0	0	14	0	0	0	0	0	0	0	0	0	0	0	0	0	0	0	0	0	0	0	0	0	0	0	0	0	0	0	0	0	0	0	0	0	0	0	19	0	0	0	0	0	13	0	0	7	0	0	86	0	0	0	0	0	0	0	26	0	0	0	14	0	0	0	0	0	0	33	0	0	0	0	0	0	38	0	0	15	0	0	30	0	0	0	0	26	0	41	53	0	0	0	0	5	0	0	0	0	50	0	24	0	0	0	16	0	0	28	0	0	0	0	0	0	45	0	0	0	12	13	0	0	86	0	0	0	8	0	0	0	0	76	0	0	0	0	21	0	0	0	102	0	0	0	0	0	0	0	23	0	0	0	0	0	0	0	0	0	0	0	0	0	0	0	0	0	0	0	0	0	0	0	0	0	0	0	0	0	0	0	0	0	0	0	0	0	0	13	0	0	0	0	0	0	0	0	8	0	0	0	0	0	0	0	0	0	0	0	0	0	0	0	0	0	0	0	0	0	0	0	0	0	14	0	0	0	0	16	0	0	0	0	0	0	0	0	0	0	0	0	16	24	0	0	89	0	0	0	0	0	0	3	0	0	0	0	0	0	0	0	0	0	0	0	0	0	0	0	0	0	0	0	0	25	0	0	0	0	0	0	0	22	0	0	0	0	0	0	0	0	0	0	0	0	0	0	0	0	0	10	0	0	0	0	0	0	0	0	0	0	0	0	0	0	0	0	0	0	0	0	0	0	0	0	0	0	0	0	0	0	0	0	0	0	0	0	0	0	0	0	0	0	0	0	0	0	0	0	0	0	0	0	0	0	0	0	0	0	0	0	0	0	0	0	0	0	0	0	0	0	0	0	0	0	11	0	0	0	277	0	0	0	0	0	0	0	0	11	0	0	22	0	0
d__Archaea___p__Euryarchaeota___c__Methanobacteria___o__Methanobacteriales	0	60	0	0	0	0	0	0	0	0	0	0	0	0	0	0	0	0	0	0	0	0	9	0	22	43	0	0	0	55	0	0	45	0	0	0	0	0	0	0	0	0	0	0	0	0	0	0	0	0	0	0	11	0	0	0	0	0	0	0	0	0	0	0	0	0	0	0	58	0	0	0	0	0	0	0	24	0	8	0	0	0	0	0	0	0	0	0	0	10	21	0	0	0	0	0	0	0	0	38	0	0	0	0	0	0	0	0	0	0	0	0	23	15	0	0	0	0	27	0	0	0	0	0	0	0	0	0	0	0	0	0	14	0	0	0	0	0	0	0	0	0	0	0	0	0	0	0	0	0	0	0	0	0	0	0	0	0	0	0	0	0	0	0	0	0	0	0	19	0	0	0	0	0	13	0	0	7	0	0	86	0	0	0	0	0	0	0	26	0	0	0	14	0	0	0	0	0	0	33	0	0	0	0	0	0	38	0	0	15	0	0	30	0	0	0	0	26	0	41	53	0	0	0	0	5	0	0	0	0	50	0	24	0	0	0	16	0	0	28	0	0	0	0	0	0	45	0	0	0	12	13	0	0	86	0	0	0	8	0	0	0	0	76	0	0	0	0	21	0	0	0	102	0	0	0	0	0	0	0	23	0	0	0	0	0	0	0	0	0	0	0	0	0	0	0	0	0	0	0	0	0	0	0	0	0	0	0	0	0	0	0	0	0	0	0	0	0	0	13	0	0	0	0	0	0	0	0	8	0	0	0	0	0	0	0	0	0	0	0	0	0	0	0	0	0	0	0	0	0	0	0	0	0	14	0	0	0	0	16	0	0	0	0	0	0	0	0	0	0	0	0	16	24	0	0	89	0	0	0	0	0	0	3	0	0	0	0	0	0	0	0	0	0	0	0	0	0	0	0	0	0	0	0	0	25	0	0	0	0	0	0	0	22	0	0	0	0	0	0	0	0	0	0	0	0	0	0	0	0	0	10	0	0	0	0	0	0	0	0	0	0	0	0	0	0	0	0	0	0	0	0	0	0	0	0	0	0	0	0	0	0	0	0	0	0	0	0	0	0	0	0	0	0	0	0	0	0	0	0	0	0	0	0	0	0	0	0	0	0	0	0	0	0	0	0	0	0	0	0	0	0	0	0	0	0	11	0	0	0	277	0	0	0	0	0	0	0	0	11	0	0	22	0	0
d__Archaea___p__Euryarchaeota___c__Methanobacteria___o__Methanobacteriales___f__Methanobacteriaceae	0	60	0	0	0	0	0	0	0	0	0	0	0	0	0	0	0	0	0	0	0	0	9	0	22	43	0	0	0	55	0	0	45	0	0	0	0	0	0	0	0	0	0	0	0	0	0	0	0	0	0	0	11	0	0	0	0	0	0	0	0	0	0	0	0	0	0	0	58	0	0	0	0	0	0	0	24	0	8	0	0	0	0	0	0	0	0	0	0	10	21	0	0	0	0	0	0	0	0	38	0	0	0	0	0	0	0	0	0	0	0	0	23	15	0	0	0	0	27	0	0	0	0	0	0	0	0	0	0	0	0	0	14	0	0	0	0	0	0	0	0	0	0	0	0	0	0	0	0	0	0	0	0	0	0	0	0	0	0	0	0	0	0	0	0	0	0	0	19	0	0	0	0	0	13	0	0	7	0	0	86	0	0	0	0	0	0	0	26	0	0	0	14	0	0	0	0	0	0	33	0	0	0	0	0	0	38	0	0	15	0	0	30	0	0	0	0	26	0	41	53	0	0	0	0	5	0	0	0	0	50	0	24	0	0	0	16	0	0	28	0	0	0	0	0	0	45	0	0	0	12	13	0	0	86	0	0	0	8	0	0	0	0	76	0	0	0	0	21	0	0	0	102	0	0	0	0	0	0	0	23	0	0	0	0	0	0	0	0	0	0	0	0	0	0	0	0	0	0	0	0	0	0	0	0	0	0	0	0	0	0	0	0	0	0	0	0	0	0	13	0	0	0	0	0	0	0	0	8	0	0	0	0	0	0	0	0	0	0	0	0	0	0	0	0	0	0	0	0	0	0	0	0	0	14	0	0	0	0	16	0	0	0	0	0	0	0	0	0	0	0	0	16	24	0	0	89	0	0	0	0	0	0	3	0	0	0	0	0	0	0	0	0	0	0	0	0	0	0	0	0	0	0	0	0	25	0	0	0	0	0	0	0	22	0	0	0	0	0	0	0	0	0	0	0	0	0	0	0	0	0	10	0	0	0	0	0	0	0	0	0	0	0	0	0	0	0	0	0	0	0	0	0	0	0	0	0	0	0	0	0	0	0	0	0	0	0	0	0	0	0	0	0	0	0	0	0	0	0	0	0	0	0	0	0	0	0	0	0	0	0	0	0	0	0	0	0	0	0	0	0	0	0	0	0	0	11	0	0	0	277	0	0	0	0	0	0	0	0	11	0	0	22	0	0
d__Archaea___p__Euryarchaeota___c__Methanobacteria___o__Methanobacteriales___f__Methanobacteriaceae___g__Methanobrevibacter	0	60	0	0	0	0	0	0	0	0	0	0	0	0	0	0	0	0	0	0	0	0	9	0	22	30	0	0	0	55	0	0	45	0	0	0	0	0	0	0	0	0	0	0	0	0	0	0	0	0	0	0	11	0	0	0	0	0	0	0	0	0	0	0	0	0	0	0	43	0	0	0	0	0	0	0	24	0	8	0	0	0	0	0	0	0	0	0	0	10	21	0	0	0	0	0	0	0	0	38	0	0	0	0	0	0	0	0	0	0	0	0	23	15	0	0	0	0	27	0	0	0	0	0	0	0	0	0	0	0	0	0	14	0	0	0	0	0	0	0	0	0	0	0	0	0	0	0	0	0	0	0	0	0	0	0	0	0	0	0	0	0	0	0	0	0	0	0	19	0	0	0	0	0	13	0	0	7	0	0	86	0	0	0	0	0	0	0	26	0	0	0	14	0	0	0	0	0	0	33	0	0	0	0	0	0	38	0	0	15	0	0	30	0	0	0	0	26	0	41	53	0	0	0	0	5	0	0	0	0	50	0	24	0	0	0	16	0	0	28	0	0	0	0	0	0	45	0	0	0	12	13	0	0	86	0	0	0	8	0	0	0	0	76	0	0	0	0	21	0	0	0	69	0	0	0	0	0	0	0	23	0	0	0	0	0	0	0	0	0	0	0	0	0	0	0	0	0	0	0	0	0	0	0	0	0	0	0	0	0	0	0	0	0	0	0	0	0	0	13	0	0	0	0	0	0	0	0	8	0	0	0	0	0	0	0	0	0	0	0	0	0	0	0	0	0	0	0	0	0	0	0	0	0	14	0	0	0	0	16	0	0	0	0	0	0	0	0	0	0	0	0	16	24	0	0	89	0	0	0	0	0	0	3	0	0	0	0	0	0	0	0	0	0	0	0	0	0	0	0	0	0	0	0	0	25	0	0	0	0	0	0	0	22	0	0	0	0	0	0	0	0	0	0	0	0	0	0	0	0	0	10	0	0	0	0	0	0	0	0	0	0	0	0	0	0	0	0	0	0	0	0	0	0	0	0	0	0	0	0	0	0	0	0	0	0	0	0	0	0	0	0	0	0	0	0	0	0	0	0	0	0	0	0	0	0	0	0	0	0	0	0	0	0	0	0	0	0	0	0	0	0	0	0	0	0	11	0	0	0	277	0	0	0	0	0	0	0	0	11	0	0	22	0	0
d__Archaea___p__Euryarchaeota___c__Methanobacteria___o__Methanobacteriales___f__Methanobacteriaceae___g__Methanosphaera	0	0	0	0	0	0	0	0	0	0	0	0	0	0	0	0	0	0	0	0	0	0	0	0	0	13	0	0	0	0	0	0	0	0	0	0	0	0	0	0	0	0	0	0	0	0	0	0	0	0	0	0	0	0	0	0	0	0	0	0	0	0	0	0	0	0	0	0	15	0	0	0	0	0	0	0	0	0	0	0	0	0	0	0	0	0	0	0	0	0	0	0	0	0	0	0	0	0	0	0	0	0	0	0	0	0	0	0	0	0	0	0	0	0	0	0	0	0	0	0	0	0	0	0	0	0	0	0	0	0	0	0	0	0	0	0	0	0	0	0	0	0	0	0	0	0	0	0	0	0	0	0	0	0	0	0	0	0	0	0	0	0	0	0	0	0	0	0	0	0	0	0	0	0	0	0	0	0	0	0	0	0	0	0	0	0	0	0	0	0	0	0	0	0	0	0	0	0	0	0	0	0	0	0	0	0	0	0	0	0	0	0	0	0	0	0	0	0	0	0	0	0	0	0	0	0	0	0	0	0	0	0	0	0	0	0	0	0	0	0	0	0	0	0	0	0	0	0	0	0	0	0	0	0	0	0	0	0	0	0	0	0	0	0	0	0	0	0	0	0	0	0	33	0	0	0	0	0	0	0	0	0	0	0	0	0	0	0	0	0	0	0	0	0	0	0	0	0	0	0	0	0	0	0	0	0	0	0	0	0	0	0	0	0	0	0	0	0	0	0	0	0	0	0	0	0	0	0	0	0	0	0	0	0	0	0	0	0	0	0	0	0	0	0	0	0	0	0	0	0	0	0	0	0	0	0	0	0	0	0	0	0	0	0	0	0	0	0	0	0	0	0	0	0	0	0	0	0	0	0	0	0	0	0	0	0	0	0	0	0	0	0	0	0	0	0	0	0	0	0	0	0	0	0	0	0	0	0	0	0	0	0	0	0	0	0	0	0	0	0	0	0	0	0	0	0	0	0	0	0	0	0	0	0	0	0	0	0	0	0	0	0	0	0	0	0	0	0	0	0	0	0	0	0	0	0	0	0	0	0	0	0	0	0	0	0	0	0	0	0	0	0	0	0	0	0	0	0	0	0	0	0	0	0	0	0	0	0	0	0	0	0	0	0	0	0	0	0	0	0	0	0	0	0	0	0	0	0	0	0	0	0	0	0	0	0	0	0	0	0	0	0	0	0	0
d__Archaea___p__Thermoplasmatota	0	0	0	0	0	0	0	0	0	0	0	0	0	0	0	0	0	0	0	0	0	0	0	0	0	0	0	0	0	0	0	0	0	0	0	0	0	0	0	0	0	0	0	0	0	0	0	0	0	0	0	0	0	0	0	0	0	0	0	0	0	0	0	0	0	0	0	0	0	0	0	0	0	0	0	0	0	0	0	0	0	0	0	0	0	0	0	0	0	0	0	0	0	0	0	0	0	0	0	0	0	0	0	0	0	0	0	0	0	0	0	0	0	0	0	0	0	0	0	0	0	0	0	0	0	0	0	0	0	0	0	0	0	0	0	0	0	0	0	0	0	0	0	0	0	0	0	0	0	0	0	0	0	0	0	0	0	0	0	0	0	0	0	0	0	0	0	0	0	0	0	0	0	0	0	0	0	0	0	0	0	0	0	0	0	0	0	0	0	0	0	0	0	0	0	0	0	0	0	0	0	0	0	0	0	0	0	0	0	0	0	0	0	0	0	0	0	0	0	0	0	0	0	0	0	0	0	0	0	0	0	0	0	0	0	0	0	0	0	0	0	0	0	0	0	0	0	0	0	0	0	0	0	0	0	0	0	0	0	0	0	0	0	0	0	0	0	0	0	0	0	0	0	0	0	0	0	0	0	0	0	0	0	0	0	0	0	0	0	0	0	0	0	0	0	0	0	0	0	0	0	0	0	0	0	0	0	0	0	0	0	0	0	0	0	0	0	0	0	0	0	0	0	0	0	0	0	0	0	0	38	0	0	0	0	0	0	0	0	0	0	0	0	0	0	0	0	0	0	0	0	0	0	0	0	0	0	0	0	0	0	0	0	0	0	0	0	0	0	0	0	0	0	0	0	0	0	0	0	0	0	0	0	0	0	0	0	0	0	0	0	0	0	0	0	0	0	0	0	0	0	0	0	0	0	0	0	0	0	81	0	0	0	0	0	0	0	0	0	0	0	0	0	0	0	0	0	0	0	0	0	0	0	0	0	0	0	0	0	0	0	0	0	0	0	0	0	0	0	0	0	0	0	0	0	0	0	0	0	0	0	0	0	0	0	0	0	0	0	0	0	0	0	0	0	0	0	0	0	0	0	0	0	0	0	0	0	0	0	0	0	0	0	0	0	0	0	0	0	0	0	0	0	0	0	0	0	0	0	0	0	0	0	0	0	0	0	0	0	0	0	0	0	0	0
d__Archaea___p__Thermoplasmatota___c__Thermoplasmata	0	0	0	0	0	0	0	0	0	0	0	0	0	0	0	0	0	0	0	0	0	0	0	0	0	0	0	0	0	0	0	0	0	0	0	0	0	0	0	0	0	0	0	0	0	0	0	0	0	0	0	0	0	0	0	0	0	0	0	0	0	0	0	0	0	0	0	0	0	0	0	0	0	0	0	0	0	0	0	0	0	0	0	0	0	0	0	0	0	0	0	0	0	0	0	0	0	0	0	0	0	0	0	0	0	0	0	0	0	0	0	0	0	0	0	0	0	0	0	0	0	0	0	0	0	0	0	0	0	0	0	0	0	0	0	0	0	0	0	0	0	0	0	0	0	0	0	0	0	0	0	0	0	0	0	0	0	0	0	0	0	0	0	0	0	0	0	0	0	0	0	0	0	0	0	0	0	0	0	0	0	0	0	0	0	0	0	0	0	0	0	0	0	0	0	0	0	0	0	0	0	0	0	0	0	0	0	0	0	0	0	0	0	0	0	0	0	0	0	0	0	0	0	0	0	0	0	0	0	0	0	0	0	0	0	0	0	0	0	0	0	0	0	0	0	0	0	0	0	0	0	0	0	0	0	0	0	0	0	0	0	0	0	0	0	0	0	0	0	0	0	0	0	0	0	0	0	0	0	0	0	0	0	0	0	0	0	0	0	0	0	0	0	0	0	0	0	0	0	0	0	0	0	0	0	0	0	0	0	0	0	0	0	0	0	0	0	0	0	0	0	0	0	0	0	0	0	0	0	0	38	0	0	0	0	0	0	0	0	0	0	0	0	0	0	0	0	0	0	0	0	0	0	0	0	0	0	0	0	0	0	0	0	0	0	0	0	0	0	0	0	0	0	0	0	0	0	0	0	0	0	0	0	0	0	0	0	0	0	0	0	0	0	0	0	0	0	0	0	0	0	0	0	0	0	0	0	0	0	81	0	0	0	0	0	0	0	0	0	0	0	0	0	0	0	0	0	0	0	0	0	0	0	0	0	0	0	0	0	0	0	0	0	0	0	0	0	0	0	0	0	0	0	0	0	0	0	0	0	0	0	0	0	0	0	0	0	0	0	0	0	0	0	0	0	0	0	0	0	0	0	0	0	0	0	0	0	0	0	0	0	0	0	0	0	0	0	0	0	0	0	0	0	0	0	0	0	0	0	0	0	0	0	0	0	0	0	0	0	0	0	0	0	0	0
d__Archaea___p__Thermoplasmatota___c__Thermoplasmata___o__Methanomassiliicoccales	0	0	0	0	0	0	0	0	0	0	0	0	0	0	0	0	0	0	0	0	0	0	0	0	0	0	0	0	0	0	0	0	0	0	0	0	0	0	0	0	0	0	0	0	0	0	0	0	0	0	0	0	0	0	0	0	0	0	0	0	0	0	0	0	0	0	0	0	0	0	0	0	0	0	0	0	0	0	0	0	0	0	0	0	0	0	0	0	0	0	0	0	0	0	0	0	0	0	0	0	0	0	0	0	0	0	0	0	0	0	0	0	0	0	0	0	0	0	0	0	0	0	0	0	0	0	0	0	0	0	0	0	0	0	0	0	0	0	0	0	0	0	0	0	0	0	0	0	0	0	0	0	0	0	0	0	0	0	0	0	0	0	0	0	0	0	0	0	0	0	0	0	0	0	0	0	0	0	0	0	0	0	0	0	0	0	0	0	0	0	0	0	0	0	0	0	0	0	0	0	0	0	0	0	0	0	0	0	0	0	0	0	0	0	0	0	0	0	0	0	0	0	0	0	0	0	0	0	0	0	0	0	0	0	0	0	0	0	0	0	0	0	0	0	0	0	0	0	0	0	0	0	0	0	0	0	0	0	0	0	0	0	0	0	0	0	0	0	0	0	0	0	0	0	0	0	0	0	0	0	0	0	0	0	0	0	0	0	0	0	0	0	0	0	0	0	0	0	0	0	0	0	0	0	0	0	0	0	0	0	0	0	0	0	0	0	0	0	0	0	0	0	0	0	0	0	0	0	0	0	38	0	0	0	0	0	0	0	0	0	0	0	0	0	0	0	0	0	0	0	0	0	0	0	0	0	0	0	0	0	0	0	0	0	0	0	0	0	0	0	0	0	0	0	0	0	0	0	0	0	0	0	0	0	0	0	0	0	0	0	0	0	0	0	0	0	0	0	0	0	0	0	0	0	0	0	0	0	0	81	0	0	0	0	0	0	0	0	0	0	0	0	0	0	0	0	0	0	0	0	0	0	0	0	0	0	0	0	0	0	0	0	0	0	0	0	0	0	0	0	0	0	0	0	0	0	0	0	0	0	0	0	0	0	0	0	0	0	0	0	0	0	0	0	0	0	0	0	0	0	0	0	0	0	0	0	0	0	0	0	0	0	0	0	0	0	0	0	0	0	0	0	0	0	0	0	0	0	0	0	0	0	0	0	0	0	0	0	0	0	0	0	0	0	0
d__Archaea___p__Thermoplasmatota___c__Thermoplasmata___o__Methanomassiliicoccales___f__Methanomethylophilaceae	0	0	0	0	0	0	0	0	0	0	0	0	0	0	0	0	0	0	0	0	0	0	0	0	0	0	0	0	0	0	0	0	0	0	0	0	0	0	0	0	0	0	0	0	0	0	0	0	0	0	0	0	0	0	0	0	0	0	0	0	0	0	0	0	0	0	0	0	0	0	0	0	0	0	0	0	0	0	0	0	0	0	0	0	0	0	0	0	0	0	0	0	0	0	0	0	0	0	0	0	0	0	0	0	0	0	0	0	0	0	0	0	0	0	0	0	0	0	0	0	0	0	0	0	0	0	0	0	0	0	0	0	0	0	0	0	0	0	0	0	0	0	0	0	0	0	0	0	0	0	0	0	0	0	0	0	0	0	0	0	0	0	0	0	0	0	0	0	0	0	0	0	0	0	0	0	0	0	0	0	0	0	0	0	0	0	0	0	0	0	0	0	0	0	0	0	0	0	0	0	0	0	0	0	0	0	0	0	0	0	0	0	0	0	0	0	0	0	0	0	0	0	0	0	0	0	0	0	0	0	0	0	0	0	0	0	0	0	0	0	0	0	0	0	0	0	0	0	0	0	0	0	0	0	0	0	0	0	0	0	0	0	0	0	0	0	0	0	0	0	0	0	0	0	0	0	0	0	0	0	0	0	0	0	0	0	0	0	0	0	0	0	0	0	0	0	0	0	0	0	0	0	0	0	0	0	0	0	0	0	0	0	0	0	0	0	0	0	0	0	0	0	0	0	0	0	0	0	0	0	38	0	0	0	0	0	0	0	0	0	0	0	0	0	0	0	0	0	0	0	0	0	0	0	0	0	0	0	0	0	0	0	0	0	0	0	0	0	0	0	0	0	0	0	0	0	0	0	0	0	0	0	0	0	0	0	0	0	0	0	0	0	0	0	0	0	0	0	0	0	0	0	0	0	0	0	0	0	0	81	0	0	0	0	0	0	0	0	0	0	0	0	0	0	0	0	0	0	0	0	0	0	0	0	0	0	0	0	0	0	0	0	0	0	0	0	0	0	0	0	0	0	0	0	0	0	0	0	0	0	0	0	0	0	0	0	0	0	0	0	0	0	0	0	0	0	0	0	0	0	0	0	0	0	0	0	0	0	0	0	0	0	0	0	0	0	0	0	0	0	0	0	0	0	0	0	0	0	0	0	0	0	0	0	0	0	0	0	0	0	0	0	0	0	0
d__Bacteria___p__Actinobacteriota	68	480	337	39	14	606	177	208	706	253	164	688	500	732	792	987	88	515	503	340	860	609	834	352	709	879	1942	1362	2982	2801	422	1397	2392	2641	323	628	3347	1121	1342	2210	512	1071	1690	851	977	345	2290	541	207	258	2050	1320	2768	5903	8072	1775	1020	774	333	963	159	145	859	390	389	324	1226	3671	774	486	439	892	109	895	1714	1867	1237	3832	612	3125	1457	1331	203	1946	1018	1198	875	3332	3560	950	143	525	854	2077	785	1330	0	29	361	39	80	646	15	112	107	54	74	138	65	69	78	0	236	24	21	26	56	35	276	42	89	0	0	113	16	96	193	142	374	565	640	169	20	49	261	155	158	132	65	180	129	97	91	243	319	18	17	91	51	232	36	268	83	115	27	88	60	342	25	173	259	276	41	17	22	1042	199	562	86	177	167	0	152	33	434	104	24	165	346	398	374	99	69	115	741	0	99	143	343	1094	763	1731	352	854	1510	563	1106	1034	1850	1887	566	563	550	248	2427	617	2907	472	1543	7434	225	12899	3993	1507	2433	888	3536	1076	349	1200	1971	647	2209	230	636	1533	1130	3647	2007	3450	1237	2145	950	2058	1122	1024	4860	627	388	2243	1666	1175	451	853	312	689	1918	527	519	382	1129	371	1742	1775	1071	1625	1162	676	2199	2044	736	2040	2320	690	1391	714	590	431	1365	1877	591	749	2605	2254	1123	377	424	424	1868	316	261	318	170	82	130	666	0	0	55	14	1108	196	76	3	74	82	297	181	37	560	288	156	439	435	19	110	523	63	1245	82	145	118	142	66	130	22	547	51	274	208	90	330	336	255	58	212	58	392	298	190	120	0	9	290	1812	25	195	137	82	116	204	76	64	31	20	0	38	130	1306	72	887	3586	42	89	62	165	51	1237	186	281	0	463	34	104	49	286	56	16	744	57	112	357	630	61	80	430	1242	0	146	1116	260	90	120	193	48	687	147	109	187	484	197	271	102	40	244	150	208	554	87	117	104	401	374	84	270	335	498	88	81	835	28	368	653	254	224	392	0	0	54	465	388	1563	424	1163	721	628	1091	35	64	185	291	284	84	43	91	31	63	275	609	100	398	40	268	39	196	112	348	14	118	77	20	146	722	0	244	1122	132	342	146	2493	109	879	339	289	167	86	80	1447	191	34	174	2684	292	527	0	172	16	192	183	118	6	164	0	0	18411	0	10	0	23	80	209	75	490	122	121	0	0	41	11	38	58	7	185	15	68	48	190	81	206	325	1597	1900	1181	1245	79	24	321	1334	129	294	109	74	37	8010	61
d__Bacteria___p__Actinobacteriota___c__Actinobacteria	0	303	235	39	14	151	38	12	402	0	26	146	126	206	359	401	57	100	426	237	511	311	251	298	140	382	609	607	306	534	382	373	869	2449	219	58	1000	108	745	1194	176	548	310	176	116	97	1517	145	53	163	1469	1267	2286	4475	7962	1231	645	142	209	149	42	0	558	325	154	247	795	3314	505	70	378	786	109	257	20	1559	545	3818	483	2254	913	669	0	984	664	830	512	2892	2672	623	0	0	377	1954	72	118	0	0	338	0	21	196	0	0	0	18	21	0	65	0	46	0	169	0	0	0	0	35	80	0	46	0	0	0	0	43	122	88	97	63	108	0	0	0	161	111	0	48	65	108	98	62	0	22	222	0	0	44	0	17	0	56	0	115	0	0	0	82	0	145	113	0	26	0	0	921	18	0	0	146	0	0	2	0	360	22	7	0	320	353	374	20	0	0	501	0	58	143	140	213	96	950	65	581	1312	0	587	705	1606	506	0	103	360	158	259	241	610	369	752	6106	128	12496	2890	689	1940	537	2121	655	12	492	1231	201	1753	39	344	817	248	1778	747	1985	52	1207	316	1285	521	0	4277	68	119	1823	1150	112	187	0	203	157	989	17	130	68	292	66	418	208	31	1137	278	15	1539	517	170	1029	1902	322	606	128	215	0	833	291	0	0	1171	538	139	42	103	256	705	0	129	313	133	0	11	472	0	0	7	0	642	150	21	0	0	53	105	52	37	298	23	85	197	200	0	0	258	21	364	82	105	17	66	37	111	0	354	0	176	74	0	137	48	255	2	150	0	330	52	13	30	0	9	144	442	11	0	49	28	39	32	50	64	9	0	0	6	73	314	30	366	0	24	63	44	87	5	664	51	134	0	446	15	7	17	119	32	0	696	57	22	357	495	27	15	330	738	0	106	369	175	0	52	29	0	2	83	76	135	422	151	155	57	9	0	59	34	326	5	2	20	317	252	67	0	205	354	20	36	705	13	33	404	54	209	277	0	0	54	0	168	1464	25	297	293	422	144	10	11	83	30	94	40	11	0	0	34	7	20	0	20	0	59	17	67	9	206	0	101	21	0	146	216	0	244	1116	58	122	84	2312	20	239	334	135	157	54	0	74	147	0	0	1504	114	455	0	54	16	131	183	45	6	77	0	0	17795	0	0	0	0	0	0	0	242	115	88	0	0	13	11	5	26	7	95	0	43	22	51	15	73	235	85	1769	697	815	79	24	277	921	38	95	62	51	17	6542	49
d__Bacteria___p__Actinobacteriota___c__Actinobacteria___o__Actinomycetales	0	14	0	0	14	0	0	0	0	0	0	47	87	13	0	0	0	0	0	57	0	36	0	94	0	0	43	96	237	155	41	54	0	48	91	0	131	8	0	0	30	0	296	45	20	0	36	41	0	0	0	23	60	29	0	16	0	22	0	58	0	0	0	0	0	0	21	0	0	0	0	0	16	0	20	0	0	0	0	0	23	0	0	38	23	0	40	0	16	0	0	0	14	7	0	26	0	0	0	0	0	0	0	0	0	0	0	0	0	0	0	0	0	0	0	0	0	0	0	0	12	0	0	0	0	0	0	0	0	0	0	0	0	0	0	32	0	0	0	0	0	0	0	0	0	0	0	44	0	0	0	0	0	0	0	0	0	0	0	0	0	0	0	0	0	85	0	0	0	0	0	0	0	0	0	22	0	0	0	0	0	17	0	0	0	0	0	69	0	0	28	0	0	76	27	0	16	0	0	0	0	0	56	54	34	0	99	171	95	0	0	0	0	0	0	0	29	14	0	0	0	0	0	39	0	28	127	346	0	399	17	0	0	0	0	0	0	29	18	18	117	0	0	0	87	74	32	0	0	44	0	0	0	0	31	0	0	15	0	93	31	216	0	0	92	45	0	0	0	51	0	0	44	147	0	0	103	14	0	0	0	0	0	0	0	0	0	0	0	0	0	0	0	0	0	0	0	0	0	0	0	0	0	0	0	0	0	0	0	0	0	0	0	0	0	0	0	0	0	0	0	0	0	0	0	0	0	0	0	0	0	0	0	0	0	0	0	0	0	0	0	0	0	0	0	0	0	0	0	0	0	0	0	0	0	0	0	0	0	0	0	0	0	0	0	0	0	0	0	0	0	0	0	0	0	0	0	0	0	0	0	0	0	0	0	0	0	0	0	0	0	0	0	0	0	0	0	0	0	0	0	0	0	0	0	0	0	0	0	0	0	15	0	4	0	0	0	0	14	0	0	912	0	0	0	0	57	0	0	0	0	0	30	0	0	0	0	7	0	0	0	0	0	0	0	0	0	0	0	0	0	0	0	0	0	0	0	35	41	0	0	42	0	0	0	0	0	43	0	0	0	61	0	0	0	0	0	0	0	0	0	0	0	0	16	0	0	0	0	0	0	0	0	0	0	0	0	0	0	5	0	0	0	0	0	0	0	0	0	0	0	0	34	0	0	0	101	0	0	0	0	0	0	0	0
d__Bacteria___p__Actinobacteriota___c__Actinobacteria___o__Actinomycetales___f__Actinomycetaceae	0	14	0	0	14	0	0	0	0	0	0	47	87	13	0	0	0	0	0	57	0	36	0	94	0	0	43	96	237	155	41	54	0	48	91	0	131	8	0	0	30	0	296	45	20	0	36	41	0	0	0	23	60	29	0	16	0	22	0	58	0	0	0	0	0	0	21	0	0	0	0	0	16	0	20	0	0	0	0	0	23	0	0	38	23	0	40	0	16	0	0	0	14	7	0	26	0	0	0	0	0	0	0	0	0	0	0	0	0	0	0	0	0	0	0	0	0	0	0	0	12	0	0	0	0	0	0	0	0	0	0	0	0	0	0	32	0	0	0	0	0	0	0	0	0	0	0	44	0	0	0	0	0	0	0	0	0	0	0	0	0	0	0	0	0	85	0	0	0	0	0	0	0	0	0	22	0	0	0	0	0	17	0	0	0	0	0	69	0	0	28	0	0	76	27	0	16	0	0	0	0	0	56	54	34	0	99	171	95	0	0	0	0	0	0	0	29	14	0	0	0	0	0	39	0	28	127	346	0	399	17	0	0	0	0	0	0	29	18	18	117	0	0	0	87	74	32	0	0	44	0	0	0	0	31	0	0	15	0	93	31	216	0	0	92	45	0	0	0	51	0	0	44	147	0	0	103	14	0	0	0	0	0	0	0	0	0	0	0	0	0	0	0	0	0	0	0	0	0	0	0	0	0	0	0	0	0	0	0	0	0	0	0	0	0	0	0	0	0	0	0	0	0	0	0	0	0	0	0	0	0	0	0	0	0	0	0	0	0	0	0	0	0	0	0	0	0	0	0	0	0	0	0	0	0	0	0	0	0	0	0	0	0	0	0	0	0	0	0	0	0	0	0	0	0	0	0	0	0	0	0	0	0	0	0	0	0	0	0	0	0	0	0	0	0	0	0	0	0	0	0	0	0	0	0	0	0	0	0	0	0	15	0	4	0	0	0	0	14	0	0	912	0	0	0	0	57	0	0	0	0	0	30	0	0	0	0	7	0	0	0	0	0	0	0	0	0	0	0	0	0	0	0	0	0	0	0	35	41	0	0	42	0	0	0	0	0	43	0	0	0	61	0	0	0	0	0	0	0	0	0	0	0	0	16	0	0	0	0	0	0	0	0	0	0	0	0	0	0	5	0	0	0	0	0	0	0	0	0	0	0	0	34	0	0	0	101	0	0	0	0	0	0	0	0
d__Bacteria___p__Actinobacteriota___c__Actinobacteria___o__Actinomycetales___f__Actinomycetaceae___g__Actinomyces	0	14	0	0	14	0	0	0	0	0	0	47	87	13	0	0	0	0	0	57	0	36	0	94	0	0	43	96	237	155	41	54	0	48	91	0	131	8	0	0	30	0	296	45	20	0	36	41	0	0	0	23	60	29	0	16	0	17	0	58	0	0	0	0	0	0	21	0	0	0	0	0	16	0	20	0	0	0	0	0	23	0	0	38	23	0	40	0	16	0	0	0	14	7	0	26	0	0	0	0	0	0	0	0	0	0	0	0	0	0	0	0	0	0	0	0	0	0	0	0	12	0	0	0	0	0	0	0	0	0	0	0	0	0	0	32	0	0	0	0	0	0	0	0	0	0	0	44	0	0	0	0	0	0	0	0	0	0	0	0	0	0	0	0	0	85	0	0	0	0	0	0	0	0	0	22	0	0	0	0	0	17	0	0	0	0	0	69	0	0	28	0	0	76	27	0	16	0	0	0	0	0	56	54	34	0	99	171	95	0	0	0	0	0	0	0	29	14	0	0	0	0	0	39	0	28	127	346	0	399	17	0	0	0	0	0	0	29	18	18	117	0	0	0	87	74	32	0	0	44	0	0	0	0	31	0	0	15	0	93	31	216	0	0	92	45	0	0	0	51	0	0	44	147	0	0	103	14	0	0	0	0	0	0	0	0	0	0	0	0	0	0	0	0	0	0	0	0	0	0	0	0	0	0	0	0	0	0	0	0	0	0	0	0	0	0	0	0	0	0	0	0	0	0	0	0	0	0	0	0	0	0	0	0	0	0	0	0	0	0	0	0	0	0	0	0	0	0	0	0	0	0	0	0	0	0	0	0	0	0	0	0	0	0	0	0	0	0	0	0	0	0	0	0	0	0	0	0	0	0	0	0	0	0	0	0	0	0	0	0	0	0	0	0	0	0	0	0	0	0	0	0	0	0	0	0	0	0	0	0	0	15	0	4	0	0	0	0	14	0	0	912	0	0	0	0	57	0	0	0	0	0	30	0	0	0	0	7	0	0	0	0	0	0	0	0	0	0	0	0	0	0	0	0	0	0	0	35	41	0	0	42	0	0	0	0	0	43	0	0	0	61	0	0	0	0	0	0	0	0	0	0	0	0	16	0	0	0	0	0	0	0	0	0	0	0	0	0	0	5	0	0	0	0	0	0	0	0	0	0	0	0	34	0	0	0	101	0	0	0	0	0	0	0	0
d__Bacteria___p__Actinobacteriota___c__Actinobacteria___o__Bifidobacteriales	0	289	235	39	0	151	38	12	402	0	26	79	0	193	359	391	57	63	426	180	511	212	251	45	140	382	566	501	35	310	341	269	869	2368	128	58	869	84	745	1190	146	548	0	131	96	97	1267	104	53	150	1469	1244	2226	4446	7962	1215	635	95	195	91	42	0	558	325	154	247	774	3314	505	70	339	786	0	257	0	1542	545	3818	483	2254	864	669	0	889	641	830	449	2892	2656	623	0	0	346	1942	72	92	0	0	338	0	0	189	0	0	0	0	21	0	65	0	46	0	169	0	0	0	0	35	80	0	34	0	0	0	0	43	92	88	97	63	108	0	0	0	161	42	0	34	0	108	98	62	0	0	222	0	0	0	0	17	0	56	0	115	0	0	0	82	0	0	113	0	26	0	0	218	18	0	0	146	0	0	2	0	360	0	7	0	320	353	374	0	0	0	501	0	58	0	140	213	38	919	65	472	1260	0	571	657	1584	506	0	103	304	104	225	241	465	0	591	6106	82	12486	2861	648	1940	537	2092	618	12	492	1231	144	1753	0	344	761	33	1351	747	1475	35	1207	316	1269	484	0	4277	0	101	1805	974	112	187	0	0	83	957	0	130	0	292	52	309	208	0	260	278	0	1539	375	139	719	1902	322	514	83	215	0	833	240	0	0	1098	334	139	42	0	242	705	0	129	313	133	0	11	472	0	0	7	0	642	150	21	0	0	53	105	52	37	298	23	85	197	200	0	0	258	21	364	82	100	17	66	37	111	0	354	0	176	74	0	137	48	255	2	150	0	330	52	13	30	0	0	144	442	11	0	49	28	39	32	50	64	9	0	0	6	73	314	30	359	0	24	63	44	87	5	653	51	134	0	446	15	7	17	119	32	0	696	57	22	357	495	27	15	330	738	0	106	369	175	0	52	29	0	2	83	76	135	422	151	155	57	9	0	59	34	326	5	2	20	317	252	67	0	205	354	20	36	705	13	18	404	50	209	277	0	0	40	0	168	0	0	297	293	422	87	10	11	83	30	94	0	11	0	0	34	0	20	0	20	0	59	17	67	9	206	0	101	21	0	146	216	0	244	1116	58	87	22	2312	20	197	334	135	157	54	0	0	147	0	0	1402	114	455	0	54	16	131	183	45	6	77	0	0	17779	0	0	0	0	0	0	0	242	115	88	0	0	13	11	0	26	7	95	0	36	0	45	15	73	235	85	1769	663	815	77	24	140	921	38	95	62	51	17	6542	49
d__Bacteria___p__Actinobacteriota___c__Actinobacteria___o__Bifidobacteriales___f__Bifidobacteriaceae	0	289	235	39	0	151	38	12	402	0	26	79	0	193	359	391	57	63	426	180	511	212	251	45	140	382	566	501	35	310	341	269	869	2368	128	58	869	84	745	1190	146	548	0	131	96	97	1267	104	53	150	1469	1244	2226	4446	7962	1215	635	95	195	91	42	0	558	325	154	247	774	3314	505	70	339	786	0	257	0	1542	545	3818	483	2254	864	669	0	889	641	830	449	2892	2656	623	0	0	346	1942	72	92	0	0	338	0	0	189	0	0	0	0	21	0	65	0	46	0	169	0	0	0	0	35	80	0	34	0	0	0	0	43	92	88	97	63	108	0	0	0	161	42	0	34	0	108	98	62	0	0	222	0	0	0	0	17	0	56	0	115	0	0	0	82	0	0	113	0	26	0	0	218	18	0	0	146	0	0	2	0	360	0	7	0	320	353	374	0	0	0	501	0	58	0	140	213	38	919	65	472	1260	0	571	657	1584	506	0	103	304	104	225	241	465	0	591	6106	82	12486	2861	648	1940	537	2092	618	12	492	1231	144	1753	0	344	761	33	1351	747	1475	35	1207	316	1269	484	0	4277	0	101	1805	974	112	187	0	0	83	957	0	130	0	292	52	309	208	0	260	278	0	1539	375	139	719	1902	322	514	83	215	0	833	240	0	0	1098	334	139	42	0	242	705	0	129	313	133	0	11	472	0	0	7	0	642	150	21	0	0	53	105	52	37	298	23	85	197	200	0	0	258	21	364	82	100	17	66	37	111	0	354	0	176	74	0	137	48	255	2	150	0	330	52	13	30	0	0	144	442	11	0	49	28	39	32	50	64	9	0	0	6	73	314	30	359	0	24	63	44	87	5	653	51	134	0	446	15	7	17	119	32	0	696	57	22	357	495	27	15	330	738	0	106	369	175	0	52	29	0	2	83	76	135	422	151	155	57	9	0	59	34	326	5	2	20	317	252	67	0	205	354	20	36	705	13	18	404	50	209	277	0	0	40	0	168	0	0	297	293	422	87	10	11	83	30	94	0	11	0	0	34	0	20	0	20	0	59	17	67	9	206	0	101	21	0	146	216	0	244	1116	58	87	22	2312	20	197	334	135	157	54	0	0	147	0	0	1402	114	455	0	54	16	131	183	45	6	77	0	0	17779	0	0	0	0	0	0	0	242	115	88	0	0	13	11	0	26	7	95	0	36	0	45	15	73	235	85	1769	663	815	77	24	140	921	38	95	62	51	17	6542	49
d__Bacteria___p__Actinobacteriota___c__Actinobacteria___o__Bifidobacteriales___f__Bifidobacteriaceae___g__Bifidobacterium	0	289	235	39	0	151	38	12	402	0	26	79	0	193	359	391	57	63	426	180	511	212	251	45	140	382	566	501	35	310	341	269	869	2155	128	58	869	84	745	1098	146	548	0	131	96	97	1267	104	53	150	1469	1244	2226	4446	7962	1215	635	95	195	91	42	0	558	325	154	247	774	3314	505	70	339	786	0	257	0	1542	545	3818	483	2254	864	669	0	889	641	830	449	2892	2656	623	0	0	346	1942	72	92	0	0	338	0	0	189	0	0	0	0	21	0	65	0	46	0	169	0	0	0	0	35	80	0	34	0	0	0	0	43	92	88	97	63	108	0	0	0	161	42	0	34	0	108	98	62	0	0	222	0	0	0	0	17	0	56	0	115	0	0	0	82	0	0	113	0	26	0	0	218	18	0	0	146	0	0	0	0	360	0	7	0	320	353	374	0	0	0	501	0	58	0	140	213	38	919	65	472	1260	0	571	657	1584	506	0	103	304	104	225	241	465	0	591	6106	82	12317	2861	648	1940	537	2092	618	12	492	1231	144	1753	0	344	761	33	1351	747	1475	35	1207	316	1269	484	0	4277	0	101	1805	974	112	187	0	0	83	957	0	130	0	292	52	309	208	0	260	278	0	1539	375	139	719	1902	322	514	83	215	0	833	240	0	0	1098	334	139	42	0	242	705	0	129	313	133	0	11	470	0	0	7	0	642	150	21	0	0	53	105	52	37	298	23	85	197	200	0	0	258	21	364	82	100	17	66	37	109	0	354	0	176	74	0	137	48	255	2	150	0	330	52	13	30	0	0	144	436	11	0	49	28	39	32	50	64	9	0	0	6	73	312	30	359	0	24	63	44	85	5	648	49	134	0	435	15	7	17	119	32	0	696	57	22	357	495	27	15	330	736	0	106	369	175	0	52	29	0	0	83	76	135	422	151	155	57	9	0	59	34	326	5	0	20	317	252	67	0	205	354	20	36	703	13	18	404	47	209	277	0	0	40	0	168	0	0	297	293	422	87	10	11	83	30	94	0	11	0	0	34	0	20	0	20	0	59	17	67	9	206	0	101	21	0	146	216	0	244	1116	58	87	22	2312	20	197	334	135	157	54	0	0	147	0	0	1402	114	455	0	54	16	131	183	45	6	77	0	0	17779	0	0	0	0	0	0	0	242	115	88	0	0	13	11	0	26	7	95	0	36	0	45	15	73	235	85	1763	663	815	77	24	140	921	38	95	62	51	7	6542	49
d__Bacteria___p__Actinobacteriota___c__Actinobacteria___o__Bifidobacteriales___f__Bifidobacteriaceae___g__Gardnerella	0	0	0	0	0	0	0	0	0	0	0	0	0	0	0	0	0	0	0	0	0	0	0	0	0	0	0	0	0	0	0	0	0	0	0	0	0	0	0	0	0	0	0	0	0	0	0	0	0	0	0	0	0	0	0	0	0	0	0	0	0	0	0	0	0	0	0	0	0	0	0	0	0	0	0	0	0	0	0	0	0	0	0	0	0	0	0	0	0	0	0	0	0	0	0	0	0	0	0	0	0	0	0	0	0	0	0	0	0	0	0	0	0	0	0	0	0	0	0	0	0	0	0	0	0	0	0	0	0	0	0	0	0	0	0	0	0	0	0	0	0	0	0	0	0	0	0	0	0	0	0	0	0	0	0	0	0	0	0	0	0	0	0	0	0	0	0	0	0	0	0	0	0	0	0	0	0	0	0	0	0	0	0	0	0	0	0	0	0	0	0	0	0	0	0	0	0	0	0	0	0	0	0	0	0	0	0	0	0	0	0	168	0	0	0	0	0	0	0	0	0	0	0	0	0	0	0	0	0	0	0	0	0	0	0	0	0	0	0	0	0	0	0	0	0	0	0	0	0	0	0	0	0	0	0	0	0	0	0	0	0	0	0	0	0	0	0	0	0	0	0	0	0	0	0	0	0	0	0	0	0	0	0	0	0	0	0	0	0	0	0	0	0	0	0	0	0	0	0	0	0	0	0	0	0	0	0	0	0	0	0	0	0	0	0	0	0	0	0	0	0	0	0	0	0	0	0	0	0	0	0	0	0	0	0	0	0	0	0	0	0	0	0	0	0	0	0	0	0	0	0	0	0	0	0	0	0	0	0	0	0	0	0	0	0	0	0	0	0	0	0	0	0	0	0	0	0	0	0	0	0	0	0	0	0	0	0	0	0	0	0	0	0	0	0	0	0	0	0	0	0	0	0	0	0	0	0	0	0	0	0	0	0	0	0	0	0	0	0	0	0	0	0	0	0	0	0	0	0	0	0	0	0	0	0	0	0	0	0	0	0	0	0	0	0	0	0	0	0	0	0	0	0	0	0	0	0	0	0	0	0	0	0	0	0	0	0	0	0	0	0	0	0	0	0	0	0	0	0	0	0	0	0	0	0	0	0	0	0	0	0	0	0	0	0	0	0	0	0	0	0	0	0	0	0	0	0	0	0	0	0	0	0	0	0	0	0	0	0	0	0	0	10	0	0
d__Bacteria___p__Actinobacteriota___c__Actinobacteria___o__Bifidobacteriales___f__Bifidobacteriaceae___g__Pseudoscardovia	0	0	0	0	0	0	0	0	0	0	0	0	0	0	0	0	0	0	0	0	0	0	0	0	0	0	0	0	0	0	0	0	0	0	0	0	0	0	0	0	0	0	0	0	0	0	0	0	0	0	0	0	0	0	0	0	0	0	0	0	0	0	0	0	0	0	0	0	0	0	0	0	0	0	0	0	0	0	0	0	0	0	0	0	0	0	0	0	0	0	0	0	0	0	0	0	0	0	0	0	0	0	0	0	0	0	0	0	0	0	0	0	0	0	0	0	0	0	0	0	0	0	0	0	0	0	0	0	0	0	0	0	0	0	0	0	0	0	0	0	0	0	0	0	0	0	0	0	0	0	0	0	0	0	0	0	0	0	0	0	0	0	0	0	0	0	0	0	0	0	0	0	2	0	0	0	0	0	0	0	0	0	0	0	0	0	0	0	0	0	0	0	0	0	0	0	0	0	0	0	0	0	0	0	0	0	0	0	0	0	0	1	0	0	0	0	0	0	0	0	0	0	0	0	0	0	0	0	0	0	0	0	0	0	0	0	0	0	0	0	0	0	0	0	0	0	0	0	0	0	0	0	0	0	0	0	0	0	0	0	0	0	0	0	0	0	0	0	0	0	0	0	0	0	0	0	0	0	0	0	0	0	0	0	0	0	0	0	0	0	0	0	0	0	0	0	0	0	0	0	0	0	0	0	0	0	0	0	0	0	0	0	0	0	0	0	0	0	0	0	0	0	0	0	0	0	0	0	0	0	0	0	0	0	0	0	0	0	0	0	0	0	0	0	0	0	0	0	2	0	0	0	0	0	0	0	0	0	0	0	0	11	0	0	0	0	0	0	0	0	0	0	0	0	0	0	0	0	0	0	0	0	0	0	0	0	0	0	0	0	0	0	0	0	0	0	0	0	0	2	0	0	0	0	0	0	0	0	0	2	0	0	0	3	0	0	0	0	0	0	0	0	0	0	0	0	0	0	0	0	0	0	0	0	0	0	0	0	0	0	0	0	0	0	0	0	0	0	0	0	0	0	0	0	0	0	0	0	0	0	0	0	0	0	0	0	0	0	0	0	0	0	0	0	0	0	0	0	0	0	0	0	0	0	0	0	0	0	0	0	0	0	0	0	0	0	0	0	0	0	0	0	0	0	0	0	0	0	0	0	0	0	0	0	0	0	0	0	0	0	0	0	0	0	0
d__Bacteria___p__Actinobacteriota___c__Actinobacteria___o__Corynebacteriales	0	0	0	0	0	0	0	0	0	0	0	0	0	0	0	0	0	0	0	0	0	0	0	0	0	0	0	10	0	0	0	0	0	0	0	0	0	0	0	0	0	0	0	0	0	0	0	0	0	13	0	0	0	0	0	0	0	18	14	0	0	0	0	0	0	0	0	0	0	0	10	0	0	0	0	0	0	0	0	0	0	0	0	0	0	0	0	0	0	0	0	0	0	0	0	0	0	0	0	0	0	7	0	0	0	0	0	0	0	0	0	0	0	0	0	0	0	0	0	0	0	0	0	0	0	0	0	0	0	0	0	0	0	0	0	0	0	0	0	0	0	0	0	0	0	0	0	0	0	0	0	0	0	0	0	0	0	0	0	0	0	0	0	0	0	0	0	0	0	0	0	0	0	0	0	0	0	0	0	0	0	0	0	0	0	0	0	0	0	0	0	0	0	0	0	0	0	12	0	0	0	0	0	0	0	0	6	14	0	0	0	0	29	41	0	0	0	23	0	0	0	0	0	0	0	0	88	0	0	0	0	0	0	0	0	0	0	0	0	0	0	0	0	0	0	0	0	17	0	0	0	14	0	0	0	0	0	0	0	0	0	0	0	0	0	0	0	0	0	0	0	0	0	0	0	0	0	0	0	0	0	0	0	0	0	0	0	0	0	0	0	0	0	0	0	0	0	0	0	0	0	0	0	0	0	0	0	0	0	0	0	0	0	0	0	0	0	0	0	0	0	0	0	0	0	0	0	0	0	0	0	0	0	0	0	0	0	0	0	0	0	0	0	0	0	0	0	0	0	0	0	0	0	0	0	0	0	11	0	0	0	0	0	0	0	0	0	0	0	0	0	0	0	0	0	0	0	0	0	0	0	0	0	0	0	0	0	0	0	0	0	0	0	0	0	0	0	0	0	0	0	0	0	0	0	0	0	0	0	0	0	0	0	0	0	0	0	0	0	0	0	0	0	0	0	0	0	0	0	0	0	0	0	0	0	0	0	0	0	0	0	0	0	0	0	0	0	0	0	0	0	0	0	0	0	0	0	0	9	0	0	0	0	0	0	0	0	0	0	0	0	0	0	0	0	0	0	0	0	0	0	0	0	0	0	0	0	0	0	0	0	0	0	0	0	0	0	0	0	0	0	0	0	0	0	0	6	0	0	0	0	0	0	0	0	0	0	0	0	0	0	0	0	0	0
d__Bacteria___p__Actinobacteriota___c__Actinobacteria___o__Corynebacteriales___f__Corynebacteriaceae	0	0	0	0	0	0	0	0	0	0	0	0	0	0	0	0	0	0	0	0	0	0	0	0	0	0	0	10	0	0	0	0	0	0	0	0	0	0	0	0	0	0	0	0	0	0	0	0	0	13	0	0	0	0	0	0	0	18	14	0	0	0	0	0	0	0	0	0	0	0	10	0	0	0	0	0	0	0	0	0	0	0	0	0	0	0	0	0	0	0	0	0	0	0	0	0	0	0	0	0	0	0	0	0	0	0	0	0	0	0	0	0	0	0	0	0	0	0	0	0	0	0	0	0	0	0	0	0	0	0	0	0	0	0	0	0	0	0	0	0	0	0	0	0	0	0	0	0	0	0	0	0	0	0	0	0	0	0	0	0	0	0	0	0	0	0	0	0	0	0	0	0	0	0	0	0	0	0	0	0	0	0	0	0	0	0	0	0	0	0	0	0	0	0	0	0	0	12	0	0	0	0	0	0	0	0	6	14	0	0	0	0	29	41	0	0	0	23	0	0	0	0	0	0	0	0	88	0	0	0	0	0	0	0	0	0	0	0	0	0	0	0	0	0	0	0	0	17	0	0	0	14	0	0	0	0	0	0	0	0	0	0	0	0	0	0	0	0	0	0	0	0	0	0	0	0	0	0	0	0	0	0	0	0	0	0	0	0	0	0	0	0	0	0	0	0	0	0	0	0	0	0	0	0	0	0	0	0	0	0	0	0	0	0	0	0	0	0	0	0	0	0	0	0	0	0	0	0	0	0	0	0	0	0	0	0	0	0	0	0	0	0	0	0	0	0	0	0	0	0	0	0	0	0	0	0	0	11	0	0	0	0	0	0	0	0	0	0	0	0	0	0	0	0	0	0	0	0	0	0	0	0	0	0	0	0	0	0	0	0	0	0	0	0	0	0	0	0	0	0	0	0	0	0	0	0	0	0	0	0	0	0	0	0	0	0	0	0	0	0	0	0	0	0	0	0	0	0	0	0	0	0	0	0	0	0	0	0	0	0	0	0	0	0	0	0	0	0	0	0	0	0	0	0	0	0	0	0	0	0	0	0	0	0	0	0	0	0	0	0	0	0	0	0	0	0	0	0	0	0	0	0	0	0	0	0	0	0	0	0	0	0	0	0	0	0	0	0	0	0	0	0	0	0	0	0	0	0	0	0	0	0	0	0	0	0	0	0	0	0	0	0	0	0	0
d__Bacteria___p__Actinobacteriota___c__Actinobacteria___o__Corynebacteriales___f__Corynebacteriaceae___g__Corynebacterium	0	0	0	0	0	0	0	0	0	0	0	0	0	0	0	0	0	0	0	0	0	0	0	0	0	0	0	10	0	0	0	0	0	0	0	0	0	0	0	0	0	0	0	0	0	0	0	0	0	13	0	0	0	0	0	0	0	18	14	0	0	0	0	0	0	0	0	0	0	0	10	0	0	0	0	0	0	0	0	0	0	0	0	0	0	0	0	0	0	0	0	0	0	0	0	0	0	0	0	0	0	0	0	0	0	0	0	0	0	0	0	0	0	0	0	0	0	0	0	0	0	0	0	0	0	0	0	0	0	0	0	0	0	0	0	0	0	0	0	0	0	0	0	0	0	0	0	0	0	0	0	0	0	0	0	0	0	0	0	0	0	0	0	0	0	0	0	0	0	0	0	0	0	0	0	0	0	0	0	0	0	0	0	0	0	0	0	0	0	0	0	0	0	0	0	0	0	12	0	0	0	0	0	0	0	0	6	14	0	0	0	0	29	41	0	0	0	0	0	0	0	0	0	0	0	0	88	0	0	0	0	0	0	0	0	0	0	0	0	0	0	0	0	0	0	0	0	17	0	0	0	14	0	0	0	0	0	0	0	0	0	0	0	0	0	0	0	0	0	0	0	0	0	0	0	0	0	0	0	0	0	0	0	0	0	0	0	0	0	0	0	0	0	0	0	0	0	0	0	0	0	0	0	0	0	0	0	0	0	0	0	0	0	0	0	0	0	0	0	0	0	0	0	0	0	0	0	0	0	0	0	0	0	0	0	0	0	0	0	0	0	0	0	0	0	0	0	0	0	0	0	0	0	0	0	0	0	11	0	0	0	0	0	0	0	0	0	0	0	0	0	0	0	0	0	0	0	0	0	0	0	0	0	0	0	0	0	0	0	0	0	0	0	0	0	0	0	0	0	0	0	0	0	0	0	0	0	0	0	0	0	0	0	0	0	0	0	0	0	0	0	0	0	0	0	0	0	0	0	0	0	0	0	0	0	0	0	0	0	0	0	0	0	0	0	0	0	0	0	0	0	0	0	0	0	0	0	0	0	0	0	0	0	0	0	0	0	0	0	0	0	0	0	0	0	0	0	0	0	0	0	0	0	0	0	0	0	0	0	0	0	0	0	0	0	0	0	0	0	0	0	0	0	0	0	0	0	0	0	0	0	0	0	0	0	0	0	0	0	0	0	0	0	0	0
d__Bacteria___p__Actinobacteriota___c__Actinobacteria___o__Corynebacteriales___f__Corynebacteriaceae___g__Lawsonella	0	0	0	0	0	0	0	0	0	0	0	0	0	0	0	0	0	0	0	0	0	0	0	0	0	0	0	0	0	0	0	0	0	0	0	0	0	0	0	0	0	0	0	0	0	0	0	0	0	0	0	0	0	0	0	0	0	0	0	0	0	0	0	0	0	0	0	0	0	0	0	0	0	0	0	0	0	0	0	0	0	0	0	0	0	0	0	0	0	0	0	0	0	0	0	0	0	0	0	0	0	0	0	0	0	0	0	0	0	0	0	0	0	0	0	0	0	0	0	0	0	0	0	0	0	0	0	0	0	0	0	0	0	0	0	0	0	0	0	0	0	0	0	0	0	0	0	0	0	0	0	0	0	0	0	0	0	0	0	0	0	0	0	0	0	0	0	0	0	0	0	0	0	0	0	0	0	0	0	0	0	0	0	0	0	0	0	0	0	0	0	0	0	0	0	0	0	0	0	0	0	0	0	0	0	0	0	0	0	0	0	0	0	0	0	0	0	23	0	0	0	0	0	0	0	0	0	0	0	0	0	0	0	0	0	0	0	0	0	0	0	0	0	0	0	0	0	0	0	0	0	0	0	0	0	0	0	0	0	0	0	0	0	0	0	0	0	0	0	0	0	0	0	0	0	0	0	0	0	0	0	0	0	0	0	0	0	0	0	0	0	0	0	0	0	0	0	0	0	0	0	0	0	0	0	0	0	0	0	0	0	0	0	0	0	0	0	0	0	0	0	0	0	0	0	0	0	0	0	0	0	0	0	0	0	0	0	0	0	0	0	0	0	0	0	0	0	0	0	0	0	0	0	0	0	0	0	0	0	0	0	0	0	0	0	0	0	0	0	0	0	0	0	0	0	0	0	0	0	0	0	0	0	0	0	0	0	0	0	0	0	0	0	0	0	0	0	0	0	0	0	0	0	0	0	0	0	0	0	0	0	0	0	0	0	0	0	0	0	0	0	0	0	0	0	0	0	0	0	0	0	0	0	0	0	0	0	0	0	0	0	0	0	0	0	0	0	0	0	0	0	0	0	0	0	0	0	0	0	0	0	0	0	0	0	0	0	0	0	0	0	0	0	0	0	0	0	0	0	0	0	0	0	0	0	0	0	0	0	0	0	0	0	0	0	0	0	0	0	0	0	0	0	0	0	0	0	0	0	0	0	0	0	0	0	0	0	0	0	0	0	0	0	0	0
d__Bacteria___p__Actinobacteriota___c__Actinobacteria___o__Corynebacteriales___f__Mycobacteriaceae	0	0	0	0	0	0	0	0	0	0	0	0	0	0	0	0	0	0	0	0	0	0	0	0	0	0	0	0	0	0	0	0	0	0	0	0	0	0	0	0	0	0	0	0	0	0	0	0	0	0	0	0	0	0	0	0	0	0	0	0	0	0	0	0	0	0	0	0	0	0	0	0	0	0	0	0	0	0	0	0	0	0	0	0	0	0	0	0	0	0	0	0	0	0	0	0	0	0	0	0	0	7	0	0	0	0	0	0	0	0	0	0	0	0	0	0	0	0	0	0	0	0	0	0	0	0	0	0	0	0	0	0	0	0	0	0	0	0	0	0	0	0	0	0	0	0	0	0	0	0	0	0	0	0	0	0	0	0	0	0	0	0	0	0	0	0	0	0	0	0	0	0	0	0	0	0	0	0	0	0	0	0	0	0	0	0	0	0	0	0	0	0	0	0	0	0	0	0	0	0	0	0	0	0	0	0	0	0	0	0	0	0	0	0	0	0	0	0	0	0	0	0	0	0	0	0	0	0	0	0	0	0	0	0	0	0	0	0	0	0	0	0	0	0	0	0	0	0	0	0	0	0	0	0	0	0	0	0	0	0	0	0	0	0	0	0	0	0	0	0	0	0	0	0	0	0	0	0	0	0	0	0	0	0	0	0	0	0	0	0	0	0	0	0	0	0	0	0	0	0	0	0	0	0	0	0	0	0	0	0	0	0	0	0	0	0	0	0	0	0	0	0	0	0	0	0	0	0	0	0	0	0	0	0	0	0	0	0	0	0	0	0	0	0	0	0	0	0	0	0	0	0	0	0	0	0	0	0	0	0	0	0	0	0	0	0	0	0	0	0	0	0	0	0	0	0	0	0	0	0	0	0	0	0	0	0	0	0	0	0	0	0	0	0	0	0	0	0	0	0	0	0	0	0	0	0	0	0	0	0	0	0	0	0	0	0	0	0	0	0	0	0	0	0	0	0	0	0	0	0	0	0	0	0	0	0	0	0	0	0	0	0	0	0	0	0	0	0	0	0	0	0	0	0	0	0	0	0	9	0	0	0	0	0	0	0	0	0	0	0	0	0	0	0	0	0	0	0	0	0	0	0	0	0	0	0	0	0	0	0	0	0	0	0	0	0	0	0	0	0	0	0	0	0	0	0	6	0	0	0	0	0	0	0	0	0	0	0	0	0	0	0	0	0	0
d__Bacteria___p__Actinobacteriota___c__Actinobacteria___o__Corynebacteriales___f__Mycobacteriaceae___g__Mycobacterium	0	0	0	0	0	0	0	0	0	0	0	0	0	0	0	0	0	0	0	0	0	0	0	0	0	0	0	0	0	0	0	0	0	0	0	0	0	0	0	0	0	0	0	0	0	0	0	0	0	0	0	0	0	0	0	0	0	0	0	0	0	0	0	0	0	0	0	0	0	0	0	0	0	0	0	0	0	0	0	0	0	0	0	0	0	0	0	0	0	0	0	0	0	0	0	0	0	0	0	0	0	7	0	0	0	0	0	0	0	0	0	0	0	0	0	0	0	0	0	0	0	0	0	0	0	0	0	0	0	0	0	0	0	0	0	0	0	0	0	0	0	0	0	0	0	0	0	0	0	0	0	0	0	0	0	0	0	0	0	0	0	0	0	0	0	0	0	0	0	0	0	0	0	0	0	0	0	0	0	0	0	0	0	0	0	0	0	0	0	0	0	0	0	0	0	0	0	0	0	0	0	0	0	0	0	0	0	0	0	0	0	0	0	0	0	0	0	0	0	0	0	0	0	0	0	0	0	0	0	0	0	0	0	0	0	0	0	0	0	0	0	0	0	0	0	0	0	0	0	0	0	0	0	0	0	0	0	0	0	0	0	0	0	0	0	0	0	0	0	0	0	0	0	0	0	0	0	0	0	0	0	0	0	0	0	0	0	0	0	0	0	0	0	0	0	0	0	0	0	0	0	0	0	0	0	0	0	0	0	0	0	0	0	0	0	0	0	0	0	0	0	0	0	0	0	0	0	0	0	0	0	0	0	0	0	0	0	0	0	0	0	0	0	0	0	0	0	0	0	0	0	0	0	0	0	0	0	0	0	0	0	0	0	0	0	0	0	0	0	0	0	0	0	0	0	0	0	0	0	0	0	0	0	0	0	0	0	0	0	0	0	0	0	0	0	0	0	0	0	0	0	0	0	0	0	0	0	0	0	0	0	0	0	0	0	0	0	0	0	0	0	0	0	0	0	0	0	0	0	0	0	0	0	0	0	0	0	0	0	0	0	0	0	0	0	0	0	0	0	0	0	0	0	0	0	0	0	0	9	0	0	0	0	0	0	0	0	0	0	0	0	0	0	0	0	0	0	0	0	0	0	0	0	0	0	0	0	0	0	0	0	0	0	0	0	0	0	0	0	0	0	0	0	0	0	0	6	0	0	0	0	0	0	0	0	0	0	0	0	0	0	0	0	0	0
d__Bacteria___p__Actinobacteriota___c__Actinobacteria___o__Micrococcales	0	0	0	0	0	0	0	0	0	0	0	20	39	0	0	10	0	37	0	0	0	63	0	159	0	0	0	0	34	69	0	50	0	33	0	0	0	16	0	4	0	0	14	0	0	0	214	0	0	0	0	0	0	0	0	0	10	7	0	0	0	0	0	0	0	0	0	0	0	0	29	0	93	0	0	17	0	0	0	0	26	0	0	57	0	0	23	0	0	0	0	0	17	5	0	0	0	0	0	0	21	0	0	0	0	18	0	0	0	0	0	0	0	0	0	0	0	0	0	0	0	0	0	0	0	0	30	0	0	0	0	0	0	0	0	37	0	14	65	0	0	0	0	22	0	0	0	0	0	0	0	0	0	0	0	0	0	0	0	145	0	0	0	0	0	618	0	0	0	0	0	0	0	0	0	0	0	0	0	0	0	3	0	0	0	0	0	74	0	0	30	31	0	33	25	0	0	36	22	0	0	0	0	0	0	0	40	184	66	0	46	10	0	0	0	0	0	0	0	0	0	57	0	0	0	28	0	81	0	111	0	0	0	16	37	0	0	39	0	0	59	0	0	0	116	0	0	0	0	24	0	0	109	0	0	877	0	0	0	49	0	94	0	0	0	0	0	0	0	0	0	0	29	57	0	0	0	0	0	0	0	0	0	0	0	0	0	0	0	0	0	0	0	0	0	0	0	0	0	0	0	0	0	0	0	0	0	0	0	0	0	0	0	0	0	0	0	0	0	0	0	0	0	0	0	0	0	0	0	0	0	0	0	0	0	0	0	0	0	0	0	0	0	0	0	0	0	0	0	0	7	0	0	0	0	0	0	0	0	0	0	0	0	0	0	0	0	0	0	0	0	0	0	0	0	0	0	0	0	0	0	0	0	0	0	0	0	0	0	0	0	0	0	0	0	0	0	0	0	0	0	0	0	0	0	0	0	0	0	0	0	0	0	0	0	0	0	0	0	0	0	552	25	0	0	0	0	0	0	0	0	0	10	0	0	0	0	0	0	0	0	0	0	0	0	0	0	0	0	0	0	0	0	0	0	0	0	0	12	0	0	0	0	0	0	0	0	31	0	0	0	41	0	0	0	0	0	0	0	0	0	0	0	0	0	0	0	0	0	0	0	0	0	0	0	0	0	0	0	0	0	0	0	0	0	22	0	0	0	0	0	0	0	0	2	0	36	0	0	0	0	0	0	0	0
d__Bacteria___p__Actinobacteriota___c__Actinobacteria___o__Micrococcales___f__Micrococcaceae	0	0	0	0	0	0	0	0	0	0	0	20	39	0	0	10	0	37	0	0	0	63	0	159	0	0	0	0	34	69	0	50	0	33	0	0	0	16	0	4	0	0	14	0	0	0	214	0	0	0	0	0	0	0	0	0	10	7	0	0	0	0	0	0	0	0	0	0	0	0	29	0	93	0	0	17	0	0	0	0	26	0	0	57	0	0	23	0	0	0	0	0	17	5	0	0	0	0	0	0	21	0	0	0	0	18	0	0	0	0	0	0	0	0	0	0	0	0	0	0	0	0	0	0	0	0	30	0	0	0	0	0	0	0	0	37	0	14	65	0	0	0	0	22	0	0	0	0	0	0	0	0	0	0	0	0	0	0	0	145	0	0	0	0	0	618	0	0	0	0	0	0	0	0	0	0	0	0	0	0	0	0	0	0	0	0	0	74	0	0	30	31	0	33	25	0	0	36	22	0	0	0	0	0	0	0	40	184	66	0	46	10	0	0	0	0	0	0	0	0	0	57	0	0	0	28	0	81	0	111	0	0	0	16	37	0	0	39	0	0	59	0	0	0	116	0	0	0	0	24	0	0	109	0	0	877	0	0	0	49	0	94	0	0	0	0	0	0	0	0	0	0	29	57	0	0	0	0	0	0	0	0	0	0	0	0	0	0	0	0	0	0	0	0	0	0	0	0	0	0	0	0	0	0	0	0	0	0	0	0	0	0	0	0	0	0	0	0	0	0	0	0	0	0	0	0	0	0	0	0	0	0	0	0	0	0	0	0	0	0	0	0	0	0	0	0	0	0	0	0	7	0	0	0	0	0	0	0	0	0	0	0	0	0	0	0	0	0	0	0	0	0	0	0	0	0	0	0	0	0	0	0	0	0	0	0	0	0	0	0	0	0	0	0	0	0	0	0	0	0	0	0	0	0	0	0	0	0	0	0	0	0	0	0	0	0	0	0	0	0	0	552	25	0	0	0	0	0	0	0	0	0	10	0	0	0	0	0	0	0	0	0	0	0	0	0	0	0	0	0	0	0	0	0	0	0	0	0	12	0	0	0	0	0	0	0	0	31	0	0	0	41	0	0	0	0	0	0	0	0	0	0	0	0	0	0	0	0	0	0	0	0	0	0	0	0	0	0	0	0	0	0	0	0	0	22	0	0	0	0	0	0	0	0	2	0	36	0	0	0	0	0	0	0	0
d__Bacteria___p__Actinobacteriota___c__Actinobacteria___o__Micrococcales___f__Micrococcaceae___g__Rothia	0	0	0	0	0	0	0	0	0	0	0	20	39	0	0	10	0	37	0	0	0	63	0	159	0	0	0	0	34	69	0	50	0	33	0	0	0	16	0	4	0	0	14	0	0	0	214	0	0	0	0	0	0	0	0	0	10	7	0	0	0	0	0	0	0	0	0	0	0	0	29	0	93	0	0	17	0	0	0	0	26	0	0	57	0	0	23	0	0	0	0	0	17	5	0	0	0	0	0	0	21	0	0	0	0	18	0	0	0	0	0	0	0	0	0	0	0	0	0	0	0	0	0	0	0	0	30	0	0	0	0	0	0	0	0	37	0	14	65	0	0	0	0	22	0	0	0	0	0	0	0	0	0	0	0	0	0	0	0	145	0	0	0	0	0	618	0	0	0	0	0	0	0	0	0	0	0	0	0	0	0	0	0	0	0	0	0	74	0	0	30	31	0	33	25	0	0	36	22	0	0	0	0	0	0	0	40	184	66	0	46	10	0	0	0	0	0	0	0	0	0	57	0	0	0	28	0	81	0	111	0	0	0	16	37	0	0	39	0	0	59	0	0	0	116	0	0	0	0	24	0	0	109	0	0	877	0	0	0	49	0	94	0	0	0	0	0	0	0	0	0	0	29	57	0	0	0	0	0	0	0	0	0	0	0	0	0	0	0	0	0	0	0	0	0	0	0	0	0	0	0	0	0	0	0	0	0	0	0	0	0	0	0	0	0	0	0	0	0	0	0	0	0	0	0	0	0	0	0	0	0	0	0	0	0	0	0	0	0	0	0	0	0	0	0	0	0	0	0	0	7	0	0	0	0	0	0	0	0	0	0	0	0	0	0	0	0	0	0	0	0	0	0	0	0	0	0	0	0	0	0	0	0	0	0	0	0	0	0	0	0	0	0	0	0	0	0	0	0	0	0	0	0	0	0	0	0	0	0	0	0	0	0	0	0	0	0	0	0	0	0	552	25	0	0	0	0	0	0	0	0	0	10	0	0	0	0	0	0	0	0	0	0	0	0	0	0	0	0	0	0	0	0	0	0	0	0	0	12	0	0	0	0	0	0	0	0	31	0	0	0	41	0	0	0	0	0	0	0	0	0	0	0	0	0	0	0	0	0	0	0	0	0	0	0	0	0	0	0	0	0	0	0	0	0	22	0	0	0	0	0	0	0	0	2	0	36	0	0	0	0	0	0	0	0
d__Bacteria___p__Actinobacteriota___c__Actinobacteria___o__Propionibacteriales	0	0	0	0	0	0	0	0	0	0	0	0	0	0	0	0	0	0	0	0	0	0	0	0	0	0	0	0	0	0	0	0	0	0	0	0	0	0	0	0	0	0	0	0	0	0	0	0	0	0	0	0	0	0	0	0	0	0	0	0	0	0	0	0	0	0	0	0	0	0	0	0	0	0	0	0	0	0	0	0	0	0	0	0	0	0	0	0	0	0	0	0	0	0	0	0	0	0	0	0	0	0	0	0	0	0	0	0	0	0	0	0	0	0	0	0	0	0	0	0	0	0	0	0	0	0	0	0	0	0	0	0	0	0	0	0	0	0	0	0	0	0	0	0	0	0	0	0	0	0	0	0	0	0	0	0	0	0	0	0	0	0	0	0	0	0	0	0	0	0	0	0	0	0	0	0	0	0	0	0	0	0	0	0	0	0	0	0	0	0	0	0	0	0	0	0	0	0	0	0	0	0	0	0	0	0	0	0	0	0	0	0	0	0	0	0	0	0	0	0	0	0	0	0	0	0	0	0	0	0	0	0	0	0	0	0	0	0	0	0	0	0	0	0	0	0	0	0	0	0	0	0	0	0	0	0	0	0	0	0	0	0	0	0	0	0	0	0	0	0	0	0	0	0	0	0	0	0	0	0	0	0	0	0	0	0	0	0	0	0	0	0	0	0	0	0	0	0	0	0	0	0	0	0	0	0	0	0	0	0	0	0	0	0	0	0	0	0	0	0	0	0	0	0	0	0	0	0	0	0	0	0	9	0	0	0	0	0	0	0	0	0	0	0	0	0	0	0	0	0	0	0	0	0	0	0	0	0	0	0	0	0	0	0	0	0	0	0	0	0	0	0	0	0	0	0	0	0	0	0	0	0	0	0	0	0	0	0	0	0	0	0	0	0	0	0	0	0	0	0	0	0	0	0	0	0	0	0	0	0	0	0	0	0	0	0	0	0	0	0	0	0	0	0	0	0	0	0	0	0	0	0	0	0	0	0	0	0	0	0	0	0	0	0	0	0	0	0	0	0	0	0	0	0	0	0	0	0	0	0	0	0	0	0	0	0	0	0	0	0	0	0	0	0	0	0	0	0	0	0	0	0	0	0	0	0	0	0	0	0	0	0	0	0	0	0	0	0	0	0	0	0	0	0	0	0	0	0	0	0	0	0	0	0	0	0	0	0	0	0	0	0	0	0	0
d__Bacteria___p__Actinobacteriota___c__Actinobacteria___o__Propionibacteriales___f__Propionibacteriaceae	0	0	0	0	0	0	0	0	0	0	0	0	0	0	0	0	0	0	0	0	0	0	0	0	0	0	0	0	0	0	0	0	0	0	0	0	0	0	0	0	0	0	0	0	0	0	0	0	0	0	0	0	0	0	0	0	0	0	0	0	0	0	0	0	0	0	0	0	0	0	0	0	0	0	0	0	0	0	0	0	0	0	0	0	0	0	0	0	0	0	0	0	0	0	0	0	0	0	0	0	0	0	0	0	0	0	0	0	0	0	0	0	0	0	0	0	0	0	0	0	0	0	0	0	0	0	0	0	0	0	0	0	0	0	0	0	0	0	0	0	0	0	0	0	0	0	0	0	0	0	0	0	0	0	0	0	0	0	0	0	0	0	0	0	0	0	0	0	0	0	0	0	0	0	0	0	0	0	0	0	0	0	0	0	0	0	0	0	0	0	0	0	0	0	0	0	0	0	0	0	0	0	0	0	0	0	0	0	0	0	0	0	0	0	0	0	0	0	0	0	0	0	0	0	0	0	0	0	0	0	0	0	0	0	0	0	0	0	0	0	0	0	0	0	0	0	0	0	0	0	0	0	0	0	0	0	0	0	0	0	0	0	0	0	0	0	0	0	0	0	0	0	0	0	0	0	0	0	0	0	0	0	0	0	0	0	0	0	0	0	0	0	0	0	0	0	0	0	0	0	0	0	0	0	0	0	0	0	0	0	0	0	0	0	0	0	0	0	0	0	0	0	0	0	0	0	0	0	0	0	0	0	9	0	0	0	0	0	0	0	0	0	0	0	0	0	0	0	0	0	0	0	0	0	0	0	0	0	0	0	0	0	0	0	0	0	0	0	0	0	0	0	0	0	0	0	0	0	0	0	0	0	0	0	0	0	0	0	0	0	0	0	0	0	0	0	0	0	0	0	0	0	0	0	0	0	0	0	0	0	0	0	0	0	0	0	0	0	0	0	0	0	0	0	0	0	0	0	0	0	0	0	0	0	0	0	0	0	0	0	0	0	0	0	0	0	0	0	0	0	0	0	0	0	0	0	0	0	0	0	0	0	0	0	0	0	0	0	0	0	0	0	0	0	0	0	0	0	0	0	0	0	0	0	0	0	0	0	0	0	0	0	0	0	0	0	0	0	0	0	0	0	0	0	0	0	0	0	0	0	0	0	0	0	0	0	0	0	0	0	0	0	0	0	0
d__Bacteria___p__Actinobacteriota___c__Actinobacteria___o__Propionibacteriales___f__Propionibacteriaceae___g__Cutibacterium	0	0	0	0	0	0	0	0	0	0	0	0	0	0	0	0	0	0	0	0	0	0	0	0	0	0	0	0	0	0	0	0	0	0	0	0	0	0	0	0	0	0	0	0	0	0	0	0	0	0	0	0	0	0	0	0	0	0	0	0	0	0	0	0	0	0	0	0	0	0	0	0	0	0	0	0	0	0	0	0	0	0	0	0	0	0	0	0	0	0	0	0	0	0	0	0	0	0	0	0	0	0	0	0	0	0	0	0	0	0	0	0	0	0	0	0	0	0	0	0	0	0	0	0	0	0	0	0	0	0	0	0	0	0	0	0	0	0	0	0	0	0	0	0	0	0	0	0	0	0	0	0	0	0	0	0	0	0	0	0	0	0	0	0	0	0	0	0	0	0	0	0	0	0	0	0	0	0	0	0	0	0	0	0	0	0	0	0	0	0	0	0	0	0	0	0	0	0	0	0	0	0	0	0	0	0	0	0	0	0	0	0	0	0	0	0	0	0	0	0	0	0	0	0	0	0	0	0	0	0	0	0	0	0	0	0	0	0	0	0	0	0	0	0	0	0	0	0	0	0	0	0	0	0	0	0	0	0	0	0	0	0	0	0	0	0	0	0	0	0	0	0	0	0	0	0	0	0	0	0	0	0	0	0	0	0	0	0	0	0	0	0	0	0	0	0	0	0	0	0	0	0	0	0	0	0	0	0	0	0	0	0	0	0	0	0	0	0	0	0	0	0	0	0	0	0	0	0	0	0	0	0	9	0	0	0	0	0	0	0	0	0	0	0	0	0	0	0	0	0	0	0	0	0	0	0	0	0	0	0	0	0	0	0	0	0	0	0	0	0	0	0	0	0	0	0	0	0	0	0	0	0	0	0	0	0	0	0	0	0	0	0	0	0	0	0	0	0	0	0	0	0	0	0	0	0	0	0	0	0	0	0	0	0	0	0	0	0	0	0	0	0	0	0	0	0	0	0	0	0	0	0	0	0	0	0	0	0	0	0	0	0	0	0	0	0	0	0	0	0	0	0	0	0	0	0	0	0	0	0	0	0	0	0	0	0	0	0	0	0	0	0	0	0	0	0	0	0	0	0	0	0	0	0	0	0	0	0	0	0	0	0	0	0	0	0	0	0	0	0	0	0	0	0	0	0	0	0	0	0	0	0	0	0	0	0	0	0	0	0	0	0	0	0	0
d__Bacteria___p__Actinobacteriota___c__Actinobacteria___o__Pseudonocardiales	0	0	0	0	0	0	0	0	0	0	0	0	0	0	0	0	0	0	0	0	0	0	0	0	0	0	0	0	0	0	0	0	0	0	0	0	0	0	0	0	0	0	0	0	0	0	0	0	0	0	0	0	0	0	0	0	0	0	0	0	0	0	0	0	0	0	0	0	0	0	0	0	0	0	0	0	0	0	0	0	0	0	0	0	0	0	0	0	0	0	0	0	0	0	0	0	0	0	0	0	0	0	0	0	0	0	0	0	0	0	0	0	0	0	0	0	0	0	0	0	0	0	0	0	0	0	0	0	0	0	0	0	0	0	0	0	0	0	0	0	0	0	0	0	0	0	0	0	0	0	0	0	0	0	0	0	0	0	0	0	0	0	0	0	0	0	0	0	0	0	0	0	0	0	0	0	0	0	0	0	0	0	0	0	0	0	0	0	0	0	0	0	0	0	0	0	0	0	0	0	0	0	0	0	0	0	0	0	0	0	0	0	0	0	0	0	0	0	0	0	0	0	0	0	0	0	0	0	0	0	0	0	0	0	0	0	0	0	0	0	0	0	0	0	0	0	0	0	0	0	0	0	0	0	0	0	0	0	0	0	0	0	0	0	0	0	0	0	0	0	0	0	0	0	0	0	0	0	0	0	0	0	0	0	0	0	0	0	0	0	0	0	0	0	0	0	0	0	0	0	0	0	0	0	0	0	0	0	0	0	0	0	0	0	0	0	0	0	0	0	0	0	0	0	0	0	0	0	0	0	0	0	0	0	0	0	0	0	0	0	0	0	0	0	0	0	0	0	0	0	0	0	0	0	0	0	0	0	0	0	0	0	0	0	0	0	0	0	0	0	0	0	0	0	0	0	0	0	0	0	0	0	0	0	0	0	0	0	0	0	0	0	0	0	0	0	0	0	0	0	0	0	0	0	0	0	0	0	0	0	0	0	0	0	0	0	0	0	0	0	0	0	0	0	0	0	0	0	0	0	0	0	0	0	0	0	0	0	0	0	0	0	0	0	0	0	0	0	0	0	0	0	0	0	0	0	0	0	0	0	0	0	0	0	0	0	0	0	0	0	0	0	0	0	0	0	0	0	0	0	0	0	0	0	0	0	0	0	0	0	0	0	0	0	0	0	0	0	0	0	0	0	0	0	7	0	0	0	0	0	0	0	0	0	0	0	0	0	0	0	0	0	0	0	0
d__Bacteria___p__Actinobacteriota___c__Actinobacteria___o__Pseudonocardiales___f__Pseudonocardiaceae	0	0	0	0	0	0	0	0	0	0	0	0	0	0	0	0	0	0	0	0	0	0	0	0	0	0	0	0	0	0	0	0	0	0	0	0	0	0	0	0	0	0	0	0	0	0	0	0	0	0	0	0	0	0	0	0	0	0	0	0	0	0	0	0	0	0	0	0	0	0	0	0	0	0	0	0	0	0	0	0	0	0	0	0	0	0	0	0	0	0	0	0	0	0	0	0	0	0	0	0	0	0	0	0	0	0	0	0	0	0	0	0	0	0	0	0	0	0	0	0	0	0	0	0	0	0	0	0	0	0	0	0	0	0	0	0	0	0	0	0	0	0	0	0	0	0	0	0	0	0	0	0	0	0	0	0	0	0	0	0	0	0	0	0	0	0	0	0	0	0	0	0	0	0	0	0	0	0	0	0	0	0	0	0	0	0	0	0	0	0	0	0	0	0	0	0	0	0	0	0	0	0	0	0	0	0	0	0	0	0	0	0	0	0	0	0	0	0	0	0	0	0	0	0	0	0	0	0	0	0	0	0	0	0	0	0	0	0	0	0	0	0	0	0	0	0	0	0	0	0	0	0	0	0	0	0	0	0	0	0	0	0	0	0	0	0	0	0	0	0	0	0	0	0	0	0	0	0	0	0	0	0	0	0	0	0	0	0	0	0	0	0	0	0	0	0	0	0	0	0	0	0	0	0	0	0	0	0	0	0	0	0	0	0	0	0	0	0	0	0	0	0	0	0	0	0	0	0	0	0	0	0	0	0	0	0	0	0	0	0	0	0	0	0	0	0	0	0	0	0	0	0	0	0	0	0	0	0	0	0	0	0	0	0	0	0	0	0	0	0	0	0	0	0	0	0	0	0	0	0	0	0	0	0	0	0	0	0	0	0	0	0	0	0	0	0	0	0	0	0	0	0	0	0	0	0	0	0	0	0	0	0	0	0	0	0	0	0	0	0	0	0	0	0	0	0	0	0	0	0	0	0	0	0	0	0	0	0	0	0	0	0	0	0	0	0	0	0	0	0	0	0	0	0	0	0	0	0	0	0	0	0	0	0	0	0	0	0	0	0	0	0	0	0	0	0	0	0	0	0	0	0	0	0	0	0	0	0	0	0	0	0	0	0	0	0	0	0	0	0	0	0	0	0	7	0	0	0	0	0	0	0	0	0	0	0	0	0	0	0	0	0	0	0	0
d__Bacteria___p__Actinobacteriota___c__Actinobacteria___o__Pseudonocardiales___f__Pseudonocardiaceae___g__Pseudonocardia	0	0	0	0	0	0	0	0	0	0	0	0	0	0	0	0	0	0	0	0	0	0	0	0	0	0	0	0	0	0	0	0	0	0	0	0	0	0	0	0	0	0	0	0	0	0	0	0	0	0	0	0	0	0	0	0	0	0	0	0	0	0	0	0	0	0	0	0	0	0	0	0	0	0	0	0	0	0	0	0	0	0	0	0	0	0	0	0	0	0	0	0	0	0	0	0	0	0	0	0	0	0	0	0	0	0	0	0	0	0	0	0	0	0	0	0	0	0	0	0	0	0	0	0	0	0	0	0	0	0	0	0	0	0	0	0	0	0	0	0	0	0	0	0	0	0	0	0	0	0	0	0	0	0	0	0	0	0	0	0	0	0	0	0	0	0	0	0	0	0	0	0	0	0	0	0	0	0	0	0	0	0	0	0	0	0	0	0	0	0	0	0	0	0	0	0	0	0	0	0	0	0	0	0	0	0	0	0	0	0	0	0	0	0	0	0	0	0	0	0	0	0	0	0	0	0	0	0	0	0	0	0	0	0	0	0	0	0	0	0	0	0	0	0	0	0	0	0	0	0	0	0	0	0	0	0	0	0	0	0	0	0	0	0	0	0	0	0	0	0	0	0	0	0	0	0	0	0	0	0	0	0	0	0	0	0	0	0	0	0	0	0	0	0	0	0	0	0	0	0	0	0	0	0	0	0	0	0	0	0	0	0	0	0	0	0	0	0	0	0	0	0	0	0	0	0	0	0	0	0	0	0	0	0	0	0	0	0	0	0	0	0	0	0	0	0	0	0	0	0	0	0	0	0	0	0	0	0	0	0	0	0	0	0	0	0	0	0	0	0	0	0	0	0	0	0	0	0	0	0	0	0	0	0	0	0	0	0	0	0	0	0	0	0	0	0	0	0	0	0	0	0	0	0	0	0	0	0	0	0	0	0	0	0	0	0	0	0	0	0	0	0	0	0	0	0	0	0	0	0	0	0	0	0	0	0	0	0	0	0	0	0	0	0	0	0	0	0	0	0	0	0	0	0	0	0	0	0	0	0	0	0	0	0	0	0	0	0	0	0	0	0	0	0	0	0	0	0	0	0	0	0	0	0	0	0	0	0	0	0	0	0	0	0	0	0	0	0	0	0	0	0	0	0	7	0	0	0	0	0	0	0	0	0	0	0	0	0	0	0	0	0	0	0	0
d__Bacteria___p__Actinobacteriota___c__Coriobacteriia	68	177	102	0	0	455	139	196	304	253	138	542	374	526	433	586	31	415	77	103	349	298	583	54	569	497	1333	755	2676	2267	40	1024	1523	192	104	570	2347	1013	597	1016	336	523	1380	675	861	248	773	396	154	95	581	53	482	1428	110	544	375	632	124	814	117	145	301	65	235	77	431	357	269	416	61	106	0	638	1694	308	692	14	129	871	544	662	203	962	354	368	363	440	888	327	143	525	477	123	713	1212	0	29	23	39	59	450	15	112	107	36	53	138	0	69	32	0	67	24	21	26	56	0	196	42	43	0	0	113	16	53	71	54	277	502	532	169	20	49	100	44	158	84	0	72	31	35	91	221	97	18	17	47	51	215	36	212	83	0	27	88	60	260	25	28	146	276	15	17	22	121	181	562	86	31	167	0	150	33	74	82	17	165	26	45	0	79	69	115	240	0	41	0	203	881	667	781	287	273	198	563	519	329	244	1381	566	460	190	90	2168	376	2297	103	791	1328	97	403	1103	818	493	351	1415	421	337	708	740	446	456	191	292	716	882	1869	1260	1465	1185	938	634	773	601	1024	583	559	269	420	516	1063	264	853	109	532	929	510	389	314	837	305	1324	1567	1040	488	884	661	660	1527	566	1011	418	368	785	586	375	431	532	1586	591	749	1434	1716	984	335	321	168	1163	316	132	5	37	82	119	194	0	0	48	14	466	46	55	3	74	29	192	129	0	262	265	71	242	235	19	110	265	42	881	0	40	101	76	29	19	22	193	51	98	134	90	193	288	0	56	62	58	62	246	177	90	0	0	146	1370	14	195	88	54	77	172	26	0	22	20	0	32	57	992	42	521	3586	18	26	18	78	46	573	135	147	0	17	19	97	32	167	24	16	48	0	90	0	135	34	65	100	504	0	40	747	85	90	68	164	48	685	64	33	52	62	46	116	45	31	244	91	174	228	82	115	84	84	122	17	270	130	144	68	45	130	15	335	249	200	15	115	0	0	0	465	220	99	399	866	428	206	947	25	53	102	261	190	44	32	91	31	29	268	589	100	378	40	209	22	129	103	142	14	17	56	20	0	506	0	0	6	74	220	62	181	89	640	5	154	10	32	80	1373	44	34	174	1180	178	72	0	118	0	61	0	73	0	87	0	0	616	0	10	0	23	80	209	75	248	7	33	0	0	28	0	33	32	0	90	15	25	26	139	66	133	90	1512	131	484	430	0	0	44	413	91	199	47	23	20	1468	12
d__Bacteria___p__Actinobacteriota___c__Coriobacteriia___o__Coriobacteriales	68	177	102	0	0	455	139	196	304	253	138	542	374	526	433	586	31	415	77	103	349	298	583	54	569	497	1333	755	2676	2267	40	1024	1523	192	104	570	2347	1013	597	1016	336	523	1380	675	861	248	773	396	154	95	581	53	482	1428	110	544	375	632	124	814	117	145	301	65	235	77	431	357	269	416	61	106	0	638	1694	308	692	14	129	871	544	662	203	962	354	368	363	440	888	327	143	525	477	123	713	1212	0	29	23	39	59	450	15	112	107	36	53	138	0	69	32	0	67	24	21	26	56	0	196	42	43	0	0	113	16	53	71	54	277	502	532	169	20	49	100	44	158	84	0	72	31	35	91	221	97	18	17	47	51	215	36	212	83	0	27	88	60	260	25	28	146	276	15	17	22	121	181	562	86	31	167	0	150	33	74	82	17	165	26	45	0	79	69	115	240	0	41	0	203	881	667	781	287	273	198	563	519	329	244	1381	566	460	190	90	2168	376	2297	103	791	1328	97	403	1103	818	493	351	1415	421	337	708	740	446	456	191	292	716	882	1869	1260	1465	1185	938	634	773	601	1024	583	559	269	420	516	1063	264	853	109	532	929	510	389	314	837	305	1324	1567	1040	488	884	661	660	1527	566	1011	418	368	785	586	375	431	532	1586	591	749	1434	1716	984	335	321	168	1163	316	132	5	37	82	119	194	0	0	48	14	466	46	55	3	74	29	192	129	0	262	265	71	242	235	19	110	265	42	881	0	40	101	76	29	19	22	193	51	98	134	90	193	288	0	56	62	58	62	246	177	90	0	0	146	1370	14	195	88	54	77	172	26	0	22	20	0	32	57	992	42	521	3586	18	26	18	78	46	573	135	147	0	17	19	97	32	167	24	16	48	0	90	0	135	34	65	100	504	0	40	747	85	90	68	164	48	685	64	33	52	62	46	116	45	31	244	91	174	228	82	115	84	84	122	17	270	130	144	68	45	130	15	335	249	200	15	115	0	0	0	465	220	99	399	866	428	206	947	25	53	102	261	190	44	32	91	31	29	268	589	100	378	40	209	22	129	103	142	14	17	56	20	0	506	0	0	6	74	220	62	181	89	640	5	154	10	32	80	1373	44	34	174	1180	178	72	0	118	0	61	0	73	0	87	0	0	616	0	10	0	23	80	209	75	248	7	33	0	0	28	0	33	32	0	90	15	25	26	139	66	133	90	1512	131	484	430	0	0	44	413	91	199	47	23	20	1468	12
d__Bacteria___p__Actinobacteriota___c__Coriobacteriia___o__Coriobacteriales___f__Atopobiaceae	0	0	0	0	0	0	0	0	0	61	0	0	22	0	0	0	0	6	0	0	0	22	0	0	0	64	0	19	0	171	10	18	0	7	28	0	0	91	0	0	0	0	180	0	0	0	0	49	0	0	0	0	34	65	0	0	0	0	14	13	0	0	0	0	0	0	0	0	13	0	6	0	0	12	0	0	0	14	0	0	14	0	0	0	0	0	46	0	8	0	0	0	0	0	0	0	0	0	0	0	0	67	0	0	31	0	0	0	0	22	0	0	0	0	0	0	0	0	0	0	0	0	0	0	0	0	17	0	10	8	0	0	0	0	8	0	32	0	0	0	0	0	0	0	0	0	0	14	0	0	0	0	0	0	0	0	0	0	0	0	0	0	0	0	0	0	0	0	0	0	0	0	0	10	0	0	0	0	0	19	0	0	0	0	0	0	0	0	0	59	30	0	0	88	0	0	0	0	0	52	0	0	5	0	180	0	0	12	0	0	10	26	39	0	0	56	89	0	0	0	40	0	0	16	38	0	89	54	28	58	0	0	0	0	28	63	0	0	0	39	0	0	0	0	0	0	0	0	0	0	33	0	0	0	0	0	0	38	0	6	0	0	0	0	52	0	0	0	44	0	0	0	115	23	0	16	0	0	0	0	16	0	0	0	0	0	0	0	0	0	0	0	0	0	0	13	0	19	0	38	69	0	0	0	6	0	0	0	40	0	0	0	0	0	0	0	0	0	0	0	31	0	0	0	0	0	0	0	0	0	0	0	0	0	0	0	12	23	0	0	0	0	0	0	0	0	0	0	0	0	0	50	0	0	0	0	0	0	0	0	0	0	0	13	0	13	0	0	0	0	19	0	0	0	0	0	13	0	0	0	7	0	18	0	0	0	0	12	8	0	0	0	0	0	0	0	0	0	0	0	0	0	0	0	0	0	0	0	0	0	0	0	14	23	0	0	0	0	0	0	0	70	0	0	22	0	16	0	0	0	0	0	0	0	0	0	0	0	0	0	0	0	0	0	11	0	0	0	0	0	0	0	0	0	0	0	0	0	15	0	0	5	0	0	0	0	0	0	0	0	0	0	0	0	0	0	0	0	0	0	0	24	0	0	0	0	0	0	0	0	0	0	9	0	0	0	0	0	0	0	0	0	29	0	0	0	0	0	0	0	0	0	37	0	0	0	33	0	0	0	0	0	0	0	0
d__Bacteria___p__Actinobacteriota___c__Coriobacteriia___o__Coriobacteriales___f__Atopobiaceae___g__Atopobium	0	0	0	0	0	0	0	0	0	0	0	0	22	0	0	0	0	0	0	0	0	0	0	0	0	0	0	19	0	34	0	0	0	7	28	0	0	0	0	0	0	0	180	0	0	0	0	0	0	0	0	0	34	0	0	0	0	0	0	13	0	0	0	0	0	0	0	0	0	0	6	0	0	0	0	0	0	14	0	0	14	0	0	0	0	0	0	0	0	0	0	0	0	0	0	0	0	0	0	0	0	0	0	0	0	0	0	0	0	22	0	0	0	0	0	0	0	0	0	0	0	0	0	0	0	0	17	0	0	0	0	0	0	0	8	0	0	0	0	0	0	0	0	0	0	0	0	14	0	0	0	0	0	0	0	0	0	0	0	0	0	0	0	0	0	0	0	0	0	0	0	0	0	0	0	0	0	0	0	19	0	0	0	0	0	0	0	0	0	0	0	0	0	0	0	0	0	0	0	0	0	0	5	0	8	0	0	12	0	0	10	26	0	0	0	0	0	0	0	0	0	0	0	16	0	0	21	54	28	58	0	0	0	0	28	0	0	0	0	0	0	0	0	0	0	0	0	0	0	0	0	0	0	0	0	0	0	0	0	6	0	0	0	0	0	0	0	0	0	0	0	0	6	23	0	0	0	0	0	0	0	0	0	0	0	0	0	0	0	0	0	0	0	0	0	0	0	0	0	0	0	0	0	0	0	0	0	0	0	0	0	0	0	0	0	0	0	0	0	0	0	0	0	0	0	0	0	0	0	0	0	0	0	0	0	0	0	0	0	0	0	0	0	0	0	0	0	0	0	0	0	0	0	0	0	0	0	0	0	0	0	0	0	0	0	0	0	0	0	0	0	0	0	0	0	0	0	0	0	0	0	0	0	0	0	0	0	0	0	0	0	0	0	0	0	0	0	0	0	0	0	0	0	0	0	0	0	0	0	0	0	0	0	0	0	0	0	0	0	0	0	70	0	0	0	0	0	0	0	0	0	0	0	0	0	0	0	0	0	0	0	0	0	0	0	0	0	0	0	0	0	0	0	0	0	0	0	0	15	0	0	5	0	0	0	0	0	0	0	0	0	0	0	0	0	0	0	0	0	0	0	0	0	0	0	0	0	0	0	0	0	0	9	0	0	0	0	0	0	0	0	0	0	0	0	0	0	0	0	0	0	0	0	0	0	0	33	0	0	0	0	0	0	0	0
d__Bacteria___p__Actinobacteriota___c__Coriobacteriia___o__Coriobacteriales___f__Atopobiaceae___g__Coriobacteriaceae_UCG-003	0	0	0	0	0	0	0	0	0	61	0	0	0	0	0	0	0	0	0	0	0	0	0	0	0	0	0	0	0	137	0	0	0	0	0	0	0	0	0	0	0	0	0	0	0	0	0	49	0	0	0	0	0	0	0	0	0	0	0	0	0	0	0	0	0	0	0	0	0	0	0	0	0	0	0	0	0	0	0	0	0	0	0	0	0	0	0	0	0	0	0	0	0	0	0	0	0	0	0	0	0	0	0	0	0	0	0	0	0	0	0	0	0	0	0	0	0	0	0	0	0	0	0	0	0	0	0	0	10	8	0	0	0	0	0	0	0	0	0	0	0	0	0	0	0	0	0	0	0	0	0	0	0	0	0	0	0	0	0	0	0	0	0	0	0	0	0	0	0	0	0	0	0	0	0	0	0	0	0	0	0	0	0	0	0	0	0	0	0	0	0	0	0	0	0	0	0	0	0	52	0	0	0	0	0	0	0	0	0	0	0	0	0	0	0	56	89	0	0	0	0	0	0	0	0	0	34	0	0	0	0	0	0	0	0	0	0	0	0	0	0	0	0	0	0	0	0	0	0	0	0	0	0	0	0	0	0	0	0	0	0	0	0	0	29	0	0	0	0	0	0	0	0	0	0	0	0	0	0	0	0	0	0	0	0	0	0	0	0	0	0	0	0	0	0	0	0	0	0	0	53	0	0	0	0	0	0	0	0	0	0	0	0	0	0	0	0	0	0	0	0	0	0	0	0	0	0	0	0	0	0	0	0	0	0	0	0	0	0	0	0	0	0	0	0	0	0	0	0	0	0	0	0	0	0	0	0	0	0	0	0	0	0	13	0	0	0	0	0	0	19	0	0	0	0	0	0	0	0	0	0	0	0	0	0	0	0	12	0	0	0	0	0	0	0	0	0	0	0	0	0	0	0	0	0	0	0	0	0	0	0	0	0	0	0	0	0	0	0	0	0	0	0	0	0	0	0	0	0	0	0	0	0	0	0	0	0	0	0	0	0	0	0	0	0	0	0	0	0	0	0	0	0	0	0	0	0	0	0	0	0	0	0	0	0	0	0	0	0	0	0	0	0	0	0	0	0	0	0	0	0	24	0	0	0	0	0	0	0	0	0	0	0	0	0	0	0	0	0	0	0	0	0	0	0	0	0	0	0	0	0	0	0	0	0	0	0	0	0	0	0	0	0	0	0
d__Bacteria___p__Actinobacteriota___c__Coriobacteriia___o__Coriobacteriales___f__Atopobiaceae___g__Libanicoccus	0	0	0	0	0	0	0	0	0	0	0	0	0	0	0	0	0	0	0	0	0	0	0	0	0	0	0	0	0	0	10	0	0	0	0	0	0	0	0	0	0	0	0	0	0	0	0	0	0	0	0	0	0	0	0	0	0	0	0	0	0	0	0	0	0	0	0	0	0	0	0	0	0	12	0	0	0	0	0	0	0	0	0	0	0	0	0	0	0	0	0	0	0	0	0	0	0	0	0	0	0	0	0	0	0	0	0	0	0	0	0	0	0	0	0	0	0	0	0	0	0	0	0	0	0	0	0	0	0	0	0	0	0	0	0	0	0	0	0	0	0	0	0	0	0	0	0	0	0	0	0	0	0	0	0	0	0	0	0	0	0	0	0	0	0	0	0	0	0	0	0	0	0	0	0	0	0	0	0	0	0	0	0	0	0	0	0	0	0	59	0	0	0	0	0	0	0	0	0	0	0	0	0	0	71	0	0	0	0	0	0	0	0	0	0	0	0	0	0	0	0	0	0	0	15	0	0	0	0	0	0	0	0	0	0	0	0	0	0	0	0	0	0	0	0	0	0	0	0	0	0	0	0	0	0	0	0	0	0	0	0	0	0	0	23	0	0	0	0	0	0	0	29	0	0	0	0	0	0	0	0	0	0	0	0	0	0	0	0	0	0	0	0	0	0	0	0	0	0	0	0	0	0	0	0	0	0	0	0	0	0	0	0	0	0	0	0	0	0	0	0	0	0	0	0	0	0	0	0	0	0	0	0	0	0	0	0	12	0	0	0	0	0	0	0	0	0	0	0	0	0	50	0	0	0	0	0	0	0	0	0	0	0	0	0	13	0	0	0	0	0	0	0	0	0	0	0	0	0	0	0	0	0	0	0	0	0	0	8	0	0	0	0	0	0	0	0	0	0	0	0	0	0	0	0	0	0	0	0	0	0	0	0	0	0	0	0	0	0	0	0	0	0	0	0	0	0	0	0	0	0	0	0	0	0	0	0	0	0	0	0	0	0	0	0	0	0	0	0	0	0	0	0	0	0	0	0	0	0	0	0	0	0	0	0	0	0	0	0	0	0	0	0	0	0	0	0	0	0	0	0	0	0	0	0	0	0	0	0	0	0	0	0	0	0	0	0	0	0	0	0	0	0	0	0	0	0	0	0	0	0	0	0	0	0	0	0	0	0	0	0	0	0	0	0
d__Bacteria___p__Actinobacteriota___c__Coriobacteriia___o__Coriobacteriales___f__Atopobiaceae___g__Olsenella	0	0	0	0	0	0	0	0	0	0	0	0	0	0	0	0	0	6	0	0	0	22	0	0	0	64	0	0	0	0	0	18	0	0	0	0	0	0	0	0	0	0	0	0	0	0	0	0	0	0	0	0	0	65	0	0	0	0	14	0	0	0	0	0	0	0	0	0	13	0	0	0	0	0	0	0	0	0	0	0	0	0	0	0	0	0	46	0	8	0	0	0	0	0	0	0	0	0	0	0	0	67	0	0	31	0	0	0	0	0	0	0	0	0	0	0	0	0	0	0	0	0	0	0	0	0	0	0	0	0	0	0	0	0	0	0	32	0	0	0	0	0	0	0	0	0	0	0	0	0	0	0	0	0	0	0	0	0	0	0	0	0	0	0	0	0	0	0	0	0	0	0	0	10	0	0	0	0	0	0	0	0	0	0	0	0	0	0	0	0	0	0	0	55	0	0	0	0	0	0	0	0	0	0	46	0	0	0	0	0	0	0	39	0	0	0	0	0	0	0	40	0	0	0	23	0	0	0	0	0	0	0	0	0	0	0	0	0	0	0	0	0	0	0	0	0	0	0	0	0	33	0	0	0	0	0	0	38	0	0	0	0	0	0	0	0	0	0	44	0	0	0	66	0	0	16	0	0	0	0	16	0	0	0	0	0	0	0	0	0	0	0	0	0	0	13	0	19	0	38	0	0	0	0	6	0	0	0	0	0	0	0	0	0	0	0	0	0	0	0	31	0	0	0	0	0	0	0	0	0	0	0	0	0	0	0	12	11	0	0	0	0	0	0	0	0	0	0	0	0	0	0	0	0	0	0	0	0	0	0	0	0	0	0	0	0	0	0	0	0	0	0	0	0	0	0	13	0	0	0	7	0	18	0	0	0	0	0	0	0	0	0	0	0	0	0	0	0	0	0	0	0	0	0	0	0	0	0	0	0	0	0	14	23	0	0	0	0	0	0	0	0	0	0	0	0	16	0	0	0	0	0	0	0	0	0	0	0	0	0	0	0	0	0	11	0	0	0	0	0	0	0	0	0	0	0	0	0	0	0	0	0	0	0	0	0	0	0	0	0	0	0	0	0	0	0	0	0	0	0	0	0	0	0	0	0	0	0	0	0	0	0	0	0	0	0	0	0	0	0	0	0	29	0	0	0	0	0	0	0	0	0	37	0	0	0	0	0	0	0	0	0	0	0	0
d__Bacteria___p__Actinobacteriota___c__Coriobacteriia___o__Coriobacteriales___f__Coriobacteriaceae	0	30	23	0	0	59	47	118	121	43	0	187	227	222	148	253	19	240	36	31	195	257	426	18	137	234	565	367	888	1214	30	566	735	0	34	69	893	550	492	849	35	201	1084	399	293	149	363	159	72	77	375	8	337	1087	81	491	280	145	50	637	95	94	69	16	164	62	160	137	143	152	0	22	0	326	950	77	292	0	0	701	342	241	106	663	312	357	117	290	655	51	30	453	201	30	542	1157	0	0	0	0	0	0	0	0	0	0	0	0	0	0	0	0	0	0	0	0	0	0	0	0	0	0	0	0	0	0	0	0	0	0	0	0	0	0	0	0	0	0	0	0	0	0	0	0	0	0	0	0	0	25	0	0	0	0	0	57	0	0	0	0	0	0	0	0	0	0	0	0	0	0	0	0	0	0	0	0	0	0	0	0	0	0	0	0	0	0	0	0	60	687	438	510	129	0	0	262	249	265	0	751	437	270	14	77	1285	327	1332	91	709	915	15	370	585	735	309	182	647	101	0	369	407	397	245	136	180	154	588	447	784	947	177	863	307	544	0	785	194	259	96	101	414	721	147	742	72	245	768	315	280	265	280	305	1018	330	721	338	110	291	303	1309	408	834	211	188	500	437	319	187	167	1159	339	219	900	876	745	275	51	0	925	0	26	0	0	0	42	0	0	0	0	0	161	0	25	0	57	0	154	89	0	95	145	43	211	125	13	44	81	0	592	0	18	80	17	0	14	12	96	17	67	28	46	126	49	0	41	19	41	43	0	94	52	0	0	84	158	0	80	40	11	53	82	0	0	0	0	0	0	34	119	0	276	3045	0	0	0	29	18	207	87	6	0	12	19	16	15	75	0	6	8	0	53	0	4	15	48	0	51	0	12	66	11	0	17	119	25	89	41	8	38	47	22	18	33	0	0	60	61	141	63	15	31	67	0	10	169	63	0	50	10	53	15	39	84	17	0	0	0	0	0	324	80	0	288	429	178	94	728	0	53	63	142	126	37	16	68	18	22	122	150	46	361	40	141	22	106	53	142	14	17	15	0	0	369	0	0	6	54	34	31	124	82	566	0	118	10	32	69	1171	44	34	174	1034	142	21	0	33	0	30	0	51	0	16	0	0	126	0	0	0	0	0	0	38	174	7	13	0	0	0	0	0	32	0	49	0	25	26	139	41	42	35	448	74	124	157	0	0	0	164	41	58	5	0	0	887	0
d__Bacteria___p__Actinobacteriota___c__Coriobacteriia___o__Coriobacteriales___f__Coriobacteriaceae___g__Collinsella	0	30	23	0	0	59	47	118	121	43	0	187	227	222	148	253	19	240	36	31	195	257	426	18	137	234	565	367	888	1214	30	566	735	0	34	69	893	550	492	849	35	201	1084	399	293	149	363	159	72	77	375	8	337	1087	81	491	280	145	50	637	95	94	69	16	164	62	160	137	143	152	0	22	0	326	950	77	292	0	0	701	342	241	106	663	312	357	117	290	655	51	30	453	201	30	542	1157	0	0	0	0	0	0	0	0	0	0	0	0	0	0	0	0	0	0	0	0	0	0	0	0	0	0	0	0	0	0	0	0	0	0	0	0	0	0	0	0	0	0	0	0	0	0	0	0	0	0	0	0	0	25	0	0	0	0	0	57	0	0	0	0	0	0	0	0	0	0	0	0	0	0	0	0	0	0	0	0	0	0	0	0	0	0	0	0	0	0	0	0	60	687	438	510	129	0	0	262	249	265	0	751	437	270	14	77	1285	327	1332	91	709	915	15	370	585	735	309	182	647	101	0	369	407	397	245	136	180	154	588	447	784	947	177	863	307	544	0	785	194	259	96	101	414	721	147	742	72	245	768	315	280	265	280	305	1018	330	721	338	110	291	303	1309	408	834	211	188	500	437	319	187	167	1159	339	219	900	876	745	275	51	0	925	0	26	0	0	0	42	0	0	0	0	0	161	0	25	0	57	0	154	89	0	95	145	43	211	125	13	44	81	0	592	0	18	80	17	0	14	12	96	17	67	28	46	126	49	0	41	19	41	43	0	94	52	0	0	84	158	0	80	40	11	53	82	0	0	0	0	0	0	34	119	0	276	3045	0	0	0	29	18	207	87	6	0	12	19	16	15	75	0	6	8	0	53	0	4	15	48	0	51	0	12	66	11	0	17	119	25	89	41	8	38	47	22	18	33	0	0	60	61	141	63	15	31	67	0	10	169	63	0	50	10	53	15	39	84	17	0	0	0	0	0	324	80	0	288	429	178	94	728	0	53	63	142	126	37	16	68	18	22	122	150	46	361	40	141	22	106	53	142	14	17	15	0	0	369	0	0	6	54	34	31	124	82	566	0	118	10	32	69	1171	44	34	174	1034	142	21	0	33	0	30	0	51	0	16	0	0	126	0	0	0	0	0	0	38	174	7	13	0	0	0	0	0	32	0	49	0	25	26	139	41	42	35	448	74	124	157	0	0	0	164	41	58	5	0	0	887	0
d__Bacteria___p__Actinobacteriota___c__Coriobacteriia___o__Coriobacteriales___f__Coriobacteriales_Incertae_Sedis	29	0	0	0	0	0	0	20	133	0	22	0	0	0	0	0	0	80	7	0	0	0	144	0	0	0	0	0	1090	0	0	348	329	51	0	0	0	6	0	0	38	0	0	0	0	0	0	0	0	0	142	0	0	31	0	0	0	0	0	0	22	0	0	31	50	0	77	137	0	0	0	0	0	0	46	0	374	0	0	15	0	36	33	0	13	11	0	0	0	0	0	0	76	9	0	17	0	0	23	0	0	0	0	79	0	0	0	0	0	0	0	0	49	0	0	0	32	0	160	0	17	0	0	0	0	0	0	38	0	0	0	0	0	0	92	21	82	0	0	12	0	8	0	213	0	0	0	0	0	0	0	0	0	0	0	0	0	0	0	0	0	0	0	0	0	17	0	562	0	31	0	0	0	0	0	0	0	26	0	0	0	0	0	0	0	0	0	0	61	0	0	0	14	0	91	0	117	0	0	0	0	11	0	0	28	0	0	0	0	39	0	0	0	0	0	43	0	132	75	193	118	0	0	0	0	17	0	0	23	0	0	0	0	31	0	0	8	109	0	0	0	0	0	0	0	0	0	0	0	0	22	0	0	0	31	0	0	0	0	0	0	0	0	161	0	0	0	47	0	0	0	0	0	0	0	0	0	54	0	0	0	5	0	8	77	0	0	0	0	0	0	0	0	3	13	16	11	0	0	0	18	0	0	0	0	0	6	0	0	0	0	10	0	0	0	10	78	0	13	0	0	0	0	0	0	0	0	0	246	0	0	0	0	18	1118	14	0	0	43	0	0	0	0	0	20	0	0	0	47	0	0	8	18	23	0	49	0	28	0	130	0	0	0	0	17	0	10	0	0	0	0	0	118	10	0	74	17	0	0	615	37	9	16	0	0	575	0	0	0	0	0	37	0	0	0	0	0	0	0	0	0	0	111	7	0	27	0	6	0	0	0	224	0	12	0	16	0	0	0	0	120	0	21	189	0	0	0	0	0	0	0	0	0	0	0	4	0	0	8	0	0	0	0	0	0	0	0	0	0	0	0	0	0	0	0	0	0	0	0	0	7	0	0	0	0	0	0	0	0	0	0	0	0	0	0	68	0	0	0	0	0	0	0	0	0	0	0	0	0	38	75	0	0	0	0	0	0	0	0	0	0	0	0	0	0	0	0	0	0	32	0	0	13	23	0	0	0	0	13	122	0	23	0	9	12
d__Bacteria___p__Actinobacteriota___c__Coriobacteriia___o__Coriobacteriales___f__Coriobacteriales_Incertae_Sedis___g__Phoenicibacter	0	0	0	0	0	0	0	0	0	0	0	0	0	0	0	0	0	0	0	0	0	0	0	0	0	0	0	0	0	0	0	0	0	0	0	0	0	0	0	0	0	0	0	0	0	0	0	0	0	0	0	0	0	0	0	0	0	0	0	0	0	0	0	0	0	0	0	0	0	0	0	0	0	0	0	0	0	0	0	0	0	0	0	0	0	0	0	0	0	0	0	0	0	0	0	0	0	0	0	0	0	0	0	0	0	0	0	0	0	0	0	0	0	0	0	0	0	0	0	0	0	0	0	0	0	0	0	0	0	0	0	0	0	0	0	0	0	0	0	0	0	0	0	0	0	0	0	0	0	0	0	0	0	0	0	0	0	0	0	0	0	0	0	0	0	0	0	0	0	0	0	0	0	0	0	0	0	0	0	0	0	0	0	0	0	0	0	0	23	0	0	0	0	0	0	0	0	0	0	0	0	0	0	0	0	0	0	0	0	0	0	0	0	0	0	0	0	0	0	0	0	0	0	0	0	0	0	0	0	0	0	0	0	0	0	0	0	80	0	0	0	0	0	0	0	0	0	0	0	0	0	0	0	0	0	0	0	0	0	0	0	0	0	0	0	0	0	0	0	0	0	0	0	0	0	0	0	0	0	0	0	0	0	0	0	0	0	0	0	0	0	0	0	0	0	0	0	0	0	0	0	0	0	0	0	0	0	0	0	0	0	0	0	0	0	0	0	0	0	0	0	0	0	0	0	0	0	0	0	0	0	0	0	0	0	0	0	0	0	0	0	0	0	0	0	0	0	0	0	0	0	0	0	0	0	0	0	0	0	0	0	0	0	0	0	0	0	0	0	0	0	0	0	0	0	0	0	0	0	0	0	0	0	0	0	0	0	0	0	0	0	0	0	0	0	0	0	0	0	0	0	0	0	0	0	0	0	0	0	0	0	0	0	0	0	0	0	0	0	0	0	0	0	0	0	0	0	0	0	0	0	0	0	0	0	0	0	0	0	0	0	0	0	0	0	0	0	0	0	0	0	0	0	0	0	0	0	0	0	0	0	0	0	0	0	0	0	0	0	0	0	0	0	0	0	0	0	0	0	0	0	0	0	0	0	0	0	0	0	0	0	0	0	0	0	0	0	0	0	0	0	0	0	0	0	0	0	0	0	0	0	0	0	0	0	0	0	0	0	0	0	0	0	0	0
d__Bacteria___p__Actinobacteriota___c__Coriobacteriia___o__Coriobacteriales___f__Coriobacteriales_Incertae_Sedis___g__Raoultibacter	0	0	0	0	0	0	0	0	0	0	0	0	0	0	0	0	0	0	0	0	0	0	0	0	0	0	0	0	0	0	0	0	0	0	0	0	0	0	0	0	0	0	0	0	0	0	0	0	0	0	0	0	0	0	0	0	0	0	0	0	0	0	0	0	0	0	0	0	0	0	0	0	0	0	0	0	0	0	0	0	0	0	0	0	0	0	0	0	0	0	0	0	0	0	0	0	0	0	0	0	0	0	0	0	0	0	0	0	0	0	0	0	0	0	0	0	0	0	0	0	0	0	0	0	0	0	0	0	0	0	0	0	0	0	0	0	0	0	0	0	0	0	0	0	0	0	0	0	0	0	0	0	0	0	0	0	0	0	0	0	0	0	0	0	0	0	0	0	0	0	0	0	0	0	0	0	0	0	0	0	0	0	0	0	0	0	0	0	0	0	0	0	0	0	0	0	0	0	0	0	0	0	0	0	0	0	0	0	0	0	0	0	0	0	0	0	0	0	0	0	0	0	0	0	0	0	0	0	0	0	0	0	0	0	0	0	0	0	0	0	0	0	0	0	0	0	0	0	0	0	0	0	0	0	0	0	0	0	0	0	0	0	0	0	0	0	0	0	0	0	0	0	0	0	0	0	0	0	0	0	0	0	0	0	0	0	0	0	0	0	0	0	0	0	0	0	0	0	0	0	0	0	0	0	0	0	6	0	0	0	0	0	0	0	0	0	0	0	0	0	0	0	0	0	0	0	0	0	0	0	0	0	0	0	0	0	0	0	0	0	0	0	0	0	0	0	0	0	0	0	0	0	0	0	0	0	0	0	0	0	0	0	0	0	0	0	0	0	0	0	0	0	0	0	0	0	0	0	0	0	0	0	0	0	0	0	0	0	0	0	0	0	0	0	0	0	0	0	0	0	0	0	0	0	0	0	0	0	0	0	0	0	0	0	0	0	0	0	0	0	0	0	0	0	0	0	0	0	0	0	0	0	0	0	0	0	0	0	0	0	0	0	0	0	0	0	0	0	0	0	0	0	0	0	0	0	0	0	0	0	0	0	0	0	0	0	0	0	0	0	0	0	0	0	0	0	0	0	0	0	0	0	0	0	0	0	0	0	0	0	0	0	0	0	0	0	0	0	0	0	0	0	0	0	0	0	0	0	0	0	0	0	0	0	0	0	0	0	0	0	0	0	0	0	0
d__Bacteria___p__Actinobacteriota___c__Coriobacteriia___o__Coriobacteriales___f__Eggerthellaceae	39	147	79	0	0	396	92	58	50	149	116	355	125	304	265	333	12	89	34	72	154	19	13	36	432	172	768	369	691	882	0	92	401	134	42	501	1454	366	105	167	263	311	116	276	568	99	410	188	82	18	64	45	111	245	29	53	95	461	60	164	0	51	232	18	21	15	194	83	113	264	55	84	0	300	698	231	26	0	129	155	188	385	64	299	29	0	200	150	225	276	113	72	182	84	171	38	0	29	0	39	59	383	15	33	76	36	53	138	0	47	32	0	18	24	21	26	24	0	36	42	26	0	0	113	16	53	54	16	267	494	532	169	20	35	0	23	44	84	0	60	31	27	91	8	97	18	17	33	51	190	36	212	83	0	27	31	60	260	25	28	146	276	15	17	22	104	181	0	86	0	167	0	150	23	74	82	17	139	26	26	0	79	69	115	240	0	41	0	82	135	199	271	137	185	88	294	153	64	244	578	129	179	171	13	675	49	965	0	82	374	72	7	479	83	184	70	679	188	262	82	175	38	211	39	74	545	205	1313	425	460	1008	75	253	198	573	176	381	191	173	280	102	342	117	111	37	274	161	195	109	49	502	0	306	1237	288	150	635	332	357	212	158	177	207	19	233	149	56	197	321	427	252	530	419	817	195	44	270	107	238	316	90	0	37	74	0	194	0	0	48	14	305	37	30	0	4	0	27	21	0	129	11	28	31	110	0	66	178	42	249	0	22	11	59	29	5	0	19	34	18	93	13	67	239	0	15	43	17	19	0	83	38	0	0	44	14	0	103	25	0	24	90	26	0	22	0	0	32	23	826	42	224	483	0	3	18	0	28	267	48	11	0	5	0	68	0	79	14	10	40	0	18	0	13	9	17	26	423	0	28	66	30	72	17	45	23	21	23	13	6	15	24	61	12	31	244	31	113	87	19	100	53	17	11	0	101	40	144	12	32	77	0	72	151	148	15	99	0	0	0	141	20	29	90	220	228	112	203	25	0	39	119	64	7	16	23	9	7	146	431	54	17	0	68	0	12	50	0	0	0	41	20	0	137	0	0	0	20	186	16	57	0	69	5	36	0	0	11	202	0	0	0	146	36	51	0	17	0	31	0	22	0	47	0	0	490	0	10	0	23	42	134	37	65	0	20	0	0	28	0	33	0	0	12	15	0	0	0	25	91	23	1064	57	310	250	0	0	11	249	37	19	42	0	20	544	0
d__Bacteria___p__Actinobacteriota___c__Coriobacteriia___o__Coriobacteriales___f__Eggerthellaceae___g__Adlercreutzia	0	23	0	0	0	44	0	0	50	0	82	0	0	0	24	0	0	60	0	59	41	0	0	16	35	0	131	0	495	134	0	28	49	134	0	0	55	0	27	86	181	34	25	0	25	63	0	0	0	0	30	0	0	0	29	0	0	0	60	0	0	0	0	18	0	0	25	0	24	0	0	0	0	0	98	39	26	0	0	0	0	0	30	0	0	0	51	0	0	50	22	0	0	0	0	38	0	0	0	0	0	0	15	33	0	0	0	31	0	0	0	0	0	0	0	10	0	0	0	0	26	0	0	0	0	0	0	0	0	0	0	0	0	0	0	23	15	0	0	10	0	0	0	8	0	0	0	14	0	0	0	0	0	0	0	0	0	0	0	0	23	0	0	0	0	0	69	0	0	0	0	0	0	0	0	0	17	0	0	0	0	0	0	0	0	0	0	0	54	0	0	0	26	0	8	0	0	0	96	0	129	0	55	0	0	49	0	0	0	0	0	0	50	35	27	58	0	35	108	0	43	0	0	0	0	0	0	0	9	39	0	0	0	0	0	0	28	0	0	0	0	0	0	0	0	43	0	0	0	27	42	0	0	0	0	68	40	16	0	18	0	0	0	19	0	0	0	0	0	0	0	0	0	0	0	0	0	107	0	257	14	0	0	43	0	194	0	0	0	0	22	11	0	0	4	0	0	0	0	0	0	0	0	0	0	0	0	0	0	0	0	0	0	9	0	0	0	0	0	0	13	0	20	0	0	0	0	0	0	0	0	0	0	0	14	0	0	0	0	0	0	0	0	0	0	0	9	0	0	0	13	0	0	0	0	0	28	18	48	11	0	0	0	0	0	0	0	10	0	0	0	0	13	5	11	0	0	0	0	18	0	0	11	0	23	21	0	13	6	15	14	0	12	0	29	0	0	31	0	0	0	17	0	0	26	0	75	0	0	0	0	68	21	0	0	38	0	0	0	32	20	0	0	33	0	0	0	0	0	0	23	23	0	0	0	0	0	0	0	0	0	0	10	0	0	0	0	0	0	0	0	0	0	0	0	0	0	25	0	0	0	0	0	0	0	0	0	0	0	0	0	0	0	51	0	17	0	0	0	0	0	0	0	0	0	0	0	0	0	42	106	0	0	0	0	0	0	0	0	0	0	0	0	0	0	0	0	0	0	0	0	0	60	0	0	0	0	90	0	0	0	0	11	54	0
d__Bacteria___p__Actinobacteriota___c__Coriobacteriia___o__Coriobacteriales___f__Eggerthellaceae___g__CHKCI002	39	0	0	0	0	0	0	0	0	0	0	0	0	0	0	0	0	0	0	0	0	0	0	0	0	0	0	0	0	0	0	0	0	0	0	0	0	0	0	0	0	0	0	0	0	0	0	0	0	0	0	0	0	0	0	0	0	0	0	0	0	0	0	0	0	0	0	0	0	0	0	0	0	0	0	0	0	0	0	0	0	0	0	0	0	0	0	0	0	0	0	0	0	0	0	0	0	0	0	0	0	0	0	0	0	0	0	0	0	0	0	0	0	0	0	0	0	0	0	0	0	0	0	0	0	0	0	0	0	0	0	0	0	0	0	0	0	0	0	0	0	0	0	0	0	0	0	0	0	0	0	0	0	0	0	0	0	0	0	0	0	0	0	0	0	0	0	0	0	0	0	0	0	0	0	0	0	0	0	0	0	0	0	0	0	0	0	0	0	0	0	0	0	0	0	0	0	0	0	0	0	0	0	0	0	0	0	0	0	0	0	0	0	0	0	0	0	0	0	0	0	0	0	0	0	0	0	0	0	0	0	0	0	0	0	0	0	0	0	0	0	0	0	0	0	0	0	0	0	0	0	0	0	0	0	0	0	0	0	0	0	0	0	0	0	0	0	0	0	0	0	0	0	0	0	0	0	0	0	0	0	0	0	0	0	0	0	0	0	0	0	0	0	0	0	0	0	0	0	0	0	0	0	0	0	0	0	0	0	0	0	0	0	0	0	0	0	0	0	0	0	0	0	0	0	0	0	0	0	0	0	0	0	0	0	0	0	0	0	0	0	0	0	0	0	0	0	0	0	0	0	0	0	0	0	0	0	0	0	0	0	0	0	0	0	0	0	0	0	0	0	0	0	0	0	0	0	0	0	0	0	0	0	0	0	0	0	0	0	0	0	0	0	0	0	0	0	0	0	0	0	0	0	0	0	0	0	0	0	0	0	0	0	0	0	0	0	0	0	0	0	0	0	0	0	0	0	0	0	0	0	0	0	0	0	0	0	0	0	0	0	0	0	0	0	0	0	0	0	0	0	0	0	0	0	0	0	0	0	0	0	0	0	0	0	0	0	0	0	0	0	0	0	0	0	0	0	0	0	0	0	0	0	0	0	0	0	0	0	0	0	0	0	0	0	0	0	0	0	0	0	0	0	0	0	0	0	0	0	0	0	0	0	0	0	0	0	0	0	0	0	0	0	0	0
d__Bacteria___p__Actinobacteriota___c__Coriobacteriia___o__Coriobacteriales___f__Eggerthellaceae___g__DNF00809	0	0	0	0	0	0	0	0	0	0	0	0	0	0	0	0	0	0	0	0	0	0	0	0	0	0	0	0	0	0	0	0	0	0	0	0	0	0	0	0	0	0	0	0	0	0	0	0	0	0	0	0	0	0	0	0	0	0	0	0	0	0	0	0	0	0	0	0	0	0	0	0	0	0	0	0	0	0	0	0	0	0	0	0	0	0	0	0	0	0	0	0	0	0	0	0	0	0	0	0	0	0	0	0	0	0	0	0	0	0	0	0	0	0	0	0	0	0	0	0	0	0	0	0	0	0	0	0	0	0	0	0	0	0	0	0	0	0	0	0	0	0	0	0	0	0	0	0	0	0	0	0	0	0	0	0	0	0	0	0	0	0	0	0	0	0	0	0	0	0	0	0	0	0	0	0	0	0	0	0	0	0	0	0	0	0	0	0	0	0	0	0	0	0	0	0	0	0	0	0	0	0	0	0	0	0	0	0	0	0	0	0	0	0	0	0	0	0	17	0	0	0	0	0	0	0	0	0	0	0	0	0	0	0	0	0	0	0	0	0	0	0	0	0	0	0	0	0	0	0	0	0	0	0	0	0	0	0	0	0	0	0	0	0	0	0	0	0	0	0	0	0	0	0	0	0	0	0	0	35	0	0	0	0	0	0	0	0	0	0	0	0	0	0	0	0	0	0	0	0	0	0	0	0	0	0	0	0	0	0	0	0	0	0	0	0	0	0	0	0	0	0	0	0	0	0	0	0	0	0	0	0	0	0	0	0	0	0	0	0	0	0	0	0	0	0	0	0	0	0	0	0	0	0	0	0	0	0	0	0	0	0	0	0	0	0	0	0	0	0	0	0	0	0	0	0	0	0	0	0	0	0	0	0	0	0	0	0	0	0	0	0	0	0	0	0	0	0	0	0	0	0	0	0	0	0	0	0	0	0	0	0	0	0	0	0	0	0	0	0	0	0	0	0	0	0	0	0	0	0	0	0	0	0	0	0	0	0	0	0	0	0	0	0	0	0	0	0	0	0	0	0	0	0	0	0	0	0	0	0	0	0	0	0	0	0	0	0	0	0	0	0	0	0	0	0	0	0	0	0	0	0	0	0	0	0	0	0	0	0	0	0	0	0	0	0	0	0	0	0	0	0	0	0	0	0	0	0	0	0	0	0	0	0	0	0	0	0	0	0	0	0	0	0	0
d__Bacteria___p__Actinobacteriota___c__Coriobacteriia___o__Coriobacteriales___f__Eggerthellaceae___g__Eggerthella	0	0	26	0	0	0	0	0	0	0	34	0	0	0	0	0	0	11	0	0	113	19	13	0	0	0	17	36	196	0	0	64	0	0	0	0	0	17	31	81	82	0	0	0	0	0	338	0	0	0	34	0	0	0	0	0	0	0	0	0	0	28	0	0	0	0	0	0	0	50	55	0	0	32	0	192	0	0	129	0	19	0	0	0	14	0	0	0	56	0	0	0	182	0	171	0	0	0	0	0	59	23	0	0	0	21	0	107	0	0	0	0	0	0	0	0	24	0	0	42	0	0	0	0	0	0	0	0	0	0	0	29	0	0	0	0	0	4	0	0	31	0	0	0	0	18	17	19	51	0	0	45	18	0	0	0	60	0	0	0	123	276	0	0	0	0	91	0	0	0	0	0	0	0	0	82	0	0	0	0	0	44	69	0	0	0	0	0	0	0	0	0	0	0	80	51	0	0	0	0	0	0	116	0	0	0	0	0	0	0	72	7	0	0	0	12	0	0	137	82	0	0	0	0	0	0	0	0	0	0	0	0	0	0	0	19	0	0	0	0	0	0	117	111	0	0	0	0	0	22	0	0	0	0	0	0	0	21	0	0	0	41	0	0	0	0	0	197	0	19	0	24	0	0	0	0	149	0	28	24	0	0	0	0	0	0	0	0	48	0	0	0	0	0	0	0	0	0	0	0	0	0	0	0	0	0	0	0	9	0	0	0	0	0	0	0	0	0	0	0	0	0	0	0	0	0	0	0	0	0	0	0	0	0	0	0	0	0	0	0	0	0	0	0	0	0	0	0	0	0	0	0	0	0	0	0	0	0	0	0	0	0	0	0	0	0	0	0	0	0	0	0	0	0	0	26	0	0	0	0	0	0	0	0	0	0	0	0	0	0	0	0	0	0	0	0	0	0	19	0	0	0	11	0	0	0	56	0	0	0	0	4	0	0	0	0	0	0	0	0	0	29	0	0	0	0	0	0	0	0	0	0	0	0	0	0	0	0	0	0	0	0	0	0	12	0	0	0	0	0	20	0	137	0	0	0	20	0	0	0	0	0	5	0	0	0	0	202	0	0	0	0	0	0	0	0	0	0	0	0	0	0	0	0	58	0	0	0	23	0	28	37	0	0	0	0	0	0	0	0	0	0	0	15	0	0	0	0	0	0	0	0	0	0	0	0	0	0	0	0	0	0	0	0	0
d__Bacteria___p__Actinobacteriota___c__Coriobacteriia___o__Coriobacteriales___f__Eggerthellaceae___g__Enterorhabdus	0	37	0	0	0	11	0	0	0	0	0	0	0	0	0	0	0	18	0	0	0	0	0	0	0	0	75	0	0	58	0	0	0	0	0	0	52	0	0	0	0	0	0	0	0	0	0	0	0	0	0	0	0	0	0	0	0	0	0	0	0	0	0	0	0	0	0	0	0	0	0	0	0	0	107	0	0	0	0	0	0	0	0	25	0	0	0	0	0	0	0	0	0	0	0	0	0	0	0	0	0	0	0	0	0	0	0	0	0	0	0	0	18	0	0	0	0	0	0	0	0	0	0	0	16	0	0	0	0	0	0	0	20	0	0	0	0	0	0	0	0	0	0	0	0	0	0	0	0	0	0	0	0	0	0	0	0	0	0	0	0	0	0	0	0	0	0	0	0	0	0	0	0	0	6	0	0	0	0	0	0	0	0	0	0	0	0	0	0	0	0	29	0	0	0	0	0	0	0	0	0	0	0	0	0	0	114	0	0	0	0	0	0	0	23	0	38	0	0	0	35	0	0	0	0	59	0	0	16	0	27	0	0	0	0	0	68	0	0	0	0	61	0	0	0	0	0	0	0	0	34	0	0	103	28	0	0	0	46	22	0	0	0	0	14	0	0	0	25	0	0	0	34	24	0	0	0	0	0	0	0	0	0	0	0	0	0	0	0	0	85	0	0	0	0	0	0	5	0	11	0	0	0	0	0	0	11	0	0	0	0	0	0	0	0	0	0	0	0	0	0	0	0	0	0	0	0	0	0	0	13	0	0	0	0	0	0	0	0	0	0	0	0	0	0	0	0	8	13	0	0	44	0	0	0	0	0	0	0	0	0	0	0	5	0	0	14	0	0	0	0	0	0	0	0	0	15	0	0	0	10	0	0	0	0	0	0	0	0	0	0	19	0	0	0	0	30	0	0	0	0	0	0	0	0	0	0	0	0	0	0	0	0	28	0	0	0	0	0	0	0	0	0	0	0	0	0	0	0	0	0	0	0	0	0	0	0	0	15	0	0	0	0	0	0	0	0	0	0	0	0	0	0	0	0	0	0	0	0	0	0	0	0	0	0	0	0	0	0	0	0	0	0	0	0	0	0	0	0	0	0	0	0	0	0	0	0	0	0	0	0	0	0	0	0	0	0	8	0	0	0	0	0	0	0	0	0	0	0	0	179	21	0	30	0	0	0	0	0	0	0	0	0	0	0
d__Bacteria___p__Actinobacteriota___c__Coriobacteriia___o__Coriobacteriales___f__Eggerthellaceae___g__Gordonibacter	0	0	0	0	0	0	0	0	0	0	0	10	0	0	0	0	0	0	0	13	0	0	0	0	0	0	0	0	0	0	0	0	0	0	0	0	0	0	28	0	0	0	0	0	0	0	13	0	0	0	0	0	0	0	0	0	0	0	0	0	0	0	0	0	0	0	0	0	0	0	0	0	0	0	0	0	0	0	0	0	0	0	0	0	0	0	0	0	0	0	0	0	0	0	0	0	0	0	0	0	0	0	0	0	0	0	0	0	0	0	0	0	0	0	0	0	0	0	0	0	0	0	0	0	0	0	0	0	0	0	0	0	0	0	0	0	0	0	0	0	0	0	0	0	0	0	0	0	0	0	0	0	0	0	0	0	0	0	0	0	0	0	0	0	0	0	0	0	0	0	0	0	0	0	0	0	0	0	0	0	0	0	0	0	0	0	0	0	0	0	0	0	0	0	0	0	0	9	0	0	0	0	0	0	0	0	0	0	0	0	0	0	0	0	0	0	0	0	0	0	0	0	0	0	0	0	0	0	0	0	0	0	0	0	0	0	0	0	0	0	0	0	0	0	0	0	0	0	0	0	0	0	0	0	0	0	0	0	0	0	0	0	0	0	0	0	0	0	0	0	0	0	0	0	0	0	0	0	0	0	0	0	0	0	0	0	0	0	0	0	0	0	0	0	0	0	0	0	0	0	0	0	0	0	0	0	0	0	0	0	0	0	0	0	0	0	0	0	0	0	0	0	0	0	0	0	0	0	0	0	0	0	0	0	0	0	0	0	0	0	0	0	0	0	0	0	0	0	0	0	0	0	0	0	0	0	0	0	0	0	0	0	0	0	0	0	0	0	0	0	0	0	0	0	0	0	0	0	0	0	0	0	0	0	0	0	0	0	0	0	0	0	0	0	0	0	0	0	0	0	0	0	0	0	0	0	13	0	0	0	0	0	0	0	0	0	0	0	0	0	0	0	0	0	0	0	0	0	0	0	0	0	0	0	0	0	0	0	0	0	0	0	0	0	0	0	0	0	0	0	0	0	0	0	0	0	0	0	0	0	0	0	0	0	0	0	0	0	0	0	0	0	0	0	0	0	0	0	0	0	0	0	0	0	0	0	0	0	0	0	0	0	0	0	0	0	0	0	0	0	0	0	0	0	0	0	0	0	0	0	0	0	0	0	0	0	0	0	0	0	0	0	0	0	0
d__Bacteria___p__Actinobacteriota___c__Coriobacteriia___o__Coriobacteriales___f__Eggerthellaceae___g__Senegalimassilia	0	0	53	0	0	0	45	58	0	96	0	229	125	28	0	36	12	0	34	0	0	0	0	0	0	0	0	198	0	404	0	0	300	0	0	42	275	187	0	0	0	0	0	0	144	0	31	40	63	18	0	45	95	150	0	53	66	198	0	130	0	23	66	0	21	0	169	69	0	142	0	0	0	46	0	0	0	0	0	86	0	85	0	64	0	0	0	0	0	0	0	42	0	59	0	0	0	15	0	39	0	0	0	0	42	0	0	0	0	47	0	0	0	0	13	0	0	0	0	0	0	0	0	113	0	0	54	0	34	28	46	0	0	0	0	0	0	51	0	50	0	27	91	0	0	0	0	0	0	30	0	167	0	0	27	0	0	51	25	0	0	0	0	0	0	0	0	0	86	0	167	0	0	0	0	0	0	0	0	0	0	0	0	115	44	0	15	0	0	67	98	103	111	56	0	0	153	0	0	70	0	85	0	13	128	0	407	0	0	52	0	0	0	0	0	0	79	153	0	0	97	0	0	39	27	146	121	385	175	273	199	75	43	91	573	0	22	65	130	73	102	62	0	0	26	0	112	119	67	0	165	0	275	272	85	0	0	56	0	30	91	0	73	0	81	0	26	0	24	251	68	404	64	0	85	0	0	0	117	0	20	0	0	0	0	0	0	0	0	0	0	0	0	0	0	0	27	0	0	17	11	11	0	58	0	20	0	42	0	0	0	11	11	0	0	0	19	0	18	0	0	33	0	0	0	24	0	0	0	0	0	0	0	44	0	0	0	0	0	0	15	9	0	0	0	0	0	0	0	0	109	243	0	3	0	0	0	116	0	0	0	5	0	0	0	35	0	0	3	0	8	0	0	0	0	0	26	0	0	0	0	23	0	0	0	0	0	0	0	0	0	0	0	0	0	20	51	0	0	0	0	0	0	0	0	24	0	0	0	0	0	0	0	0	15	0	0	0	0	0	0	0	90	0	73	41	132	0	0	0	0	0	0	0	23	9	0	65	45	0	0	0	0	0	0	10	0	0	0	0	0	0	0	0	0	0	0	49	16	0	0	15	0	14	0	0	11	0	0	0	0	106	36	0	0	0	0	0	0	0	0	10	0	0	0	0	10	0	0	0	0	0	32	0	0	0	0	0	0	0	0	0	0	0	0	0	0	0	59	0	79	0	0	36	0	0	0	0	0	19	14	0	0	218	0
d__Bacteria___p__Actinobacteriota___c__Coriobacteriia___o__Coriobacteriales___f__Eggerthellaceae___g__Slackia	0	0	0	0	0	0	9	0	0	43	0	85	0	0	0	0	0	0	0	0	0	0	0	0	0	15	0	12	0	118	0	0	52	0	0	18	98	37	0	0	0	0	91	0	31	0	0	9	0	0	0	0	16	95	0	0	0	40	0	19	0	0	11	0	0	15	0	14	0	0	0	0	0	19	35	0	0	0	0	69	0	34	34	210	15	0	0	88	131	0	50	30	0	25	0	0	0	0	0	0	0	0	0	0	19	0	0	0	0	0	0	0	0	0	0	0	0	0	36	0	0	0	0	0	0	41	0	0	0	35	0	140	0	0	0	0	29	0	0	0	0	0	0	0	0	0	0	0	0	0	0	0	65	0	0	0	0	0	0	0	0	0	15	0	0	0	0	0	0	0	0	0	0	0	0	0	0	0	0	0	0	0	0	0	0	0	0	0	28	27	0	38	0	0	0	0	0	0	148	80	0	0	0	0	219	0	0	0	0	88	0	0	0	0	23	0	0	0	0	0	0	0	0	0	0	26	84	160	0	0	26	0	31	39	0	0	55	32	34	0	0	0	0	0	0	0	0	41	0	0	52	0	31	53	0	0	0	30	58	0	44	112	0	0	46	41	0	0	0	0	168	29	32	52	0	7	11	0	0	0	0	0	0	31	0	0	0	0	0	0	125	0	0	0	0	0	0	0	0	22	0	0	7	0	0	0	97	0	0	0	0	0	0	0	0	0	0	0	0	0	0	0	0	0	0	0	0	0	0	49	0	0	0	0	0	0	0	11	0	0	40	0	0	6	0	0	0	0	43	0	0	76	0	0	0	0	0	0	0	0	0	0	0	0	0	0	0	0	0	0	0	0	0	4	6	0	0	0	0	0	20	0	6	0	0	0	0	0	0	0	0	0	0	0	0	0	0	0	0	7	0	0	0	0	0	16	0	12	0	0	0	0	20	0	0	0	0	0	0	0	0	0	0	187	23	14	0	0	0	0	27	0	7	0	0	0	0	57	0	0	0	0	0	0	0	0	0	0	0	0	0	0	0	0	0	0	0	0	0	0	0	0	0	22	0	0	0	0	0	0	0	0	0	0	0	0	0	0	0	0	0	0	0	0	34	0	0	0	0	0	0	0	0	0	6	0	0	0	0	6	0	0	12	0	0	0	0	0	0	3	40	0	14	0	0	0	0	15	18	0	0	0	0	0	0
d__Bacteria___p__Bacteroidota	2145	4191	562	757	1466	1962	420	2151	3378	2454	1328	5939	2872	652	1200	1045	202	5059	434	1443	4638	486	2000	260	1223	3008	14304	4117	23455	21342	1132	12282	5658	10880	461	580	6608	15108	7310	7035	5649	1911	6625	955	2283	3529	9981	2256	1265	1448	2194	70	4578	3678	2494	1619	4082	4446	1634	1535	883	3643	749	1075	803	942	2162	243	2848	9380	3155	2086	227	2185	2588	3086	1940	382	1892	5072	2090	1988	1052	949	1207	1090	2282	2205	9024	1319	2558	4092	3813	1182	3064	4594	960	295	933	1643	845	3663	1215	5328	2280	4054	1825	4533	2367	948	4539	1377	1934	1609	1002	2211	1881	1727	1225	1661	2620	3078	929	2405	1324	3667	2352	3360	3281	1106	3125	2060	4777	3171	2718	5167	6510	4922	3329	1118	6043	4758	2621	2187	2283	1949	2102	2524	1829	1622	2162	4145	800	4353	385	1440	2728	1674	2861	3392	5839	9577	2328	2049	6625	1400	6644	1905	3525	1592	1486	893	1303	4081	4380	3764	2931	700	444	1714	868	1249	1383	1671	1821	9376	6301	2519	3149	5350	4127	4158	3415	1887	2376	5069	4068	1515	4959	7486	4927	6037	4522	1199	8322	7536	1506	166	5356	3269	106	5687	5326	5242	3049	5462	1504	2999	5602	10516	7058	2664	740	2961	173	555	7473	8072	4619	5171	7761	1896	8242	6002	4883	2039	3917	6749	9964	6759	2504	6925	4477	5287	219	2860	5525	3522	4000	8402	6775	2651	11046	14479	7436	4929	5097	4484	3826	6427	6352	2440	4126	4322	6350	6611	13830	14889	1235	9015	2150	15542	2714	6862	4721	3922	27538	6032	10827	7799	13684	416	6488	9300	10129	3405	4	0	32	9302	2944	6984	11357	2891	3666	2698	571	3364	1562	5377	4285	13111	3396	6546	3937	2570	1775	6858	3750	4527	8183	11680	3547	597	3734	10989	7916	2208	4802	5002	7998	16753	7410	2337	10713	6033	559	9266	578	20939	6368	0	20	5804	2299	4425	9881	14915	5889	4161	7909	3206	6739	8430	1619	18087	3465	3168	816	2700	1188	90	6087	8818	2599	2140	15568	3468	159	2751	0	4722	2728	2043	4237	5598	2997	7219	10925	707	2004	3749	61	8253	10724	13792	1439	175	11381	3171	3399	4872	189	2420	5643	2825	8697	2879	14729	51	10736	4597	9789	13317	9145	11635	6478	3596	17532	4151	3684	12172	22521	1618	7399	1869	5341	2904	6678	7226	24695	2551	15764	837	5083	162	0	0	54	5149	540	1204	4515	4651	1417	1870	1182	129	487	42	814	760	541	199	350	76	209	1052	1013	439	602	102	403	430	902	597	455	49	174	13	206	121	1370	193	0	22	667	1175	661	845	304	1414	1536	643	50	454	456	5605	264	266	910	2160	816	4330	0	2419	1618	12988	1179	164	387	2528	173	742	44	1528	943	146	694	47	437	1011	1388	408	3074	650	91	3991	1539	71	205	210	2204	353	424	568	387	141	620	2496	215	168	91	800	0	0	1967	7258	12078	5912	1090	542	2401	1674	495
d__Bacteria___p__Bacteroidota___c__Bacteroidia	2145	4191	562	757	1466	1962	420	2151	3378	2454	1328	5939	2872	652	1200	1045	202	5059	434	1443	4638	486	2000	260	1223	3008	14304	4117	23455	21342	1132	12282	5658	10880	461	580	6608	15108	7310	7035	5649	1911	6625	955	2283	3529	9981	2256	1265	1448	2194	70	4578	3678	2494	1619	4082	4446	1634	1535	883	3643	749	1075	803	942	2162	243	2848	9380	3155	2086	227	2185	2588	3086	1940	382	1892	5072	2090	1988	1052	949	1207	1090	2282	2205	9024	1319	2558	4092	3813	1182	3064	4594	960	295	933	1643	845	3663	1215	5328	2280	4054	1825	4533	2367	948	4539	1377	1934	1609	1002	2211	1881	1727	1225	1661	2620	3078	929	2405	1324	3667	2352	3360	3281	1106	3125	2060	4777	3171	2718	5167	6510	4922	3329	1118	6043	4758	2621	2187	2283	1949	2102	2524	1829	1622	2162	4145	800	4353	385	1440	2728	1674	2861	3392	5839	9577	2328	2049	6625	1400	6644	1905	3525	1592	1486	893	1303	4081	4380	3764	2931	700	444	1714	868	1249	1383	1671	1821	9376	6301	2519	3149	5350	4127	4158	3415	1887	2376	5069	4068	1515	4959	7486	4927	6037	4522	1199	8322	7536	1506	166	5356	3269	106	5687	5326	5242	3049	5462	1504	2999	5602	10516	7058	2664	740	2961	173	555	7473	8072	4619	5171	7761	1896	8242	6002	4883	2039	3917	6749	9964	6759	2504	6925	4477	5287	219	2860	5525	3522	4000	8402	6775	2651	11046	14479	7436	4929	5097	4484	3826	6427	6352	2440	4126	4322	6350	6611	13830	14889	1235	9015	2150	15542	2714	6862	4721	3922	27538	6032	10827	7799	13684	416	6488	9300	10129	3405	4	0	32	9302	2944	6984	11357	2891	3666	2698	571	3364	1562	5377	4285	13111	3396	6546	3937	2570	1775	6858	3750	4527	8183	11680	3547	597	3734	10989	7916	2208	4802	5002	7998	16753	7410	2337	10713	6033	559	9266	578	20939	6368	0	20	5804	2299	4425	9881	14915	5889	4161	7909	3206	6739	8430	1619	18087	3465	3168	816	2700	1188	90	6087	8818	2599	2140	15568	3468	159	2751	0	4722	2728	2043	4237	5598	2997	7219	10925	707	2004	3749	61	8253	10724	13792	1439	175	11381	3171	3399	4872	189	2420	5643	2825	8697	2879	14729	51	10736	4597	9789	13317	9145	11635	6478	3596	17532	4151	3684	12172	22521	1618	7399	1869	5341	2904	6678	7226	24695	2551	15764	837	5083	162	0	0	54	5149	540	1204	4515	4651	1417	1870	1182	129	487	42	814	760	541	199	350	76	209	1052	1013	439	602	102	403	430	902	597	455	49	174	13	206	121	1370	193	0	22	667	1175	661	845	304	1414	1536	643	50	454	456	5605	264	266	910	2160	816	4330	0	2419	1618	12988	1179	164	387	2528	173	742	44	1528	943	146	694	47	437	1011	1388	408	3074	650	91	3991	1539	71	205	210	2204	353	424	568	387	141	620	2496	215	168	91	800	0	0	1967	7258	12078	5912	1090	542	2401	1674	495
d__Bacteria___p__Bacteroidota___c__Bacteroidia___o__Bacteroidales	2145	4191	562	757	1466	1962	420	2151	3378	2454	1328	5939	2872	652	1187	1045	202	5059	434	1443	4638	486	2000	260	1223	3008	14304	4117	23455	21342	1132	12282	5658	10880	461	580	6608	15108	7187	7004	5649	1894	6625	955	2283	3529	9981	2256	1265	1448	2194	70	4578	3678	2494	1619	4082	4446	1634	1535	883	3643	749	1075	786	942	2162	241	2848	9380	3152	2073	227	2185	2588	3086	1940	382	1892	5072	2090	1988	1052	949	1207	1090	2282	2196	9024	1319	2558	4092	3813	1182	3064	4594	960	295	933	1643	845	3663	1215	5328	2280	4054	1825	4533	2367	948	4539	1377	1934	1609	1002	2211	1881	1727	1225	1661	2620	3078	929	2405	1324	3667	2352	3360	3276	1106	3125	2060	4777	3171	2718	5167	6510	4922	3329	1118	6043	4758	2621	2187	2283	1949	2102	2524	1829	1622	2162	4145	800	4353	385	1440	2728	1674	2861	3392	5839	9577	2328	2049	6625	1400	6644	1905	3525	1592	1486	893	1303	4081	4380	3764	2931	700	444	1714	868	1249	1383	1671	1821	9376	6301	2512	3149	5350	4127	4158	3415	1887	2376	5069	4068	1515	4959	7448	4927	6037	4522	1199	8322	7536	1506	166	5356	3269	106	5687	5326	5242	3049	5462	1504	2999	5589	10516	7058	2657	740	2961	173	555	7473	8072	4619	5169	7741	1896	8242	6002	4883	2039	3917	6749	9964	6747	2504	6925	4477	5287	219	2860	5525	3522	4000	8402	6775	2651	11046	14479	7407	4929	5097	4484	3826	6420	6352	2440	4126	4322	6338	6611	13830	14889	1235	9015	2150	15542	2702	6847	4721	3922	27538	6032	10827	7799	13643	416	6488	9300	10129	3405	4	0	32	9302	2944	6984	11353	2891	3666	2698	571	3364	1562	5377	4285	13111	3396	6546	3933	2570	1775	6858	3750	4527	8177	11680	3547	597	3726	10989	7916	2204	4802	4983	7998	16753	7410	2337	10704	6033	559	9266	578	20939	6368	0	20	5804	2299	4425	9881	14915	5889	4161	7909	3206	6739	8430	1605	18087	3465	3168	816	2700	1188	90	6087	8818	2599	2140	15568	3468	159	2751	0	4722	2728	2038	4237	5598	2997	7219	10912	707	2004	3749	61	8249	10724	13792	1437	175	11381	3171	3399	4848	189	2389	5643	2825	8681	2879	14729	51	10736	4597	9789	13297	9145	11635	6478	3596	17532	4151	3679	12172	22521	1618	7399	1869	5341	2904	6678	7226	24695	2551	15764	837	5083	162	0	0	54	5149	540	1204	4515	4651	1417	1870	1182	129	487	42	814	760	541	199	350	76	209	1052	1013	439	602	102	403	430	902	597	455	49	174	13	206	121	1370	193	0	22	667	1175	661	845	304	1414	1536	643	50	454	456	5605	264	266	910	2160	816	4330	0	2419	1618	12981	1179	164	387	2526	173	742	44	1528	943	146	694	47	437	1011	1388	408	3074	650	91	3987	1539	71	205	210	2204	353	424	568	387	141	620	2496	215	168	91	800	0	0	1967	7258	12078	5912	1090	542	2401	1674	495
d__Bacteria___p__Bacteroidota___c__Bacteroidia___o__Bacteroidales___f__Bacteroidaceae	1840	1753	471	39	49	491	109	589	2488	145	567	3909	2483	508	602	802	123	1415	348	1254	3704	456	1101	65	812	1082	5572	2516	14116	13208	76	10825	3455	9213	208	99	3078	1091	3766	5503	3356	1447	5201	681	1575	2387	8574	438	188	555	1258	10	1049	2827	153	1360	2980	2575	316	975	715	2552	64	234	572	374	600	36	1052	4115	1786	1305	143	1159	1185	2695	519	344	992	1636	1793	913	482	643	526	325	1163	1363	2822	568	1441	1264	1852	611	2504	3756	952	235	863	519	794	1219	1215	3657	1301	3296	1246	4126	716	849	2943	1293	1442	266	853	1766	1461	621	635	1152	1729	1160	870	2033	670	2615	2011	2914	2148	948	2951	2036	3620	1981	1934	3206	5516	2499	3141	597	2198	3327	1844	1813	1691	1730	1725	2131	1405	1300	1415	3279	743	3360	96	0	1993	1283	1802	2749	4784	6954	1574	1936	4417	910	5061	1539	2318	1381	903	816	1133	2699	226	2741	2490	191	267	1416	459	1063	1066	1611	1717	8459	2583	2175	1196	669	3195	3371	1174	1308	1125	2774	2330	1289	4120	4880	3098	3415	3023	1153	2730	5777	613	126	4790	155	106	5504	3913	3826	2412	290	1003	1943	4400	6798	1611	2117	683	2005	116	172	4643	6134	3514	3737	2926	1391	3190	4002	4489	1857	2321	2984	8531	813	2356	4996	3061	4849	73	2148	1522	2187	2479	1548	3553	2166	6858	6983	3382	2767	2242	2219	2524	3927	3908	1681	2198	2394	4239	5513	10403	12711	628	5310	995	12505	1471	5307	2501	2607	25659	4179	9041	5888	4398	87	3983	8358	3481	2684	0	0	29	388	1799	5096	7948	1871	1371	81	493	2237	399	2310	1161	5146	1175	4996	143	203	517	838	2344	107	733	11223	983	99	1231	3639	5257	137	3268	1103	1413	5353	5384	424	5850	1656	154	3909	121	20141	2914	0	20	2079	731	514	1399	428	2049	2022	3324	1915	3008	3774	160	13258	55	1662	431	1398	298	16	267	6309	1303	1132	13366	1922	120	110	0	1182	1780	652	2831	667	1472	2189	1529	283	171	1568	0	5023	7817	9522	696	68	9387	764	1819	1055	30	824	1533	2102	6480	421	11872	0	7789	1669	5481	617	3825	4120	5007	0	14979	907	1768	8424	10211	797	3276	1525	5076	1777	2092	2332	320	1522	10671	314	4304	25	0	0	13	2761	274	991	2046	3440	563	780	572	105	381	42	206	433	316	75	268	76	34	469	543	354	212	83	226	331	186	105	96	42	12	13	146	50	1259	151	0	6	588	156	361	64	250	1169	716	495	26	287	218	4702	191	245	808	462	656	1396	0	215	27	1612	0	144	28	1437	62	682	0	1277	704	28	650	19	292	548	1085	155	1873	50	0	1184	258	5	137	30	227	220	196	443	192	57	331	850	129	20	4	409	0	0	1863	2574	5959	3476	312	130	716	753	32
d__Bacteria___p__Bacteroidota___c__Bacteroidia___o__Bacteroidales___f__Bacteroidaceae___g__Bacteroides	1840	1753	471	39	49	491	109	589	2488	145	567	3909	2483	508	602	802	123	1415	348	1254	3704	456	1101	65	812	1082	5572	2516	14116	13208	76	10825	3455	9213	208	99	3078	1091	3766	5503	3356	1447	5201	681	1575	2387	8574	438	188	555	1258	10	1049	2827	153	1360	2980	2575	316	975	715	2552	64	234	572	374	600	36	1052	4115	1786	1305	143	1159	1185	2695	519	344	992	1636	1793	913	482	643	526	325	1163	1363	2822	568	1441	1264	1852	611	2504	3756	952	235	863	519	794	1219	1215	3657	1301	3296	1246	4126	716	849	2943	1293	1442	266	853	1766	1461	621	635	1152	1729	1160	870	2033	670	2615	2011	2914	2148	948	2951	2036	3620	1981	1934	3206	5516	2499	3141	597	2198	3327	1844	1813	1691	1730	1725	2131	1405	1300	1415	3279	743	3360	96	0	1993	1283	1802	2749	4784	6954	1574	1936	4417	910	5061	1539	2318	1381	903	816	1133	2699	226	2741	2490	191	267	1416	459	1063	1066	1611	1717	8459	2583	2175	1196	669	3195	3371	1174	1308	1125	2774	2330	1289	4120	4880	3098	3415	3023	1153	2730	5777	613	126	4790	155	106	5504	3913	3826	2412	290	1003	1943	4400	6798	1611	2117	683	2005	116	172	4643	6134	3514	3737	2926	1391	3190	4002	4489	1857	2321	2984	8531	813	2356	4996	3061	4849	73	2148	1522	2187	2479	1548	3553	2166	6858	6983	3382	2767	2242	2219	2524	3927	3908	1681	2198	2394	4239	5513	10403	12711	628	5310	995	12505	1471	5307	2501	2607	25659	4179	9041	5888	4398	87	3983	8358	3481	2684	0	0	29	388	1799	5096	7948	1871	1371	81	493	2237	399	2310	1161	5146	1175	4996	143	203	517	838	2344	107	733	11223	983	99	1231	3639	5257	137	3268	1103	1413	5353	5384	424	5850	1656	154	3909	121	20141	2914	0	20	2079	731	514	1399	428	2049	2022	3324	1915	3008	3774	160	13258	55	1662	431	1398	298	16	267	6309	1303	1132	13366	1922	120	110	0	1182	1780	652	2831	667	1472	2189	1529	283	171	1568	0	5023	7817	9522	696	68	9387	764	1819	1055	30	824	1533	2102	6480	421	11872	0	7789	1669	5481	617	3825	4120	5007	0	14979	907	1768	8424	10211	797	3276	1525	5076	1777	2092	2332	320	1522	10671	314	4304	25	0	0	13	2761	274	991	2046	3440	563	780	572	105	381	42	206	433	316	75	268	76	34	469	543	354	212	83	226	331	186	105	96	42	12	13	146	50	1259	151	0	6	588	156	361	64	250	1169	716	495	26	287	218	4702	191	245	808	462	656	1396	0	215	27	1612	0	144	28	1437	62	682	0	1277	704	28	650	19	292	548	1085	155	1873	50	0	1184	258	5	137	30	227	220	196	443	192	57	331	850	129	20	4	409	0	0	1863	2574	5959	3476	312	130	716	753	32
d__Bacteria___p__Bacteroidota___c__Bacteroidia___o__Bacteroidales___f__Bacteroidales_Incertae_Sedis	0	0	0	0	0	0	0	0	0	0	0	0	0	0	0	0	0	0	0	0	0	0	0	0	0	0	0	0	0	0	0	0	0	0	0	0	0	0	0	0	0	0	0	0	0	0	0	0	0	0	0	0	0	0	0	0	0	0	0	0	0	0	0	0	0	0	0	0	0	0	0	0	0	0	0	0	0	0	0	0	0	0	0	0	0	0	0	0	0	0	0	0	0	0	0	0	0	0	0	0	0	0	0	0	0	0	0	0	0	0	0	0	0	0	0	0	0	0	0	0	0	0	0	0	0	0	0	0	0	0	0	0	0	0	0	0	0	0	0	0	0	0	0	0	0	0	0	0	0	0	0	0	0	0	0	0	0	0	0	0	0	0	0	0	0	0	0	0	0	0	0	0	0	0	0	0	0	0	0	0	0	0	0	0	0	0	0	0	0	0	0	0	0	0	0	0	0	0	0	0	0	0	0	0	0	0	0	0	0	0	0	0	0	0	0	0	0	23	0	0	0	0	0	0	0	0	0	0	0	0	0	0	0	0	0	0	0	0	0	0	0	0	0	0	0	0	0	0	0	0	0	0	0	0	0	0	0	0	0	0	0	0	0	0	0	0	0	0	0	0	0	0	0	0	0	0	0	0	0	0	0	0	0	0	0	0	0	0	0	0	0	0	0	0	0	0	0	0	0	0	0	0	0	0	0	0	0	0	0	0	0	0	0	0	0	0	0	0	0	0	0	0	0	0	0	0	0	0	0	0	0	0	0	0	0	0	0	0	0	0	0	0	0	0	0	0	0	0	0	0	0	0	0	0	0	0	0	0	0	0	0	0	0	0	0	0	0	0	0	0	0	0	0	0	0	0	0	0	0	0	0	0	0	0	0	0	0	0	0	0	0	0	0	0	0	0	0	0	0	0	0	0	0	0	0	0	0	0	0	0	0	0	0	0	0	0	0	0	0	0	0	0	0	0	0	0	0	0	0	0	0	0	0	0	0	0	0	0	0	0	0	0	0	0	0	0	0	0	0	0	0	0	0	0	0	0	0	0	0	0	0	0	0	0	0	0	0	0	0	0	0	0	0	0	0	0	0	0	0	0	0	0	0	0	0	0	0	0	0	0	0	0	0	0	0	0	0	0	0	0	0	0	0	0	0	0	0	0	0	0	0	0	0	0	0	0	0	0	0	0	0	0	0	0	0
d__Bacteria___p__Bacteroidota___c__Bacteroidia___o__Bacteroidales___f__Bacteroidales_Incertae_Sedis___g__Phocaeicola	0	0	0	0	0	0	0	0	0	0	0	0	0	0	0	0	0	0	0	0	0	0	0	0	0	0	0	0	0	0	0	0	0	0	0	0	0	0	0	0	0	0	0	0	0	0	0	0	0	0	0	0	0	0	0	0	0	0	0	0	0	0	0	0	0	0	0	0	0	0	0	0	0	0	0	0	0	0	0	0	0	0	0	0	0	0	0	0	0	0	0	0	0	0	0	0	0	0	0	0	0	0	0	0	0	0	0	0	0	0	0	0	0	0	0	0	0	0	0	0	0	0	0	0	0	0	0	0	0	0	0	0	0	0	0	0	0	0	0	0	0	0	0	0	0	0	0	0	0	0	0	0	0	0	0	0	0	0	0	0	0	0	0	0	0	0	0	0	0	0	0	0	0	0	0	0	0	0	0	0	0	0	0	0	0	0	0	0	0	0	0	0	0	0	0	0	0	0	0	0	0	0	0	0	0	0	0	0	0	0	0	0	0	0	0	0	0	23	0	0	0	0	0	0	0	0	0	0	0	0	0	0	0	0	0	0	0	0	0	0	0	0	0	0	0	0	0	0	0	0	0	0	0	0	0	0	0	0	0	0	0	0	0	0	0	0	0	0	0	0	0	0	0	0	0	0	0	0	0	0	0	0	0	0	0	0	0	0	0	0	0	0	0	0	0	0	0	0	0	0	0	0	0	0	0	0	0	0	0	0	0	0	0	0	0	0	0	0	0	0	0	0	0	0	0	0	0	0	0	0	0	0	0	0	0	0	0	0	0	0	0	0	0	0	0	0	0	0	0	0	0	0	0	0	0	0	0	0	0	0	0	0	0	0	0	0	0	0	0	0	0	0	0	0	0	0	0	0	0	0	0	0	0	0	0	0	0	0	0	0	0	0	0	0	0	0	0	0	0	0	0	0	0	0	0	0	0	0	0	0	0	0	0	0	0	0	0	0	0	0	0	0	0	0	0	0	0	0	0	0	0	0	0	0	0	0	0	0	0	0	0	0	0	0	0	0	0	0	0	0	0	0	0	0	0	0	0	0	0	0	0	0	0	0	0	0	0	0	0	0	0	0	0	0	0	0	0	0	0	0	0	0	0	0	0	0	0	0	0	0	0	0	0	0	0	0	0	0	0	0	0	0	0	0	0	0	0	0	0	0	0	0	0	0	0	0	0	0	0	0	0	0	0	0	0
d__Bacteria___p__Bacteroidota___c__Bacteroidia___o__Bacteroidales___f__Bacteroidales_RF16_group	0	0	0	0	0	0	0	0	0	0	0	0	0	0	0	0	0	252	0	0	0	0	0	0	0	0	0	0	0	0	0	0	0	0	0	0	0	0	0	0	0	0	0	0	0	0	0	0	0	0	0	0	0	0	0	0	0	0	0	0	0	0	0	0	0	0	0	0	0	0	0	0	0	0	0	0	0	0	0	0	0	0	0	0	0	0	0	0	0	0	0	0	0	0	0	0	0	0	0	0	0	0	0	0	0	0	0	0	0	0	0	0	0	0	0	0	0	0	0	0	0	0	0	0	0	0	0	0	0	0	0	0	0	0	0	0	0	0	0	0	0	0	0	0	0	0	0	0	0	0	0	0	0	0	0	0	0	0	0	0	0	0	0	0	0	0	0	0	0	0	0	0	0	0	0	0	0	0	0	0	0	0	0	0	0	0	0	0	0	0	0	0	0	0	0	0	0	0	0	0	0	0	0	0	0	0	0	0	0	0	0	0	0	0	0	0	0	0	0	0	0	0	0	0	0	0	0	0	0	0	0	0	0	0	0	0	0	0	0	0	0	0	0	0	0	0	0	0	0	0	0	0	0	0	0	0	0	0	0	0	0	0	0	0	0	0	0	0	0	0	0	0	0	0	0	0	0	0	0	0	0	0	0	0	0	0	0	0	0	206	0	0	0	0	0	0	0	0	0	0	0	0	0	0	0	0	0	0	0	0	0	0	0	0	0	0	0	0	0	0	0	0	0	0	0	0	0	0	0	0	0	0	0	0	0	0	0	0	0	0	0	0	0	0	0	0	0	0	0	0	0	0	0	0	0	0	0	0	0	0	0	0	0	0	0	0	0	0	0	0	0	0	0	0	0	0	0	0	0	0	0	0	0	0	0	0	0	0	0	0	0	0	0	0	0	0	0	0	0	0	0	0	0	0	0	0	0	0	0	0	0	0	0	0	0	0	0	0	0	0	0	0	0	0	0	0	0	0	0	0	0	0	0	0	0	0	0	0	0	0	0	0	0	0	0	0	0	0	0	0	0	0	0	0	0	0	0	0	0	0	0	0	0	0	0	0	0	0	0	0	0	0	0	0	0	0	0	0	0	0	0	0	0	0	0	0	0	0	0	0	0	0	0	0	0	0	0	0	0	0	0	0	0	0	0	0	0	0	0	0	0	0	0	0	0	0	0	0	0	0	0	0	0	0	0
d__Bacteria___p__Bacteroidota___c__Bacteroidia___o__Bacteroidales___f__Barnesiellaceae	0	21	0	144	1032	76	8	303	465	0	122	1035	41	19	53	40	49	457	0	0	103	0	16	45	20	0	541	771	3725	978	184	481	377	395	71	98	584	27	61	119	1317	54	499	74	0	476	415	157	179	350	313	27	602	512	425	71	516	768	42	269	0	227	30	519	57	6	721	53	29	255	326	10	0	125	188	189	130	0	0	251	90	408	235	81	48	88	150	116	203	123	342	0	836	273	163	182	0	0	19	128	0	489	0	411	80	133	41	81	0	30	139	45	57	36	0	159	70	0	67	31	135	15	0	37	0	76	71	76	172	0	0	24	135	147	154	889	332	788	22	274	0	24	274	37	53	9	113	58	102	61	143	372	27	0	0	45	0	0	252	121	252	1153	0	74	409	81	296	88	33	0	54	0	0	115	115	117	0	27	0	143	90	25	22	14	0	125	50	83	268	17	195	100	86	236	0	244	438	10	140	258	0	673	0	0	124	727	0	0	114	0	0	0	556	208	75	52	160	0	94	974	95	338	40	0	0	14	8	41	349	294	732	11	235	221	22	28	161	422	131	537	0	213	10	36	0	217	220	440	100	0	672	123	2230	523	805	121	870	41	252	192	0	124	405	65	127	202	83	386	140	476	0	207	103	468	221	187	56	0	797	0	133	65	588	0	0	0	0	0	0	11	526	326	553	0	683	189	42	211	182	161	147	633	349	227	215	190	73	4	585	565	473	0	478	189	163	0	575	330	0	0	38	129	0	192	352	167	34	1684	17	47	324	0	0	1719	327	163	223	39	695	291	278	167	609	371	522	446	938	575	96	229	87	0	2144	487	212	188	215	207	0	751	0	51	72	146	245	361	181	114	710	176	9	233	28	671	827	10	176	51	357	453	460	478	0	541	1605	83	189	315	592	27	380	1250	1719	425	73	180	78	23	0	589	115	605	2392	184	1067	23	0	94	94	113	80	385	921	287	89	0	0	0	28	260	118	0	452	109	66	472	309	0	43	0	159	48	110	45	29	0	0	59	55	51	22	0	83	23	0	0	213	0	28	0	0	0	0	14	0	16	21	105	165	0	0	146	238	22	24	0	101	0	41	0	30	147	83	870	0	299	103	257	46	0	216	99	19	48	22	0	33	14	0	0	0	0	82	195	617	184	34	640	0	0	0	29	181	15	5	45	55	28	29	11	0	16	14	0	0	0	0	0	557	701	158	0	0	0	0
d__Bacteria___p__Bacteroidota___c__Bacteroidia___o__Bacteroidales___f__Barnesiellaceae___g__Barnesiella	0	0	0	144	1023	57	8	257	465	0	122	993	0	0	53	0	49	441	0	0	75	0	0	45	20	0	541	596	3497	951	184	327	296	395	71	98	552	27	0	0	1317	43	251	74	0	476	415	157	179	325	313	27	588	512	425	29	479	762	42	245	0	227	30	496	38	6	721	53	21	241	326	0	0	111	188	70	114	0	0	251	90	408	225	81	48	88	150	116	129	123	342	0	836	273	163	137	0	0	19	128	0	489	0	411	35	133	41	81	0	30	139	45	57	36	0	159	70	0	24	31	135	15	0	37	0	42	71	76	164	0	0	0	132	120	117	851	332	763	22	274	0	24	274	37	53	9	90	58	102	61	125	297	27	0	0	0	0	0	86	97	252	1153	0	74	238	61	119	88	0	0	12	0	0	80	115	0	0	27	0	143	33	25	0	14	0	4	50	83	268	0	174	0	0	222	0	201	403	0	57	219	0	649	0	0	124	727	0	0	114	0	0	0	556	208	75	52	160	0	0	908	95	338	40	0	0	14	8	41	319	294	569	11	190	221	0	18	161	422	131	510	0	213	10	36	0	217	220	371	91	0	537	59	2191	462	784	121	870	0	252	147	0	124	405	0	127	156	41	119	140	448	0	100	103	442	221	117	0	0	797	0	111	65	503	0	0	0	0	0	0	5	526	321	525	0	551	189	42	201	69	115	119	608	349	227	144	149	73	0	585	561	417	0	474	169	154	0	540	279	0	0	0	129	0	81	304	163	34	1684	0	28	324	0	0	1679	327	0	223	19	649	291	262	120	609	371	522	395	938	563	96	180	71	0	2144	454	212	188	0	207	0	720	0	25	72	135	245	361	47	0	710	176	0	233	28	623	666	10	176	51	342	453	460	358	0	529	1591	83	189	204	480	27	0	1226	1559	407	0	180	78	0	0	274	115	605	2392	184	1012	6	0	94	94	51	80	385	776	121	76	0	0	0	28	185	118	0	352	109	41	472	281	0	43	0	159	48	110	45	17	0	0	59	55	51	22	0	68	23	0	0	213	0	28	0	0	0	0	14	0	16	21	97	165	0	0	122	238	22	24	0	101	0	41	0	0	138	83	870	0	299	103	239	46	0	216	72	19	48	22	0	33	14	0	0	0	0	69	195	617	184	34	632	0	0	0	29	181	0	5	45	55	28	29	0	0	16	14	0	0	0	0	0	537	633	0	0	0	0	0
d__Bacteria___p__Bacteroidota___c__Bacteroidia___o__Bacteroidales___f__Barnesiellaceae___g__Coprobacter	0	21	0	0	9	19	0	46	0	0	0	42	41	19	0	40	0	16	0	0	28	0	0	0	0	0	0	175	228	27	0	154	81	0	0	0	32	0	61	119	0	11	248	0	0	0	0	0	0	25	0	0	14	0	0	42	37	6	0	24	0	0	0	23	19	0	0	0	8	14	0	10	0	14	0	119	16	0	0	0	0	0	10	0	0	0	0	0	74	0	0	0	0	0	0	45	0	0	0	0	0	0	0	0	45	0	0	0	0	0	0	0	0	0	0	0	0	0	43	0	0	0	0	0	0	34	0	0	8	0	0	24	3	27	37	38	0	25	0	0	0	0	0	0	0	0	23	0	0	0	18	68	0	0	0	45	0	0	166	24	0	0	0	0	171	20	177	0	33	0	0	0	0	35	0	117	0	0	0	0	0	0	22	0	0	121	0	0	0	17	21	100	86	14	0	43	35	10	83	13	0	24	0	0	0	0	0	0	0	0	0	0	0	0	0	0	0	0	94	66	0	0	0	0	0	0	0	0	30	0	163	0	45	0	22	10	0	0	0	27	0	0	0	0	0	0	0	69	9	0	135	64	39	61	21	0	0	41	0	45	0	0	0	65	0	46	42	267	0	28	0	107	0	26	0	70	56	0	0	0	22	0	85	0	0	0	0	0	0	6	0	5	28	0	132	0	0	10	33	46	28	25	0	0	71	41	0	4	0	4	56	0	4	20	9	0	35	51	0	0	38	0	0	111	48	4	0	0	17	19	0	0	0	40	0	163	0	20	46	0	16	47	0	0	0	51	0	12	0	49	16	0	0	33	0	0	215	0	0	31	0	26	0	11	0	0	134	114	0	0	9	0	0	48	161	0	0	0	15	0	0	120	0	12	14	0	0	67	112	0	380	24	160	18	73	0	0	23	0	315	0	0	0	0	55	17	0	0	0	62	0	0	145	0	13	0	0	0	0	75	0	0	100	0	25	0	28	0	0	0	0	0	0	0	12	0	0	0	0	0	0	0	15	0	0	0	0	0	0	0	0	0	0	0	0	0	0	8	0	0	0	24	0	0	0	0	0	0	0	0	30	9	0	0	0	0	0	18	0	0	0	27	0	0	0	0	0	0	0	0	0	0	13	0	0	0	0	8	0	0	0	0	0	15	0	0	0	0	0	0	0	0	0	0	0	0	0	0	20	68	79	0	0	0	0
d__Bacteria___p__Bacteroidota___c__Bacteroidia___o__Bacteroidales___f__Dysgonomonadaceae	0	0	0	0	0	0	0	0	0	0	0	0	0	0	0	0	0	0	0	0	0	0	0	0	0	0	0	0	0	0	0	0	0	0	0	0	0	0	0	0	0	0	0	0	0	0	0	0	0	0	0	0	0	0	0	0	0	0	0	0	0	0	0	0	0	0	0	0	0	0	0	0	0	0	0	0	0	0	0	0	0	0	0	0	0	0	0	0	0	0	0	0	0	0	0	0	0	0	0	0	0	0	0	0	0	0	0	0	0	0	0	0	0	0	0	0	0	0	0	0	0	0	0	0	0	0	0	0	0	0	0	0	0	0	0	0	0	0	0	0	0	0	0	0	0	0	0	0	0	0	0	0	0	0	0	37	0	0	0	0	0	0	0	0	0	0	0	0	0	0	0	0	0	0	0	0	0	0	0	0	0	0	0	0	0	0	0	0	0	0	0	0	0	0	0	0	0	0	0	0	0	0	0	0	0	0	0	0	0	0	0	0	0	0	0	0	0	0	0	0	0	0	0	0	0	0	0	0	0	0	0	0	0	0	0	0	0	0	0	0	0	0	0	0	0	0	0	0	0	0	0	0	0	0	0	0	0	0	0	0	0	0	0	0	0	0	0	0	0	0	0	0	0	0	0	0	0	0	0	0	0	0	0	0	0	0	0	0	0	0	0	0	0	0	0	0	0	0	0	0	0	0	0	0	0	0	0	0	0	0	0	0	0	0	0	0	0	0	0	0	0	0	0	0	0	0	0	0	0	0	0	0	0	0	0	0	0	0	0	0	0	0	0	0	0	0	0	0	0	0	0	0	0	0	0	0	0	0	0	0	0	0	0	0	0	0	0	0	0	0	0	0	0	0	0	0	0	0	0	0	0	0	0	0	0	0	0	0	0	0	0	0	0	0	0	0	0	0	0	0	0	0	0	0	0	0	0	0	0	0	0	0	0	0	0	0	0	0	0	0	0	0	0	0	0	0	0	0	0	0	0	0	0	0	0	0	0	0	0	0	0	0	0	0	0	0	0	0	0	0	0	0	0	0	0	0	0	0	0	0	0	0	0	0	0	0	0	0	0	0	0	0	0	0	0	0	0	0	0	0	0	0	0	0	0	0	0	0	0	0	0	0	0	0	0	0	0	0	0	0	0	0	0	0	0	0	0	0	0	0	0	0	0	0	0	0	0	0	0	0	0	0	0	0	0
d__Bacteria___p__Bacteroidota___c__Bacteroidia___o__Bacteroidales___f__Dysgonomonadaceae___g__Dysgonomonas	0	0	0	0	0	0	0	0	0	0	0	0	0	0	0	0	0	0	0	0	0	0	0	0	0	0	0	0	0	0	0	0	0	0	0	0	0	0	0	0	0	0	0	0	0	0	0	0	0	0	0	0	0	0	0	0	0	0	0	0	0	0	0	0	0	0	0	0	0	0	0	0	0	0	0	0	0	0	0	0	0	0	0	0	0	0	0	0	0	0	0	0	0	0	0	0	0	0	0	0	0	0	0	0	0	0	0	0	0	0	0	0	0	0	0	0	0	0	0	0	0	0	0	0	0	0	0	0	0	0	0	0	0	0	0	0	0	0	0	0	0	0	0	0	0	0	0	0	0	0	0	0	0	0	0	37	0	0	0	0	0	0	0	0	0	0	0	0	0	0	0	0	0	0	0	0	0	0	0	0	0	0	0	0	0	0	0	0	0	0	0	0	0	0	0	0	0	0	0	0	0	0	0	0	0	0	0	0	0	0	0	0	0	0	0	0	0	0	0	0	0	0	0	0	0	0	0	0	0	0	0	0	0	0	0	0	0	0	0	0	0	0	0	0	0	0	0	0	0	0	0	0	0	0	0	0	0	0	0	0	0	0	0	0	0	0	0	0	0	0	0	0	0	0	0	0	0	0	0	0	0	0	0	0	0	0	0	0	0	0	0	0	0	0	0	0	0	0	0	0	0	0	0	0	0	0	0	0	0	0	0	0	0	0	0	0	0	0	0	0	0	0	0	0	0	0	0	0	0	0	0	0	0	0	0	0	0	0	0	0	0	0	0	0	0	0	0	0	0	0	0	0	0	0	0	0	0	0	0	0	0	0	0	0	0	0	0	0	0	0	0	0	0	0	0	0	0	0	0	0	0	0	0	0	0	0	0	0	0	0	0	0	0	0	0	0	0	0	0	0	0	0	0	0	0	0	0	0	0	0	0	0	0	0	0	0	0	0	0	0	0	0	0	0	0	0	0	0	0	0	0	0	0	0	0	0	0	0	0	0	0	0	0	0	0	0	0	0	0	0	0	0	0	0	0	0	0	0	0	0	0	0	0	0	0	0	0	0	0	0	0	0	0	0	0	0	0	0	0	0	0	0	0	0	0	0	0	0	0	0	0	0	0	0	0	0	0	0	0	0	0	0	0	0	0	0	0	0	0	0	0	0	0	0	0	0	0	0	0	0	0	0	0	0	0
d__Bacteria___p__Bacteroidota___c__Bacteroidia___o__Bacteroidales___f__Marinifilaceae	0	1020	0	51	109	23	46	61	25	86	54	66	32	0	51	14	0	141	0	0	344	0	235	43	0	51	293	0	924	1579	0	135	107	60	0	0	192	109	456	156	228	37	129	33	83	202	132	56	389	122	84	0	375	0	72	0	113	166	190	32	0	0	0	0	0	0	31	0	49	173	447	36	0	32	43	23	0	0	0	37	16	49	0	38	22	34	143	0	87	40	69	23	40	13	57	51	8	0	0	50	0	53	0	187	18	161	0	73	23	20	291	0	17	16	0	0	37	24	23	19	83	0	0	31	0	18	76	36	126	33	45	0	93	50	106	94	60	336	0	38	0	124	0	33	31	0	75	46	19	1	41	133	0	195	0	0	216	0	0	83	112	201	0	0	174	28	239	26	142	60	78	0	9	311	217	149	0	0	14	0	78	9	57	0	0	328	33	0	57	43	128	138	82	42	0	336	276	8	147	278	0	269	55	0	1537	94	0	0	71	10	0	0	214	303	52	0	29	22	109	582	451	39	0	17	24	25	50	1025	123	72	748	0	358	244	52	16	159	717	167	206	0	163	58	63	0	72	507	122	240	15	269	55	185	471	427	444	356	0	146	154	0	93	146	473	196	164	455	612	57	269	0	366	50	163	263	42	38	199	200	161	138	0	18	0	0	0	0	0	0	37	5	75	85	197	55	49	0	95	5	256	32	354	61	35	0	41	0	50	0	26	59	0	108	13	67	33	151	134	275	162	0	192	152	34	187	53	0	80	39	10	150	0	0	141	0	16	137	85	96	0	83	65	69	33	15	89	13	31	0	21	0	0	42	153	129	0	0	13	0	44	0	137	109	51	44	29	66	36	191	0	0	77	0	106	0	0	0	0	161	9	102	42	0	198	67	10	45	132	86	0	50	62	66	80	67	21	35	30	254	84	25	192	76	27	47	10	0	0	182	59	93	46	104	15	0	0	0	0	0	40	0	0	117	55	145	314	38	0	14	0	28	13	16	0	0	0	0	24	19	0	0	0	0	0	0	0	0	0	0	0	0	0	0	0	0	0	0	30	45	143	0	10	25	0	0	0	12	166	0	0	0	32	0	34	0	0	81	155	0	0	7	104	0	0	0	0	24	0	0	0	0	20	41	12	57	0	0	11	0	32	0	13	100	0	0	0	7	0	0	0	0	0	0	0	0	0	0	94	206	38	25	0	0	11	0
d__Bacteria___p__Bacteroidota___c__Bacteroidia___o__Bacteroidales___f__Marinifilaceae___g__Butyricimonas	0	597	0	51	67	0	23	43	0	86	20	0	0	0	11	0	0	28	0	0	246	0	11	43	0	24	142	0	884	381	0	0	41	0	0	0	155	67	279	62	0	0	52	19	41	202	52	56	389	77	43	0	319	0	72	0	51	107	190	22	0	0	0	0	0	0	0	0	41	0	436	0	0	32	36	0	0	0	0	0	0	26	0	38	0	0	104	0	57	10	38	0	0	13	0	0	0	0	0	0	0	0	0	0	0	128	0	0	0	0	247	0	0	0	0	0	0	0	0	0	83	0	0	0	0	0	21	0	48	0	0	0	39	0	57	0	0	90	0	0	0	1	0	0	0	0	0	0	0	1	0	42	0	0	0	0	216	0	0	37	0	0	0	0	0	0	66	0	142	0	64	0	0	94	158	60	0	0	0	0	0	0	57	0	0	84	0	0	57	43	40	69	0	0	0	146	157	0	104	168	0	137	0	0	1390	0	0	0	31	10	0	0	58	40	0	0	22	22	0	0	347	0	0	17	24	25	50	524	58	0	95	0	279	147	52	16	30	560	27	134	0	105	0	36	0	27	413	17	147	0	76	0	74	359	110	216	275	0	69	63	0	73	0	0	85	119	0	612	33	89	0	84	0	19	197	0	0	0	0	79	64	0	18	0	0	0	0	0	0	15	0	0	52	176	0	49	0	53	0	183	11	277	25	0	0	14	0	46	0	19	41	0	94	13	39	0	59	77	254	48	0	132	0	34	0	19	0	0	0	0	60	0	0	82	0	0	119	57	53	0	0	0	36	0	0	43	0	0	0	0	0	0	0	57	39	0	0	0	0	44	0	137	79	44	23	29	41	0	171	0	0	59	0	34	0	0	0	0	98	0	80	21	0	15	0	0	19	132	47	0	0	10	66	32	0	0	0	0	254	84	0	0	0	27	23	10	0	0	167	0	93	46	0	0	0	0	0	0	0	0	0	0	56	26	131	283	0	0	0	0	0	0	0	0	0	0	0	0	19	0	0	0	0	0	0	0	0	0	0	0	0	0	0	0	0	0	0	30	45	22	0	0	25	0	0	0	12	0	0	0	0	19	0	0	0	0	81	114	0	0	7	65	0	0	0	0	0	0	0	0	0	0	0	12	41	0	0	11	0	32	0	13	86	0	0	0	0	0	0	0	0	0	0	0	0	0	0	76	150	0	25	0	0	0	0
d__Bacteria___p__Bacteroidota___c__Bacteroidia___o__Bacteroidales___f__Marinifilaceae___g__Odoribacter	0	305	0	0	42	23	23	18	25	0	34	66	32	0	40	14	0	113	0	0	98	0	224	0	0	27	151	0	40	1198	0	135	66	60	0	0	37	42	177	94	228	37	77	14	42	0	80	0	0	45	41	0	56	0	0	0	62	59	0	10	0	0	0	0	0	0	31	0	8	173	11	36	0	0	7	23	0	0	0	37	16	23	0	0	22	34	39	0	30	30	31	23	40	0	57	51	8	0	0	50	0	53	0	187	18	33	0	73	23	20	44	0	17	16	0	0	37	24	23	19	0	0	0	31	0	18	55	36	78	33	45	0	54	50	49	94	60	246	0	38	0	123	0	33	31	0	75	46	19	0	41	91	0	195	0	0	0	0	0	46	112	201	0	0	174	28	173	26	0	60	14	0	9	217	59	89	0	0	14	0	78	9	0	0	0	244	33	0	0	0	88	69	82	42	0	190	119	8	43	110	0	132	55	0	147	94	0	0	40	0	0	0	156	263	52	0	7	0	109	582	104	39	0	0	0	0	0	501	65	72	646	0	79	97	0	0	129	143	140	72	0	58	58	27	0	45	94	105	93	15	193	55	111	112	303	217	81	0	77	91	0	20	146	473	111	45	455	0	24	180	0	282	50	144	66	42	38	199	200	82	55	0	0	0	0	0	0	0	0	22	5	75	33	21	55	0	0	42	5	57	21	77	36	35	0	27	0	4	0	0	18	0	14	0	28	33	92	0	21	72	0	60	152	0	148	34	0	80	39	10	90	0	0	59	0	16	18	28	43	0	83	65	26	33	15	46	0	31	0	21	0	0	42	96	90	0	0	13	0	0	0	0	30	7	21	0	25	36	20	0	0	18	0	72	0	0	0	0	63	9	22	21	0	183	67	10	26	0	39	0	50	52	0	48	67	21	35	30	0	0	25	192	76	0	24	0	0	0	15	59	0	0	104	15	0	0	0	0	0	40	0	0	61	29	14	31	38	0	14	0	28	13	16	0	0	0	0	24	0	0	0	0	0	0	0	0	0	0	0	0	0	0	0	0	0	0	0	0	0	121	0	10	0	0	0	0	0	166	0	0	0	13	0	34	0	0	0	32	0	0	0	22	0	0	0	0	24	0	0	0	0	20	41	0	16	0	0	0	0	0	0	0	14	0	0	0	7	0	0	0	0	0	0	0	0	0	0	18	56	38	0	0	0	11	0
d__Bacteria___p__Bacteroidota___c__Bacteroidia___o__Bacteroidales___f__Marinifilaceae___g__Sanguibacteroides	0	118	0	0	0	0	0	0	0	0	0	0	0	0	0	0	0	0	0	0	0	0	0	0	0	0	0	0	0	0	0	0	0	0	0	0	0	0	0	0	0	0	0	0	0	0	0	0	0	0	0	0	0	0	0	0	0	0	0	0	0	0	0	0	0	0	0	0	0	0	0	0	0	0	0	0	0	0	0	0	0	0	0	0	0	0	0	0	0	0	0	0	0	0	0	0	0	0	0	0	0	0	0	0	0	0	0	0	0	0	0	0	0	0	0	0	0	0	0	0	0	0	0	0	0	0	0	0	0	0	0	0	0	0	0	0	0	0	0	0	0	0	0	0	0	0	0	0	0	0	0	0	0	0	0	0	0	0	0	0	0	0	0	0	0	0	0	0	0	0	0	0	0	0	0	0	0	0	0	0	0	0	0	0	0	0	0	0	0	0	0	0	0	0	0	0	0	0	0	0	0	0	0	0	0	0	0	0	0	0	0	0	0	0	0	0	0	0	0	0	0	0	0	0	0	0	0	0	0	0	7	0	0	0	0	0	0	14	0	0	0	0	0	0	0	0	0	0	0	0	0	0	0	0	14	11	0	0	0	0	0	0	0	0	0	0	0	0	0	0	0	0	0	0	0	0	0	0	0	0	19	0	0	0	0	0	0	0	0	0	0	0	0	0	0	0	0	0	0	16	0	0	0	0	0	0	0	0	0	7	0	0	0	0	0	0	0	57	0	42	0	0	0	0	39	0	0	0	0	0	0	0	0	0	0	0	0	0	0	0	0	0	7	0	0	0	13	0	0	0	0	0	0	0	0	0	0	0	0	0	0	0	0	0	0	0	0	0	0	0	0	0	0	0	0	0	0	0	0	0	0	0	0	0	0	0	0	0	0	0	0	0	0	0	0	0	0	0	0	0	0	0	0	0	0	0	0	0	0	0	0	0	0	0	0	0	0	0	0	0	0	0	0	0	0	0	0	0	0	0	0	0	0	0	0	0	0	0	0	0	0	0	0	0	0	0	0	0	0	0	0	0	0	0	0	0	0	0	0	0	0	0	0	0	0	0	0	0	0	0	0	0	0	0	0	0	0	9	0	0	0	17	0	0	0	0	0	0	0	0	0	0	0	0	0	0	0	0	0	0	0	0	0	0	0	0	0	0	0	0	0	0	0	0	0	0	0	0	0	0	0	0	0	0	0
d__Bacteria___p__Bacteroidota___c__Bacteroidia___o__Bacteroidales___f__Muribaculaceae	0	24	0	0	0	0	47	0	0	0	314	0	0	0	206	0	0	0	0	0	15	0	0	0	0	0	0	13	0	494	0	0	107	0	0	0	0	0	0	0	0	0	0	0	236	24	222	139	0	0	0	0	0	0	0	0	0	0	0	0	17	0	15	0	0	0	0	0	1119	0	0	0	0	0	0	0	0	0	0	0	0	31	0	0	0	0	23	0	0	0	0	0	0	0	0	0	0	0	0	130	0	12	0	0	79	18	0	0	0	0	0	0	0	0	0	0	0	0	0	0	0	0	0	0	0	0	0	0	0	0	0	0	59	0	0	0	0	0	0	0	0	0	0	0	0	0	0	0	0	0	16	0	0	0	0	0	0	0	0	0	0	0	0	0	0	203	0	0	0	0	0	0	13	0	0	0	0	243	0	0	0	0	0	0	0	0	0	0	14	35	0	0	506	18	151	514	0	0	0	0	0	0	0	0	0	0	0	0	19	0	0	0	0	0	0	0	0	846	0	0	0	0	0	0	0	0	0	0	0	0	202	0	0	0	0	0	0	0	0	0	0	0	0	0	0	63	0	0	0	0	0	0	0	4	0	667	0	0	0	0	0	0	0	0	49	0	0	0	0	0	0	0	0	0	0	0	23	0	0	0	83	0	0	0	609	0	0	0	0	27	0	0	0	0	0	0	0	49	44	0	0	0	0	0	217	0	0	0	86	0	0	0	0	98	0	16	0	0	0	2644	0	0	0	27	0	0	0	0	0	0	0	0	0	0	0	2214	28	584	0	0	0	681	0	232	0	0	1506	40	6	0	0	0	0	0	0	0	273	3	0	0	0	328	16	26	0	85	0	316	16	0	0	0	12	0	0	0	0	41	0	0	0	0	104	31	0	0	0	20	0	0	41	0	0	0	35	0	0	0	0	0	0	0	0	0	430	0	0	215	70	0	0	0	0	0	0	0	0	0	0	0	0	0	0	64	0	0	0	0	0	0	88	0	0	0	0	0	0	0	0	0	0	0	0	0	0	0	38	0	0	0	0	0	0	0	0	0	0	0	0	23	0	0	0	0	0	84	0	0	0	0	0	48	0	0	0	0	0	22	0	0	0	205	0	0	0	0	0	7	0	0	0	0	0	0	0	0	0	0	0	0	0	0	32	0	0	0	0	0	0	11	0	29	0	0	0	0	0	0	3181	0	129	0	14	0	405
d__Bacteria___p__Bacteroidota___c__Bacteroidia___o__Bacteroidales___f__Muribaculaceae___g__CAG-873	0	0	0	0	0	0	0	0	0	0	0	0	0	0	0	0	0	0	0	0	0	0	0	0	0	0	0	0	0	0	0	0	0	0	0	0	0	0	0	0	0	0	0	0	0	0	0	139	0	0	0	0	0	0	0	0	0	0	0	0	0	0	0	0	0	0	0	0	0	0	0	0	0	0	0	0	0	0	0	0	0	0	0	0	0	0	0	0	0	0	0	0	0	0	0	0	0	0	0	0	0	0	0	0	0	0	0	0	0	0	0	0	0	0	0	0	0	0	0	0	0	0	0	0	0	0	0	0	0	0	0	0	59	0	0	0	0	0	0	0	0	0	0	0	0	0	0	0	0	0	0	0	0	0	0	0	0	0	0	0	0	0	0	0	0	0	0	0	0	0	0	0	0	0	0	0	0	0	0	0	0	0	0	0	0	0	0	0	0	0	0	0	0	0	0	0	0	0	0	0	0	0	0	0	0	0	0	0	0	0	0	0	0	0	0	0	0	0	0	0	0	0	0	0	0	0	0	0	0	0	0	0	0	0	0	0	0	0	0	0	0	0	0	0	0	0	0	0	0	0	0	0	0	0	0	0	0	0	0	0	0	0	0	0	0	0	0	0	0	0	0	0	0	0	0	0	0	0	0	0	0	0	0	0	0	0	0	0	0	0	0	0	0	0	0	0	0	0	0	0	0	0	0	0	0	0	0	0	0	0	0	0	0	0	0	0	0	0	0	0	0	0	0	0	0	0	0	0	0	0	0	0	0	0	0	0	0	0	0	0	0	0	0	0	0	0	0	0	0	0	0	0	0	0	0	0	0	0	0	0	0	0	0	0	0	0	0	0	0	0	0	0	0	0	0	0	0	41	0	0	0	0	0	0	0	0	0	0	0	0	0	0	0	0	0	0	0	0	0	0	0	0	0	0	0	0	0	0	0	0	0	0	0	0	0	0	0	0	0	0	0	0	0	0	0	0	0	0	0	0	0	0	0	0	0	0	0	0	0	0	0	0	0	0	0	0	0	0	0	0	0	0	0	0	0	0	0	0	0	0	0	0	0	0	0	0	0	0	0	0	0	0	0	0	0	0	0	0	0	0	0	0	0	0	0	0	0	0	0	0	0	0	0	0	0	0	0	0	0	0	0	0	0	0	0	0	0	0	0	0	0	0	0	0	0	0	0	0	0	0	0	0	0	0	0
d__Bacteria___p__Bacteroidota___c__Bacteroidia___o__Bacteroidales___f__Muribaculaceae___g__Muribaculum	0	0	0	0	0	0	0	0	0	0	0	0	0	0	0	0	0	0	0	0	0	0	0	0	0	0	0	0	0	0	0	0	0	0	0	0	0	0	0	0	0	0	0	0	0	0	0	0	0	0	0	0	0	0	0	0	0	0	0	0	0	0	0	0	0	0	0	0	0	0	0	0	0	0	0	0	0	0	0	0	0	0	0	0	0	0	0	0	0	0	0	0	0	0	0	0	0	0	0	0	0	0	0	0	0	0	0	0	0	0	0	0	0	0	0	0	0	0	0	0	0	0	0	0	0	0	0	0	0	0	0	0	0	0	0	0	0	0	0	0	0	0	0	0	0	0	0	0	0	0	0	0	0	0	0	0	0	0	0	0	0	0	0	0	0	0	0	0	0	0	0	0	0	0	0	0	0	0	0	0	0	0	0	0	0	0	0	0	0	0	0	0	0	0	0	0	0	0	0	0	0	0	0	0	0	0	0	0	0	0	0	0	0	0	0	0	0	0	0	0	0	0	0	0	0	0	0	0	0	0	0	0	0	0	0	0	0	0	0	0	0	0	0	0	0	0	0	0	0	0	0	0	0	0	0	0	0	0	0	0	0	0	0	0	0	0	0	0	0	0	0	0	0	0	0	0	23	0	0	0	0	0	0	0	0	0	0	0	0	0	0	0	0	0	0	0	0	0	0	0	0	0	0	0	0	0	0	0	0	0	0	0	0	0	0	0	0	0	0	0	0	0	0	0	0	0	0	0	0	0	0	0	0	0	0	0	0	0	0	0	0	0	0	0	0	0	0	0	0	0	0	0	0	0	0	0	0	0	0	0	0	0	0	0	0	0	0	0	0	0	0	0	0	0	0	0	0	0	0	0	0	0	0	0	0	0	0	0	0	0	0	0	0	0	35	0	0	0	0	0	0	0	0	0	0	0	0	0	0	0	0	0	0	0	0	0	0	0	0	0	0	0	0	0	0	0	0	0	0	0	0	0	0	0	0	0	0	0	0	0	0	0	0	0	0	0	0	0	0	0	0	0	0	0	0	0	0	0	0	0	0	0	0	0	0	0	0	0	0	0	0	0	0	0	0	0	0	0	0	0	0	0	0	0	0	0	0	0	0	0	0	0	0	0	0	0	0	0	0	0	0	0	0	0	0	0	0	0	0	0	0	0	0	0	0	0	0	0	0	0	0	0	0	0	0
d__Bacteria___p__Bacteroidota___c__Bacteroidia___o__Bacteroidales___f__Porphyromonadaceae	0	0	0	0	0	0	0	0	0	0	0	0	0	0	0	0	0	0	0	0	0	0	0	0	0	0	0	0	0	159	0	0	0	0	0	0	0	0	0	0	0	0	0	0	0	0	0	0	0	0	0	0	0	0	0	0	0	0	0	0	0	0	0	0	0	0	0	0	0	0	0	0	0	0	0	0	0	0	0	0	0	0	0	7	0	0	0	0	0	0	0	0	0	0	0	0	0	0	0	0	0	0	0	0	0	0	0	0	0	0	0	0	0	0	0	0	0	0	0	0	0	0	0	0	0	0	0	0	0	25	34	0	0	0	0	0	0	0	0	0	0	0	0	0	0	0	0	0	0	0	0	0	0	0	0	0	0	0	0	0	0	0	0	0	0	0	0	0	0	0	0	0	0	0	0	0	0	0	0	0	0	0	0	0	0	0	0	0	0	0	0	0	0	0	0	0	0	0	0	0	0	0	0	0	0	0	0	0	0	0	0	0	0	0	0	0	0	0	0	0	0	0	0	0	0	0	0	0	0	0	0	0	0	0	0	0	0	0	0	0	0	0	0	0	0	0	0	0	0	0	0	0	0	0	0	0	0	0	0	0	0	0	0	0	12	0	0	0	0	0	0	0	0	0	0	0	0	0	0	0	0	0	0	0	0	0	0	0	0	0	15	0	0	0	0	0	0	0	0	0	0	0	0	0	0	0	0	0	0	0	0	0	0	0	6	0	0	0	0	0	0	0	0	0	0	0	0	0	0	0	0	0	0	0	0	0	0	0	0	0	0	0	0	0	0	0	0	0	0	0	0	0	0	0	0	0	0	0	0	0	0	0	0	0	0	0	0	0	0	0	0	0	0	0	0	0	0	0	0	0	0	0	0	0	0	0	0	0	0	0	0	0	0	0	0	0	0	0	0	0	0	0	0	0	0	0	0	0	0	0	0	0	0	0	0	0	0	0	0	0	0	0	0	0	0	0	0	0	0	0	0	0	0	0	0	0	0	0	0	0	0	0	0	0	0	0	0	0	0	0	0	0	0	0	0	0	0	0	0	0	0	0	0	0	0	0	0	0	0	0	0	0	0	0	0	0	0	0	0	0	0	0	0	0	0	0	0	0	0	0	0	0	0	0	0	0	0	0	0	0	0	0	0	0	0	0	0	0	0	0	0	0	0	0	0	0	0	0	0	0	0	0	11	0	0
d__Bacteria___p__Bacteroidota___c__Bacteroidia___o__Bacteroidales___f__Porphyromonadaceae___g__Porphyromonas	0	0	0	0	0	0	0	0	0	0	0	0	0	0	0	0	0	0	0	0	0	0	0	0	0	0	0	0	0	159	0	0	0	0	0	0	0	0	0	0	0	0	0	0	0	0	0	0	0	0	0	0	0	0	0	0	0	0	0	0	0	0	0	0	0	0	0	0	0	0	0	0	0	0	0	0	0	0	0	0	0	0	0	7	0	0	0	0	0	0	0	0	0	0	0	0	0	0	0	0	0	0	0	0	0	0	0	0	0	0	0	0	0	0	0	0	0	0	0	0	0	0	0	0	0	0	0	0	0	25	34	0	0	0	0	0	0	0	0	0	0	0	0	0	0	0	0	0	0	0	0	0	0	0	0	0	0	0	0	0	0	0	0	0	0	0	0	0	0	0	0	0	0	0	0	0	0	0	0	0	0	0	0	0	0	0	0	0	0	0	0	0	0	0	0	0	0	0	0	0	0	0	0	0	0	0	0	0	0	0	0	0	0	0	0	0	0	0	0	0	0	0	0	0	0	0	0	0	0	0	0	0	0	0	0	0	0	0	0	0	0	0	0	0	0	0	0	0	0	0	0	0	0	0	0	0	0	0	0	0	0	0	0	0	12	0	0	0	0	0	0	0	0	0	0	0	0	0	0	0	0	0	0	0	0	0	0	0	0	0	15	0	0	0	0	0	0	0	0	0	0	0	0	0	0	0	0	0	0	0	0	0	0	0	6	0	0	0	0	0	0	0	0	0	0	0	0	0	0	0	0	0	0	0	0	0	0	0	0	0	0	0	0	0	0	0	0	0	0	0	0	0	0	0	0	0	0	0	0	0	0	0	0	0	0	0	0	0	0	0	0	0	0	0	0	0	0	0	0	0	0	0	0	0	0	0	0	0	0	0	0	0	0	0	0	0	0	0	0	0	0	0	0	0	0	0	0	0	0	0	0	0	0	0	0	0	0	0	0	0	0	0	0	0	0	0	0	0	0	0	0	0	0	0	0	0	0	0	0	0	0	0	0	0	0	0	0	0	0	0	0	0	0	0	0	0	0	0	0	0	0	0	0	0	0	0	0	0	0	0	0	0	0	0	0	0	0	0	0	0	0	0	0	0	0	0	0	0	0	0	0	0	0	0	0	0	0	0	0	0	0	0	0	0	0	0	0	0	0	0	0	0	0	0	0	0	0	0	0	0	0	0	11	0	0
d__Bacteria___p__Bacteroidota___c__Bacteroidia___o__Bacteroidales___f__Prevotellaceae	34	241	0	401	0	1130	0	1062	0	2203	0	267	0	0	0	0	0	1224	0	0	0	0	0	0	82	1565	7218	95	0	582	811	0	0	12	114	286	2114	13518	867	255	0	90	155	9	109	24	54	1137	247	0	16	0	1434	0	1561	0	0	0	355	0	49	181	535	0	75	562	0	105	0	4740	14	0	0	564	756	11	0	0	0	2590	42	352	0	14	0	0	0	38	3638	0	37	2525	0	7	0	92	0	60	0	0	7	368	0	0	565	141	311	0	1588	0	689	0	0	918	0	159	122	1082	0	139	184	1828	0	101	558	653	0	0	432	0	0	0	0	555	0	19	0	664	18	0	3845	72	101	0	336	0	64	0	0	0	0	0	0	0	197	0	0	0	341	106	114	0	354	0	195	21	0	0	336	0	265	7	77	635	3489	46	0	0	117	0	56	0	0	0	0	25	3243	0	933	4469	285	163	216	33	0	0	158	45	77	545	0	0	1025	17	2481	0	343	26	0	3066	0	86	31	133	105	4879	86	29	0	0	2848	0	0	0	0	214	2553	70	112	29	1760	479	2542	879	128	0	624	399	701	3975	0	232	977	0	146	0	875	0	778	6710	1674	0	178	3459	1045	15	0	1898	31	1456	2197	22	656	56	1141	0	0	99	20	0	1082	600	594	0	1146	536	125	0	151	0	8073	0	53	206	0	356	4	0	0	8342	61	408	1891	11	0	711	0	0	87	742	1924	5636	25	19	2891	829	1002	5275	275	2866	5485	180	46	0	31	6568	32	447	0	0	6325	10278	57	1039	2243	3565	0	271	7	0	1500	0	0	27	8	36	7150	13355	918	0	2534	0	1983	3779	0	3147	700	0	0	0	153	20	0	889	511	0	1315	0	39	44	0	2287	55	469	0	3215	0	290	7564	14	1729	0	0	0	0	0	35	0	118	0	0	2781	27	377	0	48	0	0	546	0	0	619	0	11611	7	7178	627	0	0	1146	1456	326	8	69	194	134	0	189	2676	4169	23974	0	0	0	86	0	0	0	0	1562	54	0	1596	429	301	140	0	0	0	0	16	0	0	0	0	0	175	222	262	0	336	0	0	0	707	484	0	0	101	0	0	0	0	0	0	0	0	807	0	253	13	0	222	45	0	0	0	0	0	5	0	0	0	0	0	1563	1268	10344	1079	0	106	0	92	0	16	227	19	21	0	0	0	402	27	0	318	228	48	1146	1246	0	68	75	878	0	0	0	64	12	190	420	54	14	40	14	0	0	29	1941	706	0	290	0	4	0	0
d__Bacteria___p__Bacteroidota___c__Bacteroidia___o__Bacteroidales___f__Prevotellaceae___g__Alloprevotella	0	21	0	0	0	0	0	0	0	308	0	0	0	0	0	0	0	0	0	0	0	0	0	0	0	0	7139	22	0	0	0	0	0	0	0	0	0	2981	0	0	0	0	0	0	0	0	0	0	0	0	0	0	0	0	0	0	0	0	0	0	0	181	0	0	0	0	0	0	0	0	0	0	0	0	0	0	0	0	0	0	0	0	0	0	0	0	0	0	0	0	0	0	0	0	0	0	0	0	0	0	0	0	0	0	0	0	0	0	0	0	0	0	0	0	0	0	0	0	0	0	0	0	0	63	0	0	0	0	0	0	0	0	0	0	0	0	0	0	0	0	0	0	0	0	0	0	0	0	0	0	0	0	0	0	0	0	0	0	0	0	0	0	0	0	0	0	0	0	0	0	0	0	0	0	0	0	0	0	102	0	0	0	0	0	0	0	0	0	0	0	0	0	0	0	0	0	0	0	0	0	0	0	0	0	129	0	163	0	0	0	0	0	0	0	0	0	0	0	0	0	0	0	0	0	0	0	1603	0	0	0	0	0	0	0	0	0	0	0	0	0	0	0	0	0	0	0	0	0	0	0	0	0	0	0	0	0	0	0	0	273	0	0	0	22	468	0	0	0	0	0	0	0	0	0	609	32	36	0	25	0	0	0	0	0	0	0	0	0	0	0	0	4	0	0	0	0	0	0	81	0	229	0	0	0	0	0	0	0	0	0	0	0	0	0	0	0	0	0	0	0	0	0	5	1026	0	0	0	0	0	0	0	0	0	0	0	0	0	0	0	0	0	0	0	0	0	0	0	0	0	0	0	0	0	0	0	0	0	0	0	0	0	0	0	0	0	0	0	0	245	0	0	0	0	0	0	0	0	0	0	0	0	0	0	0	0	0	0	0	0	0	0	0	0	0	0	470	0	0	0	0	0	0	0	0	0	0	0	0	0	0	0	0	0	0	0	0	0	0	0	0	0	0	0	0	0	0	0	0	0	0	16	0	0	0	0	0	0	0	0	0	275	0	0	0	0	0	0	0	0	0	0	0	0	0	0	0	0	0	0	0	0	0	0	0	0	0	0	0	0	5	0	0	0	0	0	0	0	0	0	0	0	0	30	0	0	0	0	0	0	0	0	361	0	0	0	0	0	0	0	0	0	0	0	0	0	0	0	0	0	0	0	0	0	0	0	0	0	0	0	0	0	0	0	0	0
d__Bacteria___p__Bacteroidota___c__Bacteroidia___o__Bacteroidales___f__Prevotellaceae___g__Paraprevotella	0	0	0	0	0	0	0	15	0	0	0	0	0	0	0	0	0	118	0	0	0	0	0	0	82	42	67	18	0	0	0	0	0	0	0	0	0	102	96	255	0	62	101	0	109	0	13	0	0	0	0	0	0	0	0	0	0	0	0	0	49	0	0	0	0	0	0	0	0	0	0	0	0	0	36	0	0	0	0	0	22	16	0	14	0	0	0	38	0	0	37	12	0	0	0	92	0	0	0	0	0	45	0	0	0	0	0	0	0	0	137	0	0	0	0	159	94	0	0	0	0	0	0	0	34	0	0	0	0	0	0	0	0	555	0	0	0	30	0	0	0	0	101	0	0	0	64	0	0	0	0	0	0	0	0	0	0	0	161	0	114	0	0	0	136	0	0	0	35	0	0	0	0	61	0	46	0	0	15	0	56	0	0	0	0	25	128	0	0	0	33	163	216	33	0	0	0	24	77	81	0	0	0	0	82	0	0	0	0	0	0	0	31	30	87	0	59	0	0	0	0	0	0	0	0	5	0	64	87	0	0	30	0	57	0	0	93	185	509	0	0	232	0	0	0	0	0	0	267	0	0	0	128	772	263	0	0	88	0	66	0	22	656	0	37	0	0	85	20	0	0	293	0	0	135	0	0	0	0	0	227	0	48	206	0	0	0	0	0	66	7	400	1105	0	0	0	0	0	6	59	85	2249	25	0	0	0	8	0	3	0	0	180	46	0	31	0	0	7	0	0	139	318	0	13	30	0	0	252	0	0	1500	0	0	0	0	36	92	0	0	0	137	0	0	164	0	440	0	0	0	0	0	0	0	889	106	0	1315	0	0	0	0	43	0	0	0	0	0	188	46	0	0	0	0	0	0	0	23	0	118	0	0	216	0	0	0	48	0	0	542	0	0	0	0	241	7	18	0	0	0	118	68	286	0	69	0	134	0	189	0	243	69	0	0	0	86	0	0	0	0	26	0	0	71	40	0	13	0	0	0	0	0	0	0	0	0	0	0	0	29	0	0	0	0	0	21	0	0	0	0	0	0	0	0	0	0	0	0	0	0	0	0	0	0	14	0	0	0	0	0	0	0	0	0	0	0	0	0	149	0	0	0	0	0	0	0	42	11	0	0	0	0	0	0	0	89	0	0	116	0	0	36	0	25	0	0	0	13	0	101	0	0	0	0	0	0	0	29	98	706	0	0	0	0	0	0
d__Bacteria___p__Bacteroidota___c__Bacteroidia___o__Bacteroidales___f__Prevotellaceae___g__Prevotella	18	203	0	376	0	0	0	1047	0	1895	0	267	0	0	0	0	0	0	0	0	0	0	0	0	0	0	12	55	0	261	811	0	0	12	99	0	1865	10435	0	0	0	28	54	9	0	24	41	1053	247	0	16	0	1434	0	0	0	0	0	355	0	0	0	486	0	75	562	0	105	0	4740	14	0	0	554	662	11	0	0	0	2590	20	336	0	0	0	0	0	0	0	0	0	2513	0	7	0	0	0	60	0	0	7	283	0	0	0	0	311	0	1588	0	502	0	0	918	0	0	0	1082	0	139	184	1828	0	0	524	653	0	0	432	0	0	0	0	0	0	19	0	148	18	0	3845	72	0	0	336	0	0	0	0	0	0	0	0	0	197	0	0	0	180	78	0	0	354	0	59	21	0	0	301	0	265	7	77	330	3489	0	0	0	0	0	0	0	0	0	0	0	3087	0	933	4469	221	0	0	0	0	0	158	21	0	49	0	0	0	0	2124	0	180	26	0	3066	0	86	0	103	18	4879	0	29	0	0	2848	0	0	0	0	183	950	0	25	29	1760	449	2542	326	0	0	0	214	180	3975	0	0	977	0	146	0	875	0	379	6710	453	0	50	2687	694	15	0	1810	31	1117	2197	0	0	11	152	0	0	14	0	0	1082	307	580	0	196	504	89	0	126	0	0	0	0	0	0	0	4	0	0	7679	54	0	5	11	0	711	0	0	0	683	1610	0	0	19	2889	829	705	3	0	2054	5485	0	0	0	0	6568	13	201	0	0	6143	3	0	0	1536	2947	0	11	7	0	0	0	0	27	8	0	6613	13355	918	0	1767	0	0	3615	0	0	0	0	0	0	0	20	0	0	405	0	0	0	39	44	0	0	0	466	0	3215	0	102	0	14	1729	0	0	0	0	0	12	0	0	0	0	0	27	377	0	0	0	0	0	0	0	619	0	11370	0	6477	627	0	0	1025	119	0	8	0	194	0	0	0	2090	1185	23861	0	0	0	0	0	0	0	0	1536	0	0	1525	0	257	0	0	0	0	0	0	0	0	0	0	0	175	222	0	0	61	0	0	0	686	484	0	0	0	0	0	0	0	0	0	0	0	807	0	253	13	0	0	0	0	0	0	0	0	0	0	0	0	0	0	1563	764	8568	0	0	106	0	62	0	16	185	0	0	0	0	0	41	27	0	229	0	0	0	1246	0	32	0	303	0	0	0	51	12	89	420	54	14	40	14	0	0	0	1843	0	0	290	0	4	0	0
d__Bacteria___p__Bacteroidota___c__Bacteroidia___o__Bacteroidales___f__Prevotellaceae___g__Prevotellaceae_Ga6A1_group	0	0	0	0	0	0	0	0	0	0	0	0	0	0	0	0	0	0	0	0	0	0	0	0	0	0	0	0	0	0	0	0	0	0	0	0	0	0	0	0	0	0	0	0	0	0	0	29	0	0	0	0	0	0	0	0	0	0	0	0	0	0	0	0	0	0	0	0	0	0	0	0	0	0	0	0	0	0	0	0	0	0	0	0	0	0	0	0	0	0	0	0	0	0	0	0	0	0	0	0	0	0	0	0	0	0	0	0	0	0	0	0	0	0	0	0	0	0	0	0	0	0	0	0	0	0	0	0	0	0	0	0	0	0	0	0	0	0	0	0	0	0	0	0	0	0	0	0	0	0	0	0	0	0	0	0	0	0	0	0	0	0	0	0	0	0	0	0	0	0	0	0	0	0	0	0	0	0	0	0	0	0	0	0	0	0	0	0	0	0	0	0	0	0	0	0	0	0	0	0	0	0	0	0	0	0	0	0	0	0	0	0	0	0	0	0	0	0	0	0	0	0	0	0	0	0	0	0	0	0	0	0	0	0	0	0	0	0	0	0	0	0	0	0	0	0	0	0	0	0	0	0	0	0	0	0	0	0	0	0	0	0	0	0	0	0	0	0	0	0	0	0	0	0	0	0	0	0	0	0	0	0	0	0	0	0	0	0	0	0	0	0	0	0	0	0	0	0	0	0	0	0	0	0	0	0	0	0	0	0	0	0	0	0	0	0	0	0	0	0	0	0	0	0	0	0	0	0	0	0	0	0	0	0	0	0	0	0	0	0	0	0	0	0	0	0	0	0	0	0	0	0	0	0	0	0	0	0	0	0	0	0	0	0	0	0	0	0	0	0	0	0	0	0	0	0	0	0	0	0	0	0	0	0	0	0	0	0	0	0	0	0	0	0	0	0	0	0	0	0	0	0	0	0	0	0	0	0	0	0	0	0	0	0	0	0	0	0	0	0	0	0	0	0	0	0	0	0	0	0	0	0	0	0	0	0	0	0	0	0	0	0	0	0	0	0	0	0	0	0	0	0	0	0	0	0	0	0	0	0	0	0	0	0	0	0	0	0	0	0	0	0	0	0	0	0	0	0	0	0	0	0	0	0	0	0	0	0	0	0	0	0	0	0	0	0	0	0	0	0	0	0	0	0	0	0	0	0	0	0	0	0	0	0	0	0	0	0	0	0	0	0	0	0	0
d__Bacteria___p__Bacteroidota___c__Bacteroidia___o__Bacteroidales___f__Prevotellaceae___g__Prevotellaceae_NK3B31_group	0	0	0	0	0	1130	0	0	0	0	0	0	0	0	0	0	0	939	0	0	0	0	0	0	0	1374	0	0	0	0	0	0	0	0	15	286	231	0	0	0	0	0	0	0	0	0	0	55	0	0	0	0	0	0	1561	0	0	0	0	0	0	0	49	0	0	0	0	0	0	0	0	0	0	0	0	0	0	0	0	0	0	0	0	0	0	0	0	0	3638	0	0	0	0	0	0	0	0	0	0	0	0	0	0	0	565	141	0	0	0	0	50	0	0	0	0	0	28	0	0	0	0	0	0	38	0	0	0	0	0	0	0	0	0	0	0	0	0	486	0	0	0	0	0	0	0	0	0	0	0	0	0	0	0	0	0	0	0	0	0	0	0	0	0	0	0	0	0	0	0	0	0	0	0	230	0	0	0	0	0	0	0	0	0	0	0	0	28	0	0	0	31	0	0	0	0	0	0	0	0	401	0	0	1025	17	0	0	0	0	0	0	0	0	0	0	0	0	0	0	0	0	0	0	0	0	0	0	0	0	0	0	0	0	0	110	128	0	531	0	12	0	0	0	0	0	0	0	0	0	132	0	1221	0	0	0	0	0	0	0	0	0	0	0	0	0	182	0	0	0	0	0	0	0	14	0	0	0	0	0	0	0	7846	0	5	0	0	356	0	0	0	276	0	0	0	0	0	0	0	0	0	0	0	0	0	0	0	0	262	5269	272	812	0	0	0	0	0	0	19	0	0	0	36	8710	43	0	677	0	0	8	0	0	0	0	0	0	0	0	445	0	0	0	630	0	1983	0	0	2707	237	0	0	0	153	0	0	0	0	0	0	0	0	0	0	2244	55	0	0	0	0	0	7273	0	0	0	0	0	0	0	0	0	0	0	0	2565	0	0	0	0	0	0	0	0	0	0	0	0	0	0	0	0	0	0	1269	40	0	0	0	0	0	0	0	2486	0	0	0	0	0	0	0	0	0	0	0	0	0	389	44	0	0	0	0	0	0	0	0	0	0	0	0	0	215	0	0	0	0	0	0	0	0	0	101	0	0	0	0	0	0	0	0	0	0	0	0	0	222	31	0	0	0	0	0	0	0	0	0	0	0	0	372	1096	1079	0	0	0	0	0	0	0	0	0	0	0	0	0	0	0	0	228	48	1030	0	0	0	75	550	0	0	0	0	0	0	0	0	0	0	0	0	0	0	0	0	0	0	0	0	0	0
d__Bacteria___p__Bacteroidota___c__Bacteroidia___o__Bacteroidales___f__Prevotellaceae___g__Prevotellaceae_UCG-001	0	17	0	25	0	0	0	0	0	0	0	0	0	0	0	0	0	0	0	0	0	0	0	0	0	149	0	0	0	321	0	0	0	0	0	0	18	0	771	0	0	0	0	0	0	0	0	0	0	0	0	0	0	0	0	0	0	0	0	0	0	0	0	0	0	0	0	0	0	0	0	0	0	0	0	0	0	0	0	0	0	0	0	0	0	0	0	0	0	0	0	0	0	0	0	0	0	0	0	0	0	0	0	0	0	0	0	0	0	0	0	0	0	0	0	0	0	0	0	0	0	0	0	0	0	0	0	0	0	0	0	0	0	0	0	0	0	0	0	0	0	0	0	0	0	0	0	0	0	0	0	0	0	0	0	0	0	0	0	0	0	0	0	0	0	0	0	0	0	0	0	0	0	0	0	0	0	0	0	0	0	0	0	0	0	0	0	0	0	0	0	0	0	0	0	0	0	0	0	0	0	0	0	0	22	0	0	0	0	0	0	0	0	0	0	0	27	0	0	0	0	0	0	0	0	0	0	6	0	0	0	0	0	0	0	0	0	0	0	0	0	0	0	0	0	0	0	0	0	0	0	0	0	0	0	0	0	0	0	0	0	0	0	0	92	0	0	0	0	0	0	0	0	0	0	0	0	0	0	0	0	0	0	0	0	0	0	0	0	321	0	4	781	0	0	0	0	0	0	0	0	3387	0	0	0	0	0	0	0	0	0	0	0	0	0	0	0	0	0	0	0	0	0	0	0	618	0	0	0	0	0	0	0	0	0	0	0	0	0	0	0	0	0	0	0	0	463	0	0	0	0	0	0	0	0	0	0	0	0	0	0	0	0	0	0	0	0	0	0	0	0	0	0	0	0	0	0	0	0	0	0	0	0	0	0	0	0	0	0	0	0	0	0	0	0	0	0	0	0	0	0	0	0	0	0	0	0	0	0	0	0	0	0	0	0	0	0	0	0	0	0	0	0	0	0	0	0	0	0	0	0	0	0	0	0	0	0	0	18	0	0	0	0	0	0	0	0	0	0	0	0	0	0	0	0	0	0	0	0	0	0	0	0	0	0	0	0	0	0	0	0	0	0	0	0	0	0	0	0	0	0	0	0	0	0	0	0	0	0	0	0	0	0	0	0	0	0	0	0	0	0	0	0	0	0	0	0	0	0	0	0	0	0	0	0	0	0	0	0	0	0	0	0	0	0
d__Bacteria___p__Bacteroidota___c__Bacteroidia___o__Bacteroidales___f__Prevotellaceae___g__Prevotellaceae_UCG-003	16	0	0	0	0	0	0	0	0	0	0	0	0	0	0	0	0	0	0	0	0	0	0	0	0	0	0	0	0	0	0	0	0	0	0	0	0	0	0	0	0	0	0	0	0	0	0	0	0	0	0	0	0	0	0	0	0	0	0	0	0	0	0	0	0	0	0	0	0	0	0	0	0	0	0	0	0	0	0	0	0	0	0	0	0	0	0	0	0	0	0	0	0	0	0	0	0	0	0	0	0	0	0	0	0	0	0	0	0	0	0	0	0	0	0	0	0	0	0	0	0	0	0	0	0	0	0	0	0	0	0	0	0	0	0	0	0	0	0	0	0	0	0	0	0	0	0	0	0	0	0	0	0	0	0	0	0	0	0	0	0	0	0	0	0	0	0	0	0	0	0	0	0	0	0	0	0	0	0	0	0	0	0	0	0	0	0	0	0	0	0	0	0	0	0	0	0	0	0	0	0	0	0	0	0	0	0	0	0	0	0	0	0	0	0	0	0	0	0	0	0	0	0	0	0	0	0	0	0	0	0	0	0	0	0	0	0	0	0	0	0	0	0	0	0	0	0	0	0	0	0	0	0	0	0	0	0	0	0	0	0	0	0	0	0	0	0	0	0	0	0	0	0	0	0	0	0	0	0	0	0	0	0	0	0	0	0	0	0	0	0	0	0	0	0	0	0	0	0	0	0	0	0	0	0	0	0	0	0	0	0	0	0	0	0	0	0	0	0	0	0	0	0	0	0	0	0	0	0	0	0	0	0	0	0	0	0	0	0	0	0	0	0	0	0	0	0	0	0	0	0	0	0	0	0	0	0	0	0	0	0	0	0	0	0	0	0	0	0	0	0	0	0	0	0	0	0	0	0	0	0	0	0	0	0	0	0	0	0	0	0	0	0	0	0	0	0	0	0	0	0	0	0	0	0	0	0	0	0	0	0	0	0	0	0	0	0	0	0	0	0	0	0	0	0	0	0	0	0	0	0	0	0	0	0	0	0	0	0	0	0	0	0	0	0	0	0	0	0	0	0	0	0	0	0	0	0	0	0	0	0	0	0	0	0	0	0	0	0	0	0	0	0	0	0	0	0	0	0	0	0	0	0	0	0	0	0	0	0	0	0	0	0	0	0	0	0	0	0	0	0	0	0	0	0	0	0	0	0	0	0	0	0	0	0	0	0	0	0	0	0	0	0	0	0
d__Bacteria___p__Bacteroidota___c__Bacteroidia___o__Bacteroidales___f__Rikenellaceae	271	985	59	122	238	145	101	82	362	0	256	347	75	0	101	20	30	284	86	189	279	0	317	107	269	130	444	484	3643	1692	43	422	1315	669	68	26	387	35	604	612	492	124	59	46	152	185	452	208	201	390	330	21	907	85	268	47	286	662	667	138	34	369	99	322	15	0	654	23	599	24	401	479	46	196	212	35	825	0	0	369	61	87	224	18	109	110	682	314	1073	212	558	14	1025	226	22	128	0	0	0	600	44	1449	0	1073	204	205	8	52	21	0	194	39	360	333	124	64	27	0	396	72	321	17	0	67	82	231	38	103	238	50	41	0	219	222	324	434	387	400	20	170	0	564	364	161	81	0	109	175	29	198	482	287	0	370	70	1358	333	15	325	218	19	1047	360	39	976	97	768	106	540	93	102	31	0	261	310	474	379	228	22	42	152	36	173	0	16	103	55	85	218	18	45	191	993	147	164	905	419	64	318	869	1829	953	419	8	917	618	91	0	135	0	0	84	382	226	339	52	43	42	591	1056	1644	113	17	0	12	81	0	234	128	623	1128	0	1290	194	28	23	428	2087	269	978	0	650	183	19	0	179	1278	568	255	19	440	157	980	935	1057	701	1168	213	243	200	46	118	624	1334	315	155	574	97	373	408	0	166	136	625	307	123	344	894	133	1241	656	264	1239	568	2873	365	0	0	3	72	429	885	462	464	1397	1637	10	577	812	1443	571	1061	688	986	448	1242	143	647	448	957	1208	0	1828	165	2115	266	1095	1101	955	821	117	411	612	271	1438	388	371	3119	394	24	1421	0	0	1530	1162	1387	213	180	1263	944	976	256	916	82	810	689	253	532	155	666	614	54	3580	760	444	627	382	1236	0	1802	0	413	524	196	1039	1199	1047	4274	848	234	72	1817	21	2050	2080	1274	470	8	1009	1885	852	340	28	378	2014	410	1676	1969	1383	24	2212	667	1820	404	2970	51	527	3543	275	1310	176	869	9290	372	1988	117	265	486	197	290	115	559	1263	202	562	137	0	0	13	192	94	102	160	206	295	128	13	24	28	0	198	266	50	36	38	0	0	254	13	0	0	11	34	54	0	0	108	7	33	0	17	71	0	28	0	0	0	42	79	354	36	47	151	24	0	77	83	228	32	16	21	52	40	1782	0	314	139	312	54	0	30	661	0	0	6	0	163	76	19	28	105	41	78	38	89	188	9	922	15	32	0	63	715	32	0	63	59	32	47	216	19	89	33	111	0	0	0	569	1055	1243	143	412	1593	825	58
d__Bacteria___p__Bacteroidota___c__Bacteroidia___o__Bacteroidales___f__Rikenellaceae___g__Alistipes	271	985	59	122	238	145	101	82	362	0	256	347	75	0	101	20	30	256	86	189	279	0	317	107	269	70	444	484	3643	1009	43	422	1315	669	68	26	387	35	604	612	492	124	59	46	152	185	452	120	201	390	330	21	507	85	232	47	286	662	82	138	34	369	46	322	15	0	654	23	599	24	401	479	46	196	212	35	825	0	0	369	61	87	172	18	109	110	682	314	340	212	558	14	1025	226	22	128	0	0	0	600	44	917	0	1073	204	205	0	52	21	0	194	39	360	333	124	64	27	0	169	72	321	17	0	67	82	231	38	103	238	50	41	0	219	222	324	434	387	400	20	170	0	564	364	161	81	0	109	175	29	198	282	287	0	370	70	1263	333	15	325	218	19	1047	360	39	976	97	768	106	540	93	102	31	0	261	310	474	379	228	22	42	152	36	173	0	16	103	55	85	132	18	45	191	993	147	164	905	419	64	318	869	1829	953	419	8	856	594	91	0	135	0	0	84	382	226	339	52	43	22	591	1056	1644	113	17	0	12	41	0	234	128	623	863	0	1282	194	28	23	428	1353	269	978	0	650	183	19	0	179	1278	349	255	19	440	157	980	935	1057	701	1168	213	243	200	46	118	624	1334	295	155	574	97	373	408	0	166	136	625	307	123	344	894	133	1241	656	264	1239	568	2873	365	0	0	3	72	429	885	462	464	1397	1637	10	577	812	1149	190	1061	474	978	407	1211	143	647	448	957	1203	0	1828	165	329	266	1095	1101	955	821	117	411	612	251	1438	388	371	3119	394	24	1421	0	0	1530	1162	1387	52	38	376	944	976	256	916	82	498	689	253	532	155	666	614	54	3580	760	444	627	382	1236	0	1802	0	413	524	33	1039	1199	569	4274	848	234	72	389	21	2050	2080	1274	470	8	1009	1885	852	340	28	378	2014	410	1676	839	1383	24	2212	667	1820	404	2970	51	527	3464	275	1310	176	869	9290	372	1988	117	265	486	183	140	115	559	1263	202	562	137	0	0	13	166	94	102	160	206	295	128	13	24	28	0	198	266	50	36	38	0	0	254	13	0	0	11	34	54	0	0	108	7	20	0	17	71	0	28	0	0	0	42	79	354	36	47	151	24	0	77	83	228	32	16	21	52	40	1782	0	314	139	312	54	0	30	661	0	0	6	0	163	76	19	28	105	41	78	38	89	188	9	922	15	32	0	63	715	32	0	63	59	32	47	216	19	89	33	111	0	0	0	569	1055	1243	143	412	1593	825	58
d__Bacteria___p__Bacteroidota___c__Bacteroidia___o__Bacteroidales___f__Rikenellaceae___g__Rikenella	0	0	0	0	0	0	0	0	0	0	0	0	0	0	0	0	0	0	0	0	0	0	0	0	0	0	0	0	0	0	0	0	0	0	0	0	0	0	0	0	0	0	0	0	0	0	0	0	0	0	0	0	0	0	0	0	0	0	0	0	0	0	0	0	0	0	0	0	0	0	0	0	0	0	0	0	0	0	0	0	0	0	0	0	0	0	0	0	0	0	0	0	0	0	0	0	0	0	0	0	0	0	0	0	0	0	0	0	0	0	0	0	0	0	0	0	0	0	0	0	0	0	0	0	0	0	0	0	0	0	0	0	0	0	0	0	0	0	0	0	0	0	0	0	0	0	0	0	0	0	0	0	0	0	0	95	0	0	0	0	0	0	0	0	0	0	0	0	0	0	0	0	0	0	0	0	0	0	0	0	0	0	0	0	0	0	0	0	0	0	0	0	0	0	0	0	0	0	0	0	0	0	0	0	0	0	0	0	0	0	0	0	0	0	0	0	0	0	0	0	0	0	0	0	0	0	0	0	0	0	0	0	0	0	0	0	0	0	0	0	0	0	0	0	0	0	0	0	0	0	0	0	0	0	0	0	0	0	0	0	0	0	0	0	0	0	0	0	0	0	0	0	0	0	0	0	0	0	0	0	0	0	0	0	0	0	0	0	0	0	0	0	0	0	0	0	0	0	0	0	0	0	0	0	0	0	0	0	0	0	0	0	0	0	0	0	0	0	0	0	0	0	0	0	0	0	0	0	0	0	0	0	0	0	0	0	0	0	0	0	0	0	0	0	0	0	0	0	0	0	0	0	0	0	0	0	0	0	0	0	0	0	0	0	0	0	0	0	0	0	0	0	0	0	0	0	0	0	0	0	0	0	0	0	0	0	0	0	0	0	0	0	0	0	0	0	0	79	0	0	0	0	0	0	0	0	0	0	0	0	0	0	0	0	0	0	0	0	0	0	0	0	0	0	0	0	0	0	0	0	0	0	0	0	0	0	0	0	0	0	0	0	0	0	0	0	0	0	0	0	0	0	0	0	0	0	0	0	0	0	0	0	0	0	0	0	0	0	0	0	0	0	0	0	0	0	0	0	0	0	0	0	0	0	0	0	0	0	0	0	0	0	0	0	0	0	0	0	0	0	0	0	0	0	0	0	0	0	0	0	0	0	0	0	0	0	0	0	0	0	0	0	0	0	0
d__Bacteria___p__Bacteroidota___c__Bacteroidia___o__Bacteroidales___f__Rikenellaceae___g__Rikenellaceae_RC9_gut_group	0	0	0	0	0	0	0	0	0	0	0	0	0	0	0	0	0	28	0	0	0	0	0	0	0	60	0	0	0	683	0	0	0	0	0	0	0	0	0	0	0	0	0	0	0	0	0	88	0	0	0	0	400	0	36	0	0	0	585	0	0	0	53	0	0	0	0	0	0	0	0	0	0	0	0	0	0	0	0	0	0	0	52	0	0	0	0	0	733	0	0	0	0	0	0	0	0	0	0	0	0	532	0	0	0	0	8	0	0	0	0	0	0	0	0	0	0	0	227	0	0	0	0	0	0	0	0	0	0	0	0	0	0	0	0	0	0	0	0	0	0	0	0	0	0	0	0	0	0	0	200	0	0	0	0	0	0	0	0	0	0	0	0	0	0	0	0	0	0	0	0	0	0	0	0	0	0	0	0	0	0	0	0	0	0	0	0	0	86	0	0	0	0	0	0	0	0	0	0	0	0	0	0	0	61	24	0	0	0	0	0	0	0	0	0	0	0	20	0	0	0	0	0	0	0	40	0	0	0	0	265	0	8	0	0	0	0	734	0	0	0	0	0	0	0	0	0	219	0	0	0	0	0	0	0	0	0	0	0	0	0	0	0	0	20	0	0	0	0	0	0	0	0	0	0	0	0	0	0	0	0	0	0	0	0	0	0	0	0	0	0	0	0	0	0	0	0	0	0	294	381	0	214	8	41	31	0	0	0	0	0	0	0	0	1784	0	0	0	0	0	0	0	0	20	0	0	0	0	0	0	0	0	0	0	0	0	161	142	887	0	0	0	0	0	312	0	0	0	0	0	0	0	0	0	0	0	0	0	0	0	0	0	0	163	0	0	478	0	0	0	0	1428	0	0	0	0	0	0	0	0	0	0	0	0	0	0	0	1130	0	0	0	0	0	0	0	0	0	0	0	0	0	0	0	0	0	0	0	0	14	150	0	0	0	0	0	0	0	0	0	26	0	0	0	0	0	0	0	0	0	0	0	0	0	0	0	0	0	0	0	0	0	0	0	0	0	0	0	0	13	0	0	0	0	0	0	0	0	0	0	0	0	0	0	0	0	0	0	0	0	0	0	0	0	0	0	0	0	0	0	0	0	0	0	0	0	0	0	0	0	0	0	0	0	0	0	0	0	0	0	0	0	0	0	0	0	0	0	0	0	0	0	0	0	0	0	0	0	0	0	0	0	0	0	0	0
d__Bacteria___p__Bacteroidota___c__Bacteroidia___o__Bacteroidales___f__Rikenellaceae___g__hoa5-07d05_gut_group	0	0	0	0	0	0	0	0	0	0	0	0	0	0	0	0	0	0	0	0	0	0	0	0	0	0	0	0	0	0	0	0	0	0	0	0	0	0	0	0	0	0	0	0	0	0	0	0	0	0	0	0	0	0	0	0	0	0	0	0	0	0	0	0	0	0	0	0	0	0	0	0	0	0	0	0	0	0	0	0	0	0	0	0	0	0	0	0	0	0	0	0	0	0	0	0	0	0	0	0	0	0	0	0	0	0	0	0	0	0	0	0	0	0	0	0	0	0	0	0	0	0	0	0	0	0	0	0	0	0	0	0	0	0	0	0	0	0	0	0	0	0	0	0	0	0	0	0	0	0	0	0	0	0	0	0	0	0	0	0	0	0	0	0	0	0	0	0	0	0	0	0	0	0	0	0	0	0	0	0	0	0	0	0	0	0	0	0	0	0	0	0	0	0	0	0	0	0	0	0	0	0	0	0	0	0	0	0	0	0	0	0	0	0	0	0	0	0	0	0	0	0	0	0	0	0	0	0	0	0	0	0	0	0	0	0	0	0	0	0	0	0	0	0	0	0	0	0	0	0	0	0	0	0	0	0	0	0	0	0	0	0	0	0	0	0	0	0	0	0	0	0	0	0	0	0	0	0	0	0	0	0	0	0	0	0	0	0	0	0	0	0	0	0	0	0	0	0	0	0	0	0	0	0	0	0	0	0	0	0	0	0	0	0	2	0	0	0	0	0	0	0	0	0	0	0	0	0	0	0	0	0	0	0	0	0	0	0	0	0	0	0	0	0	0	0	0	0	0	0	0	0	0	0	0	0	0	0	0	0	0	0	0	0	0	0	0	0	0	0	0	0	0	0	0	0	0	0	0	0	0	0	0	0	0	0	0	0	0	0	0	0	0	0	0	0	0	0	0	0	0	0	0	0	0	0	0	0	0	0	0	0	0	0	0	0	0	0	0	0	0	0	0	0	0	0	0	0	0	0	0	0	0	0	0	0	0	0	0	0	0	0	0	0	0	0	0	0	0	0	0	0	0	0	0	0	0	0	0	0	0	0	0	0	0	0	0	0	0	0	0	0	0	0	0	0	0	0	0	0	0	0	0	0	0	0	0	0	0	0	0	0	0	0	0	0	0	0	0	0	0	0	0	0	0	0	0	0	0	0	0	0	0	0	0	0	0	0	0	0	0	0	0	0	0
d__Bacteria___p__Bacteroidota___c__Bacteroidia___o__Bacteroidales___f__Tannerellaceae	0	147	32	0	38	97	109	54	38	20	15	315	241	125	174	169	0	1286	0	0	193	30	331	0	40	180	209	238	1043	995	18	419	297	531	0	38	212	328	1433	359	256	142	582	112	128	231	132	109	61	31	193	12	195	254	15	141	187	275	64	121	68	261	6	0	67	0	156	24	0	73	178	243	38	109	204	133	466	38	900	189	88	148	111	148	502	533	121	365	1201	376	111	266	60	52	318	347	0	0	51	216	0	59	0	0	33	100	219	201	19	30	283	0	58	8	25	63	164	0	104	248	168	58	59	136	14	74	156	231	160	50	54	0	651	216	200	525	215	235	128	39	0	647	38	143	91	210	16	114	274	62	33	74	30	87	22	0	186	376	141	115	558	222	40	0	454	60	280	146	156	58	84	39	71	60	23	237	62	11	24	113	31	116	65	46	88	336	337	169	463	99	279	195	322	103	936	296	432	99	157	618	0	727	0	21	519	320	459	14	227	15	0	13	230	546	66	189	183	94	395	1106	409	50	0	939	21	49	219	568	356	414	245	15	627	462	164	115	224	140	165	238	148	671	188	320	0	181	1123	205	148	53	167	150	615	2041	577	214	461	113	630	474	201	402	97	0	259	577	2315	984	17	2552	73	1698	348	284	205	427	1293	760	505	509	162	0	605	168	3166	0	0	0	0	58	109	194	412	343	160	31	26	195	33	351	272	281	149	261	19	65	40	44	12	6	219	277	104	33	113	233	806	14	267	253	105	390	1205	42	634	204	0	203	0	717	59	0	0	304	71	71	676	244	863	904	714	122	154	159	98	458	0	328	128	386	36	0	54	220	0	193	17	87	0	0	0	324	172	462	78	42	231	0	43	0	23	54	0	390	0	2974	60	7	349	60	166	152	0	38	424	172	291	22	250	0	264	330	703	160	2168	85	204	0	2024	115	139	1756	542	169	320	42	0	143	68	259	113	39	2805	17	42	0	0	0	0	334	0	111	144	348	47	36	250	0	21	0	119	0	49	43	15	0	0	24	90	34	32	8	60	22	0	8	0	0	0	0	43	0	111	0	0	0	58	35	11	8	5	42	184	57	0	6	42	509	0	0	51	1419	37	248	0	28	0	174	0	20	0	20	0	12	0	24	0	0	25	0	40	0	75	8	120	0	0	84	20	2	0	0	71	86	223	17	10	12	23	91	13	0	0	0	0	0	75	400	414	454	33	0	63	85	0
d__Bacteria___p__Bacteroidota___c__Bacteroidia___o__Bacteroidales___f__Tannerellaceae___g__Parabacteroides	0	147	32	0	38	97	109	54	38	20	15	315	241	125	174	169	0	1286	0	0	193	30	331	0	40	180	209	238	1043	995	18	419	297	531	0	38	212	328	1433	359	256	142	582	112	128	231	132	109	61	31	193	12	195	254	15	141	187	275	64	121	68	261	6	0	67	0	156	24	0	73	178	243	38	109	204	133	466	38	900	189	88	148	111	148	502	533	121	365	1201	376	111	266	60	52	318	347	0	0	51	216	0	59	0	0	33	100	219	201	19	30	283	0	58	8	25	63	164	0	104	248	168	58	59	136	14	74	156	231	160	50	54	0	651	216	200	525	215	235	128	39	0	647	38	143	91	210	16	114	274	62	33	74	30	87	22	0	186	376	141	115	558	222	40	0	454	60	280	146	156	58	84	39	71	60	23	237	62	11	24	113	31	116	65	46	88	336	337	169	463	99	279	195	322	103	936	296	432	99	157	618	0	727	0	21	519	320	459	14	227	15	0	13	230	546	66	189	183	94	395	1106	409	50	0	939	21	49	219	568	356	414	245	15	627	462	164	115	224	140	165	238	148	671	188	320	0	181	1123	205	148	53	167	150	615	2041	577	214	461	113	630	474	201	402	97	0	259	577	2315	984	17	2552	73	1698	348	284	205	427	1293	760	505	509	162	0	605	168	3166	0	0	0	0	58	109	194	412	343	160	31	26	195	33	351	272	281	149	261	19	65	40	44	12	6	219	277	104	33	113	233	806	14	267	253	105	390	1205	42	634	204	0	203	0	717	59	0	0	304	71	71	676	244	863	904	714	122	154	159	98	458	0	328	128	386	36	0	54	220	0	193	17	87	0	0	0	324	172	462	78	42	231	0	43	0	23	54	0	390	0	2974	60	7	349	60	166	152	0	38	424	172	291	22	250	0	264	330	703	160	2168	85	204	0	2024	115	139	1756	542	169	320	42	0	143	68	259	113	39	2805	17	42	0	0	0	0	334	0	111	144	348	47	36	250	0	21	0	119	0	49	43	15	0	0	24	90	34	32	8	60	22	0	8	0	0	0	0	43	0	111	0	0	0	58	35	11	8	5	42	184	57	0	6	42	509	0	0	51	1419	37	248	0	28	0	174	0	20	0	20	0	12	0	24	0	0	25	0	40	0	75	8	120	0	0	84	20	2	0	0	71	86	223	17	10	12	23	91	13	0	0	0	0	0	75	400	414	454	33	0	63	85	0
d__Bacteria___p__Bacteroidota___c__Bacteroidia___o__Chitinophagales	0	0	0	0	0	0	0	0	0	0	0	0	0	0	0	0	0	0	0	0	0	0	0	0	0	0	0	0	0	0	0	0	0	0	0	0	0	0	0	0	0	0	0	0	0	0	0	0	0	0	0	0	0	0	0	0	0	0	0	0	0	0	0	0	17	0	0	2	0	0	3	0	0	0	0	0	0	0	0	0	0	0	0	0	0	0	0	0	0	0	0	0	0	0	0	0	0	0	0	0	0	0	0	0	0	0	0	0	0	0	0	0	0	0	0	0	0	0	0	0	0	0	0	0	0	0	0	0	5	0	0	0	0	0	0	0	0	0	0	0	0	0	0	0	0	0	0	0	0	0	0	0	0	0	0	0	0	0	0	0	0	0	0	0	0	0	0	0	0	0	0	0	0	0	0	0	0	0	0	0	0	0	0	0	0	0	0	7	0	0	0	0	0	0	0	0	0	0	0	0	0	0	0	0	0	0	0	0	0	0	0	0	0	0	0	0	0	0	13	0	0	7	0	0	0	0	0	0	0	2	0	0	0	0	0	0	0	0	0	0	0	0	0	0	0	0	0	0	0	0	0	0	0	0	0	0	0	0	0	7	0	0	0	0	0	0	0	0	0	0	0	0	0	0	0	0	0	0	0	0	0	0	0	0	0	0	0	0	0	0	0	0	0	0	0	0	0	0	0	0	0	0	0	0	0	0	0	0	0	0	0	0	0	0	0	0	0	0	0	0	0	0	0	0	0	0	0	0	0	0	0	0	0	0	0	0	0	0	0	0	0	0	0	0	0	0	0	0	0	0	0	0	0	0	0	0	0	0	0	0	0	0	0	0	0	0	0	0	0	0	0	0	0	0	0	0	0	0	0	0	0	0	0	0	0	0	0	0	0	0	0	0	0	0	0	0	0	0	0	0	0	0	0	0	0	0	0	0	0	0	0	0	0	0	0	0	0	0	0	0	0	0	0	0	0	0	0	0	0	0	0	0	0	0	0	0	0	0	0	0	0	0	0	0	0	0	0	0	0	0	0	0	0	0	0	0	0	0	0	0	0	0	0	0	0	0	0	0	0	0	0	0	0	0	0	0	0	0	0	0	0	0	0	0	0	0	0	0	0	0	0	0	0	0	0	0	0	0	0	0	0	0	0	0	0	0	0	0	0	0	0	0	0	0	0	0	0	0	0	0	0	0	0	0	0
d__Bacteria___p__Bacteroidota___c__Bacteroidia___o__Chitinophagales___f__Chitinophagaceae	0	0	0	0	0	0	0	0	0	0	0	0	0	0	0	0	0	0	0	0	0	0	0	0	0	0	0	0	0	0	0	0	0	0	0	0	0	0	0	0	0	0	0	0	0	0	0	0	0	0	0	0	0	0	0	0	0	0	0	0	0	0	0	0	17	0	0	2	0	0	3	0	0	0	0	0	0	0	0	0	0	0	0	0	0	0	0	0	0	0	0	0	0	0	0	0	0	0	0	0	0	0	0	0	0	0	0	0	0	0	0	0	0	0	0	0	0	0	0	0	0	0	0	0	0	0	0	0	5	0	0	0	0	0	0	0	0	0	0	0	0	0	0	0	0	0	0	0	0	0	0	0	0	0	0	0	0	0	0	0	0	0	0	0	0	0	0	0	0	0	0	0	0	0	0	0	0	0	0	0	0	0	0	0	0	0	0	7	0	0	0	0	0	0	0	0	0	0	0	0	0	0	0	0	0	0	0	0	0	0	0	0	0	0	0	0	0	0	13	0	0	7	0	0	0	0	0	0	0	2	0	0	0	0	0	0	0	0	0	0	0	0	0	0	0	0	0	0	0	0	0	0	0	0	0	0	0	0	0	7	0	0	0	0	0	0	0	0	0	0	0	0	0	0	0	0	0	0	0	0	0	0	0	0	0	0	0	0	0	0	0	0	0	0	0	0	0	0	0	0	0	0	0	0	0	0	0	0	0	0	0	0	0	0	0	0	0	0	0	0	0	0	0	0	0	0	0	0	0	0	0	0	0	0	0	0	0	0	0	0	0	0	0	0	0	0	0	0	0	0	0	0	0	0	0	0	0	0	0	0	0	0	0	0	0	0	0	0	0	0	0	0	0	0	0	0	0	0	0	0	0	0	0	0	0	0	0	0	0	0	0	0	0	0	0	0	0	0	0	0	0	0	0	0	0	0	0	0	0	0	0	0	0	0	0	0	0	0	0	0	0	0	0	0	0	0	0	0	0	0	0	0	0	0	0	0	0	0	0	0	0	0	0	0	0	0	0	0	0	0	0	0	0	0	0	0	0	0	0	0	0	0	0	0	0	0	0	0	0	0	0	0	0	0	0	0	0	0	0	0	0	0	0	0	0	0	0	0	0	0	0	0	0	0	0	0	0	0	0	0	0	0	0	0	0	0	0	0	0	0	0	0	0	0	0	0	0	0	0	0	0	0	0	0	0
d__Bacteria___p__Bacteroidota___c__Bacteroidia___o__Chitinophagales___f__Chitinophagaceae___g__Sediminibacterium	0	0	0	0	0	0	0	0	0	0	0	0	0	0	0	0	0	0	0	0	0	0	0	0	0	0	0	0	0	0	0	0	0	0	0	0	0	0	0	0	0	0	0	0	0	0	0	0	0	0	0	0	0	0	0	0	0	0	0	0	0	0	0	0	0	0	0	0	0	0	0	0	0	0	0	0	0	0	0	0	0	0	0	0	0	0	0	0	0	0	0	0	0	0	0	0	0	0	0	0	0	0	0	0	0	0	0	0	0	0	0	0	0	0	0	0	0	0	0	0	0	0	0	0	0	0	0	0	0	0	0	0	0	0	0	0	0	0	0	0	0	0	0	0	0	0	0	0	0	0	0	0	0	0	0	0	0	0	0	0	0	0	0	0	0	0	0	0	0	0	0	0	0	0	0	0	0	0	0	0	0	0	0	0	0	0	0	0	0	0	0	0	0	0	0	0	0	0	0	0	0	0	0	0	0	0	0	0	0	0	0	0	0	0	0	0	0	0	0	0	0	7	0	0	0	0	0	0	0	2	0	0	0	0	0	0	0	0	0	0	0	0	0	0	0	0	0	0	0	0	0	0	0	0	0	0	0	0	0	7	0	0	0	0	0	0	0	0	0	0	0	0	0	0	0	0	0	0	0	0	0	0	0	0	0	0	0	0	0	0	0	0	0	0	0	0	0	0	0	0	0	0	0	0	0	0	0	0	0	0	0	0	0	0	0	0	0	0	0	0	0	0	0	0	0	0	0	0	0	0	0	0	0	0	0	0	0	0	0	0	0	0	0	0	0	0	0	0	0	0	0	0	0	0	0	0	0	0	0	0	0	0	0	0	0	0	0	0	0	0	0	0	0	0	0	0	0	0	0	0	0	0	0	0	0	0	0	0	0	0	0	0	0	0	0	0	0	0	0	0	0	0	0	0	0	0	0	0	0	0	0	0	0	0	0	0	0	0	0	0	0	0	0	0	0	0	0	0	0	0	0	0	0	0	0	0	0	0	0	0	0	0	0	0	0	0	0	0	0	0	0	0	0	0	0	0	0	0	0	0	0	0	0	0	0	0	0	0	0	0	0	0	0	0	0	0	0	0	0	0	0	0	0	0	0	0	0	0	0	0	0	0	0	0	0	0	0	0	0	0	0	0	0	0	0	0	0	0	0	0	0	0	0	0	0	0	0	0	0	0	0	0	0	0	0
d__Bacteria___p__Bacteroidota___c__Bacteroidia___o__Chitinophagales___f__Chitinophagaceae___g__Vibrionimonas	0	0	0	0	0	0	0	0	0	0	0	0	0	0	0	0	0	0	0	0	0	0	0	0	0	0	0	0	0	0	0	0	0	0	0	0	0	0	0	0	0	0	0	0	0	0	0	0	0	0	0	0	0	0	0	0	0	0	0	0	0	0	0	0	17	0	0	2	0	0	3	0	0	0	0	0	0	0	0	0	0	0	0	0	0	0	0	0	0	0	0	0	0	0	0	0	0	0	0	0	0	0	0	0	0	0	0	0	0	0	0	0	0	0	0	0	0	0	0	0	0	0	0	0	0	0	0	0	5	0	0	0	0	0	0	0	0	0	0	0	0	0	0	0	0	0	0	0	0	0	0	0	0	0	0	0	0	0	0	0	0	0	0	0	0	0	0	0	0	0	0	0	0	0	0	0	0	0	0	0	0	0	0	0	0	0	0	7	0	0	0	0	0	0	0	0	0	0	0	0	0	0	0	0	0	0	0	0	0	0	0	0	0	0	0	0	0	0	13	0	0	0	0	0	0	0	0	0	0	0	0	0	0	0	0	0	0	0	0	0	0	0	0	0	0	0	0	0	0	0	0	0	0	0	0	0	0	0	0	0	0	0	0	0	0	0	0	0	0	0	0	0	0	0	0	0	0	0	0	0	0	0	0	0	0	0	0	0	0	0	0	0	0	0	0	0	0	0	0	0	0	0	0	0	0	0	0	0	0	0	0	0	0	0	0	0	0	0	0	0	0	0	0	0	0	0	0	0	0	0	0	0	0	0	0	0	0	0	0	0	0	0	0	0	0	0	0	0	0	0	0	0	0	0	0	0	0	0	0	0	0	0	0	0	0	0	0	0	0	0	0	0	0	0	0	0	0	0	0	0	0	0	0	0	0	0	0	0	0	0	0	0	0	0	0	0	0	0	0	0	0	0	0	0	0	0	0	0	0	0	0	0	0	0	0	0	0	0	0	0	0	0	0	0	0	0	0	0	0	0	0	0	0	0	0	0	0	0	0	0	0	0	0	0	0	0	0	0	0	0	0	0	0	0	0	0	0	0	0	0	0	0	0	0	0	0	0	0	0	0	0	0	0	0	0	0	0	0	0	0	0	0	0	0	0	0	0	0	0	0	0	0	0	0	0	0	0	0	0	0	0	0	0	0	0	0	0	0	0	0	0	0	0	0	0	0	0	0	0	0	0	0	0	0	0
d__Bacteria___p__Bacteroidota___c__Bacteroidia___o__Flavobacteriales	0	0	0	0	0	0	0	0	0	0	0	0	0	0	13	0	0	0	0	0	0	0	0	0	0	0	0	0	0	0	0	0	0	0	0	0	0	0	123	31	0	17	0	0	0	0	0	0	0	0	0	0	0	0	0	0	0	0	0	0	0	0	0	0	0	0	0	0	0	0	0	13	0	0	0	0	0	0	0	0	0	0	0	0	0	0	0	9	0	0	0	0	0	0	0	0	0	0	0	0	0	0	0	0	0	0	0	0	0	0	0	0	0	0	0	0	0	0	0	0	0	0	0	0	0	0	0	0	0	0	0	0	0	0	0	0	0	0	0	0	0	0	0	0	0	0	0	0	0	0	0	0	0	0	0	0	0	0	0	0	0	0	0	0	0	0	0	0	0	0	0	0	0	0	0	0	0	0	0	0	0	0	0	0	0	0	0	0	0	0	0	0	0	0	0	0	0	0	0	38	0	0	0	0	0	0	0	0	0	0	0	0	0	0	0	0	0	0	0	0	0	0	0	0	0	0	0	0	0	0	20	0	0	0	0	0	0	0	0	12	0	0	0	0	0	0	0	0	0	0	0	0	0	0	29	0	0	0	0	0	0	0	0	0	12	0	0	0	0	0	0	0	12	15	0	0	0	0	0	0	41	0	0	0	0	0	0	0	0	0	0	0	4	0	0	0	0	0	0	0	0	0	0	0	4	0	0	0	0	0	6	0	0	0	8	0	0	4	0	19	0	0	0	0	9	0	0	0	0	0	0	0	0	0	0	0	0	0	0	0	0	0	0	0	14	0	0	0	0	0	0	0	0	0	0	0	0	0	0	0	0	0	0	5	0	0	0	0	10	0	0	0	0	0	0	0	0	0	0	0	0	24	0	31	0	0	16	0	0	0	0	0	0	20	0	0	0	0	0	0	5	0	0	0	0	0	0	0	0	0	0	0	0	0	0	0	0	0	0	0	0	0	0	0	0	0	0	0	0	0	0	0	0	0	0	0	0	0	0	0	0	0	0	0	0	0	0	0	0	0	0	0	0	0	0	0	0	0	0	0	0	0	0	0	0	0	0	0	0	0	0	0	0	0	0	0	0	7	0	0	0	2	0	0	0	0	0	0	0	0	0	0	0	0	0	0	0	4	0	0	0	0	0	0	0	0	0	0	0	0	0	0	0	0	0	0	0	0	0	0	0	0	0	0	0
d__Bacteria___p__Bacteroidota___c__Bacteroidia___o__Flavobacteriales___f__Flavobacteriaceae	0	0	0	0	0	0	0	0	0	0	0	0	0	0	0	0	0	0	0	0	0	0	0	0	0	0	0	0	0	0	0	0	0	0	0	0	0	0	123	31	0	17	0	0	0	0	0	0	0	0	0	0	0	0	0	0	0	0	0	0	0	0	0	0	0	0	0	0	0	0	0	13	0	0	0	0	0	0	0	0	0	0	0	0	0	0	0	0	0	0	0	0	0	0	0	0	0	0	0	0	0	0	0	0	0	0	0	0	0	0	0	0	0	0	0	0	0	0	0	0	0	0	0	0	0	0	0	0	0	0	0	0	0	0	0	0	0	0	0	0	0	0	0	0	0	0	0	0	0	0	0	0	0	0	0	0	0	0	0	0	0	0	0	0	0	0	0	0	0	0	0	0	0	0	0	0	0	0	0	0	0	0	0	0	0	0	0	0	0	0	0	0	0	0	0	0	0	0	0	0	0	0	0	0	0	0	0	0	0	0	0	0	0	0	0	0	0	0	0	0	0	0	0	0	0	0	0	0	0	0	0	0	0	0	0	0	0	0	0	12	0	0	0	0	0	0	0	0	0	0	0	0	0	0	29	0	0	0	0	0	0	0	0	0	12	0	0	0	0	0	0	0	0	15	0	0	0	0	0	0	41	0	0	0	0	0	0	0	0	0	0	0	4	0	0	0	0	0	0	0	0	0	0	0	0	0	0	0	0	0	6	0	0	0	0	0	0	4	0	19	0	0	0	0	0	0	0	0	0	0	0	0	0	0	0	0	0	0	0	0	0	0	0	0	14	0	0	0	0	0	0	0	0	0	0	0	0	0	0	0	0	0	0	0	0	0	0	0	10	0	0	0	0	0	0	0	0	0	0	0	0	24	0	0	0	0	0	0	0	0	0	0	0	20	0	0	0	0	0	0	0	0	0	0	0	0	0	0	0	0	0	0	0	0	0	0	0	0	0	0	0	0	0	0	0	0	0	0	0	0	0	0	0	0	0	0	0	0	0	0	0	0	0	0	0	0	0	0	0	0	0	0	0	0	0	0	0	0	0	0	0	0	0	0	0	0	0	0	0	0	0	0	0	0	0	0	0	0	0	0	0	0	0	0	0	0	0	0	0	0	0	0	0	0	0	0	0	0	0	0	0	0	0	0	0	0	0	0	0	0	0	0	0	0	0	0	0	0	0	0	0	0	0	0	0
d__Bacteria___p__Campilobacterota	0	0	0	0	0	0	0	0	0	0	0	0	0	0	0	0	0	0	0	0	0	0	0	0	0	0	21	329	0	10	0	0	0	0	0	0	0	121	0	0	136	0	29	35	0	0	11	0	0	0	0	0	0	0	0	0	0	0	0	0	0	0	0	0	0	0	0	0	0	0	0	0	0	0	0	0	0	0	0	0	0	0	0	0	0	0	0	0	0	0	0	0	0	0	0	0	0	0	0	0	0	0	0	0	0	0	0	0	0	0	0	0	0	0	0	0	0	0	0	0	0	0	0	0	0	0	0	0	0	0	0	0	0	0	0	0	0	0	0	0	0	0	0	0	0	0	0	0	0	0	0	0	0	0	0	0	0	0	0	0	0	0	0	0	0	0	0	0	0	0	0	0	0	0	0	0	0	0	0	0	0	0	0	0	0	0	0	0	0	0	0	0	0	0	0	0	0	0	0	0	0	0	0	0	0	0	0	18	0	0	0	0	0	0	0	0	0	0	0	0	0	0	0	0	0	0	0	0	0	0	0	0	0	0	0	0	0	0	0	0	0	0	0	0	0	0	0	0	0	0	0	0	0	0	0	0	0	0	0	0	0	0	0	0	0	0	0	0	0	0	0	0	0	0	0	0	0	0	0	0	0	0	0	0	0	0	0	98	0	0	0	0	0	0	0	0	0	0	0	0	0	0	0	0	0	0	0	0	0	0	0	0	0	0	0	0	0	0	0	0	0	0	0	0	0	0	0	0	0	0	0	8	64	0	0	0	0	0	0	0	0	0	0	0	0	0	0	0	0	0	0	0	0	0	0	0	0	0	0	0	69	0	0	0	0	0	0	0	0	0	0	0	0	0	0	0	0	0	0	0	0	0	0	0	0	0	0	0	0	0	13	0	0	0	0	0	0	0	0	0	0	0	0	0	0	0	0	0	0	0	0	0	0	0	0	0	0	0	0	0	0	0	0	0	0	0	0	0	0	146	0	0	0	0	105	0	0	0	0	0	0	0	0	0	0	0	0	0	0	0	0	0	0	0	0	0	0	0	0	0	0	0	0	0	0	0	0	0	0	0	0	0	0	0	0	0	0	0	0	0	0	0	0	0	0	0	0	0	0	0	0	0	0	0	0	0	0	0	0	0	0	0	0	0	0	0	0	0	0	0	0	0	0	0	0	0	0	0	0	0	0	0	0	0	0
d__Bacteria___p__Campilobacterota___c__Campylobacteria	0	0	0	0	0	0	0	0	0	0	0	0	0	0	0	0	0	0	0	0	0	0	0	0	0	0	21	329	0	10	0	0	0	0	0	0	0	121	0	0	136	0	29	35	0	0	11	0	0	0	0	0	0	0	0	0	0	0	0	0	0	0	0	0	0	0	0	0	0	0	0	0	0	0	0	0	0	0	0	0	0	0	0	0	0	0	0	0	0	0	0	0	0	0	0	0	0	0	0	0	0	0	0	0	0	0	0	0	0	0	0	0	0	0	0	0	0	0	0	0	0	0	0	0	0	0	0	0	0	0	0	0	0	0	0	0	0	0	0	0	0	0	0	0	0	0	0	0	0	0	0	0	0	0	0	0	0	0	0	0	0	0	0	0	0	0	0	0	0	0	0	0	0	0	0	0	0	0	0	0	0	0	0	0	0	0	0	0	0	0	0	0	0	0	0	0	0	0	0	0	0	0	0	0	0	0	0	18	0	0	0	0	0	0	0	0	0	0	0	0	0	0	0	0	0	0	0	0	0	0	0	0	0	0	0	0	0	0	0	0	0	0	0	0	0	0	0	0	0	0	0	0	0	0	0	0	0	0	0	0	0	0	0	0	0	0	0	0	0	0	0	0	0	0	0	0	0	0	0	0	0	0	0	0	0	0	0	98	0	0	0	0	0	0	0	0	0	0	0	0	0	0	0	0	0	0	0	0	0	0	0	0	0	0	0	0	0	0	0	0	0	0	0	0	0	0	0	0	0	0	0	8	64	0	0	0	0	0	0	0	0	0	0	0	0	0	0	0	0	0	0	0	0	0	0	0	0	0	0	0	69	0	0	0	0	0	0	0	0	0	0	0	0	0	0	0	0	0	0	0	0	0	0	0	0	0	0	0	0	0	13	0	0	0	0	0	0	0	0	0	0	0	0	0	0	0	0	0	0	0	0	0	0	0	0	0	0	0	0	0	0	0	0	0	0	0	0	0	0	146	0	0	0	0	105	0	0	0	0	0	0	0	0	0	0	0	0	0	0	0	0	0	0	0	0	0	0	0	0	0	0	0	0	0	0	0	0	0	0	0	0	0	0	0	0	0	0	0	0	0	0	0	0	0	0	0	0	0	0	0	0	0	0	0	0	0	0	0	0	0	0	0	0	0	0	0	0	0	0	0	0	0	0	0	0	0	0	0	0	0	0	0	0	0	0
d__Bacteria___p__Campilobacterota___c__Campylobacteria___o__Campylobacterales	0	0	0	0	0	0	0	0	0	0	0	0	0	0	0	0	0	0	0	0	0	0	0	0	0	0	21	329	0	10	0	0	0	0	0	0	0	121	0	0	136	0	29	35	0	0	11	0	0	0	0	0	0	0	0	0	0	0	0	0	0	0	0	0	0	0	0	0	0	0	0	0	0	0	0	0	0	0	0	0	0	0	0	0	0	0	0	0	0	0	0	0	0	0	0	0	0	0	0	0	0	0	0	0	0	0	0	0	0	0	0	0	0	0	0	0	0	0	0	0	0	0	0	0	0	0	0	0	0	0	0	0	0	0	0	0	0	0	0	0	0	0	0	0	0	0	0	0	0	0	0	0	0	0	0	0	0	0	0	0	0	0	0	0	0	0	0	0	0	0	0	0	0	0	0	0	0	0	0	0	0	0	0	0	0	0	0	0	0	0	0	0	0	0	0	0	0	0	0	0	0	0	0	0	0	0	0	18	0	0	0	0	0	0	0	0	0	0	0	0	0	0	0	0	0	0	0	0	0	0	0	0	0	0	0	0	0	0	0	0	0	0	0	0	0	0	0	0	0	0	0	0	0	0	0	0	0	0	0	0	0	0	0	0	0	0	0	0	0	0	0	0	0	0	0	0	0	0	0	0	0	0	0	0	0	0	0	98	0	0	0	0	0	0	0	0	0	0	0	0	0	0	0	0	0	0	0	0	0	0	0	0	0	0	0	0	0	0	0	0	0	0	0	0	0	0	0	0	0	0	0	8	64	0	0	0	0	0	0	0	0	0	0	0	0	0	0	0	0	0	0	0	0	0	0	0	0	0	0	0	69	0	0	0	0	0	0	0	0	0	0	0	0	0	0	0	0	0	0	0	0	0	0	0	0	0	0	0	0	0	13	0	0	0	0	0	0	0	0	0	0	0	0	0	0	0	0	0	0	0	0	0	0	0	0	0	0	0	0	0	0	0	0	0	0	0	0	0	0	146	0	0	0	0	105	0	0	0	0	0	0	0	0	0	0	0	0	0	0	0	0	0	0	0	0	0	0	0	0	0	0	0	0	0	0	0	0	0	0	0	0	0	0	0	0	0	0	0	0	0	0	0	0	0	0	0	0	0	0	0	0	0	0	0	0	0	0	0	0	0	0	0	0	0	0	0	0	0	0	0	0	0	0	0	0	0	0	0	0	0	0	0	0	0	0
d__Bacteria___p__Campilobacterota___c__Campylobacteria___o__Campylobacterales___f__Campylobacteraceae	0	0	0	0	0	0	0	0	0	0	0	0	0	0	0	0	0	0	0	0	0	0	0	0	0	0	0	0	0	10	0	0	0	0	0	0	0	0	0	0	0	0	29	0	0	0	11	0	0	0	0	0	0	0	0	0	0	0	0	0	0	0	0	0	0	0	0	0	0	0	0	0	0	0	0	0	0	0	0	0	0	0	0	0	0	0	0	0	0	0	0	0	0	0	0	0	0	0	0	0	0	0	0	0	0	0	0	0	0	0	0	0	0	0	0	0	0	0	0	0	0	0	0	0	0	0	0	0	0	0	0	0	0	0	0	0	0	0	0	0	0	0	0	0	0	0	0	0	0	0	0	0	0	0	0	0	0	0	0	0	0	0	0	0	0	0	0	0	0	0	0	0	0	0	0	0	0	0	0	0	0	0	0	0	0	0	0	0	0	0	0	0	0	0	0	0	0	0	0	0	0	0	0	0	0	0	0	18	0	0	0	0	0	0	0	0	0	0	0	0	0	0	0	0	0	0	0	0	0	0	0	0	0	0	0	0	0	0	0	0	0	0	0	0	0	0	0	0	0	0	0	0	0	0	0	0	0	0	0	0	0	0	0	0	0	0	0	0	0	0	0	0	0	0	0	0	0	0	0	0	0	0	0	0	0	0	0	0	0	0	0	0	0	0	0	0	0	0	0	0	0	0	0	0	0	0	0	0	0	0	0	0	0	0	0	0	0	0	0	0	0	0	0	0	0	0	0	0	0	0	0	0	0	0	0	0	0	0	0	0	0	0	0	0	0	0	0	0	0	0	0	0	0	0	0	0	0	0	0	0	0	0	0	0	0	0	0	0	0	0	0	0	0	0	0	0	0	0	0	0	0	0	0	0	0	0	0	0	0	0	0	0	0	0	0	0	0	0	0	0	0	0	0	0	0	0	0	0	0	0	0	0	0	0	0	0	0	0	0	0	0	0	0	0	0	0	0	0	0	0	0	0	0	0	0	0	0	0	0	0	0	0	0	0	0	0	0	0	0	0	0	0	0	0	0	0	0	0	0	0	0	0	0	0	0	0	0	0	0	0	0	0	0	0	0	0	0	0	0	0	0	0	0	0	0	0	0	0	0	0	0	0	0	0	0	0	0	0	0	0	0	0	0	0	0	0	0	0	0	0	0	0	0	0	0	0	0	0	0	0	0	0	0	0	0
d__Bacteria___p__Campilobacterota___c__Campylobacteria___o__Campylobacterales___f__Campylobacteraceae___g__Campylobacter	0	0	0	0	0	0	0	0	0	0	0	0	0	0	0	0	0	0	0	0	0	0	0	0	0	0	0	0	0	10	0	0	0	0	0	0	0	0	0	0	0	0	29	0	0	0	11	0	0	0	0	0	0	0	0	0	0	0	0	0	0	0	0	0	0	0	0	0	0	0	0	0	0	0	0	0	0	0	0	0	0	0	0	0	0	0	0	0	0	0	0	0	0	0	0	0	0	0	0	0	0	0	0	0	0	0	0	0	0	0	0	0	0	0	0	0	0	0	0	0	0	0	0	0	0	0	0	0	0	0	0	0	0	0	0	0	0	0	0	0	0	0	0	0	0	0	0	0	0	0	0	0	0	0	0	0	0	0	0	0	0	0	0	0	0	0	0	0	0	0	0	0	0	0	0	0	0	0	0	0	0	0	0	0	0	0	0	0	0	0	0	0	0	0	0	0	0	0	0	0	0	0	0	0	0	0	0	18	0	0	0	0	0	0	0	0	0	0	0	0	0	0	0	0	0	0	0	0	0	0	0	0	0	0	0	0	0	0	0	0	0	0	0	0	0	0	0	0	0	0	0	0	0	0	0	0	0	0	0	0	0	0	0	0	0	0	0	0	0	0	0	0	0	0	0	0	0	0	0	0	0	0	0	0	0	0	0	0	0	0	0	0	0	0	0	0	0	0	0	0	0	0	0	0	0	0	0	0	0	0	0	0	0	0	0	0	0	0	0	0	0	0	0	0	0	0	0	0	0	0	0	0	0	0	0	0	0	0	0	0	0	0	0	0	0	0	0	0	0	0	0	0	0	0	0	0	0	0	0	0	0	0	0	0	0	0	0	0	0	0	0	0	0	0	0	0	0	0	0	0	0	0	0	0	0	0	0	0	0	0	0	0	0	0	0	0	0	0	0	0	0	0	0	0	0	0	0	0	0	0	0	0	0	0	0	0	0	0	0	0	0	0	0	0	0	0	0	0	0	0	0	0	0	0	0	0	0	0	0	0	0	0	0	0	0	0	0	0	0	0	0	0	0	0	0	0	0	0	0	0	0	0	0	0	0	0	0	0	0	0	0	0	0	0	0	0	0	0	0	0	0	0	0	0	0	0	0	0	0	0	0	0	0	0	0	0	0	0	0	0	0	0	0	0	0	0	0	0	0	0	0	0	0	0	0	0	0	0	0	0	0	0	0	0	0
d__Bacteria___p__Campilobacterota___c__Campylobacteria___o__Campylobacterales___f__Helicobacteraceae	0	0	0	0	0	0	0	0	0	0	0	0	0	0	0	0	0	0	0	0	0	0	0	0	0	0	21	329	0	0	0	0	0	0	0	0	0	121	0	0	136	0	0	35	0	0	0	0	0	0	0	0	0	0	0	0	0	0	0	0	0	0	0	0	0	0	0	0	0	0	0	0	0	0	0	0	0	0	0	0	0	0	0	0	0	0	0	0	0	0	0	0	0	0	0	0	0	0	0	0	0	0	0	0	0	0	0	0	0	0	0	0	0	0	0	0	0	0	0	0	0	0	0	0	0	0	0	0	0	0	0	0	0	0	0	0	0	0	0	0	0	0	0	0	0	0	0	0	0	0	0	0	0	0	0	0	0	0	0	0	0	0	0	0	0	0	0	0	0	0	0	0	0	0	0	0	0	0	0	0	0	0	0	0	0	0	0	0	0	0	0	0	0	0	0	0	0	0	0	0	0	0	0	0	0	0	0	0	0	0	0	0	0	0	0	0	0	0	0	0	0	0	0	0	0	0	0	0	0	0	0	0	0	0	0	0	0	0	0	0	0	0	0	0	0	0	0	0	0	0	0	0	0	0	0	0	0	0	0	0	0	0	0	0	0	0	0	0	0	0	0	0	0	0	0	0	0	0	0	0	0	0	0	0	0	0	0	98	0	0	0	0	0	0	0	0	0	0	0	0	0	0	0	0	0	0	0	0	0	0	0	0	0	0	0	0	0	0	0	0	0	0	0	0	0	0	0	0	0	0	0	8	64	0	0	0	0	0	0	0	0	0	0	0	0	0	0	0	0	0	0	0	0	0	0	0	0	0	0	0	69	0	0	0	0	0	0	0	0	0	0	0	0	0	0	0	0	0	0	0	0	0	0	0	0	0	0	0	0	0	13	0	0	0	0	0	0	0	0	0	0	0	0	0	0	0	0	0	0	0	0	0	0	0	0	0	0	0	0	0	0	0	0	0	0	0	0	0	0	146	0	0	0	0	105	0	0	0	0	0	0	0	0	0	0	0	0	0	0	0	0	0	0	0	0	0	0	0	0	0	0	0	0	0	0	0	0	0	0	0	0	0	0	0	0	0	0	0	0	0	0	0	0	0	0	0	0	0	0	0	0	0	0	0	0	0	0	0	0	0	0	0	0	0	0	0	0	0	0	0	0	0	0	0	0	0	0	0	0	0	0	0	0	0	0
d__Bacteria___p__Campilobacterota___c__Campylobacteria___o__Campylobacterales___f__Helicobacteraceae___g__Helicobacter	0	0	0	0	0	0	0	0	0	0	0	0	0	0	0	0	0	0	0	0	0	0	0	0	0	0	21	329	0	0	0	0	0	0	0	0	0	121	0	0	136	0	0	35	0	0	0	0	0	0	0	0	0	0	0	0	0	0	0	0	0	0	0	0	0	0	0	0	0	0	0	0	0	0	0	0	0	0	0	0	0	0	0	0	0	0	0	0	0	0	0	0	0	0	0	0	0	0	0	0	0	0	0	0	0	0	0	0	0	0	0	0	0	0	0	0	0	0	0	0	0	0	0	0	0	0	0	0	0	0	0	0	0	0	0	0	0	0	0	0	0	0	0	0	0	0	0	0	0	0	0	0	0	0	0	0	0	0	0	0	0	0	0	0	0	0	0	0	0	0	0	0	0	0	0	0	0	0	0	0	0	0	0	0	0	0	0	0	0	0	0	0	0	0	0	0	0	0	0	0	0	0	0	0	0	0	0	0	0	0	0	0	0	0	0	0	0	0	0	0	0	0	0	0	0	0	0	0	0	0	0	0	0	0	0	0	0	0	0	0	0	0	0	0	0	0	0	0	0	0	0	0	0	0	0	0	0	0	0	0	0	0	0	0	0	0	0	0	0	0	0	0	0	0	0	0	0	0	0	0	0	0	0	0	0	0	0	98	0	0	0	0	0	0	0	0	0	0	0	0	0	0	0	0	0	0	0	0	0	0	0	0	0	0	0	0	0	0	0	0	0	0	0	0	0	0	0	0	0	0	0	8	64	0	0	0	0	0	0	0	0	0	0	0	0	0	0	0	0	0	0	0	0	0	0	0	0	0	0	0	69	0	0	0	0	0	0	0	0	0	0	0	0	0	0	0	0	0	0	0	0	0	0	0	0	0	0	0	0	0	13	0	0	0	0	0	0	0	0	0	0	0	0	0	0	0	0	0	0	0	0	0	0	0	0	0	0	0	0	0	0	0	0	0	0	0	0	0	0	146	0	0	0	0	105	0	0	0	0	0	0	0	0	0	0	0	0	0	0	0	0	0	0	0	0	0	0	0	0	0	0	0	0	0	0	0	0	0	0	0	0	0	0	0	0	0	0	0	0	0	0	0	0	0	0	0	0	0	0	0	0	0	0	0	0	0	0	0	0	0	0	0	0	0	0	0	0	0	0	0	0	0	0	0	0	0	0	0	0	0	0	0	0	0	0
d__Bacteria___p__Cyanobacteria	0	0	0	0	60	13	63	0	0	0	0	0	0	0	26	14	0	0	0	361	0	0	71	0	0	0	0	0	378	897	47	0	0	1228	39	9	0	0	190	955	24	100	9	13	12	52	0	0	20	0	0	0	68	0	0	0	0	0	0	35	0	14	0	19	32	0	0	0	100	0	0	0	0	0	14	11	73	0	187	32	0	16	0	0	0	0	47	11	74	29	30	0	43	112	0	0	0	0	0	0	0	24	0	0	0	31	0	0	0	0	0	0	0	0	0	0	0	0	49	0	0	0	0	0	0	0	0	0	4	0	0	0	0	0	0	0	0	0	0	40	0	0	0	0	0	0	0	0	0	0	0	0	0	0	0	0	44	0	199	0	0	0	0	0	0	0	0	0	0	0	0	0	0	0	0	0	0	0	0	0	24	0	0	13	0	0	0	11	15	0	10	0	76	0	17	28	44	0	0	0	0	0	0	0	0	0	0	0	0	0	0	0	0	0	0	14	10	0	33	103	0	0	0	0	0	0	0	0	0	0	0	0	0	0	0	0	0	0	0	0	0	18	0	0	0	0	22	0	0	0	0	0	0	167	26	0	175	0	185	0	0	0	22	0	0	0	0	0	0	0	0	0	17	0	0	11	14	7	0	37	51	0	0	0	0	0	0	0	3	0	0	614	106	457	0	91	0	122	31	104	0	0	0	0	0	11	0	0	0	0	0	0	104	0	0	0	20	0	0	11	0	0	17	10	0	1316	0	84	0	2	0	0	0	0	0	275	97	0	73	0	0	98	0	0	0	0	183	0	19	9	0	60	0	0	106	0	0	0	0	0	0	0	199	0	0	0	74	32	0	0	0	0	0	0	114	0	76	0	84	0	0	8	0	0	51	0	13	17	0	0	0	14	171	26	0	0	113	0	227	19	0	6	32	0	16	3	0	37	0	0	0	0	0	9	516	0	0	0	0	37	0	0	0	0	22	0	0	0	0	0	0	12	0	0	32	0	0	0	10	0	0	0	0	0	0	0	0	0	0	0	0	0	0	0	0	0	0	0	0	18	0	0	0	0	0	13	9	0	0	0	0	8	0	15	0	0	0	29	0	7	0	91	0	0	0	0	0	0	0	0	0	0	11	0	0	0	0	0	0	0	0	0	0	0	16	0	0	0	0	28	0	0	7	0	0	0	0	0	112	358	16	0	18	0	0
d__Bacteria___p__Cyanobacteria___c__Cyanobacteriia	0	0	0	0	0	0	0	0	0	0	0	0	0	0	0	0	0	0	0	0	0	0	0	0	0	0	0	0	0	0	0	0	0	0	0	0	0	0	0	0	0	0	0	0	0	0	0	0	0	0	0	0	0	0	0	0	0	0	0	0	0	0	0	0	0	0	0	0	0	0	0	0	0	0	0	0	0	0	0	0	0	0	0	0	0	0	0	0	0	0	0	0	0	0	0	0	0	0	0	0	0	0	0	0	0	0	0	0	0	0	0	0	0	0	0	0	0	0	0	0	0	0	0	0	0	0	0	0	0	0	0	0	0	0	0	0	0	0	0	0	0	0	0	0	0	0	0	0	0	0	0	0	0	0	0	0	0	0	0	0	0	0	0	0	0	0	0	0	0	0	0	0	0	0	0	0	0	0	0	0	0	0	0	0	0	0	0	0	0	0	0	0	0	0	0	0	0	0	0	0	0	0	0	0	0	0	0	0	0	0	0	0	0	0	0	0	0	0	0	0	0	0	0	0	0	0	0	0	0	0	0	0	0	0	0	0	0	0	0	0	0	0	0	0	0	0	0	0	0	0	0	0	0	0	0	0	0	0	0	0	0	0	0	0	0	0	0	0	0	0	0	0	0	0	0	0	0	0	0	0	0	0	0	0	0	0	0	0	3	0	0	0	2	0	0	0	0	0	0	0	0	0	0	0	0	0	0	0	0	0	0	0	0	0	0	0	0	0	0	0	0	0	0	0	0	0	0	0	0	2	0	0	0	0	0	0	0	0	0	0	0	0	0	0	0	0	0	0	0	0	0	0	0	0	0	0	0	0	0	0	0	0	0	0	0	0	0	0	0	0	0	0	0	0	0	0	0	0	0	0	0	0	0	0	0	0	0	0	0	0	0	0	0	0	0	0	0	0	0	0	0	0	0	0	0	0	0	0	0	0	0	0	0	0	0	0	0	0	0	0	0	0	0	0	0	0	0	0	0	0	0	0	0	0	0	0	0	0	0	0	0	0	0	0	0	0	0	0	0	0	0	0	0	0	0	0	0	0	0	0	0	0	0	0	0	0	0	0	0	0	0	0	0	0	0	0	0	0	0	0	0	0	0	0	0	0	0	0	0	0	0	0	0	0	0	0	0	0	0	0	0	0	0	0	0	0	0	0	0	0	0	0	7	0	0	0	0	0	0	0	0	0	0	0	0
d__Bacteria___p__Cyanobacteria___c__Cyanobacteriia___o__Chloroplast	0	0	0	0	0	0	0	0	0	0	0	0	0	0	0	0	0	0	0	0	0	0	0	0	0	0	0	0	0	0	0	0	0	0	0	0	0	0	0	0	0	0	0	0	0	0	0	0	0	0	0	0	0	0	0	0	0	0	0	0	0	0	0	0	0	0	0	0	0	0	0	0	0	0	0	0	0	0	0	0	0	0	0	0	0	0	0	0	0	0	0	0	0	0	0	0	0	0	0	0	0	0	0	0	0	0	0	0	0	0	0	0	0	0	0	0	0	0	0	0	0	0	0	0	0	0	0	0	0	0	0	0	0	0	0	0	0	0	0	0	0	0	0	0	0	0	0	0	0	0	0	0	0	0	0	0	0	0	0	0	0	0	0	0	0	0	0	0	0	0	0	0	0	0	0	0	0	0	0	0	0	0	0	0	0	0	0	0	0	0	0	0	0	0	0	0	0	0	0	0	0	0	0	0	0	0	0	0	0	0	0	0	0	0	0	0	0	0	0	0	0	0	0	0	0	0	0	0	0	0	0	0	0	0	0	0	0	0	0	0	0	0	0	0	0	0	0	0	0	0	0	0	0	0	0	0	0	0	0	0	0	0	0	0	0	0	0	0	0	0	0	0	0	0	0	0	0	0	0	0	0	0	0	0	0	0	0	0	3	0	0	0	2	0	0	0	0	0	0	0	0	0	0	0	0	0	0	0	0	0	0	0	0	0	0	0	0	0	0	0	0	0	0	0	0	0	0	0	0	2	0	0	0	0	0	0	0	0	0	0	0	0	0	0	0	0	0	0	0	0	0	0	0	0	0	0	0	0	0	0	0	0	0	0	0	0	0	0	0	0	0	0	0	0	0	0	0	0	0	0	0	0	0	0	0	0	0	0	0	0	0	0	0	0	0	0	0	0	0	0	0	0	0	0	0	0	0	0	0	0	0	0	0	0	0	0	0	0	0	0	0	0	0	0	0	0	0	0	0	0	0	0	0	0	0	0	0	0	0	0	0	0	0	0	0	0	0	0	0	0	0	0	0	0	0	0	0	0	0	0	0	0	0	0	0	0	0	0	0	0	0	0	0	0	0	0	0	0	0	0	0	0	0	0	0	0	0	0	0	0	0	0	0	0	0	0	0	0	0	0	0	0	0	0	0	0	0	0	0	0	0	0	7	0	0	0	0	0	0	0	0	0	0	0	0
d__Bacteria___p__Cyanobacteria___c__Vampirivibrionia	0	0	0	0	60	13	63	0	0	0	0	0	0	0	26	14	0	0	0	361	0	0	71	0	0	0	0	0	378	897	47	0	0	1228	39	9	0	0	190	955	24	100	9	13	12	52	0	0	20	0	0	0	68	0	0	0	0	0	0	35	0	14	0	19	32	0	0	0	100	0	0	0	0	0	14	11	73	0	187	32	0	16	0	0	0	0	47	11	74	29	30	0	43	112	0	0	0	0	0	0	0	24	0	0	0	31	0	0	0	0	0	0	0	0	0	0	0	0	49	0	0	0	0	0	0	0	0	0	4	0	0	0	0	0	0	0	0	0	0	40	0	0	0	0	0	0	0	0	0	0	0	0	0	0	0	0	44	0	199	0	0	0	0	0	0	0	0	0	0	0	0	0	0	0	0	0	0	0	0	0	24	0	0	13	0	0	0	11	15	0	10	0	76	0	17	28	44	0	0	0	0	0	0	0	0	0	0	0	0	0	0	0	0	0	0	14	10	0	33	103	0	0	0	0	0	0	0	0	0	0	0	0	0	0	0	0	0	0	0	0	0	18	0	0	0	0	22	0	0	0	0	0	0	167	26	0	175	0	185	0	0	0	22	0	0	0	0	0	0	0	0	0	17	0	0	11	14	7	0	37	51	0	0	0	0	0	0	0	0	0	0	614	104	457	0	91	0	122	31	104	0	0	0	0	0	11	0	0	0	0	0	0	104	0	0	0	20	0	0	11	0	0	17	10	0	1316	0	84	0	0	0	0	0	0	0	275	97	0	73	0	0	98	0	0	0	0	183	0	19	9	0	60	0	0	106	0	0	0	0	0	0	0	199	0	0	0	74	32	0	0	0	0	0	0	114	0	76	0	84	0	0	8	0	0	51	0	13	17	0	0	0	14	171	26	0	0	113	0	227	19	0	6	32	0	16	3	0	37	0	0	0	0	0	9	516	0	0	0	0	37	0	0	0	0	22	0	0	0	0	0	0	12	0	0	32	0	0	0	10	0	0	0	0	0	0	0	0	0	0	0	0	0	0	0	0	0	0	0	0	18	0	0	0	0	0	13	9	0	0	0	0	8	0	15	0	0	0	29	0	7	0	91	0	0	0	0	0	0	0	0	0	0	11	0	0	0	0	0	0	0	0	0	0	0	16	0	0	0	0	28	0	0	0	0	0	0	0	0	112	358	16	0	18	0	0
d__Bacteria___p__Cyanobacteria___c__Vampirivibrionia___o__Gastranaerophilales	0	0	0	0	60	13	63	0	0	0	0	0	0	0	26	14	0	0	0	361	0	0	71	0	0	0	0	0	378	897	47	0	0	1228	39	9	0	0	190	955	24	100	9	13	12	52	0	0	20	0	0	0	68	0	0	0	0	0	0	35	0	14	0	19	0	0	0	0	100	0	0	0	0	0	14	11	73	0	187	0	0	16	0	0	0	0	47	11	74	29	30	0	43	112	0	0	0	0	0	0	0	24	0	0	0	31	0	0	0	0	0	0	0	0	0	0	0	0	49	0	0	0	0	0	0	0	0	0	0	0	0	0	0	0	0	0	0	0	0	40	0	0	0	0	0	0	0	0	0	0	0	0	0	0	0	0	44	0	199	0	0	0	0	0	0	0	0	0	0	0	0	0	0	0	0	0	0	0	0	0	24	0	0	13	0	0	0	0	15	0	10	0	76	0	17	28	44	0	0	0	0	0	0	0	0	0	0	0	0	0	0	0	0	0	0	14	10	0	0	103	0	0	0	0	0	0	0	0	0	0	0	0	0	0	0	0	0	0	0	0	0	18	0	0	0	0	22	0	0	0	0	0	0	167	26	0	175	0	185	0	0	0	22	0	0	0	0	0	0	0	0	0	17	0	0	0	0	7	0	37	51	0	0	0	0	0	0	0	0	0	0	614	104	457	0	91	0	122	31	104	0	0	0	0	0	11	0	0	0	0	0	0	104	0	0	0	20	0	0	11	0	0	17	10	0	1316	0	84	0	0	0	0	0	0	0	275	97	0	73	0	0	98	0	0	0	0	183	0	19	9	0	60	0	0	106	0	0	0	0	0	0	0	199	0	0	0	74	32	0	0	0	0	0	0	114	0	76	0	84	0	0	8	0	0	51	0	13	17	0	0	0	14	171	26	0	0	113	0	227	19	0	6	32	0	16	3	0	37	0	0	0	0	0	9	516	0	0	0	0	37	0	0	0	0	22	0	0	0	0	0	0	12	0	0	0	0	0	0	10	0	0	0	0	0	0	0	0	0	0	0	0	0	0	0	0	0	0	0	0	18	0	0	0	0	0	13	9	0	0	0	0	8	0	15	0	0	0	29	0	0	0	91	0	0	0	0	0	0	0	0	0	0	0	0	0	0	0	0	0	0	0	0	0	0	0	0	0	0	0	28	0	0	0	0	0	0	0	0	112	358	16	0	18	0	0
d__Bacteria___p__Cyanobacteria___c__Vampirivibrionia___o__Obscuribacterales	0	0	0	0	0	0	0	0	0	0	0	0	0	0	0	0	0	0	0	0	0	0	0	0	0	0	0	0	0	0	0	0	0	0	0	0	0	0	0	0	0	0	0	0	0	0	0	0	0	0	0	0	0	0	0	0	0	0	0	0	0	0	0	0	32	0	0	0	0	0	0	0	0	0	0	0	0	0	0	32	0	0	0	0	0	0	0	0	0	0	0	0	0	0	0	0	0	0	0	0	0	0	0	0	0	0	0	0	0	0	0	0	0	0	0	0	0	0	0	0	0	0	0	0	0	0	0	0	4	0	0	0	0	0	0	0	0	0	0	0	0	0	0	0	0	0	0	0	0	0	0	0	0	0	0	0	0	0	0	0	0	0	0	0	0	0	0	0	0	0	0	0	0	0	0	0	0	0	0	0	0	0	0	0	0	0	0	11	0	0	0	0	0	0	0	0	0	0	0	0	0	0	0	0	0	0	0	0	0	0	0	0	0	0	0	0	0	0	33	0	0	0	0	0	0	0	0	0	0	0	0	0	0	0	0	0	0	0	0	0	0	0	0	0	0	0	0	0	0	0	0	0	0	0	0	0	0	0	0	0	0	0	0	0	0	0	0	0	0	0	0	0	0	0	0	11	14	0	0	0	0	0	0	0	0	0	0	0	0	0	0	0	0	0	0	0	0	0	0	0	0	0	0	0	0	0	0	0	0	0	0	0	0	0	0	0	0	0	0	0	0	0	0	0	0	0	0	0	0	0	0	0	0	0	0	0	0	0	0	0	0	0	0	0	0	0	0	0	0	0	0	0	0	0	0	0	0	0	0	0	0	0	0	0	0	0	0	0	0	0	0	0	0	0	0	0	0	0	0	0	0	0	0	0	0	0	0	0	0	0	0	0	0	0	0	0	0	0	0	0	0	0	0	0	0	0	0	0	0	0	0	0	0	0	0	0	0	0	0	0	0	0	0	0	0	0	0	0	0	0	0	0	0	0	32	0	0	0	0	0	0	0	0	0	0	0	0	0	0	0	0	0	0	0	0	0	0	0	0	0	0	0	0	0	0	0	0	0	0	0	0	0	0	0	0	0	0	0	0	7	0	0	0	0	0	0	0	0	0	0	0	0	11	0	0	0	0	0	0	0	0	0	0	0	16	0	0	0	0	0	0	0	0	0	0	0	0	0	0	0	0	0	0	0	0
d__Bacteria___p__Cyanobacteria___c__Vampirivibrionia___o__Obscuribacterales___f__Obscuribacteraceae	0	0	0	0	0	0	0	0	0	0	0	0	0	0	0	0	0	0	0	0	0	0	0	0	0	0	0	0	0	0	0	0	0	0	0	0	0	0	0	0	0	0	0	0	0	0	0	0	0	0	0	0	0	0	0	0	0	0	0	0	0	0	0	0	32	0	0	0	0	0	0	0	0	0	0	0	0	0	0	32	0	0	0	0	0	0	0	0	0	0	0	0	0	0	0	0	0	0	0	0	0	0	0	0	0	0	0	0	0	0	0	0	0	0	0	0	0	0	0	0	0	0	0	0	0	0	0	0	4	0	0	0	0	0	0	0	0	0	0	0	0	0	0	0	0	0	0	0	0	0	0	0	0	0	0	0	0	0	0	0	0	0	0	0	0	0	0	0	0	0	0	0	0	0	0	0	0	0	0	0	0	0	0	0	0	0	0	11	0	0	0	0	0	0	0	0	0	0	0	0	0	0	0	0	0	0	0	0	0	0	0	0	0	0	0	0	0	0	33	0	0	0	0	0	0	0	0	0	0	0	0	0	0	0	0	0	0	0	0	0	0	0	0	0	0	0	0	0	0	0	0	0	0	0	0	0	0	0	0	0	0	0	0	0	0	0	0	0	0	0	0	0	0	0	0	11	14	0	0	0	0	0	0	0	0	0	0	0	0	0	0	0	0	0	0	0	0	0	0	0	0	0	0	0	0	0	0	0	0	0	0	0	0	0	0	0	0	0	0	0	0	0	0	0	0	0	0	0	0	0	0	0	0	0	0	0	0	0	0	0	0	0	0	0	0	0	0	0	0	0	0	0	0	0	0	0	0	0	0	0	0	0	0	0	0	0	0	0	0	0	0	0	0	0	0	0	0	0	0	0	0	0	0	0	0	0	0	0	0	0	0	0	0	0	0	0	0	0	0	0	0	0	0	0	0	0	0	0	0	0	0	0	0	0	0	0	0	0	0	0	0	0	0	0	0	0	0	0	0	0	0	0	0	0	32	0	0	0	0	0	0	0	0	0	0	0	0	0	0	0	0	0	0	0	0	0	0	0	0	0	0	0	0	0	0	0	0	0	0	0	0	0	0	0	0	0	0	0	0	7	0	0	0	0	0	0	0	0	0	0	0	0	11	0	0	0	0	0	0	0	0	0	0	0	16	0	0	0	0	0	0	0	0	0	0	0	0	0	0	0	0	0	0	0	0
d__Bacteria___p__Deinococcota	0	0	0	0	0	0	0	0	0	0	0	0	0	0	0	0	0	0	0	0	0	0	0	0	0	0	0	0	0	0	0	0	0	0	0	0	0	0	0	0	0	0	0	0	0	0	0	0	0	0	0	0	0	0	0	0	0	0	0	0	0	0	0	0	0	0	0	0	0	0	0	0	0	0	0	0	0	0	0	0	0	0	0	0	0	0	0	0	0	0	0	0	0	0	0	0	0	0	0	0	0	0	0	0	0	0	0	0	0	0	0	0	0	0	0	0	0	0	0	0	0	0	0	0	0	0	0	0	0	0	0	0	0	0	0	0	0	0	0	0	0	0	0	0	0	0	0	0	0	0	0	0	0	0	0	0	0	0	0	0	0	0	0	0	0	0	0	0	0	0	0	0	0	0	0	0	0	0	0	0	0	0	0	0	0	0	0	0	0	0	0	0	0	0	0	0	0	0	0	0	0	0	0	0	0	0	0	0	0	0	0	0	0	0	0	0	0	0	0	0	0	0	0	0	0	0	0	0	0	0	0	0	0	0	0	0	0	0	0	0	0	0	0	0	0	0	0	0	0	0	0	0	0	0	0	0	0	0	0	0	0	0	0	0	0	0	0	0	0	0	0	0	0	0	0	0	0	0	0	0	0	0	0	0	0	0	0	0	0	0	0	0	0	0	0	0	0	0	0	0	0	0	0	0	0	0	0	0	0	0	0	0	0	0	0	0	0	0	0	0	0	0	0	0	0	0	0	0	0	0	0	0	0	0	0	0	0	0	0	0	0	0	0	0	0	0	0	0	0	0	0	0	0	0	0	0	0	0	0	0	11	0	0	0	0	0	0	0	0	0	0	0	0	0	0	0	0	0	0	0	0	0	0	0	0	0	0	0	0	0	0	0	0	0	0	0	0	0	0	0	0	0	0	0	0	0	0	0	0	0	0	0	0	0	0	0	0	0	0	0	0	0	0	0	0	0	0	0	0	0	0	0	0	0	0	0	0	0	0	0	0	0	0	0	0	0	0	0	0	0	0	0	0	0	0	0	0	0	0	0	0	0	0	0	0	0	0	0	0	0	0	0	0	0	0	0	0	0	0	0	0	0	0	0	0	0	0	0	0	0	0	0	0	0	0	0	0	0	0	0	0	0	0	0	0	0	0	0	0	0	0	0	0	0	0	0	0	0	0	0	0	0	0	0	0
d__Bacteria___p__Deinococcota___c__Deinococci	0	0	0	0	0	0	0	0	0	0	0	0	0	0	0	0	0	0	0	0	0	0	0	0	0	0	0	0	0	0	0	0	0	0	0	0	0	0	0	0	0	0	0	0	0	0	0	0	0	0	0	0	0	0	0	0	0	0	0	0	0	0	0	0	0	0	0	0	0	0	0	0	0	0	0	0	0	0	0	0	0	0	0	0	0	0	0	0	0	0	0	0	0	0	0	0	0	0	0	0	0	0	0	0	0	0	0	0	0	0	0	0	0	0	0	0	0	0	0	0	0	0	0	0	0	0	0	0	0	0	0	0	0	0	0	0	0	0	0	0	0	0	0	0	0	0	0	0	0	0	0	0	0	0	0	0	0	0	0	0	0	0	0	0	0	0	0	0	0	0	0	0	0	0	0	0	0	0	0	0	0	0	0	0	0	0	0	0	0	0	0	0	0	0	0	0	0	0	0	0	0	0	0	0	0	0	0	0	0	0	0	0	0	0	0	0	0	0	0	0	0	0	0	0	0	0	0	0	0	0	0	0	0	0	0	0	0	0	0	0	0	0	0	0	0	0	0	0	0	0	0	0	0	0	0	0	0	0	0	0	0	0	0	0	0	0	0	0	0	0	0	0	0	0	0	0	0	0	0	0	0	0	0	0	0	0	0	0	0	0	0	0	0	0	0	0	0	0	0	0	0	0	0	0	0	0	0	0	0	0	0	0	0	0	0	0	0	0	0	0	0	0	0	0	0	0	0	0	0	0	0	0	0	0	0	0	0	0	0	0	0	0	0	0	0	0	0	0	0	0	0	0	0	0	0	0	0	0	0	0	11	0	0	0	0	0	0	0	0	0	0	0	0	0	0	0	0	0	0	0	0	0	0	0	0	0	0	0	0	0	0	0	0	0	0	0	0	0	0	0	0	0	0	0	0	0	0	0	0	0	0	0	0	0	0	0	0	0	0	0	0	0	0	0	0	0	0	0	0	0	0	0	0	0	0	0	0	0	0	0	0	0	0	0	0	0	0	0	0	0	0	0	0	0	0	0	0	0	0	0	0	0	0	0	0	0	0	0	0	0	0	0	0	0	0	0	0	0	0	0	0	0	0	0	0	0	0	0	0	0	0	0	0	0	0	0	0	0	0	0	0	0	0	0	0	0	0	0	0	0	0	0	0	0	0	0	0	0	0	0	0	0	0	0	0
d__Bacteria___p__Deinococcota___c__Deinococci___o__Deinococcales	0	0	0	0	0	0	0	0	0	0	0	0	0	0	0	0	0	0	0	0	0	0	0	0	0	0	0	0	0	0	0	0	0	0	0	0	0	0	0	0	0	0	0	0	0	0	0	0	0	0	0	0	0	0	0	0	0	0	0	0	0	0	0	0	0	0	0	0	0	0	0	0	0	0	0	0	0	0	0	0	0	0	0	0	0	0	0	0	0	0	0	0	0	0	0	0	0	0	0	0	0	0	0	0	0	0	0	0	0	0	0	0	0	0	0	0	0	0	0	0	0	0	0	0	0	0	0	0	0	0	0	0	0	0	0	0	0	0	0	0	0	0	0	0	0	0	0	0	0	0	0	0	0	0	0	0	0	0	0	0	0	0	0	0	0	0	0	0	0	0	0	0	0	0	0	0	0	0	0	0	0	0	0	0	0	0	0	0	0	0	0	0	0	0	0	0	0	0	0	0	0	0	0	0	0	0	0	0	0	0	0	0	0	0	0	0	0	0	0	0	0	0	0	0	0	0	0	0	0	0	0	0	0	0	0	0	0	0	0	0	0	0	0	0	0	0	0	0	0	0	0	0	0	0	0	0	0	0	0	0	0	0	0	0	0	0	0	0	0	0	0	0	0	0	0	0	0	0	0	0	0	0	0	0	0	0	0	0	0	0	0	0	0	0	0	0	0	0	0	0	0	0	0	0	0	0	0	0	0	0	0	0	0	0	0	0	0	0	0	0	0	0	0	0	0	0	0	0	0	0	0	0	0	0	0	0	0	0	0	0	0	0	0	0	0	0	0	0	0	0	0	0	0	0	0	0	0	0	0	0	11	0	0	0	0	0	0	0	0	0	0	0	0	0	0	0	0	0	0	0	0	0	0	0	0	0	0	0	0	0	0	0	0	0	0	0	0	0	0	0	0	0	0	0	0	0	0	0	0	0	0	0	0	0	0	0	0	0	0	0	0	0	0	0	0	0	0	0	0	0	0	0	0	0	0	0	0	0	0	0	0	0	0	0	0	0	0	0	0	0	0	0	0	0	0	0	0	0	0	0	0	0	0	0	0	0	0	0	0	0	0	0	0	0	0	0	0	0	0	0	0	0	0	0	0	0	0	0	0	0	0	0	0	0	0	0	0	0	0	0	0	0	0	0	0	0	0	0	0	0	0	0	0	0	0	0	0	0	0	0	0	0	0	0	0
d__Bacteria___p__Deinococcota___c__Deinococci___o__Deinococcales___f__Deinococcaceae	0	0	0	0	0	0	0	0	0	0	0	0	0	0	0	0	0	0	0	0	0	0	0	0	0	0	0	0	0	0	0	0	0	0	0	0	0	0	0	0	0	0	0	0	0	0	0	0	0	0	0	0	0	0	0	0	0	0	0	0	0	0	0	0	0	0	0	0	0	0	0	0	0	0	0	0	0	0	0	0	0	0	0	0	0	0	0	0	0	0	0	0	0	0	0	0	0	0	0	0	0	0	0	0	0	0	0	0	0	0	0	0	0	0	0	0	0	0	0	0	0	0	0	0	0	0	0	0	0	0	0	0	0	0	0	0	0	0	0	0	0	0	0	0	0	0	0	0	0	0	0	0	0	0	0	0	0	0	0	0	0	0	0	0	0	0	0	0	0	0	0	0	0	0	0	0	0	0	0	0	0	0	0	0	0	0	0	0	0	0	0	0	0	0	0	0	0	0	0	0	0	0	0	0	0	0	0	0	0	0	0	0	0	0	0	0	0	0	0	0	0	0	0	0	0	0	0	0	0	0	0	0	0	0	0	0	0	0	0	0	0	0	0	0	0	0	0	0	0	0	0	0	0	0	0	0	0	0	0	0	0	0	0	0	0	0	0	0	0	0	0	0	0	0	0	0	0	0	0	0	0	0	0	0	0	0	0	0	0	0	0	0	0	0	0	0	0	0	0	0	0	0	0	0	0	0	0	0	0	0	0	0	0	0	0	0	0	0	0	0	0	0	0	0	0	0	0	0	0	0	0	0	0	0	0	0	0	0	0	0	0	0	0	0	0	0	0	0	0	0	0	0	0	0	0	0	0	0	0	0	11	0	0	0	0	0	0	0	0	0	0	0	0	0	0	0	0	0	0	0	0	0	0	0	0	0	0	0	0	0	0	0	0	0	0	0	0	0	0	0	0	0	0	0	0	0	0	0	0	0	0	0	0	0	0	0	0	0	0	0	0	0	0	0	0	0	0	0	0	0	0	0	0	0	0	0	0	0	0	0	0	0	0	0	0	0	0	0	0	0	0	0	0	0	0	0	0	0	0	0	0	0	0	0	0	0	0	0	0	0	0	0	0	0	0	0	0	0	0	0	0	0	0	0	0	0	0	0	0	0	0	0	0	0	0	0	0	0	0	0	0	0	0	0	0	0	0	0	0	0	0	0	0	0	0	0	0	0	0	0	0	0	0	0	0
d__Bacteria___p__Deinococcota___c__Deinococci___o__Deinococcales___f__Deinococcaceae___g__Deinococcus	0	0	0	0	0	0	0	0	0	0	0	0	0	0	0	0	0	0	0	0	0	0	0	0	0	0	0	0	0	0	0	0	0	0	0	0	0	0	0	0	0	0	0	0	0	0	0	0	0	0	0	0	0	0	0	0	0	0	0	0	0	0	0	0	0	0	0	0	0	0	0	0	0	0	0	0	0	0	0	0	0	0	0	0	0	0	0	0	0	0	0	0	0	0	0	0	0	0	0	0	0	0	0	0	0	0	0	0	0	0	0	0	0	0	0	0	0	0	0	0	0	0	0	0	0	0	0	0	0	0	0	0	0	0	0	0	0	0	0	0	0	0	0	0	0	0	0	0	0	0	0	0	0	0	0	0	0	0	0	0	0	0	0	0	0	0	0	0	0	0	0	0	0	0	0	0	0	0	0	0	0	0	0	0	0	0	0	0	0	0	0	0	0	0	0	0	0	0	0	0	0	0	0	0	0	0	0	0	0	0	0	0	0	0	0	0	0	0	0	0	0	0	0	0	0	0	0	0	0	0	0	0	0	0	0	0	0	0	0	0	0	0	0	0	0	0	0	0	0	0	0	0	0	0	0	0	0	0	0	0	0	0	0	0	0	0	0	0	0	0	0	0	0	0	0	0	0	0	0	0	0	0	0	0	0	0	0	0	0	0	0	0	0	0	0	0	0	0	0	0	0	0	0	0	0	0	0	0	0	0	0	0	0	0	0	0	0	0	0	0	0	0	0	0	0	0	0	0	0	0	0	0	0	0	0	0	0	0	0	0	0	0	0	0	0	0	0	0	0	0	0	0	0	0	0	0	0	0	0	0	11	0	0	0	0	0	0	0	0	0	0	0	0	0	0	0	0	0	0	0	0	0	0	0	0	0	0	0	0	0	0	0	0	0	0	0	0	0	0	0	0	0	0	0	0	0	0	0	0	0	0	0	0	0	0	0	0	0	0	0	0	0	0	0	0	0	0	0	0	0	0	0	0	0	0	0	0	0	0	0	0	0	0	0	0	0	0	0	0	0	0	0	0	0	0	0	0	0	0	0	0	0	0	0	0	0	0	0	0	0	0	0	0	0	0	0	0	0	0	0	0	0	0	0	0	0	0	0	0	0	0	0	0	0	0	0	0	0	0	0	0	0	0	0	0	0	0	0	0	0	0	0	0	0	0	0	0	0	0	0	0	0	0	0	0
d__Bacteria___p__Desulfobacterota	0	80	43	10	37	172	73	21	48	138	0	0	108	0	30	0	20	345	0	0	200	0	76	0	23	115	405	30	990	1399	19	61	420	0	34	0	287	14	102	26	32	15	248	62	73	62	64	353	284	112	213	0	581	31	1053	51	90	240	90	201	0	192	0	0	15	0	150	0	119	160	128	66	0	97	108	254	364	7	82	146	25	151	112	0	16	35	61	0	56	47	29	69	0	22	0	94	0	0	0	0	0	320	0	41	42	0	77	190	0	3	84	0	0	86	17	0	31	0	25	45	22	0	5	0	0	0	140	0	30	24	0	0	0	0	0	0	0	240	0	65	0	0	0	27	0	0	0	0	37	69	173	0	0	0	66	62	0	20	0	121	0	118	79	0	64	97	0	0	138	12	33	20	0	30	0	0	0	61	0	0	0	61	95	0	0	0	44	0	379	64	121	34	209	294	0	223	91	43	351	107	223	226	106	0	132	1174	286	0	0	25	0	15	129	135	0	178	70	187	0	169	250	16	0	31	15	110	0	84	29	362	460	0	298	24	26	0	67	127	270	365	44	108	125	0	91	63	28	49	196	0	298	37	0	456	425	226	70	0	90	138	8	105	119	0	154	103	21	72	0	114	15	104	51	164	57	105	318	220	0	215	118	16	197	72	177	10	0	0	0	201	45	59	266	279	133	170	5	155	114	369	375	63	43	44	148	323	0	19	0	109	128	63	174	32	94	35	145	430	29	122	0	230	167	29	77	33	13	141	6	23	0	0	0	57	0	260	0	216	267	29	116	20	204	97	76	159	66	35	0	47	16	0	0	41	24	30	0	15	0	21	0	46	60	146	53	13	111	208	33	0	66	147	0	30	95	0	304	10	16	0	0	79	25	319	0	21	542	301	72	51	301	135	194	146	80	13	195	67	208	140	39	93	137	31	484	63	243	50	0	109	38	0	229	58	25	0	0	0	9	108	23	0	46	32	180	116	211	14	35	0	23	66	0	17	0	0	0	22	13	16	0	5	0	7	0	0	0	0	0	0	0	28	26	0	0	0	0	0	13	209	16	19	17	33	0	14	29	245	0	0	0	56	32	0	0	70	122	403	8	0	0	252	0	0	0	0	17	12	0	0	0	17	5	93	504	0	0	74	5	21	0	20	233	24	4	0	32	0	0	13	45	8	436	7	0	0	10	157	198	60	52	17	19	0	0
d__Bacteria___p__Desulfobacterota___c__Desulfovibrionia	0	80	43	10	37	172	73	21	48	138	0	0	108	0	30	0	20	345	0	0	200	0	76	0	23	115	405	30	990	1399	19	61	420	0	34	0	287	14	102	26	32	15	248	62	73	62	64	353	284	112	213	0	581	31	1053	51	90	240	90	201	0	192	0	0	15	0	150	0	119	160	128	66	0	97	108	254	364	7	82	146	25	151	112	0	16	35	61	0	56	47	29	69	0	22	0	94	0	0	0	0	0	320	0	41	42	0	77	190	0	3	84	0	0	86	17	0	31	0	25	45	22	0	5	0	0	0	140	0	30	24	0	0	0	0	0	0	0	240	0	65	0	0	0	27	0	0	0	0	37	69	173	0	0	0	66	62	0	20	0	121	0	118	79	0	64	97	0	0	138	12	33	20	0	30	0	0	0	61	0	0	0	61	95	0	0	0	44	0	379	64	121	34	209	294	0	223	91	43	351	107	223	226	106	0	132	1174	286	0	0	25	0	15	129	135	0	178	70	187	0	169	250	16	0	31	15	110	0	84	29	362	460	0	298	24	26	0	67	127	270	365	44	108	125	0	91	63	28	49	196	0	298	37	0	456	425	226	70	0	90	138	8	105	119	0	154	103	21	72	0	114	15	104	51	164	57	105	318	220	0	215	118	16	197	72	177	10	0	0	0	201	45	59	266	279	133	170	5	155	114	369	375	63	43	44	148	323	0	19	0	109	128	63	174	32	94	35	145	430	29	122	0	230	167	29	77	33	13	141	6	23	0	0	0	57	0	260	0	216	267	29	116	20	204	97	76	159	66	35	0	47	16	0	0	41	24	30	0	15	0	21	0	46	60	146	53	13	111	208	33	0	66	147	0	30	95	0	304	10	16	0	0	79	25	319	0	21	542	301	72	51	301	135	194	146	80	13	195	67	208	140	39	93	137	31	484	63	243	50	0	109	38	0	229	58	25	0	0	0	9	108	23	0	46	32	180	116	211	14	35	0	23	66	0	17	0	0	0	22	13	16	0	5	0	7	0	0	0	0	0	0	0	28	26	0	0	0	0	0	13	209	16	19	17	33	0	14	29	245	0	0	0	56	32	0	0	70	122	403	8	0	0	252	0	0	0	0	17	12	0	0	0	17	5	93	504	0	0	74	5	21	0	20	233	24	4	0	32	0	0	13	45	8	436	7	0	0	10	157	198	60	52	17	19	0	0
d__Bacteria___p__Desulfobacterota___c__Desulfovibrionia___o__Desulfovibrionales	0	80	43	10	37	172	73	21	48	138	0	0	108	0	30	0	20	345	0	0	200	0	76	0	23	115	405	30	990	1399	19	61	420	0	34	0	287	14	102	26	32	15	248	62	73	62	64	353	284	112	213	0	581	31	1053	51	90	240	90	201	0	192	0	0	15	0	150	0	119	160	128	66	0	97	108	254	364	7	82	146	25	151	112	0	16	35	61	0	56	47	29	69	0	22	0	94	0	0	0	0	0	320	0	41	42	0	77	190	0	3	84	0	0	86	17	0	31	0	25	45	22	0	5	0	0	0	140	0	30	24	0	0	0	0	0	0	0	240	0	65	0	0	0	27	0	0	0	0	37	69	173	0	0	0	66	62	0	20	0	121	0	118	79	0	64	97	0	0	138	12	33	20	0	30	0	0	0	61	0	0	0	61	95	0	0	0	44	0	379	64	121	34	209	294	0	223	91	43	351	107	223	226	106	0	132	1174	286	0	0	25	0	15	129	135	0	178	70	187	0	169	250	16	0	31	15	110	0	84	29	362	460	0	298	24	26	0	67	127	270	365	44	108	125	0	91	63	28	49	196	0	298	37	0	456	425	226	70	0	90	138	8	105	119	0	154	103	21	72	0	114	15	104	51	164	57	105	318	220	0	215	118	16	197	72	177	10	0	0	0	201	45	59	266	279	133	170	5	155	114	369	375	63	43	44	148	323	0	19	0	109	128	63	174	32	94	35	145	430	29	122	0	230	167	29	77	33	13	141	6	23	0	0	0	57	0	260	0	216	267	29	116	20	204	97	76	159	66	35	0	47	16	0	0	41	24	30	0	15	0	21	0	46	60	146	53	13	111	208	33	0	66	147	0	30	95	0	304	10	16	0	0	79	25	319	0	21	542	301	72	51	301	135	194	146	80	13	195	67	208	140	39	93	137	31	484	63	243	50	0	109	38	0	229	58	25	0	0	0	9	108	23	0	46	32	180	116	211	14	35	0	23	66	0	17	0	0	0	22	13	16	0	5	0	7	0	0	0	0	0	0	0	28	26	0	0	0	0	0	13	209	16	19	17	33	0	14	29	245	0	0	0	56	32	0	0	70	122	403	8	0	0	252	0	0	0	0	17	12	0	0	0	17	5	93	504	0	0	74	5	21	0	20	233	24	4	0	32	0	0	13	45	8	436	7	0	0	10	157	198	60	52	17	19	0	0
d__Bacteria___p__Desulfobacterota___c__Desulfovibrionia___o__Desulfovibrionales___f__Desulfovibrionaceae	0	80	43	10	37	172	73	21	48	138	0	0	108	0	30	0	20	345	0	0	200	0	76	0	23	115	405	30	990	1399	19	61	420	0	34	0	287	14	102	26	32	15	248	62	73	62	64	353	284	112	213	0	581	31	1053	51	90	240	90	201	0	192	0	0	15	0	150	0	119	160	128	66	0	97	108	254	364	7	82	146	25	151	112	0	16	35	61	0	56	47	29	69	0	22	0	94	0	0	0	0	0	320	0	41	42	0	77	190	0	3	84	0	0	86	17	0	31	0	25	45	22	0	5	0	0	0	140	0	30	24	0	0	0	0	0	0	0	240	0	65	0	0	0	27	0	0	0	0	37	69	173	0	0	0	66	62	0	20	0	121	0	118	79	0	64	97	0	0	138	12	33	20	0	30	0	0	0	61	0	0	0	61	95	0	0	0	44	0	379	64	121	34	209	294	0	223	91	43	351	107	223	226	106	0	132	1174	286	0	0	25	0	15	129	135	0	178	70	187	0	169	250	16	0	31	15	110	0	84	29	362	460	0	298	24	26	0	67	127	270	365	44	108	125	0	91	63	28	49	196	0	298	37	0	456	425	226	70	0	90	138	8	105	119	0	154	103	21	72	0	114	15	104	51	164	57	105	318	220	0	215	118	16	197	72	177	10	0	0	0	201	45	59	266	279	133	170	5	155	114	369	375	63	43	44	148	323	0	19	0	109	128	63	174	32	94	35	145	430	29	122	0	230	167	29	77	33	13	141	6	23	0	0	0	57	0	260	0	216	267	29	116	20	204	97	76	159	66	35	0	47	16	0	0	41	24	30	0	15	0	21	0	46	60	146	53	13	111	208	33	0	66	147	0	30	95	0	304	10	16	0	0	79	25	319	0	21	542	301	72	51	301	135	194	146	80	13	195	67	208	140	39	93	137	31	484	63	243	50	0	109	38	0	229	58	25	0	0	0	9	108	23	0	46	32	180	116	211	14	35	0	23	66	0	17	0	0	0	22	13	16	0	5	0	7	0	0	0	0	0	0	0	28	26	0	0	0	0	0	13	209	16	19	17	33	0	14	29	245	0	0	0	56	32	0	0	70	122	403	8	0	0	252	0	0	0	0	17	12	0	0	0	17	5	93	504	0	0	74	5	21	0	20	233	24	4	0	32	0	0	13	45	8	436	7	0	0	10	157	198	60	52	17	19	0	0
d__Bacteria___p__Desulfobacterota___c__Desulfovibrionia___o__Desulfovibrionales___f__Desulfovibrionaceae___g__Bilophila	0	23	13	10	37	4	73	21	48	138	0	0	108	0	0	0	0	39	0	0	0	0	69	0	23	0	149	30	931	98	19	61	85	0	27	0	154	0	51	0	0	15	92	62	73	62	52	0	117	0	213	0	131	0	43	51	90	240	90	201	0	8	0	0	15	0	150	0	46	160	128	0	0	54	89	197	100	7	82	146	25	0	112	0	16	35	61	0	56	47	0	69	0	22	0	94	0	0	0	0	0	0	0	41	42	0	26	190	0	0	0	0	0	86	0	0	31	0	0	45	0	0	0	0	0	0	94	0	30	24	0	0	0	0	0	0	0	240	0	0	0	0	0	27	0	0	0	0	37	0	20	0	0	0	0	0	0	0	0	121	0	118	0	0	64	0	0	0	40	0	0	20	0	0	0	0	0	61	0	0	0	0	0	0	0	0	44	0	0	0	121	34	103	284	0	223	91	43	351	63	223	116	106	0	11	709	141	0	0	0	0	15	103	135	0	0	13	155	0	169	33	16	0	31	0	0	0	84	29	139	141	0	122	24	26	0	67	41	141	72	44	41	125	0	40	63	17	0	37	0	74	37	0	23	85	226	70	0	0	59	8	45	98	0	26	93	21	72	0	114	0	77	0	54	57	60	318	169	0	215	35	16	161	72	177	10	0	0	0	0	0	47	106	17	133	7	5	107	0	29	14	63	34	30	6	61	0	19	0	9	9	63	39	32	0	0	145	5	29	47	0	91	167	29	77	33	0	124	0	7	0	0	0	57	0	45	0	0	12	0	34	0	57	0	76	159	18	35	0	25	16	0	0	41	24	30	0	0	0	0	0	32	60	41	53	13	88	0	33	0	0	24	0	30	95	0	0	10	16	0	0	79	0	76	0	21	63	21	72	0	301	0	194	33	80	0	0	44	208	140	39	93	137	31	50	0	243	30	0	45	0	0	92	0	25	0	0	0	0	108	23	0	46	32	48	0	211	14	35	0	17	58	0	17	0	0	0	22	13	16	0	0	0	7	0	0	0	0	0	0	0	28	26	0	0	0	0	0	0	50	0	19	10	0	0	14	29	245	0	0	0	10	32	0	0	70	13	80	8	0	0	9	0	0	0	0	0	0	0	0	0	17	5	16	127	0	0	74	0	0	0	0	25	24	4	0	32	0	0	0	0	0	19	0	0	0	10	157	10	51	33	17	19	0	0
d__Bacteria___p__Desulfobacterota___c__Desulfovibrionia___o__Desulfovibrionales___f__Desulfovibrionaceae___g__Desulfovibrio	0	57	30	0	0	121	0	0	0	0	0	0	0	0	30	0	20	289	0	0	200	0	0	0	0	100	241	0	0	1284	0	0	335	0	7	0	133	14	0	0	0	0	156	0	0	0	12	321	167	112	0	0	450	0	1010	0	0	0	0	0	0	184	0	0	0	0	0	0	0	0	0	0	0	43	0	57	264	0	0	0	0	151	0	0	0	0	0	0	0	0	29	0	0	0	0	0	0	0	0	0	0	225	0	0	0	0	51	0	0	0	84	0	0	0	0	0	0	0	25	0	22	0	0	0	0	0	46	0	0	0	0	0	0	0	0	0	0	0	0	65	0	0	0	0	0	0	0	0	0	69	153	0	0	0	66	0	0	0	0	0	0	0	79	0	0	97	0	0	98	0	0	0	0	30	0	0	0	0	0	0	0	61	95	0	0	0	0	0	205	64	0	0	106	0	0	0	0	0	0	44	0	13	0	0	97	465	0	0	0	25	0	0	0	0	0	0	57	32	0	0	217	0	0	0	0	110	0	0	0	223	291	0	176	0	0	0	0	86	129	237	0	67	0	0	51	0	0	49	159	0	154	0	0	433	299	0	0	0	90	79	0	60	0	0	128	10	0	0	0	0	15	27	51	58	0	45	0	51	0	0	34	0	18	0	0	0	0	0	0	201	26	0	144	15	0	157	0	0	97	143	314	0	0	14	130	247	0	0	0	100	98	0	124	0	94	35	0	360	0	66	0	139	0	0	0	0	13	0	6	16	0	0	0	0	0	215	0	187	175	29	82	20	147	97	0	0	48	0	0	0	0	0	0	0	0	0	0	15	0	11	0	0	0	105	0	0	0	0	0	0	66	123	0	0	0	0	304	0	0	0	0	0	25	232	0	0	476	268	0	51	0	119	0	113	0	13	195	0	0	0	0	0	0	0	425	63	0	0	0	64	38	0	137	35	0	0	0	0	9	0	0	0	0	0	132	91	0	0	0	0	0	0	0	0	0	0	0	0	0	0	0	5	0	0	0	0	0	0	0	0	0	0	0	0	0	0	0	0	0	159	16	0	7	33	0	0	0	0	0	0	0	46	0	0	0	0	109	323	0	0	0	243	0	0	0	0	17	12	0	0	0	0	0	77	377	0	0	0	5	21	0	20	208	0	0	0	0	0	0	13	45	8	417	7	0	0	0	0	188	0	0	0	0	0	0
d__Bacteria___p__Desulfobacterota___c__Desulfovibrionia___o__Desulfovibrionales___f__Desulfovibrionaceae___g__Mailhella	0	0	0	0	0	34	0	0	0	0	0	0	0	0	0	0	0	0	0	0	0	0	0	0	0	0	0	0	0	0	0	0	0	0	0	0	0	0	51	0	0	0	0	0	0	0	0	0	0	0	0	0	0	0	0	0	0	0	0	0	0	0	0	0	0	0	0	0	73	0	0	66	0	0	0	0	0	0	0	0	0	0	0	0	0	0	0	0	0	0	0	0	0	0	0	0	0	0	0	0	0	95	0	0	0	0	0	0	0	0	0	0	0	0	17	0	0	0	0	0	0	0	0	0	0	0	0	0	0	0	0	0	0	0	0	0	0	0	0	0	0	0	0	0	0	0	0	0	0	0	0	0	0	0	0	0	0	0	0	0	0	0	0	0	0	0	0	0	0	0	0	0	0	0	0	0	0	0	0	0	0	0	0	0	0	0	0	0	0	0	0	0	0	0	0	0	0	0	0	0	0	97	0	0	0	0	0	0	0	0	0	0	0	0	0	0	0	0	0	0	0	0	0	0	0	0	0	0	0	0	0	0	0	0	0	0	0	0	0	56	0	0	0	0	0	0	0	0	0	0	0	0	0	0	0	0	0	0	0	0	0	0	0	0	0	0	0	0	0	0	0	0	0	0	0	0	0	0	0	0	42	0	0	0	0	0	0	0	0	0	0	0	0	0	0	0	0	0	0	126	35	0	0	0	0	0	0	0	0	0	21	0	0	0	0	0	0	0	0	0	0	0	0	0	0	0	0	0	0	0	0	0	0	0	0	0	0	29	0	0	0	0	0	0	0	0	0	0	0	0	0	0	0	0	0	0	0	0	0	0	0	0	0	0	0	0	0	0	0	0	0	0	0	0	0	0	0	0	0	0	0	0	0	0	0	0	0	0	0	0	0	0	0	0	0	0	0	0	0	0	0	0	0	0	0	0	0	0	0	0	0	0	0	0	0	0	0	0	0	0	0	0	0	0	0	0	0	0	0	0	0	0	0	0	0	0	0	0	0	0	0	0	0	0	0	0	0	0	0	0	0	0	0	0	0	0	0	0	0	0	0	0	0	0	0	0	0	0	0	0	0	0	0	0	0	0	0	0	0	0	0	0	0	0	0	0	0	0	0	0	0	0	0	0	0	0	0	0	0	0	0	0	0	0	0	0	0	0	0	0	0	0	0	0	0	0	0	0	0	0	0	0	0	0	0
d__Bacteria___p__Elusimicrobiota	0	0	0	0	0	0	0	0	0	0	0	0	0	0	0	0	0	0	0	0	0	0	0	0	0	0	0	0	0	0	0	0	0	0	0	0	0	0	0	0	0	0	0	0	0	0	0	0	0	0	0	0	0	0	0	0	0	0	0	0	0	0	0	0	0	0	0	0	0	0	0	0	0	0	0	0	0	0	0	0	0	0	0	0	0	0	0	0	0	0	0	0	0	0	0	0	0	0	0	0	0	0	0	0	0	0	0	0	0	0	0	0	0	0	0	0	0	29	0	0	0	0	0	0	0	0	0	0	0	0	0	0	0	0	0	0	0	0	0	0	0	0	0	0	0	0	0	0	0	0	0	0	0	0	0	0	0	0	0	0	0	0	0	0	0	0	0	0	0	0	0	0	0	0	0	0	0	0	0	0	0	0	0	0	0	0	0	0	0	0	0	0	0	0	0	0	0	0	0	86	0	0	0	0	0	0	0	0	0	0	0	0	0	0	0	0	0	0	0	0	0	0	0	0	0	0	0	0	0	0	0	0	0	0	0	0	0	0	0	0	0	0	0	0	0	0	0	0	0	0	0	0	0	0	0	0	0	0	0	0	0	0	0	0	0	0	0	0	0	0	0	0	0	0	0	0	0	0	0	0	0	0	0	0	0	0	0	0	0	0	0	0	0	0	0	0	0	0	0	37	0	0	0	0	0	0	0	0	0	0	0	0	0	0	0	0	0	0	0	0	0	0	0	0	0	0	0	0	0	0	0	0	0	0	0	0	0	0	0	0	0	0	0	0	0	0	0	0	0	0	0	0	0	0	0	0	0	0	0	0	0	0	0	551	0	0	0	0	0	0	0	0	0	0	0	0	0	0	0	0	0	0	0	0	0	0	0	0	0	0	0	0	0	0	0	0	0	0	0	0	0	0	0	0	0	0	0	0	0	0	0	0	0	0	0	0	0	0	0	0	0	0	0	0	0	0	0	0	0	0	0	0	0	0	0	0	0	0	0	0	0	0	0	0	0	0	0	0	0	0	0	0	0	0	0	0	0	0	0	0	0	0	0	0	0	0	0	0	0	0	0	0	0	0	0	0	0	0	0	0	0	0	0	0	0	0	0	0	0	0	0	0	0	0	0	0	0	0	0	0	0	0	0	0	0	0	0	0	0	0	0	0	0	0	0	0	0	0	0	0	0	0	0	0	0
d__Bacteria___p__Elusimicrobiota___c__Elusimicrobia	0	0	0	0	0	0	0	0	0	0	0	0	0	0	0	0	0	0	0	0	0	0	0	0	0	0	0	0	0	0	0	0	0	0	0	0	0	0	0	0	0	0	0	0	0	0	0	0	0	0	0	0	0	0	0	0	0	0	0	0	0	0	0	0	0	0	0	0	0	0	0	0	0	0	0	0	0	0	0	0	0	0	0	0	0	0	0	0	0	0	0	0	0	0	0	0	0	0	0	0	0	0	0	0	0	0	0	0	0	0	0	0	0	0	0	0	0	29	0	0	0	0	0	0	0	0	0	0	0	0	0	0	0	0	0	0	0	0	0	0	0	0	0	0	0	0	0	0	0	0	0	0	0	0	0	0	0	0	0	0	0	0	0	0	0	0	0	0	0	0	0	0	0	0	0	0	0	0	0	0	0	0	0	0	0	0	0	0	0	0	0	0	0	0	0	0	0	0	0	86	0	0	0	0	0	0	0	0	0	0	0	0	0	0	0	0	0	0	0	0	0	0	0	0	0	0	0	0	0	0	0	0	0	0	0	0	0	0	0	0	0	0	0	0	0	0	0	0	0	0	0	0	0	0	0	0	0	0	0	0	0	0	0	0	0	0	0	0	0	0	0	0	0	0	0	0	0	0	0	0	0	0	0	0	0	0	0	0	0	0	0	0	0	0	0	0	0	0	0	37	0	0	0	0	0	0	0	0	0	0	0	0	0	0	0	0	0	0	0	0	0	0	0	0	0	0	0	0	0	0	0	0	0	0	0	0	0	0	0	0	0	0	0	0	0	0	0	0	0	0	0	0	0	0	0	0	0	0	0	0	0	0	0	551	0	0	0	0	0	0	0	0	0	0	0	0	0	0	0	0	0	0	0	0	0	0	0	0	0	0	0	0	0	0	0	0	0	0	0	0	0	0	0	0	0	0	0	0	0	0	0	0	0	0	0	0	0	0	0	0	0	0	0	0	0	0	0	0	0	0	0	0	0	0	0	0	0	0	0	0	0	0	0	0	0	0	0	0	0	0	0	0	0	0	0	0	0	0	0	0	0	0	0	0	0	0	0	0	0	0	0	0	0	0	0	0	0	0	0	0	0	0	0	0	0	0	0	0	0	0	0	0	0	0	0	0	0	0	0	0	0	0	0	0	0	0	0	0	0	0	0	0	0	0	0	0	0	0	0	0	0	0	0	0	0
d__Bacteria___p__Elusimicrobiota___c__Elusimicrobia___o__Elusimicrobiales	0	0	0	0	0	0	0	0	0	0	0	0	0	0	0	0	0	0	0	0	0	0	0	0	0	0	0	0	0	0	0	0	0	0	0	0	0	0	0	0	0	0	0	0	0	0	0	0	0	0	0	0	0	0	0	0	0	0	0	0	0	0	0	0	0	0	0	0	0	0	0	0	0	0	0	0	0	0	0	0	0	0	0	0	0	0	0	0	0	0	0	0	0	0	0	0	0	0	0	0	0	0	0	0	0	0	0	0	0	0	0	0	0	0	0	0	0	29	0	0	0	0	0	0	0	0	0	0	0	0	0	0	0	0	0	0	0	0	0	0	0	0	0	0	0	0	0	0	0	0	0	0	0	0	0	0	0	0	0	0	0	0	0	0	0	0	0	0	0	0	0	0	0	0	0	0	0	0	0	0	0	0	0	0	0	0	0	0	0	0	0	0	0	0	0	0	0	0	0	86	0	0	0	0	0	0	0	0	0	0	0	0	0	0	0	0	0	0	0	0	0	0	0	0	0	0	0	0	0	0	0	0	0	0	0	0	0	0	0	0	0	0	0	0	0	0	0	0	0	0	0	0	0	0	0	0	0	0	0	0	0	0	0	0	0	0	0	0	0	0	0	0	0	0	0	0	0	0	0	0	0	0	0	0	0	0	0	0	0	0	0	0	0	0	0	0	0	0	0	37	0	0	0	0	0	0	0	0	0	0	0	0	0	0	0	0	0	0	0	0	0	0	0	0	0	0	0	0	0	0	0	0	0	0	0	0	0	0	0	0	0	0	0	0	0	0	0	0	0	0	0	0	0	0	0	0	0	0	0	0	0	0	0	551	0	0	0	0	0	0	0	0	0	0	0	0	0	0	0	0	0	0	0	0	0	0	0	0	0	0	0	0	0	0	0	0	0	0	0	0	0	0	0	0	0	0	0	0	0	0	0	0	0	0	0	0	0	0	0	0	0	0	0	0	0	0	0	0	0	0	0	0	0	0	0	0	0	0	0	0	0	0	0	0	0	0	0	0	0	0	0	0	0	0	0	0	0	0	0	0	0	0	0	0	0	0	0	0	0	0	0	0	0	0	0	0	0	0	0	0	0	0	0	0	0	0	0	0	0	0	0	0	0	0	0	0	0	0	0	0	0	0	0	0	0	0	0	0	0	0	0	0	0	0	0	0	0	0	0	0	0	0	0	0	0
d__Bacteria___p__Elusimicrobiota___c__Elusimicrobia___o__Elusimicrobiales___f__Elusimicrobiaceae	0	0	0	0	0	0	0	0	0	0	0	0	0	0	0	0	0	0	0	0	0	0	0	0	0	0	0	0	0	0	0	0	0	0	0	0	0	0	0	0	0	0	0	0	0	0	0	0	0	0	0	0	0	0	0	0	0	0	0	0	0	0	0	0	0	0	0	0	0	0	0	0	0	0	0	0	0	0	0	0	0	0	0	0	0	0	0	0	0	0	0	0	0	0	0	0	0	0	0	0	0	0	0	0	0	0	0	0	0	0	0	0	0	0	0	0	0	29	0	0	0	0	0	0	0	0	0	0	0	0	0	0	0	0	0	0	0	0	0	0	0	0	0	0	0	0	0	0	0	0	0	0	0	0	0	0	0	0	0	0	0	0	0	0	0	0	0	0	0	0	0	0	0	0	0	0	0	0	0	0	0	0	0	0	0	0	0	0	0	0	0	0	0	0	0	0	0	0	0	86	0	0	0	0	0	0	0	0	0	0	0	0	0	0	0	0	0	0	0	0	0	0	0	0	0	0	0	0	0	0	0	0	0	0	0	0	0	0	0	0	0	0	0	0	0	0	0	0	0	0	0	0	0	0	0	0	0	0	0	0	0	0	0	0	0	0	0	0	0	0	0	0	0	0	0	0	0	0	0	0	0	0	0	0	0	0	0	0	0	0	0	0	0	0	0	0	0	0	0	37	0	0	0	0	0	0	0	0	0	0	0	0	0	0	0	0	0	0	0	0	0	0	0	0	0	0	0	0	0	0	0	0	0	0	0	0	0	0	0	0	0	0	0	0	0	0	0	0	0	0	0	0	0	0	0	0	0	0	0	0	0	0	0	551	0	0	0	0	0	0	0	0	0	0	0	0	0	0	0	0	0	0	0	0	0	0	0	0	0	0	0	0	0	0	0	0	0	0	0	0	0	0	0	0	0	0	0	0	0	0	0	0	0	0	0	0	0	0	0	0	0	0	0	0	0	0	0	0	0	0	0	0	0	0	0	0	0	0	0	0	0	0	0	0	0	0	0	0	0	0	0	0	0	0	0	0	0	0	0	0	0	0	0	0	0	0	0	0	0	0	0	0	0	0	0	0	0	0	0	0	0	0	0	0	0	0	0	0	0	0	0	0	0	0	0	0	0	0	0	0	0	0	0	0	0	0	0	0	0	0	0	0	0	0	0	0	0	0	0	0	0	0	0	0	0
d__Bacteria___p__Elusimicrobiota___c__Elusimicrobia___o__Elusimicrobiales___f__Elusimicrobiaceae___g__Elusimicrobium	0	0	0	0	0	0	0	0	0	0	0	0	0	0	0	0	0	0	0	0	0	0	0	0	0	0	0	0	0	0	0	0	0	0	0	0	0	0	0	0	0	0	0	0	0	0	0	0	0	0	0	0	0	0	0	0	0	0	0	0	0	0	0	0	0	0	0	0	0	0	0	0	0	0	0	0	0	0	0	0	0	0	0	0	0	0	0	0	0	0	0	0	0	0	0	0	0	0	0	0	0	0	0	0	0	0	0	0	0	0	0	0	0	0	0	0	0	29	0	0	0	0	0	0	0	0	0	0	0	0	0	0	0	0	0	0	0	0	0	0	0	0	0	0	0	0	0	0	0	0	0	0	0	0	0	0	0	0	0	0	0	0	0	0	0	0	0	0	0	0	0	0	0	0	0	0	0	0	0	0	0	0	0	0	0	0	0	0	0	0	0	0	0	0	0	0	0	0	0	86	0	0	0	0	0	0	0	0	0	0	0	0	0	0	0	0	0	0	0	0	0	0	0	0	0	0	0	0	0	0	0	0	0	0	0	0	0	0	0	0	0	0	0	0	0	0	0	0	0	0	0	0	0	0	0	0	0	0	0	0	0	0	0	0	0	0	0	0	0	0	0	0	0	0	0	0	0	0	0	0	0	0	0	0	0	0	0	0	0	0	0	0	0	0	0	0	0	0	0	37	0	0	0	0	0	0	0	0	0	0	0	0	0	0	0	0	0	0	0	0	0	0	0	0	0	0	0	0	0	0	0	0	0	0	0	0	0	0	0	0	0	0	0	0	0	0	0	0	0	0	0	0	0	0	0	0	0	0	0	0	0	0	0	551	0	0	0	0	0	0	0	0	0	0	0	0	0	0	0	0	0	0	0	0	0	0	0	0	0	0	0	0	0	0	0	0	0	0	0	0	0	0	0	0	0	0	0	0	0	0	0	0	0	0	0	0	0	0	0	0	0	0	0	0	0	0	0	0	0	0	0	0	0	0	0	0	0	0	0	0	0	0	0	0	0	0	0	0	0	0	0	0	0	0	0	0	0	0	0	0	0	0	0	0	0	0	0	0	0	0	0	0	0	0	0	0	0	0	0	0	0	0	0	0	0	0	0	0	0	0	0	0	0	0	0	0	0	0	0	0	0	0	0	0	0	0	0	0	0	0	0	0	0	0	0	0	0	0	0	0	0	0	0	0	0
d__Bacteria___p__Firmicutes	20650	17192	12871	12637	13796	15255	8503	7423	10594	14713	13493	11048	8858	18122	15671	20296	12442	15537	11452	14202	17797	16800	23517	15209	6102	12756	46223	39746	106779	158865	17008	31143	46437	95430	7953	13026	71999	17502	26999	97045	25280	11558	45590	28563	11610	8495	96188	16318	9726	9766	14995	10591	23060	30468	42772	39239	5333	17130	9269	16906	18178	11168	12661	9981	18913	14897	21864	18127	21899	24932	21701	18320	16173	15417	15132	20914	23706	18686	17577	15132	8506	18955	20151	18406	7716	15552	16622	13506	9354	9808	10773	17393	16880	16750	7635	12290	3060	7523	14064	12510	22923	13484	18274	8360	15909	12575	8691	10376	6214	3970	9707	5825	14813	7646	10630	13280	7764	8024	11098	8984	8890	9304	12526	14476	13621	7987	9313	12540	10737	8675	14678	10127	12726	9467	15005	10986	17190	12400	18989	9933	7732	12370	13062	16836	14738	14371	5895	7996	16286	16575	13258	13191	14157	11771	7228	16674	15184	11406	8408	9053	12488	10337	6889	11450	10070	13597	9235	11897	11024	7812	11034	14288	10899	9781	9345	9619	9350	11529	1668	13853	13662	13784	10681	14257	15427	10329	11744	13282	9323	11985	13944	25294	12019	9996	22193	13569	15723	12027	15601	24241	16554	13460	21373	5552	19102	21668	28562	9705	13683	17871	17697	20028	29987	13643	19749	17936	22371	29181	29426	23348	26300	6657	8038	6686	18908	27808	20494	22266	30343	30186	25769	20815	14499	26683	28057	12358	23355	15248	26251	28043	20108	27538	11042	15188	18129	25326	25873	13161	15318	14955	20044	6717	29205	25833	16081	13997	20351	19590	24293	16201	40709	12589	19178	18820	17143	20718	14131	18930	15086	21293	3762	19511	21237	19285	23016	4118	15864	18842	19600	34318	16018	13902	24142	19279	19792	33447	725	26852	16356	11206	10701	14462	7123	14113	17301	17274	11331	24854	18139	18111	19372	12900	24245	24925	18356	14496	21819	14843	21069	6616	14423	15062	22042	25436	21497	12694	11882	17447	18917	21515	18143	13929	23046	27653	11890	20847	11808	16393	25459	8774	19376	12285	18177	11923	11158	17019	15133	7353	17032	21167	18977	12909	10549	9342	11143	7307	13334	18139	17937	16025	23065	18069	13134	17354	25499	23475	13420	23418	24088	24446	20919	11386	14682	7565	16497	13902	16432	15992	20053	12367	18839	21135	7987	16079	16037	11260	12184	4390	15036	31501	23993	17347	18532	17982	18673	18857	15065	17443	13625	10369	13496	14225	11804	6865	15593	4427	11246	9693	10311	16979	10197	7893	9623	7525	12619	17122	10638	11347	13156	20670	4918	16080	10378	22185	30837	7240	8495	26829	1956	14181	13874	11472	14623	14716	16962	11755	16311	413	850	2218	5122	4827	2273	1352	656	464	1911	4476	4256	2638	4838	505	3561	693	1787	1647	5788	622	1921	2354	2892	7688	14726	349	1121	1694	1939	7528	2759	15818	488	7566	6071	3490	428	2634	1070	13773	1300	610	1245	20081	4890	16196	2030	17799	4063	15552	2956	1508	5182	24066	292	2038	10711	2251	1562	1997	791	3488	18988	1423	4662	6857	19366	6576	1143	21121	3493	5343	2519	2479	27678	2138	2154	463	760	356	1781	30013	24953	15172	26096	23691	2925	1678	11820	20115	19402	21236	23564	5438	13798	22737	7137
d__Bacteria___p__Firmicutes___c__Bacilli	341	350	239	118	87	320	140	104	303	526	193	538	193	1293	437	1480	9265	192	774	403	47	1573	632	795	125	574	1559	3139	2774	1973	497	965	3813	3901	352	222	1123	925	1290	3249	388	141	3570	2440	823	167	10085	1053	189	2322	1818	315	480	793	747	4707	39	655	273	276	610	238	583	80	1126	1950	284	491	737	555	1025	2128	6756	454	320	448	914	1918	968	354	867	2101	492	3734	329	72	473	633	451	249	325	3292	830	675	617	561	0	1331	332	329	1415	351	665	0	289	209	661	405	805	87	879	0	235	437	239	328	593	0	219	738	206	137	0	2770	137	330	635	827	2311	1246	1080	0	349	102	741	483	596	111	12315	42	1917	150	350	769	1452	1003	77	592	1112	746	331	270	726	448	256	352	238	1224	113	353	390	459	48	295	295	2948	322	586	223	148	471	2212	156	378	415	340	39	70	522	1660	621	1127	350	539	575	0	504	623	216	1033	325	1201	327	505	1494	395	396	3770	326	413	430	484	799	821	4937	208	7795	8785	2161	765	2795	2090	1702	832	724	692	2092	620	2395	281	2255	460	428	833	1157	788	2951	4021	1081	1803	2365	3447	3569	6197	1341	1490	910	4509	3807	1121	1139	1461	2293	5774	16718	2370	5198	516	4499	1837	432	269	2127	1210	1117	1092	1835	199	600	2014	3379	4067	117	319	2089	2204	412	284	555	788	99	646	2724	829	1734	152	2516	193	385	740	97	19	80	28	33	164	705	25865	226	63	352	14	124	0	15	28	76	149	102	240	134	97	69	149	32	104	153	69	728	7	156	312	61	11	103	100	68	60	13	132	17	172	255	38	60	680	103	87	51	104	255	12279	17453	60	314	145	113	118	242	379	208	146	86	69	0	114	43	98	364	15	865	1455	0	129	172	408	79	1056	152	56	20116	93	50	40	990	101	55	48	51	0	110	76	63	23	30	512	253	0	208	721	34	129	121	457	10	62	23	56	278	71	100	89	60	13	313	312	302	1557	122	99	105	113	40	14	45	320	189	8	36	327	0	533	152	35	156	79	8495	26829	68	284	386	4986	790	887	601	172	897	17	137	117	114	53	202	106	23	0	138	80	230	84	396	41	108	0	72	111	59	17	68	253	17	138	663	18	34	32	69	42	117	166	26	275	473	585	39	116	81	237	21	0	47	3120	304	271	0	158	19	254	24	486	0	1109	83	27	165	83	36	0	0	242	1168	136	307	30	67	8	0	283	17	22	418	0	48	85	337	9	24	16	244	444	915	989	4305	233	0	21	5984	143	95	250	83	0	128	329	0
d__Bacteria___p__Firmicutes___c__Bacilli___o__Acholeplasmatales	0	0	0	0	0	0	13	0	0	0	0	0	0	0	23	0	0	0	0	0	0	0	0	0	0	0	0	0	0	0	0	0	0	103	0	0	0	0	0	0	0	0	0	0	0	0	0	0	0	0	0	0	0	0	0	0	0	0	0	0	0	0	0	0	0	0	0	0	0	0	0	0	0	0	0	0	0	0	0	0	0	0	0	0	0	0	89	0	0	0	0	0	0	0	0	0	0	0	18	0	0	54	0	0	0	0	0	0	0	0	0	0	0	0	0	0	0	0	0	0	0	0	0	0	0	0	0	17	102	21	53	0	0	30	36	0	0	0	0	0	0	0	0	0	0	0	0	0	0	0	0	0	0	0	0	0	0	0	0	0	0	0	0	0	0	0	0	0	0	0	0	0	0	51	0	0	0	43	0	0	0	0	0	0	0	0	0	0	0	0	0	52	0	0	0	0	0	0	0	0	0	0	0	0	0	0	12	0	0	0	0	0	46	0	36	0	0	73	0	0	0	0	0	0	0	0	0	0	0	0	0	0	0	0	0	0	0	24	0	0	0	0	0	0	0	0	0	56	0	0	8	0	0	0	0	0	0	0	120	0	5	0	0	0	13	0	0	0	0	0	0	0	0	0	0	0	0	0	0	0	0	0	0	0	0	0	0	0	0	0	0	0	0	0	0	0	0	0	18	0	0	0	0	0	0	0	0	0	0	0	0	0	37	0	30	0	0	0	0	0	0	0	0	0	0	400	0	0	0	0	0	0	0	0	0	0	0	0	0	0	0	117	0	0	0	0	0	0	0	0	0	0	0	0	0	304	0	5	0	0	0	0	0	0	0	0	0	0	0	0	0	0	0	0	0	0	0	0	176	0	0	0	0	0	0	0	0	0	0	0	0	0	0	0	0	0	0	0	0	0	0	0	0	0	0	0	0	0	0	32	0	0	0	0	0	0	0	0	0	0	0	0	0	0	7	0	0	0	0	0	0	0	0	0	0	0	0	0	0	0	19	0	0	0	0	0	0	0	0	0	0	0	0	0	0	0	0	0	0	0	0	98	0	0	0	0	0	0	0	0	47	0	0	0	0	0	0	0	0	0	0	488	0	0	0	0	0	0	0	0	0	0	0	0	0	0	0	0	0	0	0	0	0	0	0	0	0	0	11	17	0	0	0	0	0	0	0	0	0	0	0	0	0	0	0
d__Bacteria___p__Firmicutes___c__Bacilli___o__Acholeplasmatales___f__Acholeplasmataceae	0	0	0	0	0	0	13	0	0	0	0	0	0	0	23	0	0	0	0	0	0	0	0	0	0	0	0	0	0	0	0	0	0	103	0	0	0	0	0	0	0	0	0	0	0	0	0	0	0	0	0	0	0	0	0	0	0	0	0	0	0	0	0	0	0	0	0	0	0	0	0	0	0	0	0	0	0	0	0	0	0	0	0	0	0	0	89	0	0	0	0	0	0	0	0	0	0	0	18	0	0	54	0	0	0	0	0	0	0	0	0	0	0	0	0	0	0	0	0	0	0	0	0	0	0	0	0	17	102	21	53	0	0	30	36	0	0	0	0	0	0	0	0	0	0	0	0	0	0	0	0	0	0	0	0	0	0	0	0	0	0	0	0	0	0	0	0	0	0	0	0	0	0	51	0	0	0	43	0	0	0	0	0	0	0	0	0	0	0	0	0	52	0	0	0	0	0	0	0	0	0	0	0	0	0	0	12	0	0	0	0	0	46	0	36	0	0	73	0	0	0	0	0	0	0	0	0	0	0	0	0	0	0	0	0	0	0	24	0	0	0	0	0	0	0	0	0	56	0	0	8	0	0	0	0	0	0	0	120	0	5	0	0	0	13	0	0	0	0	0	0	0	0	0	0	0	0	0	0	0	0	0	0	0	0	0	0	0	0	0	0	0	0	0	0	0	0	0	18	0	0	0	0	0	0	0	0	0	0	0	0	0	37	0	30	0	0	0	0	0	0	0	0	0	0	400	0	0	0	0	0	0	0	0	0	0	0	0	0	0	0	117	0	0	0	0	0	0	0	0	0	0	0	0	0	304	0	5	0	0	0	0	0	0	0	0	0	0	0	0	0	0	0	0	0	0	0	0	176	0	0	0	0	0	0	0	0	0	0	0	0	0	0	0	0	0	0	0	0	0	0	0	0	0	0	0	0	0	0	32	0	0	0	0	0	0	0	0	0	0	0	0	0	0	7	0	0	0	0	0	0	0	0	0	0	0	0	0	0	0	19	0	0	0	0	0	0	0	0	0	0	0	0	0	0	0	0	0	0	0	0	98	0	0	0	0	0	0	0	0	47	0	0	0	0	0	0	0	0	0	0	488	0	0	0	0	0	0	0	0	0	0	0	0	0	0	0	0	0	0	0	0	0	0	0	0	0	0	11	17	0	0	0	0	0	0	0	0	0	0	0	0	0	0	0
d__Bacteria___p__Firmicutes___c__Bacilli___o__Acholeplasmatales___f__Acholeplasmataceae___g__Anaeroplasma	0	0	0	0	0	0	13	0	0	0	0	0	0	0	23	0	0	0	0	0	0	0	0	0	0	0	0	0	0	0	0	0	0	103	0	0	0	0	0	0	0	0	0	0	0	0	0	0	0	0	0	0	0	0	0	0	0	0	0	0	0	0	0	0	0	0	0	0	0	0	0	0	0	0	0	0	0	0	0	0	0	0	0	0	0	0	89	0	0	0	0	0	0	0	0	0	0	0	18	0	0	54	0	0	0	0	0	0	0	0	0	0	0	0	0	0	0	0	0	0	0	0	0	0	0	0	0	17	102	21	53	0	0	30	36	0	0	0	0	0	0	0	0	0	0	0	0	0	0	0	0	0	0	0	0	0	0	0	0	0	0	0	0	0	0	0	0	0	0	0	0	0	0	51	0	0	0	43	0	0	0	0	0	0	0	0	0	0	0	0	0	52	0	0	0	0	0	0	0	0	0	0	0	0	0	0	12	0	0	0	0	0	46	0	36	0	0	73	0	0	0	0	0	0	0	0	0	0	0	0	0	0	0	0	0	0	0	24	0	0	0	0	0	0	0	0	0	56	0	0	8	0	0	0	0	0	0	0	120	0	5	0	0	0	13	0	0	0	0	0	0	0	0	0	0	0	0	0	0	0	0	0	0	0	0	0	0	0	0	0	0	0	0	0	0	0	0	0	18	0	0	0	0	0	0	0	0	0	0	0	0	0	37	0	30	0	0	0	0	0	0	0	0	0	0	400	0	0	0	0	0	0	0	0	0	0	0	0	0	0	0	117	0	0	0	0	0	0	0	0	0	0	0	0	0	304	0	5	0	0	0	0	0	0	0	0	0	0	0	0	0	0	0	0	0	0	0	0	176	0	0	0	0	0	0	0	0	0	0	0	0	0	0	0	0	0	0	0	0	0	0	0	0	0	0	0	0	0	0	32	0	0	0	0	0	0	0	0	0	0	0	0	0	0	7	0	0	0	0	0	0	0	0	0	0	0	0	0	0	0	19	0	0	0	0	0	0	0	0	0	0	0	0	0	0	0	0	0	0	0	0	98	0	0	0	0	0	0	0	0	47	0	0	0	0	0	0	0	0	0	0	488	0	0	0	0	0	0	0	0	0	0	0	0	0	0	0	0	0	0	0	0	0	0	0	0	0	0	11	17	0	0	0	0	0	0	0	0	0	0	0	0	0	0	0
d__Bacteria___p__Firmicutes___c__Bacilli___o__Bacillales	0	0	0	0	0	0	0	0	0	0	0	0	0	0	0	0	4599	0	0	0	0	0	3	0	0	0	0	0	0	0	0	0	0	0	0	0	0	0	0	0	0	0	0	0	0	0	0	0	0	0	0	0	0	0	0	0	0	0	0	0	0	0	0	0	0	0	0	0	0	0	0	0	0	18	0	0	0	84	34	0	0	0	0	0	0	0	0	0	0	0	0	0	0	0	0	0	0	0	0	0	0	0	0	0	0	0	0	0	0	0	0	0	0	0	0	0	0	0	0	0	0	0	0	0	0	0	0	0	0	39	42	0	0	0	0	0	0	0	0	0	0	0	0	0	0	0	0	0	0	0	0	0	0	0	0	0	0	0	0	0	0	0	0	0	0	0	0	0	0	0	0	0	0	0	0	0	0	0	0	0	0	0	0	0	0	0	0	0	0	0	0	0	0	0	0	0	0	0	0	0	0	0	0	109	0	0	0	0	0	0	0	0	0	0	0	0	0	0	0	0	0	0	0	22	0	0	0	0	164	64	120	33	0	0	15	0	86	1485	821	224	19	27	484	2205	6492	469	625	106	1514	0	0	0	0	0	0	0	9	0	0	0	0	0	0	0	0	0	0	0	0	0	0	0	0	0	0	0	9	0	0	0	0	0	0	0	0	0	0	1390	0	0	0	0	0	0	0	0	0	0	0	0	0	0	0	0	0	0	0	0	0	0	0	0	0	0	0	0	0	0	0	0	0	0	0	0	0	0	0	0	0	0	0	5167	986	0	0	0	0	0	0	0	0	0	0	0	0	0	0	0	0	0	0	0	0	0	0	0	0	0	0	0	1051	0	0	0	0	0	0	0	0	0	0	0	0	0	0	0	0	0	11	0	0	0	0	0	0	0	0	0	0	0	0	0	0	0	0	0	0	0	0	0	0	0	0	0	0	0	0	0	0	44	0	0	0	0	0	0	3703	8774	0	6	0	0	0	0	0	0	0	0	0	0	0	0	0	0	0	0	0	0	0	0	0	0	0	0	0	0	0	0	0	0	0	0	0	0	0	0	0	0	0	0	0	0	0	0	0	0	0	0	0	0	0	0	0	0	0	0	0	0	0	0	0	0	0	0	0	0	0	0	0	0	0	0	0	0	0	0	0	0	0	0	39	0	0	0	0	0	0	0	0	0	0	0	0	0	0	0	0	0	0	0	0	0	0	0	0
d__Bacteria___p__Firmicutes___c__Bacilli___o__Bacillales___f__Bacillaceae	0	0	0	0	0	0	0	0	0	0	0	0	0	0	0	0	4599	0	0	0	0	0	3	0	0	0	0	0	0	0	0	0	0	0	0	0	0	0	0	0	0	0	0	0	0	0	0	0	0	0	0	0	0	0	0	0	0	0	0	0	0	0	0	0	0	0	0	0	0	0	0	0	0	18	0	0	0	84	34	0	0	0	0	0	0	0	0	0	0	0	0	0	0	0	0	0	0	0	0	0	0	0	0	0	0	0	0	0	0	0	0	0	0	0	0	0	0	0	0	0	0	0	0	0	0	0	0	0	0	39	42	0	0	0	0	0	0	0	0	0	0	0	0	0	0	0	0	0	0	0	0	0	0	0	0	0	0	0	0	0	0	0	0	0	0	0	0	0	0	0	0	0	0	0	0	0	0	0	0	0	0	0	0	0	0	0	0	0	0	0	0	0	0	0	0	0	0	0	0	0	0	0	0	109	0	0	0	0	0	0	0	0	0	0	0	0	0	0	0	0	0	0	0	22	0	0	0	0	164	64	120	33	0	0	15	0	86	1485	821	224	19	27	484	2205	6492	469	625	106	1514	0	0	0	0	0	0	0	9	0	0	0	0	0	0	0	0	0	0	0	0	0	0	0	0	0	0	0	9	0	0	0	0	0	0	0	0	0	0	1390	0	0	0	0	0	0	0	0	0	0	0	0	0	0	0	0	0	0	0	0	0	0	0	0	0	0	0	0	0	0	0	0	0	0	0	0	0	0	0	0	0	0	0	5167	986	0	0	0	0	0	0	0	0	0	0	0	0	0	0	0	0	0	0	0	0	0	0	0	0	0	0	0	1051	0	0	0	0	0	0	0	0	0	0	0	0	0	0	0	0	0	11	0	0	0	0	0	0	0	0	0	0	0	0	0	0	0	0	0	0	0	0	0	0	0	0	0	0	0	0	0	0	44	0	0	0	0	0	0	3703	8774	0	6	0	0	0	0	0	0	0	0	0	0	0	0	0	0	0	0	0	0	0	0	0	0	0	0	0	0	0	0	0	0	0	0	0	0	0	0	0	0	0	0	0	0	0	0	0	0	0	0	0	0	0	0	0	0	0	0	0	0	0	0	0	0	0	0	0	0	0	0	0	0	0	0	0	0	0	0	0	0	0	0	39	0	0	0	0	0	0	0	0	0	0	0	0	0	0	0	0	0	0	0	0	0	0	0	0
d__Bacteria___p__Firmicutes___c__Bacilli___o__Bacillales___f__Bacillaceae___g__Bacillus	0	0	0	0	0	0	0	0	0	0	0	0	0	0	0	0	4599	0	0	0	0	0	3	0	0	0	0	0	0	0	0	0	0	0	0	0	0	0	0	0	0	0	0	0	0	0	0	0	0	0	0	0	0	0	0	0	0	0	0	0	0	0	0	0	0	0	0	0	0	0	0	0	0	18	0	0	0	84	34	0	0	0	0	0	0	0	0	0	0	0	0	0	0	0	0	0	0	0	0	0	0	0	0	0	0	0	0	0	0	0	0	0	0	0	0	0	0	0	0	0	0	0	0	0	0	0	0	0	0	39	42	0	0	0	0	0	0	0	0	0	0	0	0	0	0	0	0	0	0	0	0	0	0	0	0	0	0	0	0	0	0	0	0	0	0	0	0	0	0	0	0	0	0	0	0	0	0	0	0	0	0	0	0	0	0	0	0	0	0	0	0	0	0	0	0	0	0	0	0	0	0	0	0	109	0	0	0	0	0	0	0	0	0	0	0	0	0	0	0	0	0	0	0	22	0	0	0	0	164	64	120	33	0	0	15	0	86	1485	821	224	19	27	484	2205	6492	469	625	106	1514	0	0	0	0	0	0	0	9	0	0	0	0	0	0	0	0	0	0	0	0	0	0	0	0	0	0	0	9	0	0	0	0	0	0	0	0	0	0	1390	0	0	0	0	0	0	0	0	0	0	0	0	0	0	0	0	0	0	0	0	0	0	0	0	0	0	0	0	0	0	0	0	0	0	0	0	0	0	0	0	0	0	0	5167	986	0	0	0	0	0	0	0	0	0	0	0	0	0	0	0	0	0	0	0	0	0	0	0	0	0	0	0	1051	0	0	0	0	0	0	0	0	0	0	0	0	0	0	0	0	0	0	0	0	0	0	0	0	0	0	0	0	0	0	0	0	0	0	0	0	0	0	0	0	0	0	0	0	0	0	0	0	0	0	0	0	0	0	0	3703	8774	0	6	0	0	0	0	0	0	0	0	0	0	0	0	0	0	0	0	0	0	0	0	0	0	0	0	0	0	0	0	0	0	0	0	0	0	0	0	0	0	0	0	0	0	0	0	0	0	0	0	0	0	0	0	0	0	0	0	0	0	0	0	0	0	0	0	0	0	0	0	0	0	0	0	0	0	0	0	0	0	0	0	39	0	0	0	0	0	0	0	0	0	0	0	0	0	0	0	0	0	0	0	0	0	0	0	0
d__Bacteria___p__Firmicutes___c__Bacilli___o__Erysipelotrichales	271	135	199	43	54	320	82	104	67	203	151	109	130	1277	288	1444	55	156	274	320	29	587	461	40	125	505	1225	2612	2211	1173	441	722	630	2777	194	141	854	807	1036	1818	317	141	774	2144	528	139	6043	374	84	206	1773	275	223	614	582	4707	24	185	151	112	570	209	504	52	1103	1432	284	356	737	401	726	157	113	389	298	388	806	946	898	102	520	1826	248	1274	134	23	118	594	285	229	87	2983	590	157	560	499	0	1229	314	180	1382	223	569	0	262	209	304	150	760	37	810	0	144	0	225	284	285	0	119	610	177	91	0	2033	137	214	402	602	533	794	985	0	307	61	655	0	36	66	7661	19	692	0	31	527	1416	980	77	275	1071	708	281	183	671	407	196	352	202	950	98	93	390	459	0	0	264	497	270	540	104	66	462	2110	105	205	226	236	39	0	398	1341	550	386	86	539	575	0	479	32	205	965	208	818	286	47	1424	395	319	1902	173	333	59	408	646	376	4905	67	7145	17	1009	747	2744	1379	562	630	688	481	1783	446	572	180	2126	88	428	763	927	704	2205	3214	291	685	1775	3161	3516	6082	1015	1435	377	494	1254	553	869	728	318	306	96	749	3368	199	577	1552	346	124	891	1210	1040	383	1805	144	472	1250	2881	3509	76	283	1774	1620	241	202	540	769	81	472	2675	285	1272	130	1912	145	385	667	84	8	27	28	33	128	0	0	208	18	115	0	17	0	15	17	74	139	76	231	124	83	29	134	32	53	108	0	174	7	150	312	24	8	73	53	60	60	13	78	17	172	99	24	34	242	103	33	51	54	241	0	0	39	57	84	113	96	206	204	208	22	29	40	0	83	9	98	284	15	232	1455	0	93	0	55	64	64	152	0	0	93	50	0	915	37	55	28	51	0	110	58	37	15	30	181	19	0	21	540	34	129	25	220	10	62	23	56	278	0	83	81	60	13	21	28	220	1518	83	41	105	113	15	14	43	215	105	8	18	237	0	451	121	22	59	26	0	0	52	253	362	81	168	709	568	172	769	0	0	117	92	53	147	63	23	0	75	34	177	84	348	17	108	0	39	105	21	0	50	214	0	104	641	18	34	32	69	40	0	143	26	129	426	199	39	16	0	183	21	0	0	2801	274	210	0	38	0	118	0	0	0	493	35	0	42	0	36	0	0	37	339	118	164	0	28	0	0	34	17	22	119	0	48	69	15	9	0	16	233	98	909	46	415	161	0	0	359	70	70	172	58	0	120	52	0
d__Bacteria___p__Firmicutes___c__Bacilli___o__Erysipelotrichales___f__Erysipelatoclostridiaceae	252	64	199	14	54	307	7	104	57	45	126	89	32	1212	282	1367	55	140	268	320	29	587	448	40	125	197	548	2612	1954	491	441	707	304	2777	187	141	843	271	435	143	230	105	678	2144	179	106	5528	70	80	77	275	275	223	276	194	4689	24	74	45	98	570	98	504	52	1065	1386	284	356	138	401	706	157	99	250	280	379	774	899	668	102	520	693	199	1274	134	23	56	416	285	229	57	522	590	72	512	484	0	1034	314	141	1382	158	569	0	247	162	89	114	760	37	678	0	107	0	225	284	285	0	105	423	116	91	0	1819	137	165	402	602	533	794	985	0	307	61	655	0	36	66	7661	19	682	0	31	527	722	980	77	275	1071	708	105	183	671	257	196	269	167	950	98	93	390	435	0	0	229	497	270	540	104	66	462	2084	105	205	166	236	39	0	398	1105	28	386	0	539	575	0	479	32	205	496	40	447	281	16	104	395	215	1902	162	289	59	70	509	376	804	67	3663	17	1009	569	2595	1368	562	277	688	434	572	396	497	145	256	88	428	763	391	432	981	2447	291	665	397	3116	102	1016	1015	1435	108	250	1227	276	789	728	318	306	87	749	59	199	100	1147	144	124	181	1146	275	168	512	144	472	1245	898	227	76	118	474	842	236	103	92	661	81	194	1209	285	549	0	132	142	76	415	68	8	27	28	17	40	0	0	94	13	103	0	10	0	15	0	59	46	67	36	27	43	29	102	0	23	0	0	122	0	103	312	24	0	73	29	53	12	0	23	0	54	99	20	17	52	0	29	36	21	59	0	0	39	43	84	40	69	206	11	168	22	5	27	0	0	9	0	230	15	16	84	0	55	0	0	64	21	145	0	0	16	36	0	915	37	0	0	17	0	0	38	37	0	19	125	19	0	11	467	34	129	25	37	0	47	18	46	271	0	51	71	49	0	0	0	65	1360	83	41	10	97	15	14	43	211	78	8	18	151	0	202	30	14	59	26	0	0	52	253	362	0	168	509	526	73	297	0	0	117	92	53	101	63	23	0	75	34	150	84	299	17	108	0	39	79	21	0	0	214	0	104	641	18	34	32	69	40	0	143	0	113	417	199	4	16	0	44	21	0	0	1235	258	161	0	16	0	41	0	0	0	479	0	0	42	0	0	0	0	31	189	118	164	0	28	0	0	0	11	22	119	0	5	61	15	9	0	16	121	41	901	46	60	54	0	0	348	56	70	172	58	0	120	52	0
d__Bacteria___p__Firmicutes___c__Bacilli___o__Erysipelotrichales___f__Erysipelatoclostridiaceae___g__Asteroleplasma	0	0	0	0	0	0	0	0	0	0	0	0	0	0	0	0	0	0	0	0	0	0	0	0	0	0	0	0	0	0	0	0	0	0	0	0	0	0	0	0	0	0	0	0	0	0	0	0	0	0	0	0	0	0	0	0	0	0	0	0	0	0	0	0	0	0	0	0	0	0	0	0	0	0	0	0	0	0	0	0	0	0	0	0	0	0	0	0	0	0	0	0	0	0	0	0	0	0	0	0	0	0	0	0	0	0	0	0	0	0	0	0	0	0	0	0	0	0	0	0	0	0	0	0	0	0	0	0	0	0	0	0	0	0	0	0	0	0	0	0	0	0	0	0	0	0	0	0	0	0	0	0	0	0	0	0	0	0	0	0	0	0	0	0	0	0	0	0	0	0	0	0	0	0	0	0	0	0	0	0	0	0	0	0	0	0	0	0	0	0	0	0	0	0	0	0	0	0	0	0	0	0	0	0	0	0	0	0	0	0	0	0	0	0	0	0	0	0	0	0	0	0	0	0	0	0	0	0	0	0	0	0	0	0	0	0	0	0	0	0	0	0	0	0	0	0	0	0	0	0	0	0	0	0	0	0	0	0	0	0	0	0	0	0	0	0	0	0	0	0	0	0	0	0	0	0	0	0	0	0	0	0	0	0	0	0	0	0	0	0	0	0	0	0	0	0	0	0	0	0	0	0	0	0	0	0	0	0	0	0	0	0	0	0	0	0	0	0	0	0	0	0	0	0	0	0	0	0	0	0	0	0	0	0	0	0	0	0	0	0	0	0	0	0	0	0	0	0	0	0	0	0	0	0	0	0	52	0	0	0	0	0	0	0	0	0	0	0	0	0	0	0	0	0	0	0	0	0	0	0	0	0	0	0	0	0	0	0	0	0	0	0	0	0	0	0	0	0	0	0	0	0	0	0	0	0	0	0	0	0	0	0	0	0	0	0	0	0	0	0	0	0	0	0	0	0	0	0	0	0	0	0	0	0	0	0	0	0	0	0	0	0	0	0	0	0	0	0	0	0	0	0	0	0	0	0	0	0	0	0	0	0	0	0	0	0	0	0	0	0	0	0	0	0	0	0	0	0	0	0	0	0	0	0	0	0	0	0	0	0	0	0	0	0	0	0	0	0	0	0	0	0	0	0	0	0	0	0	0	0	0	0	0	0	0	0	0	0	0	0	0	0	0	0	0
d__Bacteria___p__Firmicutes___c__Bacilli___o__Erysipelotrichales___f__Erysipelatoclostridiaceae___g__Candidatus_Stoquefichus	0	0	0	0	0	0	0	0	0	0	0	0	0	0	0	0	0	0	0	0	0	0	0	0	0	0	0	0	32	0	0	0	0	0	0	0	0	0	0	0	0	0	0	0	0	0	0	0	0	0	0	0	0	0	0	0	0	0	0	0	0	0	0	0	0	0	0	0	0	0	0	0	0	0	0	0	0	0	0	0	0	0	0	0	0	0	0	0	0	0	24	0	0	0	0	0	0	0	0	0	0	0	0	0	0	0	0	0	0	0	0	0	0	0	0	0	0	0	0	0	0	0	0	0	0	0	0	0	0	0	0	0	0	0	0	0	0	0	0	0	0	0	0	0	0	0	0	0	0	0	0	0	0	0	0	0	0	0	0	0	0	0	0	0	0	0	0	0	0	0	0	0	0	0	0	0	0	0	0	0	0	0	0	0	0	0	0	0	0	0	0	0	0	0	0	0	0	0	0	0	0	0	0	0	0	0	0	0	0	0	0	0	0	0	0	0	0	0	0	0	0	0	0	0	0	0	0	0	0	0	0	0	0	0	0	0	0	0	0	0	0	0	0	0	0	0	0	0	0	0	0	0	0	0	0	0	0	0	0	0	0	0	0	0	0	0	0	0	0	0	0	0	0	0	0	0	0	0	0	0	0	0	0	0	0	0	0	0	26	0	0	0	0	0	0	0	0	0	0	0	0	0	0	0	0	0	0	0	0	0	0	0	0	0	0	0	0	0	0	0	0	0	0	0	0	0	0	0	0	0	0	0	0	0	0	0	0	0	0	0	0	0	0	0	0	0	0	0	0	0	0	0	0	0	0	0	0	0	0	0	0	0	0	0	0	0	0	0	0	0	0	0	0	0	0	0	0	0	0	0	0	0	0	0	0	0	0	0	0	0	0	0	0	0	0	0	0	0	0	0	0	0	0	0	0	0	0	0	0	0	0	0	0	0	0	0	0	0	0	0	0	0	0	0	0	0	0	0	0	0	0	0	0	0	0	0	0	0	0	0	0	0	0	0	0	0	0	0	0	0	0	0	0	0	0	0	0	0	0	0	0	0	0	0	0	0	0	0	0	0	0	0	0	0	0	0	0	0	0	0	0	0	0	0	0	0	0	0	0	0	0	0	0	0	0	0	0	0	0	0	0	0	0	0	0	0	0	0	0	0	0	0	0	0	0	0	0	0	0	0	0	0	0	0	0
d__Bacteria___p__Firmicutes___c__Bacilli___o__Erysipelotrichales___f__Erysipelatoclostridiaceae___g__Catenibacterium	0	0	0	0	0	0	0	0	0	0	0	0	0	0	0	0	0	0	0	0	0	0	0	0	0	190	0	0	0	0	0	0	0	0	0	0	0	0	0	0	0	0	0	0	0	0	0	60	0	0	0	0	0	0	0	0	0	0	0	0	0	0	0	0	0	0	0	0	0	0	0	0	0	0	0	0	0	0	0	0	0	0	0	0	0	0	0	0	0	0	0	0	0	0	0	0	0	0	0	0	0	0	0	0	0	0	0	0	0	0	0	0	0	0	0	0	0	0	0	0	0	0	0	0	0	0	0	0	23	5	0	0	0	0	0	0	0	0	0	0	0	0	0	0	0	0	0	0	0	0	0	183	0	0	0	0	0	0	0	0	0	0	0	0	0	0	0	0	0	0	0	0	0	0	0	0	0	0	0	0	0	0	0	0	0	0	0	0	0	364	0	0	0	0	0	0	0	0	0	0	0	0	0	0	0	0	0	10	0	0	0	0	0	0	0	413	0	0	0	0	0	0	0	0	0	432	0	0	0	0	0	0	102	0	0	0	0	0	0	0	0	0	0	0	0	0	0	0	0	0	0	0	0	0	0	0	0	0	0	0	0	0	0	28	386	0	0	0	0	639	0	0	56	0	0	0	0	0	0	0	0	0	0	0	0	0	0	0	0	13	0	0	0	0	0	0	0	0	0	0	22	0	0	0	0	23	0	0	0	0	0	0	0	0	0	0	0	0	0	0	0	0	0	0	0	0	0	0	0	0	0	0	0	0	0	0	0	39	0	0	0	0	0	0	0	0	0	0	0	0	0	0	0	0	0	0	0	0	86	0	0	0	0	0	0	0	0	0	0	0	0	0	0	0	0	0	0	0	0	0	0	0	25	0	0	13	0	0	271	0	0	0	49	0	0	0	0	0	0	0	0	0	0	0	0	0	0	0	0	0	0	202	0	0	0	0	0	0	0	0	0	0	0	0	121	73	0	0	0	0	0	0	0	0	0	0	0	0	0	0	0	0	0	0	0	0	0	0	0	0	0	0	0	0	0	0	0	0	0	0	0	0	0	0	0	0	0	0	0	0	0	0	0	0	0	0	0	0	0	0	0	0	0	0	0	0	0	0	0	0	0	0	0	0	0	0	0	0	0	0	15	0	0	0	0	0	0	0	0	0	0	0	0	0	0	0	0	0	0	0	0	0	120	0	0
d__Bacteria___p__Firmicutes___c__Bacilli___o__Erysipelotrichales___f__Erysipelatoclostridiaceae___g__Coprobacillus	0	0	0	0	0	0	0	0	0	0	0	0	0	0	0	0	0	0	0	0	0	0	0	0	0	0	0	0	0	0	0	0	0	0	0	0	0	0	0	0	0	0	0	0	0	0	0	0	0	0	0	0	0	0	0	0	0	0	0	0	0	0	0	0	0	0	0	0	0	0	0	0	0	0	0	0	0	0	0	0	0	0	0	0	0	0	0	0	0	0	0	0	0	0	0	0	0	0	0	0	0	0	0	0	0	0	0	0	0	0	0	0	0	0	0	0	0	0	0	0	0	0	0	0	0	0	0	0	0	0	0	0	0	0	0	0	0	0	0	0	0	0	0	0	0	0	0	0	0	0	0	0	0	0	0	0	0	0	0	0	0	0	0	0	0	0	0	0	0	0	0	0	0	0	0	0	0	0	0	0	0	0	0	0	0	0	0	0	0	0	0	0	0	0	0	0	0	0	0	0	0	0	0	0	0	0	0	0	0	0	0	0	0	0	0	0	0	0	0	0	0	0	0	0	0	0	0	0	0	0	0	0	0	0	0	0	0	0	0	0	0	0	0	0	0	0	0	0	0	0	0	0	0	0	0	0	0	0	0	0	0	0	0	0	0	0	0	0	0	0	0	0	0	0	0	0	0	0	0	0	0	0	0	0	0	0	0	0	0	0	0	0	0	0	0	0	0	0	0	0	0	0	0	0	0	0	0	0	0	0	0	0	0	0	0	0	0	0	0	0	0	0	0	0	0	0	0	0	0	0	0	0	0	0	0	0	0	0	0	0	0	0	0	0	0	0	0	0	0	0	0	0	0	0	0	0	0	0	0	0	0	0	0	0	0	0	0	0	0	0	0	0	0	0	0	0	0	0	0	0	0	0	0	0	0	0	0	0	0	0	0	0	0	0	0	0	0	220	0	0	0	26	0	0	0	0	0	0	0	0	0	0	0	0	0	0	0	0	0	0	0	0	0	0	0	0	0	0	0	0	0	0	0	0	0	0	0	0	0	0	0	0	0	0	0	0	0	0	0	0	0	0	0	0	0	0	0	0	0	0	0	0	0	0	0	0	0	0	0	0	0	0	0	0	0	0	0	0	0	0	0	0	0	0	0	0	0	0	0	0	0	0	0	0	0	0	0	0	0	0	0	0	0	0	0	0	0	0	0	0	0	0	0	0	0	0	0	0	0	0	0	0	0	0	0
d__Bacteria___p__Firmicutes___c__Bacilli___o__Erysipelotrichales___f__Erysipelatoclostridiaceae___g__Erysipelatoclostridium	17	0	0	0	13	0	7	0	0	0	0	0	0	0	0	0	0	49	0	35	0	0	102	0	0	0	0	0	51	10	0	0	0	0	0	0	0	0	37	52	30	0	0	29	0	7	5436	0	0	0	17	0	0	0	0	26	0	0	0	8	0	32	0	0	0	0	0	0	0	0	21	0	99	0	0	0	0	0	668	0	34	16	0	0	18	23	0	0	164	0	33	0	263	7	75	0	0	0	0	0	50	0	0	0	0	0	0	114	0	0	0	0	0	0	0	0	0	0	44	0	0	0	0	0	0	0	0	0	49	0	0	0	0	20	27	0	36	26	0	0	0	0	0	0	0	0	0	0	0	0	0	0	0	0	0	0	14	0	0	0	0	0	0	0	0	0	0	0	0	0	0	141	0	0	0	0	0	0	273	0	0	0	0	0	33	0	0	0	0	0	0	0	31	0	0	71	0	0	0	0	0	0	0	73	0	0	60	0	95	0	2378	0	0	0	0	0	0	0	497	27	85	0	0	763	10	0	0	0	0	0	184	0	0	22	0	0	0	0	0	12	0	59	39	0	0	0	0	48	0	0	0	32	0	58	0	0	0	0	0	0	20	0	0	0	0	0	160	0	0	0	0	0	0	37	0	0	36	0	0	22	0	0	0	0	0	0	0	0	30	0	0	0	0	0	0	0	28	0	0	15	0	0	0	0	0	0	0	0	21	0	0	0	0	0	0	0	0	0	0	0	0	0	0	0	0	0	0	0	0	0	0	0	0	0	0	0	0	0	0	0	0	0	0	0	0	0	0	0	0	0	0	0	0	0	0	0	12	0	15	0	0	0	0	0	0	0	0	0	0	0	0	0	0	0	0	0	0	0	0	35	0	5	0	0	0	0	0	0	0	0	0	0	0	0	0	0	0	61	0	0	0	0	0	0	0	0	78	0	0	0	0	0	0	0	0	0	0	0	0	0	0	0	0	13	0	0	0	0	0	0	0	0	0	0	0	0	0	0	0	0	0	0	0	0	0	0	0	0	0	0	0	0	0	0	0	0	31	0	0	0	0	0	0	0	0	0	0	17	0	0	0	0	0	0	0	0	0	0	0	0	0	0	0	0	0	0	0	0	0	31	189	0	0	0	0	0	0	0	0	0	0	0	0	0	0	0	0	0	0	0	0	0	0	0	0	0	0	0	0	0	0	0	0	0	0
d__Bacteria___p__Firmicutes___c__Bacilli___o__Erysipelotrichales___f__Erysipelatoclostridiaceae___g__Erysipelotrichaceae_UCG-003	235	42	199	14	41	307	0	104	57	45	126	89	32	1212	282	1367	55	91	268	285	29	587	346	40	109	0	548	2612	1871	410	441	707	304	2777	187	141	838	271	398	91	200	105	678	2115	179	99	92	10	80	30	258	275	223	276	194	4663	24	74	45	90	570	66	504	52	1065	1386	284	356	130	401	685	157	0	250	280	379	236	899	0	102	486	677	199	1274	116	0	56	416	121	229	0	522	327	65	437	484	0	1034	314	141	1332	158	569	0	247	162	89	0	760	37	678	0	107	0	225	284	285	0	0	423	116	91	0	1819	137	165	402	602	461	789	985	0	272	41	628	0	0	40	7661	19	682	0	31	527	722	980	77	275	1071	708	105	0	671	257	196	269	153	950	98	93	390	435	0	0	229	497	270	540	104	66	462	1943	105	188	166	236	39	0	125	1105	28	386	0	539	542	0	479	32	136	132	40	447	250	16	104	324	215	1902	162	289	59	70	509	303	804	67	3603	7	914	569	217	1368	562	277	678	21	572	396	0	118	171	88	428	0	381	0	981	2447	291	652	189	3116	0	994	1015	1435	108	226	1227	105	789	669	279	306	87	749	59	151	100	1147	144	92	181	1088	275	168	512	144	472	1245	878	227	76	90	7	842	76	103	92	22	81	194	1153	248	446	0	96	142	76	393	0	8	27	28	17	40	0	0	38	0	103	0	10	0	15	0	31	46	67	21	5	14	29	102	0	0	0	0	101	0	0	312	24	0	73	25	53	12	0	23	0	54	99	20	17	52	0	29	36	21	53	0	0	39	43	84	40	0	45	11	168	22	5	27	0	0	0	0	230	15	16	84	0	38	0	0	0	21	44	0	0	16	36	0	23	19	0	0	17	0	0	38	37	0	19	125	19	0	11	432	34	124	0	37	0	34	18	0	0	0	51	71	0	0	0	0	65	1079	83	41	10	71	15	14	43	211	0	8	18	11	0	0	30	14	59	26	0	0	52	253	362	0	168	496	405	0	297	0	0	117	92	53	101	63	23	0	75	34	150	84	299	17	108	0	39	79	21	0	0	214	0	104	641	18	34	32	38	40	0	143	0	113	417	199	4	16	0	27	21	0	0	1235	258	161	0	16	0	41	0	0	0	0	0	0	42	0	0	0	0	0	0	118	164	0	28	0	0	0	11	22	104	0	5	61	15	9	0	16	121	41	901	46	60	54	0	0	348	56	70	109	58	0	0	52	0
d__Bacteria___p__Firmicutes___c__Bacilli___o__Erysipelotrichales___f__Erysipelatoclostridiaceae___g__UCG-004	0	22	0	0	0	0	0	0	0	0	0	0	0	0	0	0	0	0	0	0	0	0	0	0	16	7	0	0	0	71	0	0	0	0	0	0	0	0	0	0	0	0	0	0	0	0	0	0	0	0	0	0	0	0	0	0	0	0	0	0	0	0	0	0	0	0	0	0	8	0	0	0	0	0	0	0	538	0	0	0	0	0	0	0	0	0	0	0	0	0	0	0	0	0	0	0	0	0	0	0	0	0	0	0	0	0	0	0	0	0	0	0	0	0	0	0	0	0	61	0	0	0	0	0	0	0	0	0	0	0	0	0	35	0	0	0	0	0	0	0	0	0	0	0	0	0	0	0	0	0	0	0	0	0	0	0	0	0	0	0	0	0	0	0	0	0	0	0	0	0	0	0	0	17	0	0	0	0	0	0	0	0	0	0	0	0	0	0	0	0	0	0	0	0	0	0	0	0	0	0	0	0	0	0	0	0	0	0	0	0	0	0	0	0	10	0	0	0	0	0	0	0	0	0	0	0	0	0	0	13	24	0	0	0	0	0	0	24	0	0	0	0	0	0	0	0	0	0	0	0	0	0	0	0	0	0	0	0	0	0	0	0	0	0	0	0	0	0	0	0	0	0	0	0	0	0	0	0	0	0	0	0	0	0	0	0	0	0	0	0	0	0	0	0	0	0	0	0	0	0	0	29	0	0	0	0	0	0	0	0	0	0	0	0	0	4	0	0	0	0	0	0	0	0	0	0	0	0	0	0	6	0	0	0	0	0	0	5	0	0	0	0	0	0	0	0	9	0	0	0	0	0	0	0	0	0	0	0	0	0	0	0	0	0	0	0	0	0	0	0	0	0	0	0	0	0	0	0	0	0	0	0	0	0	0	0	0	46	0	0	0	0	0	0	0	0	0	0	0	0	0	0	0	0	0	0	0	0	0	0	0	0	0	0	0	0	0	0	0	0	0	0	0	0	0	0	0	0	0	0	0	0	0	0	0	0	0	0	0	0	0	0	0	0	0	0	0	0	0	0	0	0	0	0	0	0	0	0	0	0	0	0	0	0	0	0	0	0	0	0	0	0	0	0	0	0	0	0	0	0	0	0	0	0	0	0	0	0	0	0	0	0	0	0	0	0	0	0	0	0	0	0	0	0	0	0	0	0	0	0	0	0	0	0	0	0	0	0	0	63	0	0	0	0	0
d__Bacteria___p__Firmicutes___c__Bacilli___o__Erysipelotrichales___f__Erysipelotrichaceae	19	71	0	29	0	13	75	0	10	158	25	20	98	65	6	77	0	16	6	0	0	0	13	0	0	308	677	0	257	682	0	15	326	0	7	0	11	536	601	1675	87	36	96	0	349	33	515	304	4	129	1498	0	0	338	388	18	0	111	106	14	0	111	0	0	38	46	0	0	599	0	20	0	14	139	18	9	32	47	230	0	0	1133	49	0	0	0	62	178	0	0	30	2461	0	85	48	15	0	195	0	39	0	65	0	0	15	47	215	36	0	0	132	0	37	0	0	0	0	0	14	187	61	0	0	214	0	49	0	0	0	0	0	0	0	0	0	0	0	0	0	0	10	0	0	0	694	0	0	0	0	0	176	0	0	150	0	83	35	0	0	0	0	24	0	0	35	0	0	0	0	0	0	26	0	0	60	0	0	0	0	236	512	0	86	0	0	0	0	0	0	469	168	371	5	31	1320	0	104	0	11	44	0	338	137	0	4101	0	3482	0	0	178	149	11	0	353	0	47	1211	50	75	35	1870	0	0	0	536	272	1224	767	0	20	1378	45	3414	5066	0	0	269	244	27	277	80	0	0	0	9	0	3309	0	477	405	202	0	710	64	765	215	1293	0	0	5	1983	3282	0	165	1300	778	5	99	448	108	0	278	1466	0	723	130	1780	3	309	252	16	0	0	0	16	88	0	0	114	5	12	0	7	0	0	17	15	93	9	195	97	40	0	32	32	30	108	0	52	7	47	0	0	8	0	24	7	48	13	55	17	118	0	4	17	190	103	4	15	33	182	0	0	0	14	0	73	27	0	193	40	0	24	13	0	83	0	98	54	0	216	1371	0	38	0	55	0	43	7	0	0	77	14	0	0	0	55	28	34	0	110	20	0	15	11	56	0	0	10	73	0	0	0	183	10	15	5	10	7	0	32	10	11	13	21	28	155	158	0	0	95	16	0	0	0	4	27	0	0	86	0	249	91	0	0	0	0	0	0	0	0	81	0	200	42	99	472	0	0	0	0	0	46	0	0	0	0	0	27	0	49	0	0	0	0	26	0	0	50	0	0	0	0	0	0	0	0	0	0	0	26	16	9	0	35	0	0	139	0	0	0	1566	16	49	0	22	0	77	0	0	0	14	35	0	0	0	36	0	0	6	150	0	0	0	0	0	0	34	6	0	0	0	43	8	0	0	0	0	112	57	8	0	355	107	0	0	11	14	0	0	0	0	0	0	0
d__Bacteria___p__Firmicutes___c__Bacilli___o__Erysipelotrichales___f__Erysipelotrichaceae___g__Catenisphaera	0	0	0	0	0	0	0	0	0	0	0	0	0	0	0	0	0	0	0	0	0	0	0	0	0	0	0	0	0	0	0	0	0	0	0	0	0	0	0	0	0	0	0	0	0	0	0	0	0	0	0	0	0	0	0	0	0	0	0	0	0	0	0	0	0	0	0	0	48	0	0	0	0	7	18	0	0	0	0	0	0	0	0	0	0	0	0	0	0	0	0	0	0	0	0	0	0	0	0	0	0	0	0	0	0	0	0	0	0	0	0	0	0	0	0	0	0	0	0	0	0	0	0	0	0	0	0	0	0	0	0	0	0	0	0	0	0	0	0	0	0	0	0	0	0	0	0	0	0	0	0	0	0	0	0	0	0	0	0	0	0	0	0	0	0	0	0	0	0	0	0	0	0	0	0	0	0	0	0	0	495	0	0	0	0	0	0	0	0	0	121	0	0	0	0	0	0	0	0	0	0	0	0	0	0	0	0	0	0	0	0	0	0	0	0	0	0	0	0	0	0	0	0	0	0	0	0	0	0	0	49	0	0	0	0	0	0	0	27	0	0	0	0	0	0	0	0	0	0	0	0	0	0	64	13	0	0	0	0	0	0	0	0	0	0	0	0	0	0	0	0	0	0	0	0	0	0	0	0	0	0	0	0	0	0	0	0	0	0	0	0	0	0	0	0	0	0	0	0	0	11	0	0	0	0	0	0	0	0	0	0	0	0	0	0	0	0	0	0	0	0	0	0	0	0	0	52	0	0	0	0	0	0	0	0	0	42	0	0	0	0	0	0	0	0	0	0	0	0	0	0	0	0	0	0	0	0	0	0	0	0	0	0	0	0	0	0	0	0	0	0	0	0	0	0	0	0	0	0	0	0	0	0	0	0	0	0	0	0	0	0	0	0	0	0	0	53	0	0	0	0	0	0	0	0	0	0	0	0	0	0	0	0	0	0	0	0	0	0	0	0	0	0	0	0	0	0	0	0	0	0	0	0	0	0	0	0	0	0	0	0	0	0	0	0	0	0	0	0	0	0	0	0	0	0	0	0	0	0	0	0	0	0	0	0	0	0	0	0	0	0	0	0	0	0	0	0	0	0	0	0	0	0	0	0	0	36	0	0	0	0	0	0	0	0	0	0	0	0	0	0	0	0	0	0	0	0	0	0	0	0	0	0	0	0	0	0	0	0	0	0	0	0	0	0
d__Bacteria___p__Firmicutes___c__Bacilli___o__Erysipelotrichales___f__Erysipelotrichaceae___g__Dielma	0	3	0	0	0	0	0	0	0	0	0	0	35	0	0	0	0	0	0	0	0	0	0	0	0	0	0	0	42	0	0	0	0	0	0	0	0	0	0	0	0	0	0	0	0	0	0	0	0	0	0	0	0	0	0	0	0	0	0	0	0	0	0	0	0	0	0	0	0	0	0	0	0	0	0	0	0	0	0	0	0	0	0	0	0	0	0	0	0	0	0	0	0	0	0	7	0	0	0	0	0	0	0	0	0	0	0	0	0	0	0	0	0	0	0	0	0	0	0	0	0	0	0	0	0	0	0	0	0	0	0	0	0	0	0	0	0	0	0	0	0	0	0	0	0	0	0	0	0	0	0	0	0	0	0	0	0	0	0	0	0	0	0	0	0	0	0	0	0	0	0	0	0	0	0	0	0	0	0	0	0	0	32	0	0	0	0	0	0	0	0	0	0	0	0	0	0	0	0	0	0	0	0	0	0	0	0	0	0	0	0	0	0	0	0	0	0	0	0	0	0	0	0	0	0	0	0	0	0	0	0	0	0	0	0	0	0	0	0	0	0	0	0	0	0	0	0	0	0	0	0	0	56	0	0	0	0	0	0	0	0	0	0	13	0	0	0	0	0	0	0	0	0	0	0	0	0	0	0	0	0	0	0	0	0	0	0	0	0	0	0	0	0	0	0	0	0	0	0	0	0	0	0	0	0	0	0	0	0	0	0	0	0	0	0	0	0	0	0	0	0	0	0	0	0	0	0	0	0	0	0	0	0	0	0	0	0	0	0	0	0	0	0	0	0	0	0	0	0	0	0	0	0	0	0	0	0	0	0	0	0	0	0	0	0	0	0	0	0	0	0	0	0	0	0	0	0	0	0	7	0	0	0	0	0	0	0	0	0	0	0	0	0	0	0	0	0	0	0	0	0	0	0	0	0	0	0	0	0	0	0	0	0	0	0	0	0	0	0	0	0	0	0	0	0	0	0	0	0	0	0	0	0	0	0	0	0	0	0	0	0	0	0	0	0	0	0	0	0	0	0	0	0	0	0	0	0	0	0	0	0	16	0	0	0	0	0	108	0	0	0	0	0	13	0	0	0	0	0	0	0	0	0	0	0	0	0	0	0	0	0	0	0	0	0	0	0	0	0	0	0	0	0	0	0	0	0	0	0	0	0	0	0	0	0	0	0	0	0	0	0	0	0	0	0
d__Bacteria___p__Firmicutes___c__Bacilli___o__Erysipelotrichales___f__Erysipelotrichaceae___g__Erysipelotrichaceae_UCG-006	0	0	0	0	0	0	0	0	0	0	0	0	0	0	0	0	0	0	0	0	0	0	0	0	0	0	0	0	0	0	0	0	0	0	0	0	0	0	0	0	0	0	0	0	0	0	0	0	0	0	0	0	0	0	0	0	0	0	0	0	0	0	0	0	0	0	0	0	0	0	0	0	0	0	0	0	0	0	0	0	0	0	0	0	0	0	0	0	0	0	0	0	0	0	0	0	0	0	0	0	0	0	0	0	0	0	0	0	0	0	0	0	0	0	0	0	0	0	0	0	0	0	0	0	0	0	0	0	0	0	0	0	0	0	0	0	0	0	0	0	0	0	0	0	0	0	0	0	0	0	0	0	0	0	0	0	0	0	0	0	0	0	0	0	0	0	0	0	0	0	0	0	0	0	0	0	0	0	0	0	0	0	0	0	0	0	0	0	0	0	0	0	0	0	0	0	0	0	0	0	0	0	0	0	0	0	0	0	0	0	0	0	0	0	0	0	0	0	0	0	0	0	0	0	0	0	21	0	0	0	0	0	0	0	0	0	0	0	0	0	0	0	0	0	0	0	0	0	0	0	0	0	0	0	0	0	0	0	0	0	0	0	0	0	0	0	0	0	0	0	0	0	0	0	0	0	0	0	0	0	0	0	0	0	0	0	0	0	0	0	0	0	0	0	0	0	0	0	0	0	6	0	0	0	0	0	0	0	0	0	0	0	0	0	0	0	0	0	0	0	0	0	0	0	0	0	0	0	0	0	0	0	0	0	0	0	0	0	0	0	0	0	0	0	0	0	0	0	0	0	0	0	0	0	0	0	0	0	0	0	0	0	0	0	0	0	0	0	0	0	0	0	0	0	0	0	0	0	0	0	0	0	0	0	0	0	0	0	0	0	0	0	0	0	0	0	0	0	0	0	0	0	0	0	0	0	0	0	0	0	0	0	0	0	0	0	0	0	0	0	0	0	0	0	0	0	0	0	0	0	0	0	0	0	0	0	0	0	0	0	0	0	0	0	0	0	0	0	0	0	0	0	0	0	0	0	0	0	0	0	0	0	0	0	0	0	0	0	0	0	0	0	0	0	0	0	0	0	0	0	0	0	0	0	0	0	0	0	0	0	0	0	0	0	0	0	0	0	0	0	0	0	0	0	0	0	0	0	0	0	0	0	0	0	0	0	0	0	0	0	0	0	0	0	0
d__Bacteria___p__Firmicutes___c__Bacilli___o__Erysipelotrichales___f__Erysipelotrichaceae___g__Faecalicoccus	0	0	0	0	0	0	0	0	0	0	0	0	0	0	0	0	0	0	0	0	0	0	0	0	0	0	0	0	0	0	0	0	0	0	0	0	0	0	0	0	0	0	0	0	0	0	0	0	0	0	0	0	0	0	0	0	0	0	0	0	0	0	0	0	0	0	0	0	0	0	0	0	0	0	0	0	0	0	0	0	0	0	0	0	0	0	0	0	0	0	0	0	0	0	0	0	0	0	0	0	0	39	0	0	0	0	0	0	0	0	0	0	0	0	0	0	0	0	0	0	0	0	0	0	0	0	0	0	0	0	0	0	0	0	0	0	0	0	0	0	0	0	0	0	0	0	0	0	0	0	0	0	0	0	0	0	0	0	0	0	0	0	0	0	0	0	0	0	0	0	0	0	0	0	0	0	0	0	0	0	0	0	0	0	0	0	0	0	0	0	0	0	0	0	0	0	0	0	0	0	0	0	0	0	0	0	0	0	0	0	0	0	0	0	0	0	0	0	0	0	0	0	0	0	0	0	0	0	0	0	0	0	0	0	0	0	0	0	0	0	0	0	0	0	0	0	0	0	0	0	0	0	0	0	0	0	0	0	0	0	0	0	0	0	0	0	0	0	0	0	0	0	0	0	0	0	0	0	58	0	0	0	0	0	0	0	0	0	0	0	0	0	0	0	0	0	0	0	0	0	0	0	0	0	0	0	0	0	0	0	0	0	0	0	0	0	0	0	0	0	0	0	0	0	0	0	0	0	0	0	0	0	0	0	0	0	0	0	0	0	0	0	0	0	0	0	0	0	0	0	0	0	0	0	0	0	0	0	0	0	0	0	0	0	0	0	0	0	0	0	0	0	0	0	0	0	0	0	0	0	0	0	0	0	0	0	0	0	0	0	0	0	0	0	0	0	0	0	0	0	0	0	0	0	0	0	0	0	0	0	0	0	0	0	0	0	0	0	0	0	0	0	0	0	0	0	0	0	0	0	0	0	0	0	0	0	0	0	0	0	0	0	0	0	0	0	0	0	0	0	0	0	0	0	0	0	0	0	0	0	0	0	0	0	0	0	0	0	0	0	0	0	0	0	0	0	0	0	0	0	0	0	0	0	0	0	0	0	0	0	0	0	0	0	0	0	0	0	0	0	0	0	0	0	0	0	0	0	0	0	0	0	0	0	0	0	0	0	0	0	0	0	0	0	0
d__Bacteria___p__Firmicutes___c__Bacilli___o__Erysipelotrichales___f__Erysipelotrichaceae___g__Faecalitalea	19	0	0	0	0	0	0	0	0	0	15	0	0	0	0	0	0	0	0	0	0	0	13	0	0	0	0	0	179	0	0	0	0	0	0	0	0	0	0	0	50	0	46	0	0	33	191	31	0	0	0	0	0	0	0	0	0	0	0	14	0	0	0	0	0	0	0	0	0	0	20	0	0	0	0	9	0	0	0	0	0	0	15	0	0	0	0	0	0	0	15	0	0	0	0	0	0	0	0	0	0	0	0	0	0	0	0	0	0	0	0	0	0	0	0	0	0	0	0	139	0	0	0	0	0	0	0	0	0	0	0	0	0	0	0	0	0	0	0	0	0	0	0	0	0	0	0	0	0	0	0	0	0	0	0	83	35	0	0	0	0	24	0	0	0	0	0	0	0	0	0	0	0	0	0	0	0	0	0	0	0	0	0	0	0	0	0	0	0	0	0	0	0	11	0	0	0	0	0	0	0	0	66	0	0	0	167	0	0	0	0	11	0	0	0	0	0	0	0	0	1345	0	0	0	0	0	0	0	0	0	0	0	0	0	0	0	0	0	0	0	0	0	0	0	9	0	0	0	0	0	0	0	0	0	0	0	6	0	0	0	0	0	0	0	0	0	0	0	0	0	0	0	0	0	0	0	0	0	0	95	0	0	0	0	0	15	0	0	40	0	0	0	0	0	0	0	0	0	0	0	0	0	0	0	0	0	0	0	0	0	0	0	0	0	0	0	0	0	0	0	0	0	0	0	0	0	0	0	0	0	0	0	0	0	0	0	0	0	0	0	0	0	0	0	0	0	0	0	0	0	0	0	0	0	0	0	0	0	0	0	0	0	0	0	0	0	0	0	0	0	0	0	0	0	0	22	0	0	0	39	0	0	0	0	0	0	0	0	0	0	13	0	0	0	0	0	0	0	0	0	0	0	0	0	0	0	0	0	0	0	0	0	0	0	0	0	0	0	0	0	0	0	0	0	0	0	0	0	0	0	0	0	0	0	0	0	0	0	0	0	0	0	0	0	0	0	0	0	0	0	0	0	0	0	0	0	0	0	0	0	0	0	9	0	0	0	0	0	0	0	0	0	0	0	0	0	0	0	0	0	0	0	0	0	0	0	0	0	0	0	49	0	0	0	0	0	0	0	0	0	0	0	0	8	0	0	0	0	0	0	0	0	0	0	0	0	0	14	0	0	0	0	0	0	0
d__Bacteria___p__Firmicutes___c__Bacilli___o__Erysipelotrichales___f__Erysipelotrichaceae___g__Holdemanella	0	8	0	29	0	0	75	0	0	117	0	20	0	65	0	77	0	0	0	0	0	0	0	0	0	243	665	0	0	0	0	0	312	0	0	0	0	526	587	1675	37	0	0	0	349	0	16	267	0	129	1498	0	0	338	388	0	0	94	106	0	0	111	0	0	38	46	0	0	515	0	0	0	0	132	0	0	0	0	0	0	0	1133	34	0	0	0	0	178	0	0	0	2461	0	85	0	0	0	195	0	0	0	0	0	0	0	47	206	0	0	0	132	0	0	0	0	0	0	0	0	27	0	0	0	214	0	49	0	0	0	0	0	0	0	0	0	0	0	0	0	0	0	0	0	0	694	0	0	0	0	0	176	0	0	150	0	0	0	0	0	0	0	0	0	0	35	0	0	0	0	0	0	0	0	0	0	0	0	0	0	236	0	0	0	0	0	0	0	0	0	469	47	371	0	0	1320	0	104	0	0	0	0	306	0	0	3639	0	3315	0	0	178	0	0	0	353	0	0	1049	0	0	0	445	0	0	0	536	272	1166	767	0	0	1200	40	3414	5038	0	0	179	193	0	15	0	0	0	0	0	0	3309	0	477	405	115	0	640	0	743	178	1287	0	0	0	1897	3248	0	76	1294	746	5	0	436	0	0	278	957	0	674	130	1780	0	0	0	0	0	0	0	0	0	0	0	0	0	0	0	7	0	0	0	0	83	9	195	47	40	0	0	32	30	99	0	0	0	0	0	0	0	0	24	0	48	0	55	0	17	0	0	17	186	0	0	0	33	150	0	0	0	0	0	31	27	0	184	40	0	0	13	0	83	0	98	45	0	213	1371	0	0	0	0	0	0	0	0	0	77	0	0	0	0	0	0	34	0	84	20	0	0	0	0	0	0	0	0	0	0	0	115	0	15	0	10	0	0	0	0	0	0	21	0	96	0	0	0	95	0	0	0	0	0	0	0	0	43	0	169	68	0	0	0	0	0	0	0	0	81	0	200	42	99	472	0	0	0	0	0	46	0	0	0	0	0	27	0	49	0	0	0	0	26	0	0	0	0	0	0	0	0	0	0	0	0	0	0	26	0	0	0	35	0	0	0	0	0	0	1566	0	0	0	0	0	77	0	0	0	0	35	0	0	0	0	0	0	0	0	0	0	0	0	0	0	0	0	0	0	0	43	0	0	0	0	0	89	0	0	0	355	107	0	0	0	0	0	0	0	0	0	0	0
d__Bacteria___p__Firmicutes___c__Bacilli___o__Erysipelotrichales___f__Erysipelotrichaceae___g__Holdemania	0	12	0	0	0	0	0	0	0	0	10	0	0	0	0	0	0	0	0	0	0	0	0	0	0	0	0	0	19	0	0	0	5	0	0	0	11	0	14	0	0	0	0	0	0	0	0	0	0	0	0	0	0	0	0	0	0	0	0	0	0	0	0	0	0	0	0	0	0	0	0	0	0	0	0	0	25	0	0	0	0	0	0	0	0	0	0	0	0	0	0	0	0	0	0	8	0	0	0	0	0	0	0	0	0	0	0	0	0	0	0	0	0	0	0	0	0	0	0	0	0	0	0	0	0	0	0	0	0	0	0	0	0	0	0	0	0	0	0	0	10	0	0	0	0	0	0	0	0	0	0	0	0	0	0	0	0	0	0	0	0	0	0	0	0	0	0	0	0	0	0	26	0	0	0	0	0	0	0	0	0	0	0	0	0	0	0	0	0	0	0	0	0	0	0	0	0	0	11	0	0	0	0	0	0	0	0	0	0	0	30	0	0	0	0	0	0	0	29	0	0	0	0	0	0	0	0	0	0	20	0	5	0	13	0	0	11	0	0	0	0	0	0	0	0	0	0	0	0	0	0	0	0	0	0	37	0	0	0	0	0	34	0	0	0	14	0	0	0	67	0	0	0	0	0	0	0	0	24	114	0	0	0	0	16	59	0	0	37	0	0	0	0	0	0	0	0	0	0	0	0	0	0	10	0	0	0	0	52	0	0	0	0	0	0	0	0	0	0	0	0	9	0	0	0	0	0	0	0	0	0	0	0	0	0	0	0	0	0	0	0	0	0	0	0	0	0	0	0	0	0	0	0	13	0	0	0	0	0	0	0	0	14	0	0	0	0	0	0	0	0	0	0	9	11	34	0	0	0	0	0	0	0	0	0	0	0	0	7	0	0	0	11	0	0	0	6	16	0	0	0	16	0	0	0	4	22	0	0	0	0	0	0	0	0	0	0	0	0	0	0	0	0	0	0	0	0	0	0	0	0	0	0	0	0	0	0	0	0	0	0	0	0	0	0	0	0	0	0	0	0	0	0	0	0	0	0	0	0	0	0	0	0	0	0	0	0	0	0	0	0	0	0	0	0	0	0	0	0	0	0	0	0	0	0	0	0	0	0	0	0	0	0	0	0	0	0	0	0	0	0	0	0	0	0	0	0	0	0	0	0	0	0	0	0	0	0	0	0	0	0	0	0	0	0
d__Bacteria___p__Firmicutes___c__Bacilli___o__Erysipelotrichales___f__Erysipelotrichaceae___g__Merdibacter	0	26	0	0	0	13	0	0	0	0	0	0	0	0	6	0	0	16	0	0	0	0	0	0	0	0	0	0	0	538	0	15	9	0	0	0	0	10	0	0	0	0	0	0	0	0	0	0	0	0	0	0	0	0	0	0	0	17	0	0	0	0	0	0	0	0	0	0	0	0	0	0	0	0	0	0	7	0	11	0	0	0	0	0	0	0	21	0	0	0	0	0	0	0	0	0	0	0	0	39	0	26	0	0	0	0	0	0	0	0	0	0	13	0	0	0	0	0	0	0	61	0	0	0	0	0	0	0	0	0	0	0	0	0	0	0	0	0	0	0	0	0	0	0	0	0	0	0	0	0	0	0	0	0	0	0	0	0	0	0	0	0	0	0	0	0	0	0	0	0	0	0	0	0	0	0	0	0	0	0	17	0	0	0	0	0	0	0	0	0	0	0	5	0	0	0	0	0	0	44	0	0	0	0	0	0	0	0	0	0	37	0	0	0	0	47	0	34	27	0	0	0	0	0	0	0	0	0	0	0	21	0	0	0	0	0	0	51	0	0	0	0	0	0	0	0	0	0	0	0	0	0	0	0	0	0	0	0	0	0	0	0	0	19	6	0	0	0	0	0	0	0	0	0	0	0	0	3	0	0	0	0	0	0	0	0	0	0	0	0	0	0	0	0	0	14	0	10	0	0	0	0	0	0	0	0	0	0	0	0	0	0	0	0	0	0	0	0	0	0	0	26	0	0	0	0	0	0	4	0	0	0	0	0	0	0	0	0	0	9	0	0	0	0	0	0	0	0	0	0	0	0	0	0	0	0	0	0	7	0	0	0	0	0	0	0	55	28	0	0	0	0	0	0	0	0	0	0	0	0	0	0	0	68	0	0	0	0	0	0	0	10	0	0	0	0	0	58	0	0	0	0	0	0	0	0	5	0	0	10	0	0	0	0	0	0	0	0	0	0	0	0	0	0	0	0	0	0	0	0	0	0	0	0	0	0	0	0	0	0	0	0	0	0	0	0	0	0	0	0	0	0	0	0	0	0	0	0	0	0	0	0	0	0	0	0	0	0	0	0	0	0	16	0	0	0	0	0	0	0	0	5	0	0	0	0	0	0	0	0	0	0	0	0	0	0	0	0	0	0	0	0	0	0	0	0	0	0	0	0	0	0	0	0	0	0	0	0	0	0	0	0	0	0	0
d__Bacteria___p__Firmicutes___c__Bacilli___o__Erysipelotrichales___f__Erysipelotrichaceae___g__Solobacterium	0	0	0	0	0	0	0	0	0	41	0	0	0	0	0	0	0	0	0	0	0	0	0	0	0	0	0	0	17	0	0	0	0	0	7	0	0	0	0	0	0	0	43	0	0	0	0	6	0	0	0	0	0	0	0	0	0	0	0	0	0	0	0	0	0	0	0	0	0	0	0	0	0	0	0	0	0	0	0	0	0	0	0	0	0	0	0	0	0	0	0	0	0	0	0	0	0	0	0	0	0	0	0	0	0	0	0	0	0	0	0	0	0	0	0	0	0	0	0	0	0	0	0	0	0	0	0	0	0	0	0	0	0	0	0	0	0	0	0	0	0	0	0	0	0	0	0	0	0	0	0	0	0	0	0	0	0	0	0	0	0	0	0	0	0	0	0	0	0	0	0	0	0	0	60	0	0	0	0	0	0	0	0	0	0	0	0	0	0	0	0	0	0	0	0	0	0	0	0	0	0	0	0	0	444	0	0	0	0	0	0	0	0	0	0	0	162	0	0	0	0	0	0	0	0	0	12	0	0	0	39	0	0	15	0	0	0	0	0	0	80	0	0	0	0	0	0	0	0	0	0	0	14	0	9	0	0	0	0	5	0	0	0	0	0	0	0	0	0	0	0	0	471	0	0	0	0	0	227	0	0	0	0	0	0	0	0	0	0	0	0	0	0	0	0	0	0	0	0	0	0	0	0	0	0	0	0	0	0	0	0	0	0	0	0	0	0	0	0	0	0	66	0	0	0	0	45	0	0	0	0	0	0	0	0	0	0	0	0	0	0	0	0	0	0	0	0	0	0	0	3	0	0	0	0	0	0	0	0	0	0	0	0	0	0	0	0	0	0	0	0	0	0	0	0	0	0	0	0	0	0	0	0	0	0	0	0	0	0	0	0	0	0	0	0	28	0	0	0	0	0	0	0	0	0	0	0	0	0	0	0	0	0	0	0	0	0	0	0	0	0	0	0	0	0	0	0	0	0	0	0	0	0	0	0	0	0	0	0	0	0	0	0	0	0	0	0	0	50	0	0	0	0	0	0	0	0	0	0	0	0	0	0	0	0	0	0	0	0	0	0	0	0	0	0	0	0	0	0	0	0	0	0	0	0	0	0	0	0	0	0	0	0	0	0	0	0	0	0	0	0	0	0	0	0	0	0	0	0	0	0	0	0	0	0	0	11	0	0	0	0	0	0	0	0
d__Bacteria___p__Firmicutes___c__Bacilli___o__Erysipelotrichales___f__Erysipelotrichaceae___g__Turicibacter	0	22	0	0	0	0	0	0	10	0	0	0	0	0	0	0	0	0	6	0	0	0	0	0	0	65	12	0	0	144	0	0	0	0	0	0	0	0	0	0	0	36	0	0	0	0	19	0	4	0	0	0	0	0	0	0	0	0	0	0	0	0	0	0	0	0	0	0	36	0	0	0	0	0	0	0	0	0	0	0	0	0	0	0	0	0	41	0	0	0	15	0	0	0	0	0	0	0	0	0	0	0	0	0	15	0	9	0	0	0	0	0	24	0	0	0	0	0	0	21	0	0	0	0	0	0	0	0	0	0	0	0	0	0	0	0	0	0	0	0	0	0	0	0	0	0	0	0	0	0	0	0	0	0	0	0	0	0	0	0	0	0	0	0	0	0	0	0	0	0	0	0	0	0	0	0	0	0	0	0	0	0	0	0	0	0	0	0	0	0	0	0	0	0	0	0	0	0	0	0	0	0	71	0	18	0	0	0	0	0	0	0	0	0	0	0	0	16	0	0	80	0	0	0	0	0	25	0	0	0	41	0	0	0	0	0	79	0	0	262	0	0	0	0	0	0	0	0	0	0	87	0	0	0	0	0	0	0	0	0	86	0	0	57	0	18	0	0	12	0	0	0	38	0	49	0	0	0	0	43	16	0	0	0	0	14	0	0	13	5	12	0	0	0	0	3	15	0	0	0	33	0	0	22	0	0	9	0	0	7	47	0	0	8	0	0	7	0	13	0	17	0	0	4	0	4	6	4	11	0	32	0	0	0	14	0	0	0	0	0	0	0	24	0	0	0	0	0	9	0	0	0	0	25	0	55	0	43	0	0	0	0	0	0	0	0	0	0	0	0	26	0	0	6	0	0	0	0	10	11	0	0	0	0	10	0	5	0	0	0	0	0	0	13	0	0	0	0	0	0	0	0	0	0	0	0	0	0	0	33	0	80	23	0	0	0	0	0	0	0	0	0	0	0	0	0	0	0	0	0	0	0	0	0	0	0	0	0	0	0	0	0	0	0	0	0	0	0	0	0	0	0	0	0	0	0	0	0	0	0	0	0	0	0	0	0	0	0	0	0	0	0	0	0	0	22	0	0	0	0	0	9	0	0	0	0	0	0	0	6	101	0	0	0	0	0	0	34	6	0	0	0	0	0	0	0	0	0	23	57	8	0	0	0	0	0	0	0	0	0	0	0	0	0	0
d__Bacteria___p__Firmicutes___c__Bacilli___o__Izemoplasmatales	0	170	0	0	0	0	0	0	0	0	0	0	0	0	0	0	0	0	0	0	0	0	0	0	0	0	0	0	0	0	0	0	74	0	0	0	0	0	26	0	0	0	0	0	0	0	0	0	0	0	0	0	0	0	0	0	0	0	0	0	0	0	0	0	0	0	0	0	0	0	0	0	0	0	0	0	22	0	0	0	0	0	0	0	0	0	0	0	0	0	11	0	0	0	0	0	0	0	0	0	0	0	0	0	0	0	0	0	0	0	0	0	34	0	0	0	0	0	29	0	0	0	0	0	0	0	0	0	0	0	0	0	0	0	0	0	50	0	0	0	0	0	0	0	0	0	0	0	0	0	0	0	0	0	0	0	0	0	15	0	0	0	0	0	0	0	0	0	30	0	9	0	0	0	0	0	0	0	0	0	0	0	0	0	0	0	0	0	0	0	0	0	0	0	0	0	0	0	0	10	0	0	0	0	0	0	0	0	0	0	0	0	0	0	0	0	0	0	0	0	0	0	0	0	0	0	0	0	0	0	0	0	0	0	0	0	75	92	0	0	0	0	0	0	0	0	0	0	0	0	0	0	0	0	36	0	21	0	0	0	0	0	0	7	0	0	0	0	0	0	0	0	0	0	0	0	0	0	0	0	0	0	0	0	0	0	0	0	0	0	0	14	0	0	0	11	0	3	8	9	10	11	20	0	0	5	0	0	0	0	6	0	0	0	0	47	0	0	0	37	0	0	0	0	0	22	0	43	0	0	6	0	0	0	0	0	0	22	36	91	0	7	0	0	0	0	0	0	0	0	0	0	0	0	163	0	0	0	0	0	0	0	0	0	47	0	0	20	0	0	0	0	0	0	0	0	0	0	0	0	0	0	0	85	0	0	0	0	0	0	0	8	0	0	226	0	0	0	0	58	0	0	0	0	0	0	0	0	0	0	0	0	0	0	0	0	0	0	0	0	0	0	0	0	0	0	0	0	0	0	0	0	0	0	0	0	0	0	0	0	0	0	0	0	0	0	0	0	0	0	0	0	0	0	0	0	0	0	0	0	0	0	0	0	0	0	0	0	0	0	0	0	0	0	0	0	0	0	0	0	0	111	0	0	0	0	0	0	0	0	0	0	0	0	0	8	0	234	0	0	0	0	0	0	0	0	0	0	0	0	0	0	0	0	0	0	0	0	0	0	0	0	0	0	0
d__Bacteria___p__Firmicutes___c__Bacilli___o__Lactobacillales	70	45	40	75	33	0	45	0	236	323	42	429	63	16	126	36	3951	36	500	83	18	986	168	755	0	69	318	508	534	767	56	243	3109	988	158	81	269	118	228	1421	71	0	2734	296	295	28	3978	672	105	2116	45	40	257	170	165	0	15	470	122	164	40	29	79	28	23	518	0	135	0	154	299	1971	6643	47	22	60	86	884	36	219	347	275	244	2433	195	49	258	39	166	20	227	309	240	518	57	62	0	102	0	149	33	74	96	0	27	0	357	240	45	50	69	0	57	437	14	44	284	0	52	128	29	46	0	712	0	116	233	208	1120	374	0	0	42	11	50	455	510	45	4654	23	1225	134	319	242	36	23	0	276	41	38	50	67	55	41	60	0	36	274	0	246	0	0	48	295	31	2404	52	46	89	82	0	102	51	122	189	104	0	27	124	319	71	693	264	0	0	0	25	591	11	68	117	331	41	409	70	0	63	1855	153	70	347	76	153	336	21	134	622	8700	1123	18	51	711	1094	192	0	193	309	101	1823	96	123	330	0	48	230	84	708	753	536	972	394	253	44	97	311	55	338	1770	1370	256	251	699	1263	2296	7076	944	897	113	1721	267	78	145	1236	0	41	654	0	55	8	764	493	558	37	29	302	584	171	82	12	0	18	158	49	535	462	22	576	44	0	73	13	11	53	0	0	36	705	13581	18	45	237	0	107	0	0	0	0	7	0	0	0	3	20	15	0	39	45	69	554	0	0	0	0	3	0	0	8	0	0	14	0	0	156	14	26	0	0	0	0	50	0	5559	10127	21	257	61	0	0	0	81	0	0	57	29	0	31	34	0	80	0	631	0	0	36	9	49	15	987	0	56	10515	0	0	34	28	64	0	0	0	0	0	18	26	0	0	329	234	0	0	181	0	0	96	152	0	0	0	0	0	71	17	0	0	0	66	131	82	39	39	0	0	0	25	0	2	105	84	0	18	14	0	80	31	8	97	53	3789	12815	16	25	24	4641	612	178	26	0	128	17	137	0	22	0	55	43	0	0	63	46	53	0	29	24	0	0	33	6	38	17	18	39	17	34	22	0	0	0	0	2	102	23	0	48	47	379	0	100	81	41	0	0	0	319	30	61	0	120	19	136	24	319	0	17	48	27	123	83	0	0	0	205	829	18	143	30	39	0	0	15	0	0	260	0	0	16	322	0	24	0	0	329	6	943	3890	72	0	21	5593	73	23	78	25	0	8	269	0
d__Bacteria___p__Firmicutes___c__Bacilli___o__Lactobacillales___f__Aerococcaceae	0	0	0	0	0	0	0	0	0	0	0	0	2	0	0	0	0	0	0	0	0	0	0	0	0	0	0	0	0	0	0	0	0	0	0	0	0	0	0	0	0	0	0	0	0	0	0	0	0	0	0	0	0	0	0	0	0	0	0	0	0	0	0	0	0	0	0	0	0	0	0	0	0	0	0	0	0	0	0	0	0	0	0	0	0	0	0	0	0	0	0	0	0	0	0	0	0	0	0	0	0	0	0	0	0	0	0	0	0	0	0	0	0	0	0	0	0	0	0	0	0	0	0	0	0	0	0	0	0	0	0	0	0	0	0	0	0	0	0	0	0	0	0	0	0	0	0	0	0	0	0	0	0	0	0	0	0	0	0	0	0	0	0	0	0	0	0	0	0	0	0	0	0	0	0	0	0	0	0	0	0	0	0	0	0	0	0	0	0	0	0	0	0	0	0	0	0	0	0	0	0	0	0	0	0	0	0	0	0	0	0	0	0	0	0	0	0	0	0	0	0	0	0	0	0	0	0	0	0	0	0	0	0	0	0	0	0	0	0	0	0	0	0	0	0	0	0	0	0	0	0	0	0	0	0	0	0	0	0	0	0	0	0	0	0	0	0	0	0	0	0	0	0	0	0	0	0	0	0	0	0	0	0	0	0	0	0	0	0	0	0	0	0	0	0	0	0	0	0	0	0	0	0	0	0	0	0	0	0	0	0	0	0	0	0	0	0	0	0	0	0	0	0	0	0	0	0	0	0	0	0	0	0	0	0	0	0	0	0	0	0	0	0	0	0	0	0	0	0	0	0	0	0	0	0	0	0	0	0	0	0	0	0	0	0	0	0	0	0	0	0	0	0	0	0	0	0	0	0	0	0	0	0	0	0	0	0	0	0	0	0	0	0	0	0	0	0	0	0	0	0	0	0	0	0	0	0	0	0	0	0	0	0	0	0	0	0	0	0	0	0	0	0	0	0	0	0	0	0	0	0	0	0	0	0	0	0	0	0	0	0	0	0	0	0	0	0	0	0	0	0	0	0	0	0	0	0	0	0	0	0	0	0	0	0	0	0	0	0	0	0	0	0	0	0	0	0	0	0	0	0	0	0	0	0	0	0	0	0	0	0	0	0	0	0	0	0	0	0	0	0	0	0	0	0	0	0	0	0	0	0	0	0	0	0	0	0	0	0	0	0	0	0	0	0
d__Bacteria___p__Firmicutes___c__Bacilli___o__Lactobacillales___f__Aerococcaceae___g__Abiotrophia	0	0	0	0	0	0	0	0	0	0	0	0	2	0	0	0	0	0	0	0	0	0	0	0	0	0	0	0	0	0	0	0	0	0	0	0	0	0	0	0	0	0	0	0	0	0	0	0	0	0	0	0	0	0	0	0	0	0	0	0	0	0	0	0	0	0	0	0	0	0	0	0	0	0	0	0	0	0	0	0	0	0	0	0	0	0	0	0	0	0	0	0	0	0	0	0	0	0	0	0	0	0	0	0	0	0	0	0	0	0	0	0	0	0	0	0	0	0	0	0	0	0	0	0	0	0	0	0	0	0	0	0	0	0	0	0	0	0	0	0	0	0	0	0	0	0	0	0	0	0	0	0	0	0	0	0	0	0	0	0	0	0	0	0	0	0	0	0	0	0	0	0	0	0	0	0	0	0	0	0	0	0	0	0	0	0	0	0	0	0	0	0	0	0	0	0	0	0	0	0	0	0	0	0	0	0	0	0	0	0	0	0	0	0	0	0	0	0	0	0	0	0	0	0	0	0	0	0	0	0	0	0	0	0	0	0	0	0	0	0	0	0	0	0	0	0	0	0	0	0	0	0	0	0	0	0	0	0	0	0	0	0	0	0	0	0	0	0	0	0	0	0	0	0	0	0	0	0	0	0	0	0	0	0	0	0	0	0	0	0	0	0	0	0	0	0	0	0	0	0	0	0	0	0	0	0	0	0	0	0	0	0	0	0	0	0	0	0	0	0	0	0	0	0	0	0	0	0	0	0	0	0	0	0	0	0	0	0	0	0	0	0	0	0	0	0	0	0	0	0	0	0	0	0	0	0	0	0	0	0	0	0	0	0	0	0	0	0	0	0	0	0	0	0	0	0	0	0	0	0	0	0	0	0	0	0	0	0	0	0	0	0	0	0	0	0	0	0	0	0	0	0	0	0	0	0	0	0	0	0	0	0	0	0	0	0	0	0	0	0	0	0	0	0	0	0	0	0	0	0	0	0	0	0	0	0	0	0	0	0	0	0	0	0	0	0	0	0	0	0	0	0	0	0	0	0	0	0	0	0	0	0	0	0	0	0	0	0	0	0	0	0	0	0	0	0	0	0	0	0	0	0	0	0	0	0	0	0	0	0	0	0	0	0	0	0	0	0	0	0	0	0	0	0	0	0	0	0	0	0	0	0	0	0	0	0	0	0	0	0	0	0	0	0	0
d__Bacteria___p__Firmicutes___c__Bacilli___o__Lactobacillales___f__Carnobacteriaceae	0	0	0	0	0	0	0	0	0	0	0	78	13	0	0	0	0	10	0	0	0	0	2	0	0	0	0	11	54	26	0	0	0	0	0	0	0	0	0	0	0	0	88	0	0	0	37	0	6	0	0	0	0	0	0	0	0	0	0	0	0	0	0	0	0	0	0	0	0	0	0	0	0	0	0	0	0	0	0	25	6	0	0	32	0	0	0	0	7	0	0	0	0	0	0	6	0	0	0	0	0	0	0	0	0	0	0	0	0	0	0	0	0	0	0	0	0	0	0	0	0	0	0	11	0	0	0	0	0	15	0	0	0	0	0	61	0	0	0	0	0	0	0	0	0	0	0	0	0	0	0	0	0	0	0	0	0	0	0	74	0	0	0	0	0	99	0	0	0	0	0	0	0	0	0	22	0	0	0	0	0	59	0	0	0	0	0	0	0	0	0	0	0	16	0	0	11	0	0	0	0	0	0	0	0	0	0	483	80	0	0	0	0	0	0	23	0	0	0	0	0	24	0	0	0	10	105	0	0	54	0	7	0	0	0	0	4	0	0	0	0	0	19	0	0	29	0	0	0	36	0	0	92	0	15	12	0	0	0	25	0	0	0	0	13	0	0	0	0	0	0	0	0	0	0	0	37	0	0	0	0	0	0	0	0	0	0	0	0	0	0	0	0	0	0	0	0	0	0	0	0	0	0	0	0	0	0	0	0	0	0	0	0	0	0	0	0	0	0	0	0	0	0	0	0	0	0	0	0	0	0	0	0	0	0	0	0	0	0	0	0	0	0	0	0	0	0	0	0	0	0	0	0	0	0	0	0	0	0	0	0	0	0	0	0	0	0	0	0	0	0	0	0	0	0	0	0	0	0	0	0	0	0	0	0	0	0	0	0	0	0	0	0	0	0	0	0	0	0	0	0	0	0	0	0	0	0	0	0	0	0	0	0	0	0	0	0	0	0	0	0	1367	0	0	0	0	0	0	0	0	0	0	0	0	0	0	0	0	0	0	0	0	0	0	0	0	0	0	0	0	0	0	0	0	0	0	0	0	9	0	0	7	0	0	0	0	0	0	0	0	0	0	0	0	0	0	0	0	0	0	0	0	0	0	0	0	0	0	0	2	0	0	0	0	0	0	0	0	0	0	0	0	0	0	0	0	0	0	0	0	0	0	0	0	0	0	0	0	0	0	0	0	0	0	0
d__Bacteria___p__Firmicutes___c__Bacilli___o__Lactobacillales___f__Carnobacteriaceae___g__Granulicatella	0	0	0	0	0	0	0	0	0	0	0	78	13	0	0	0	0	10	0	0	0	0	2	0	0	0	0	11	54	26	0	0	0	0	0	0	0	0	0	0	0	0	88	0	0	0	37	0	6	0	0	0	0	0	0	0	0	0	0	0	0	0	0	0	0	0	0	0	0	0	0	0	0	0	0	0	0	0	0	25	6	0	0	32	0	0	0	0	7	0	0	0	0	0	0	6	0	0	0	0	0	0	0	0	0	0	0	0	0	0	0	0	0	0	0	0	0	0	0	0	0	0	0	11	0	0	0	0	0	15	0	0	0	0	0	61	0	0	0	0	0	0	0	0	0	0	0	0	0	0	0	0	0	0	0	0	0	0	0	74	0	0	0	0	0	99	0	0	0	0	0	0	0	0	0	22	0	0	0	0	0	59	0	0	0	0	0	0	0	0	0	0	0	16	0	0	11	0	0	0	0	0	0	0	0	0	0	483	80	0	0	0	0	0	0	23	0	0	0	0	0	24	0	0	0	10	105	0	0	54	0	7	0	0	0	0	4	0	0	0	0	0	19	0	0	29	0	0	0	36	0	0	92	0	15	12	0	0	0	25	0	0	0	0	13	0	0	0	0	0	0	0	0	0	0	0	37	0	0	0	0	0	0	0	0	0	0	0	0	0	0	0	0	0	0	0	0	0	0	0	0	0	0	0	0	0	0	0	0	0	0	0	0	0	0	0	0	0	0	0	0	0	0	0	0	0	0	0	0	0	0	0	0	0	0	0	0	0	0	0	0	0	0	0	0	0	0	0	0	0	0	0	0	0	0	0	0	0	0	0	0	0	0	0	0	0	0	0	0	0	0	0	0	0	0	0	0	0	0	0	0	0	0	0	0	0	0	0	0	0	0	0	0	0	0	0	0	0	0	0	0	0	0	0	0	0	0	0	0	0	0	0	0	0	0	0	0	0	0	0	0	1367	0	0	0	0	0	0	0	0	0	0	0	0	0	0	0	0	0	0	0	0	0	0	0	0	0	0	0	0	0	0	0	0	0	0	0	0	9	0	0	7	0	0	0	0	0	0	0	0	0	0	0	0	0	0	0	0	0	0	0	0	0	0	0	0	0	0	0	2	0	0	0	0	0	0	0	0	0	0	0	0	0	0	0	0	0	0	0	0	0	0	0	0	0	0	0	0	0	0	0	0	0	0	0
d__Bacteria___p__Firmicutes___c__Bacilli___o__Lactobacillales___f__Enterococcaceae	0	0	0	0	0	0	0	0	0	0	0	0	0	0	0	0	736	0	0	0	0	0	0	0	0	0	14	0	0	0	0	0	0	0	0	0	0	0	0	0	0	0	0	0	0	0	0	58	0	0	0	0	0	0	0	0	0	0	0	0	0	0	0	0	0	236	0	0	0	0	0	0	15	0	0	0	0	0	0	0	0	0	0	0	0	0	0	0	0	0	0	0	0	0	0	0	0	0	0	0	0	0	0	0	0	0	0	0	0	0	0	0	0	0	0	0	0	0	0	0	14	0	0	2	0	0	0	0	96	0	0	0	0	0	0	0	0	0	0	0	0	0	0	0	0	0	0	0	0	0	0	0	0	0	0	0	0	0	0	0	0	0	0	0	0	0	0	0	0	0	0	0	0	0	0	0	0	0	85	0	0	0	0	0	0	0	0	0	0	0	0	0	0	0	0	0	0	0	0	0	0	0	0	14	0	0	0	0	0	0	0	0	0	0	0	6	0	0	0	0	0	0	0	0	0	0	0	0	0	0	203	6	0	0	0	0	6	175	73	0	0	0	98	174	669	58	76	0	263	0	0	31	0	0	0	0	0	0	0	0	0	0	0	0	183	0	0	0	0	0	0	0	0	0	0	0	0	0	0	0	0	0	0	0	0	0	0	0	0	0	0	0	0	0	0	0	0	0	0	0	0	0	0	0	0	0	0	0	6	0	0	0	0	0	0	0	0	0	0	0	0	0	0	0	0	0	0	0	0	5	0	188	0	0	0	0	0	0	0	0	0	0	0	0	0	0	0	0	0	0	0	0	0	0	0	0	0	0	0	0	0	0	0	0	0	0	0	0	0	0	0	0	0	0	0	11	58	0	0	0	0	0	0	0	0	0	0	0	0	0	0	0	0	0	0	0	0	7	0	0	0	0	25	0	0	0	0	0	18	0	0	0	0	0	0	16	152	3099	0	0	0	0	0	0	0	0	0	0	0	0	0	0	0	0	0	0	0	0	0	0	0	0	0	0	0	0	0	0	0	0	0	0	0	0	0	0	0	0	0	0	0	0	0	0	0	0	0	0	0	0	0	0	0	0	0	0	0	0	0	12	0	0	0	0	0	0	0	0	0	0	0	0	0	0	0	0	0	0	0	0	6	0	0	0	278	0	0	0	0	0	0	0	0	0	0	0	0	0	0	0	0	0	0	0	0
d__Bacteria___p__Firmicutes___c__Bacilli___o__Lactobacillales___f__Enterococcaceae___g__Enterococcus	0	0	0	0	0	0	0	0	0	0	0	0	0	0	0	0	736	0	0	0	0	0	0	0	0	0	14	0	0	0	0	0	0	0	0	0	0	0	0	0	0	0	0	0	0	0	0	58	0	0	0	0	0	0	0	0	0	0	0	0	0	0	0	0	0	236	0	0	0	0	0	0	15	0	0	0	0	0	0	0	0	0	0	0	0	0	0	0	0	0	0	0	0	0	0	0	0	0	0	0	0	0	0	0	0	0	0	0	0	0	0	0	0	0	0	0	0	0	0	0	14	0	0	2	0	0	0	0	96	0	0	0	0	0	0	0	0	0	0	0	0	0	0	0	0	0	0	0	0	0	0	0	0	0	0	0	0	0	0	0	0	0	0	0	0	0	0	0	0	0	0	0	0	0	0	0	0	0	85	0	0	0	0	0	0	0	0	0	0	0	0	0	0	0	0	0	0	0	0	0	0	0	0	14	0	0	0	0	0	0	0	0	0	0	0	6	0	0	0	0	0	0	0	0	0	0	0	0	0	0	203	6	0	0	0	0	6	175	73	0	0	0	98	174	669	58	76	0	263	0	0	31	0	0	0	0	0	0	0	0	0	0	0	0	183	0	0	0	0	0	0	0	0	0	0	0	0	0	0	0	0	0	0	0	0	0	0	0	0	0	0	0	0	0	0	0	0	0	0	0	0	0	0	0	0	0	0	0	6	0	0	0	0	0	0	0	0	0	0	0	0	0	0	0	0	0	0	0	0	5	0	188	0	0	0	0	0	0	0	0	0	0	0	0	0	0	0	0	0	0	0	0	0	0	0	0	0	0	0	0	0	0	0	0	0	0	0	0	0	0	0	0	0	0	0	11	58	0	0	0	0	0	0	0	0	0	0	0	0	0	0	0	0	0	0	0	0	7	0	0	0	0	25	0	0	0	0	0	18	0	0	0	0	0	0	16	152	3099	0	0	0	0	0	0	0	0	0	0	0	0	0	0	0	0	0	0	0	0	0	0	0	0	0	0	0	0	0	0	0	0	0	0	0	0	0	0	0	0	0	0	0	0	0	0	0	0	0	0	0	0	0	0	0	0	0	0	0	0	0	12	0	0	0	0	0	0	0	0	0	0	0	0	0	0	0	0	0	0	0	0	6	0	0	0	278	0	0	0	0	0	0	0	0	0	0	0	0	0	0	0	0	0	0	0	0
d__Bacteria___p__Firmicutes___c__Bacilli___o__Lactobacillales___f__Lactobacillaceae	0	0	0	0	0	0	0	0	0	0	0	0	0	0	26	0	2951	0	12	0	0	0	0	0	0	41	0	0	0	5	0	0	0	0	0	13	0	0	0	0	0	0	0	0	0	0	6	0	0	0	0	0	11	42	0	0	0	0	6	0	0	0	7	0	0	213	0	0	0	0	0	80	0	7	0	0	0	32	9	61	0	17	0	0	0	0	0	0	0	0	0	0	0	0	0	0	0	0	0	0	0	0	0	0	27	0	0	0	0	0	0	0	0	15	0	0	80	0	0	0	0	0	0	0	0	0	25	0	882	35	0	0	0	0	0	0	0	0	0	0	0	0	0	0	0	0	0	0	0	0	0	0	0	0	0	0	0	0	0	0	0	0	0	0	0	0	0	0	0	0	0	0	0	0	113	0	0	0	0	0	71	0	0	0	0	0	0	0	0	0	0	225	0	86	0	0	0	0	31	54	0	0	0	0	0	0	0	0	0	0	9	300	1038	0	0	0	0	0	0	0	90	0	0	17	48	0	12	0	200	96	118	38	0	0	0	0	61	1408	893	211	0	60	623	2090	5958	547	788	88	1458	0	16	76	0	0	0	0	0	0	0	0	0	0	0	0	0	8	0	0	0	0	0	0	0	0	0	0	0	0	0	25	0	0	0	0	0	0	705	118	0	0	0	0	0	0	0	0	0	0	0	0	0	0	0	0	0	2	0	2	0	0	0	0	0	0	0	0	0	0	0	0	0	0	5	14	0	0	0	0	0	7	0	5349	76	0	17	0	0	0	0	0	0	0	0	0	0	0	0	0	0	0	119	0	0	0	0	0	0	42	0	0	71	0	0	34	0	0	0	0	0	0	0	0	0	0	0	0	0	0	0	0	0	0	0	0	0	0	0	0	0	0	0	0	0	0	0	0	0	0	0	0	0	0	0	0	0	0	0	0	0	0	0	36	0	8	0	0	3637	4438	0	0	0	0	0	0	0	0	0	0	0	0	0	0	0	0	0	0	0	0	0	0	0	0	0	0	0	0	15	0	0	0	0	0	0	0	0	0	0	2	0	0	0	0	0	0	0	0	0	0	0	0	0	0	0	0	0	0	0	0	0	269	0	0	0	0	0	0	0	0	0	7	31	18	0	0	20	0	0	0	0	0	21	0	0	0	0	0	0	0	0	0	6	0	393	31	0	21	0	0	0	21	0	0	0	269	0
d__Bacteria___p__Firmicutes___c__Bacilli___o__Lactobacillales___f__Lactobacillaceae___g__Lactobacillus	0	0	0	0	0	0	0	0	0	0	0	0	0	0	26	0	2951	0	12	0	0	0	0	0	0	41	0	0	0	5	0	0	0	0	0	13	0	0	0	0	0	0	0	0	0	0	6	0	0	0	0	0	11	42	0	0	0	0	6	0	0	0	7	0	0	213	0	0	0	0	0	80	0	7	0	0	0	32	9	61	0	17	0	0	0	0	0	0	0	0	0	0	0	0	0	0	0	0	0	0	0	0	0	0	27	0	0	0	0	0	0	0	0	15	0	0	80	0	0	0	0	0	0	0	0	0	25	0	882	35	0	0	0	0	0	0	0	0	0	0	0	0	0	0	0	0	0	0	0	0	0	0	0	0	0	0	0	0	0	0	0	0	0	0	0	0	0	0	0	0	0	0	0	0	113	0	0	0	0	0	71	0	0	0	0	0	0	0	0	0	0	225	0	86	0	0	0	0	31	54	0	0	0	0	0	0	0	0	0	0	9	300	1038	0	0	0	0	0	0	0	90	0	0	17	48	0	12	0	200	96	118	38	0	0	0	0	61	1408	893	211	0	60	623	2090	5958	547	788	88	1458	0	16	76	0	0	0	0	0	0	0	0	0	0	0	0	0	8	0	0	0	0	0	0	0	0	0	0	0	0	0	25	0	0	0	0	0	0	705	118	0	0	0	0	0	0	0	0	0	0	0	0	0	0	0	0	0	2	0	2	0	0	0	0	0	0	0	0	0	0	0	0	0	0	5	14	0	0	0	0	0	7	0	5349	76	0	17	0	0	0	0	0	0	0	0	0	0	0	0	0	0	0	119	0	0	0	0	0	0	42	0	0	71	0	0	34	0	0	0	0	0	0	0	0	0	0	0	0	0	0	0	0	0	0	0	0	0	0	0	0	0	0	0	0	0	0	0	0	0	0	0	0	0	0	0	0	0	0	0	0	0	0	0	36	0	8	0	0	3637	4438	0	0	0	0	0	0	0	0	0	0	0	0	0	0	0	0	0	0	0	0	0	0	0	0	0	0	0	0	15	0	0	0	0	0	0	0	0	0	0	2	0	0	0	0	0	0	0	0	0	0	0	0	0	0	0	0	0	0	0	0	0	269	0	0	0	0	0	0	0	0	0	7	31	18	0	0	20	0	0	0	0	0	21	0	0	0	0	0	0	0	0	0	6	0	393	31	0	21	0	0	0	21	0	0	0	269	0
d__Bacteria___p__Firmicutes___c__Bacilli___o__Lactobacillales___f__Leuconostocaceae	0	0	0	0	0	0	0	0	0	0	0	0	0	0	0	0	0	0	0	0	0	0	0	0	0	0	0	4	0	0	0	0	0	0	0	0	0	0	0	0	0	0	0	0	0	0	0	0	0	0	0	0	0	0	0	0	0	0	3	0	0	0	0	0	0	0	0	0	0	0	0	0	0	0	0	0	0	0	0	0	0	0	0	0	0	0	0	0	0	0	0	0	0	0	0	0	0	0	0	0	0	0	0	0	0	0	0	0	0	0	0	0	0	0	0	0	0	0	0	0	0	0	0	0	0	0	0	0	0	0	0	0	0	0	0	0	0	0	0	0	0	0	0	0	0	0	0	0	0	0	0	0	0	0	0	0	0	0	0	0	0	0	0	0	0	0	0	0	0	0	0	0	0	0	0	0	0	0	0	0	0	0	0	0	0	0	0	0	0	0	0	0	0	0	0	0	0	0	0	0	0	0	0	0	0	0	0	0	0	0	0	28	0	0	0	0	0	0	0	0	0	0	0	0	0	0	0	0	0	0	0	0	0	0	0	0	0	0	0	0	0	0	0	0	0	0	0	0	0	0	0	0	0	0	0	0	0	0	0	0	0	0	0	0	0	0	0	0	0	0	0	0	0	0	0	0	0	0	0	0	0	0	0	0	0	0	0	0	0	0	0	0	0	0	0	0	0	0	0	0	0	0	0	0	0	0	0	0	0	0	0	0	0	0	0	0	0	0	0	0	0	0	0	0	0	0	0	0	0	0	0	0	0	0	0	0	0	0	0	0	0	0	0	0	0	0	0	0	0	0	0	0	0	0	0	0	0	0	0	0	0	0	0	0	0	0	0	0	0	0	0	0	0	0	0	0	0	0	0	0	0	0	0	0	0	0	0	0	0	0	0	0	0	0	0	0	0	0	0	0	0	0	0	0	0	0	0	0	0	0	0	0	0	0	0	0	0	0	0	0	0	0	0	0	0	0	0	0	0	0	0	0	0	0	0	0	0	0	0	0	0	0	0	0	0	0	0	0	0	0	0	0	0	0	0	0	0	0	0	0	0	0	0	0	0	0	0	0	0	0	0	0	0	0	0	0	0	0	0	0	0	0	0	0	0	0	0	0	0	0	0	0	0	0	0	0	0	0	0	0	0	0	0	0	0	0	0	0	0	0	0	0	0	0	0	0	18	0	0	0	0	0	0	0	0
d__Bacteria___p__Firmicutes___c__Bacilli___o__Lactobacillales___f__Leuconostocaceae___g__Leuconostoc	0	0	0	0	0	0	0	0	0	0	0	0	0	0	0	0	0	0	0	0	0	0	0	0	0	0	0	4	0	0	0	0	0	0	0	0	0	0	0	0	0	0	0	0	0	0	0	0	0	0	0	0	0	0	0	0	0	0	3	0	0	0	0	0	0	0	0	0	0	0	0	0	0	0	0	0	0	0	0	0	0	0	0	0	0	0	0	0	0	0	0	0	0	0	0	0	0	0	0	0	0	0	0	0	0	0	0	0	0	0	0	0	0	0	0	0	0	0	0	0	0	0	0	0	0	0	0	0	0	0	0	0	0	0	0	0	0	0	0	0	0	0	0	0	0	0	0	0	0	0	0	0	0	0	0	0	0	0	0	0	0	0	0	0	0	0	0	0	0	0	0	0	0	0	0	0	0	0	0	0	0	0	0	0	0	0	0	0	0	0	0	0	0	0	0	0	0	0	0	0	0	0	0	0	0	0	0	0	0	0	0	28	0	0	0	0	0	0	0	0	0	0	0	0	0	0	0	0	0	0	0	0	0	0	0	0	0	0	0	0	0	0	0	0	0	0	0	0	0	0	0	0	0	0	0	0	0	0	0	0	0	0	0	0	0	0	0	0	0	0	0	0	0	0	0	0	0	0	0	0	0	0	0	0	0	0	0	0	0	0	0	0	0	0	0	0	0	0	0	0	0	0	0	0	0	0	0	0	0	0	0	0	0	0	0	0	0	0	0	0	0	0	0	0	0	0	0	0	0	0	0	0	0	0	0	0	0	0	0	0	0	0	0	0	0	0	0	0	0	0	0	0	0	0	0	0	0	0	0	0	0	0	0	0	0	0	0	0	0	0	0	0	0	0	0	0	0	0	0	0	0	0	0	0	0	0	0	0	0	0	0	0	0	0	0	0	0	0	0	0	0	0	0	0	0	0	0	0	0	0	0	0	0	0	0	0	0	0	0	0	0	0	0	0	0	0	0	0	0	0	0	0	0	0	0	0	0	0	0	0	0	0	0	0	0	0	0	0	0	0	0	0	0	0	0	0	0	0	0	0	0	0	0	0	0	0	0	0	0	0	0	0	0	0	0	0	0	0	0	0	0	0	0	0	0	0	0	0	0	0	0	0	0	0	0	0	0	0	0	0	0	0	0	0	0	0	0	0	0	0	0	0	0	0	0	0	18	0	0	0	0	0	0	0	0
d__Bacteria___p__Firmicutes___c__Bacilli___o__Lactobacillales___f__Listeriaceae	0	0	0	0	0	0	0	0	0	0	0	0	0	0	0	0	213	0	0	0	0	0	0	0	0	0	0	0	0	0	0	0	0	0	0	0	0	0	0	0	0	0	0	0	0	0	0	0	0	0	0	0	0	0	0	0	0	0	0	0	0	0	0	0	0	0	0	0	0	0	0	0	0	0	0	0	0	27	27	0	0	0	0	0	0	0	0	0	0	0	0	0	0	0	0	0	0	0	0	0	0	0	0	0	0	0	0	0	0	0	0	0	0	0	0	0	0	0	0	0	15	0	0	0	0	0	0	0	0	0	0	0	0	0	0	0	0	0	0	0	0	0	0	0	0	0	0	0	0	0	0	0	0	0	0	0	0	0	0	0	0	0	0	0	0	0	0	0	0	0	0	0	0	0	0	0	0	0	0	0	0	0	0	0	0	0	0	0	0	0	0	0	0	0	0	0	0	0	0	0	0	0	0	0	0	0	0	0	0	0	0	0	0	0	0	0	0	0	0	0	0	0	0	0	0	0	0	0	0	0	0	0	0	0	0	0	0	0	0	0	0	0	0	0	34	0	0	0	0	0	0	0	0	0	0	0	0	0	0	0	0	0	0	0	0	0	0	0	0	0	0	0	0	0	0	0	0	0	0	0	0	0	0	0	0	0	0	119	0	0	0	0	0	0	0	0	0	0	0	0	0	0	0	0	0	0	0	0	0	0	0	0	0	0	0	0	0	0	0	0	0	0	0	0	0	0	0	0	0	0	0	22	86	0	0	0	0	0	0	0	0	0	0	0	0	0	0	0	0	0	0	0	0	0	0	0	0	0	0	0	82	0	0	0	0	0	0	0	0	0	0	0	0	0	0	0	0	0	0	0	0	0	0	0	0	0	0	0	0	0	0	0	0	0	0	0	0	0	0	0	0	0	0	0	0	0	0	0	0	0	0	0	0	0	0	0	0	5278	0	0	0	0	0	0	0	0	0	0	0	0	0	0	0	0	0	0	0	0	0	0	0	0	0	0	0	0	0	0	0	0	0	0	0	0	0	0	0	0	0	0	0	0	0	0	0	0	0	0	0	0	0	0	0	0	0	0	0	0	0	0	0	0	0	0	0	0	0	0	0	0	0	0	0	0	0	0	0	0	0	0	0	0	0	0	0	0	0	0	0	0	0	0	0	0	0	0	0	0	0	0	0	0	0	0	0
d__Bacteria___p__Firmicutes___c__Bacilli___o__Lactobacillales___f__Listeriaceae___g__Listeria	0	0	0	0	0	0	0	0	0	0	0	0	0	0	0	0	213	0	0	0	0	0	0	0	0	0	0	0	0	0	0	0	0	0	0	0	0	0	0	0	0	0	0	0	0	0	0	0	0	0	0	0	0	0	0	0	0	0	0	0	0	0	0	0	0	0	0	0	0	0	0	0	0	0	0	0	0	27	27	0	0	0	0	0	0	0	0	0	0	0	0	0	0	0	0	0	0	0	0	0	0	0	0	0	0	0	0	0	0	0	0	0	0	0	0	0	0	0	0	0	15	0	0	0	0	0	0	0	0	0	0	0	0	0	0	0	0	0	0	0	0	0	0	0	0	0	0	0	0	0	0	0	0	0	0	0	0	0	0	0	0	0	0	0	0	0	0	0	0	0	0	0	0	0	0	0	0	0	0	0	0	0	0	0	0	0	0	0	0	0	0	0	0	0	0	0	0	0	0	0	0	0	0	0	0	0	0	0	0	0	0	0	0	0	0	0	0	0	0	0	0	0	0	0	0	0	0	0	0	0	0	0	0	0	0	0	0	0	0	0	0	0	0	0	34	0	0	0	0	0	0	0	0	0	0	0	0	0	0	0	0	0	0	0	0	0	0	0	0	0	0	0	0	0	0	0	0	0	0	0	0	0	0	0	0	0	0	119	0	0	0	0	0	0	0	0	0	0	0	0	0	0	0	0	0	0	0	0	0	0	0	0	0	0	0	0	0	0	0	0	0	0	0	0	0	0	0	0	0	0	0	22	86	0	0	0	0	0	0	0	0	0	0	0	0	0	0	0	0	0	0	0	0	0	0	0	0	0	0	0	82	0	0	0	0	0	0	0	0	0	0	0	0	0	0	0	0	0	0	0	0	0	0	0	0	0	0	0	0	0	0	0	0	0	0	0	0	0	0	0	0	0	0	0	0	0	0	0	0	0	0	0	0	0	0	0	0	5278	0	0	0	0	0	0	0	0	0	0	0	0	0	0	0	0	0	0	0	0	0	0	0	0	0	0	0	0	0	0	0	0	0	0	0	0	0	0	0	0	0	0	0	0	0	0	0	0	0	0	0	0	0	0	0	0	0	0	0	0	0	0	0	0	0	0	0	0	0	0	0	0	0	0	0	0	0	0	0	0	0	0	0	0	0	0	0	0	0	0	0	0	0	0	0	0	0	0	0	0	0	0	0	0	0	0	0
d__Bacteria___p__Firmicutes___c__Bacilli___o__Lactobacillales___f__Streptococcaceae	70	45	40	75	33	0	45	0	236	323	42	351	48	16	100	36	51	26	488	83	18	986	166	755	0	28	304	493	480	736	56	243	3109	988	158	68	269	118	228	1421	71	0	2646	296	295	28	3935	614	99	2116	45	40	246	128	165	0	15	470	113	164	40	29	72	28	23	69	0	135	0	154	299	1891	6628	40	22	60	86	825	0	133	341	258	244	2401	195	49	258	39	159	20	227	309	240	518	57	56	0	102	0	149	33	74	96	0	0	0	357	240	45	50	69	0	57	422	14	44	204	0	52	128	0	46	0	699	0	116	208	208	142	324	0	0	42	11	50	394	510	45	4654	23	1225	134	319	242	36	23	0	276	41	38	50	67	55	41	60	0	36	274	0	172	0	0	48	295	31	2305	52	46	89	82	0	102	51	122	76	82	0	27	39	319	0	634	264	0	0	0	25	591	11	68	117	106	41	307	70	0	52	1855	122	16	347	76	153	322	21	134	622	8217	1043	18	42	383	56	192	0	164	309	101	1823	96	33	306	0	31	182	74	591	753	336	822	73	202	44	97	311	55	267	187	404	45	251	639	523	32	415	310	33	25	0	231	62	38	1144	0	26	642	0	55	8	739	493	558	37	29	106	576	171	82	12	0	18	158	49	535	462	22	539	44	0	48	13	11	53	0	0	36	0	13344	18	45	237	0	107	0	0	0	0	7	0	0	0	3	20	15	0	37	45	67	548	0	0	0	0	3	0	0	8	0	0	14	0	0	151	0	26	0	0	0	0	38	0	0	9965	21	240	61	0	0	0	81	0	0	57	29	0	31	34	0	80	0	512	0	0	36	9	49	15	945	0	56	10362	0	0	0	28	64	0	0	0	0	0	18	26	0	0	318	176	0	0	181	0	0	96	152	0	0	0	0	0	71	17	0	0	0	66	131	82	32	39	0	0	0	0	0	2	105	84	0	0	14	0	44	31	0	97	37	0	0	16	25	24	3274	612	178	26	0	128	17	137	0	22	0	55	43	0	0	63	46	53	0	29	24	0	0	33	6	23	17	18	39	17	34	22	0	0	0	0	0	93	23	0	41	47	379	0	100	81	41	0	0	0	319	30	61	0	120	19	136	24	38	0	17	48	27	123	83	0	0	0	196	798	0	143	30	19	0	0	15	0	0	233	0	0	16	44	0	24	0	0	329	0	943	3497	41	0	0	5575	73	23	57	25	0	8	0	0
d__Bacteria___p__Firmicutes___c__Bacilli___o__Lactobacillales___f__Streptococcaceae___g__Floricoccus	0	0	0	0	0	0	0	0	0	0	0	0	0	0	0	0	0	0	0	0	0	0	0	0	0	0	0	0	0	0	0	0	0	0	0	0	0	0	0	0	0	0	0	0	0	0	0	0	0	0	0	0	0	0	0	0	0	0	0	0	0	0	0	0	0	0	0	0	0	0	0	0	0	0	0	0	0	0	0	0	0	0	0	0	0	0	0	0	0	0	0	0	0	0	0	0	0	0	0	0	0	0	0	0	0	0	0	0	0	0	0	0	0	0	0	0	0	0	0	0	0	0	0	0	0	0	0	0	0	0	0	0	0	0	0	0	0	0	0	0	0	0	0	0	0	0	0	0	0	0	0	0	0	0	0	0	0	0	0	0	0	0	0	0	0	0	0	0	0	0	0	0	0	0	0	0	0	0	0	0	0	0	0	0	0	0	0	0	0	0	0	0	0	0	0	0	0	0	0	0	0	0	0	0	0	0	0	0	0	0	0	0	0	0	0	0	0	0	0	0	0	0	0	0	0	0	0	0	0	0	0	0	0	0	0	0	0	0	0	0	0	0	0	0	0	0	0	0	0	0	0	0	0	0	0	0	0	0	0	0	0	0	0	0	0	0	0	0	0	0	0	0	0	0	0	0	0	0	0	0	0	0	0	0	0	0	0	0	0	0	0	0	0	0	0	0	0	0	0	0	0	0	0	0	0	0	0	0	0	0	0	0	0	0	0	0	0	0	0	0	0	0	0	0	0	0	0	0	0	0	0	0	0	0	0	0	0	0	0	0	0	0	0	0	0	0	0	0	0	0	0	0	0	0	0	0	0	0	0	0	0	0	0	0	0	0	0	0	0	0	0	0	0	0	0	0	0	0	0	0	0	0	0	0	0	0	0	0	0	0	0	0	0	0	0	0	0	2	0	0	0	0	0	0	0	0	0	0	0	0	0	0	0	0	0	0	0	0	0	0	0	0	0	0	0	0	0	0	0	0	0	0	0	0	0	0	0	0	0	0	0	0	0	0	0	0	0	0	0	0	0	0	0	0	0	0	0	0	0	0	0	0	0	0	0	0	0	0	0	0	0	0	0	0	0	0	0	0	0	0	0	0	0	0	0	0	0	0	0	0	0	0	0	0	0	0	0	0	0	0	0	0	0	0	0	0	0	0	0	0	0	0	5	0	0	0	0	0	0	0	0	0	0	0	0
d__Bacteria___p__Firmicutes___c__Bacilli___o__Lactobacillales___f__Streptococcaceae___g__Lactococcus	0	0	0	0	0	0	0	0	0	323	0	0	0	0	0	0	0	0	0	0	0	0	0	0	0	0	0	0	0	0	0	0	0	0	0	0	0	0	0	0	0	0	0	0	0	0	0	461	0	0	0	0	0	0	48	0	0	110	0	0	0	0	0	0	0	0	0	0	0	0	0	0	0	0	0	0	0	0	0	0	0	0	30	0	0	0	0	0	0	0	0	0	0	34	0	0	0	0	0	0	0	0	0	0	0	0	0	0	0	0	0	0	0	0	0	0	0	0	0	0	0	0	0	0	0	0	0	0	0	0	0	0	0	0	0	0	0	0	0	0	0	0	0	0	0	0	0	0	0	0	0	0	0	0	0	0	0	0	0	0	0	0	0	0	0	0	0	0	0	0	0	0	0	0	0	0	0	0	0	0	0	0	0	0	0	0	0	0	11	0	0	0	0	0	0	0	0	0	0	0	0	0	0	0	0	0	0	0	0	0	0	60	0	0	0	0	0	0	0	0	0	0	0	0	0	0	0	34	0	0	0	0	0	0	0	0	0	0	0	0	34	0	0	0	0	0	0	0	0	0	0	0	0	0	0	0	0	0	0	0	0	0	0	0	0	0	0	0	0	0	0	0	0	0	0	0	0	0	0	0	0	0	0	0	0	0	0	0	0	0	0	0	0	0	0	0	0	0	0	0	0	3	20	0	0	9	0	0	0	0	0	0	0	0	0	0	0	0	0	0	0	0	0	0	0	0	0	0	0	0	0	0	0	21	0	0	0	0	0	0	0	0	0	0	0	0	0	0	33	0	119	0	0	0	0	0	0	0	0	0	0	0	0	0	0	0	0	0	0	0	0	0	0	0	0	0	0	0	0	0	0	0	0	0	0	0	0	0	0	33	0	0	0	0	0	0	0	0	0	0	0	0	0	0	0	0	0	0	0	0	0	0	0	0	82	0	0	0	0	0	0	0	0	0	0	0	0	0	0	0	0	0	0	0	0	0	0	0	0	0	0	0	0	0	0	0	0	0	0	0	0	0	0	0	0	0	0	0	0	0	0	0	0	0	0	0	0	0	0	0	0	0	0	23	0	0	0	0	24	0	0	0	0	0	0	0	0	0	0	0	0	0	0	0	0	0	0	0	0	0	0	0	0	0	0	0	0	0	0	0	0	0	14	0	0	0	116	0	0	0	0	0	8	0	0
d__Bacteria___p__Firmicutes___c__Bacilli___o__Lactobacillales___f__Streptococcaceae___g__Streptococcus	70	45	40	75	33	0	45	0	236	0	42	351	48	16	100	36	51	26	488	83	18	986	166	755	0	28	304	493	480	736	56	243	3109	988	158	68	269	118	228	1421	71	0	2646	296	295	28	3935	153	99	2116	45	40	246	128	117	0	15	360	113	164	40	29	72	28	23	69	0	135	0	154	299	1891	6628	40	22	60	86	825	0	133	341	258	214	2401	195	49	258	39	159	20	227	309	240	484	57	56	0	102	0	149	33	74	96	0	0	0	357	240	45	50	69	0	57	422	14	44	204	0	52	128	0	46	0	699	0	116	208	208	142	324	0	0	42	11	50	394	510	45	4654	23	1225	134	319	242	36	23	0	276	41	38	50	67	55	41	60	0	36	274	0	172	0	0	48	295	31	2305	52	46	89	82	0	102	51	122	76	82	0	27	39	319	0	634	264	0	0	0	25	591	0	68	117	106	41	307	70	0	52	1855	122	16	347	76	153	322	21	134	622	8217	1043	18	42	323	56	192	0	164	309	101	1823	96	33	306	0	31	182	74	591	719	336	822	73	202	44	97	311	55	267	187	404	45	217	639	523	32	415	310	33	25	0	231	62	38	1144	0	26	642	0	55	8	739	493	558	37	29	106	576	171	82	12	0	18	158	49	535	462	22	539	44	0	48	13	11	53	0	0	36	0	13344	18	45	237	0	107	0	0	0	0	7	0	0	0	0	0	15	0	28	45	67	548	0	0	0	0	3	0	0	8	0	0	14	0	0	151	0	26	0	0	0	0	38	0	0	9965	0	240	61	0	0	0	81	0	0	57	29	0	31	34	0	47	0	393	0	0	36	9	49	15	945	0	56	10362	0	0	0	28	64	0	0	0	0	0	18	26	0	0	318	176	0	0	181	0	0	96	152	0	0	0	0	0	38	17	0	0	0	66	131	82	30	39	0	0	0	0	0	2	105	84	0	0	14	0	44	31	0	15	37	0	0	16	25	24	3274	612	178	26	0	128	17	137	0	22	0	55	43	0	0	63	46	53	0	29	24	0	0	33	6	23	17	18	39	17	34	22	0	0	0	0	0	93	23	0	41	47	379	0	100	81	41	0	0	0	319	30	38	0	120	19	136	0	38	0	17	48	27	123	83	0	0	0	196	798	0	143	30	19	0	0	15	0	0	233	0	0	16	44	0	24	0	0	329	0	943	3478	41	0	0	5459	73	23	57	25	0	0	0	0
d__Bacteria___p__Firmicutes___c__Bacilli___o__RF39	0	0	0	0	0	0	0	0	0	0	0	0	0	0	0	0	0	0	0	0	0	0	0	0	0	0	0	0	0	0	0	0	0	0	0	0	0	0	0	10	0	0	0	0	0	0	0	0	0	0	0	0	0	0	0	0	0	0	0	0	0	0	0	0	0	0	0	0	0	0	0	0	0	0	0	0	0	0	0	0	0	0	0	0	0	0	0	0	0	0	0	0	0	0	0	0	0	0	0	0	0	0	0	0	0	0	0	0	0	0	0	0	0	0	0	0	0	0	19	0	0	0	0	0	0	0	0	0	0	0	0	0	0	0	0	0	0	0	0	0	0	0	0	0	0	0	0	0	0	0	0	0	0	0	0	0	0	0	0	0	0	0	0	0	0	0	0	0	0	0	0	0	0	0	0	0	0	0	0	0	0	0	0	0	0	0	0	0	0	0	0	0	0	0	0	0	0	0	0	0	0	0	0	0	11	0	0	0	0	0	0	0	0	0	0	0	0	0	0	5	6	0	0	0	0	0	0	10	0	0	0	0	0	0	0	0	0	0	0	0	0	7	0	0	0	0	0	0	24	0	0	0	0	0	0	0	0	0	0	0	0	0	0	0	0	0	0	0	3	0	0	0	0	0	0	0	0	4	0	0	0	0	0	0	0	0	0	0	0	0	0	0	0	0	0	0	2	0	0	0	0	0	0	0	0	7	0	0	0	0	0	0	0	0	0	0	0	0	0	3	0	0	0	0	0	14	0	11	0	0	8	0	0	0	0	0	0	0	0	3	0	0	0	0	0	0	0	0	0	0	2	0	0	0	0	0	0	0	0	0	0	0	0	6	0	0	0	0	0	0	0	0	0	8	0	0	0	0	0	0	0	0	0	0	0	0	0	0	0	0	0	0	0	0	0	0	0	0	0	0	0	0	0	0	0	0	0	0	0	0	0	0	0	5	0	0	0	0	0	0	0	0	0	0	0	0	0	0	0	0	0	0	0	0	0	0	0	0	0	0	0	0	0	0	0	0	0	0	0	0	0	0	0	0	0	0	0	0	0	0	0	0	0	0	0	0	0	0	0	0	0	0	0	0	0	0	0	0	0	0	0	0	0	0	0	0	0	0	0	0	0	0	0	0	0	0	0	0	0	0	0	0	0	0	0	0	0	0	0	0	0	0	0	0	0	0	0	0	2	0	0	0	0	8	0
d__Bacteria___p__Firmicutes___c__Bacilli___o__Staphylococcales	0	0	0	0	0	0	0	0	0	0	0	0	0	0	0	0	660	0	0	0	0	0	0	0	0	0	16	19	29	33	0	0	0	33	0	0	0	0	0	0	0	0	62	0	0	0	64	7	0	0	0	0	0	9	0	0	0	0	0	0	0	0	0	0	0	0	0	0	0	0	0	0	0	0	0	0	0	4	0	33	0	0	0	27	0	0	8	0	0	0	0	0	0	0	0	0	0	0	0	0	0	0	0	0	0	0	0	15	0	0	0	0	0	0	0	0	24	0	0	0	0	0	0	25	0	0	0	0	556	18	0	0	0	0	0	28	0	0	0	0	0	16	0	0	0	0	0	41	0	0	0	20	0	0	0	0	0	0	0	14	0	0	0	0	0	47	0	0	0	0	0	0	0	0	0	0	0	0	0	0	0	48	0	0	0	0	0	0	0	0	0	0	0	49	0	0	14	13	0	0	24	0	0	0	0	7	16	68	29	0	0	0	0	10	0	18	0	0	0	0	0	42	0	0	0	0	38	44	90	82	76	0	9	18	0	0	34	644	362	88	0	0	228	967	3054	208	308	42	663	18	0	0	0	0	0	55	0	0	0	0	0	0	4	0	0	0	0	0	0	19	0	16	0	9	0	0	19	0	0	0	0	0	0	0	0	0	0	10894	0	0	0	0	0	0	0	0	0	0	0	0	0	0	0	0	0	0	0	0	0	0	0	0	0	0	0	0	0	0	0	0	0	0	0	0	0	0	0	0	0	0	0	1553	6340	0	0	0	0	0	0	0	0	0	0	0	0	0	0	0	0	0	0	0	0	0	0	0	0	0	0	0	8550	0	0	0	0	0	0	0	0	0	0	0	0	0	0	0	0	0	0	0	0	0	0	0	0	0	0	0	0	0	0	0	0	0	0	153	0	0	0	0	0	0	0	0	0	0	0	0	0	0	0	0	0	0	0	0	1003	5240	0	0	0	264	10	0	0	0	0	0	0	0	0	0	0	0	0	0	0	0	0	0	0	0	0	0	0	0	0	0	0	0	0	0	0	0	0	0	0	0	15	0	0	0	0	7	0	0	0	13	0	0	0	0	0	0	0	0	0	0	0	167	0	0	0	0	0	0	0	0	0	0	0	0	0	0	0	0	0	0	0	0	0	0	0	0	0	0	0	0	0	0	0	0	0	0	0	0	32	0	0	0	0	0	0	0	0
d__Bacteria___p__Firmicutes___c__Bacilli___o__Staphylococcales___f__Gemellaceae	0	0	0	0	0	0	0	0	0	0	0	0	0	0	0	0	0	0	0	0	0	0	0	0	0	0	16	19	29	33	0	0	0	33	0	0	0	0	0	0	0	0	62	0	0	0	64	7	0	0	0	0	0	9	0	0	0	0	0	0	0	0	0	0	0	0	0	0	0	0	0	0	0	0	0	0	0	4	0	33	0	0	0	27	0	0	8	0	0	0	0	0	0	0	0	0	0	0	0	0	0	0	0	0	0	0	0	0	0	0	0	0	0	0	0	0	0	0	0	0	0	0	0	0	0	0	0	0	0	18	0	0	0	0	0	28	0	0	0	0	0	16	0	0	0	0	0	41	0	0	0	20	0	0	0	0	0	0	0	14	0	0	0	0	0	47	0	0	0	0	0	0	0	0	0	0	0	0	0	0	0	48	0	0	0	0	0	0	0	0	0	0	0	49	0	0	14	13	0	0	24	0	0	0	0	7	16	68	29	0	0	0	0	10	0	18	0	0	0	0	0	42	0	0	0	0	31	33	0	39	0	0	9	18	0	0	0	21	14	0	0	0	0	0	12	34	0	0	0	18	0	0	0	0	0	55	0	0	0	0	0	0	0	0	0	0	0	0	0	19	0	16	0	9	0	0	19	0	0	0	0	0	0	0	0	0	0	0	0	0	0	0	0	0	0	0	0	0	0	0	0	0	0	0	0	0	0	0	0	0	0	0	0	0	0	0	0	0	0	0	0	0	0	0	0	0	0	0	0	0	0	0	0	0	0	0	0	0	0	0	0	0	0	0	0	0	0	0	0	0	0	0	0	0	0	0	0	0	0	0	0	0	0	0	0	0	0	0	0	0	0	0	0	0	0	0	0	0	0	0	0	0	0	0	0	0	0	0	0	0	0	0	0	0	0	153	0	0	0	0	0	0	0	0	0	0	0	0	0	0	0	0	0	0	0	0	0	0	0	0	0	264	10	0	0	0	0	0	0	0	0	0	0	0	0	0	0	0	0	0	0	0	0	0	0	0	0	0	0	0	0	0	0	0	0	0	0	0	15	0	0	0	0	7	0	0	0	13	0	0	0	0	0	0	0	0	0	0	0	0	0	0	0	0	0	0	0	0	0	0	0	0	0	0	0	0	0	0	0	0	0	0	0	0	0	0	0	0	0	0	0	0	0	0	0	0	32	0	0	0	0	0	0	0	0
d__Bacteria___p__Firmicutes___c__Bacilli___o__Staphylococcales___f__Gemellaceae___g__Gemella	0	0	0	0	0	0	0	0	0	0	0	0	0	0	0	0	0	0	0	0	0	0	0	0	0	0	16	19	29	33	0	0	0	33	0	0	0	0	0	0	0	0	62	0	0	0	64	7	0	0	0	0	0	9	0	0	0	0	0	0	0	0	0	0	0	0	0	0	0	0	0	0	0	0	0	0	0	4	0	33	0	0	0	27	0	0	8	0	0	0	0	0	0	0	0	0	0	0	0	0	0	0	0	0	0	0	0	0	0	0	0	0	0	0	0	0	0	0	0	0	0	0	0	0	0	0	0	0	0	18	0	0	0	0	0	28	0	0	0	0	0	16	0	0	0	0	0	41	0	0	0	20	0	0	0	0	0	0	0	14	0	0	0	0	0	47	0	0	0	0	0	0	0	0	0	0	0	0	0	0	0	48	0	0	0	0	0	0	0	0	0	0	0	49	0	0	14	13	0	0	24	0	0	0	0	7	16	68	29	0	0	0	0	10	0	18	0	0	0	0	0	42	0	0	0	0	31	33	0	39	0	0	9	18	0	0	0	21	14	0	0	0	0	0	12	34	0	0	0	18	0	0	0	0	0	55	0	0	0	0	0	0	0	0	0	0	0	0	0	19	0	16	0	9	0	0	19	0	0	0	0	0	0	0	0	0	0	0	0	0	0	0	0	0	0	0	0	0	0	0	0	0	0	0	0	0	0	0	0	0	0	0	0	0	0	0	0	0	0	0	0	0	0	0	0	0	0	0	0	0	0	0	0	0	0	0	0	0	0	0	0	0	0	0	0	0	0	0	0	0	0	0	0	0	0	0	0	0	0	0	0	0	0	0	0	0	0	0	0	0	0	0	0	0	0	0	0	0	0	0	0	0	0	0	0	0	0	0	0	0	0	0	0	0	0	153	0	0	0	0	0	0	0	0	0	0	0	0	0	0	0	0	0	0	0	0	0	0	0	0	0	264	10	0	0	0	0	0	0	0	0	0	0	0	0	0	0	0	0	0	0	0	0	0	0	0	0	0	0	0	0	0	0	0	0	0	0	0	15	0	0	0	0	7	0	0	0	13	0	0	0	0	0	0	0	0	0	0	0	0	0	0	0	0	0	0	0	0	0	0	0	0	0	0	0	0	0	0	0	0	0	0	0	0	0	0	0	0	0	0	0	0	0	0	0	0	32	0	0	0	0	0	0	0	0
d__Bacteria___p__Firmicutes___c__Bacilli___o__Staphylococcales___f__Staphylococcaceae	0	0	0	0	0	0	0	0	0	0	0	0	0	0	0	0	660	0	0	0	0	0	0	0	0	0	0	0	0	0	0	0	0	0	0	0	0	0	0	0	0	0	0	0	0	0	0	0	0	0	0	0	0	0	0	0	0	0	0	0	0	0	0	0	0	0	0	0	0	0	0	0	0	0	0	0	0	0	0	0	0	0	0	0	0	0	0	0	0	0	0	0	0	0	0	0	0	0	0	0	0	0	0	0	0	0	0	15	0	0	0	0	0	0	0	0	24	0	0	0	0	0	0	25	0	0	0	0	556	0	0	0	0	0	0	0	0	0	0	0	0	0	0	0	0	0	0	0	0	0	0	0	0	0	0	0	0	0	0	0	0	0	0	0	0	0	0	0	0	0	0	0	0	0	0	0	0	0	0	0	0	0	0	0	0	0	0	0	0	0	0	0	0	0	0	0	0	0	0	0	0	0	0	0	0	0	0	0	0	0	0	0	0	0	0	0	0	0	0	0	0	0	0	0	0	0	7	11	90	43	76	0	0	0	0	0	34	623	348	88	0	0	228	967	3042	174	308	42	663	0	0	0	0	0	0	0	0	0	0	0	0	0	4	0	0	0	0	0	0	0	0	0	0	0	0	0	0	0	0	0	0	0	0	0	0	0	0	10894	0	0	0	0	0	0	0	0	0	0	0	0	0	0	0	0	0	0	0	0	0	0	0	0	0	0	0	0	0	0	0	0	0	0	0	0	0	0	0	0	0	0	0	1553	6340	0	0	0	0	0	0	0	0	0	0	0	0	0	0	0	0	0	0	0	0	0	0	0	0	0	0	0	8550	0	0	0	0	0	0	0	0	0	0	0	0	0	0	0	0	0	0	0	0	0	0	0	0	0	0	0	0	0	0	0	0	0	0	0	0	0	0	0	0	0	0	0	0	0	0	0	0	0	0	0	0	0	0	0	1003	5240	0	0	0	0	0	0	0	0	0	0	0	0	0	0	0	0	0	0	0	0	0	0	0	0	0	0	0	0	0	0	0	0	0	0	0	0	0	0	0	0	0	0	0	0	0	0	0	0	0	0	0	0	0	0	0	0	0	0	0	0	0	167	0	0	0	0	0	0	0	0	0	0	0	0	0	0	0	0	0	0	0	0	0	0	0	0	0	0	0	0	0	0	0	0	0	0	0	0	0	0	0	0	0	0	0	0	0
d__Bacteria___p__Firmicutes___c__Bacilli___o__Staphylococcales___f__Staphylococcaceae___g__Staphylococcus	0	0	0	0	0	0	0	0	0	0	0	0	0	0	0	0	660	0	0	0	0	0	0	0	0	0	0	0	0	0	0	0	0	0	0	0	0	0	0	0	0	0	0	0	0	0	0	0	0	0	0	0	0	0	0	0	0	0	0	0	0	0	0	0	0	0	0	0	0	0	0	0	0	0	0	0	0	0	0	0	0	0	0	0	0	0	0	0	0	0	0	0	0	0	0	0	0	0	0	0	0	0	0	0	0	0	0	15	0	0	0	0	0	0	0	0	24	0	0	0	0	0	0	25	0	0	0	0	556	0	0	0	0	0	0	0	0	0	0	0	0	0	0	0	0	0	0	0	0	0	0	0	0	0	0	0	0	0	0	0	0	0	0	0	0	0	0	0	0	0	0	0	0	0	0	0	0	0	0	0	0	0	0	0	0	0	0	0	0	0	0	0	0	0	0	0	0	0	0	0	0	0	0	0	0	0	0	0	0	0	0	0	0	0	0	0	0	0	0	0	0	0	0	0	0	0	7	11	90	43	76	0	0	0	0	0	34	623	348	88	0	0	228	967	3038	174	308	42	663	0	0	0	0	0	0	0	0	0	0	0	0	0	4	0	0	0	0	0	0	0	0	0	0	0	0	0	0	0	0	0	0	0	0	0	0	0	0	10894	0	0	0	0	0	0	0	0	0	0	0	0	0	0	0	0	0	0	0	0	0	0	0	0	0	0	0	0	0	0	0	0	0	0	0	0	0	0	0	0	0	0	0	1553	6340	0	0	0	0	0	0	0	0	0	0	0	0	0	0	0	0	0	0	0	0	0	0	0	0	0	0	0	8550	0	0	0	0	0	0	0	0	0	0	0	0	0	0	0	0	0	0	0	0	0	0	0	0	0	0	0	0	0	0	0	0	0	0	0	0	0	0	0	0	0	0	0	0	0	0	0	0	0	0	0	0	0	0	0	1003	5240	0	0	0	0	0	0	0	0	0	0	0	0	0	0	0	0	0	0	0	0	0	0	0	0	0	0	0	0	0	0	0	0	0	0	0	0	0	0	0	0	0	0	0	0	0	0	0	0	0	0	0	0	0	0	0	0	0	0	0	0	0	167	0	0	0	0	0	0	0	0	0	0	0	0	0	0	0	0	0	0	0	0	0	0	0	0	0	0	0	0	0	0	0	0	0	0	0	0	0	0	0	0	0	0	0	0	0
d__Bacteria___p__Firmicutes___c__Clostridia	20115	16726	12253	12435	12815	14114	7771	6991	9900	13912	12864	9992	8087	16603	15026	18577	3111	15105	10558	13616	17409	14877	22478	13993	5869	11929	43920	35489	103105	155284	16230	29710	41947	90510	7388	12430	69960	14196	25077	92785	23825	10839	38198	25824	10419	8080	85436	14987	8229	7016	12885	9917	22099	28190	40678	34122	4908	16254	8751	16249	17512	10846	11885	9853	17701	12877	21378	17417	20848	23839	20018	15991	8072	14605	14300	20196	22265	16465	16208	14498	7170	14610	17967	14074	6594	14836	14806	10655	8828	9217	9685	13810	16017	15761	7001	11156	3060	6192	13732	12181	21457	12816	17609	8360	15412	10676	7867	9836	5380	3883	8177	5825	14578	6895	10391	12781	7112	8024	10755	7846	8255	8940	12526	11706	13291	6972	8033	11351	7734	7338	13303	10127	11961	9265	13848	10419	16568	11911	6441	9757	5147	10738	12712	15858	13140	13337	5483	6694	15047	15345	12916	11588	13252	11031	6972	15873	14946	9445	8023	7971	12098	9878	6841	11043	9750	10157	8487	11311	10192	7551	10563	12016	10104	9067	7985	9247	9187	11459	1024	11990	12873	12084	10331	13718	14831	9889	11165	12482	8636	10398	13422	23877	11377	9144	19081	12808	15035	7956	12567	23430	16034	12333	20183	4495	13180	20978	19464	690	11307	16803	14586	17752	28097	12157	18838	15871	19847	27805	26269	22223	23070	5875	7397	5661	17300	26172	17066	17065	28613	27734	23178	17080	10295	20101	26237	10520	20915	9955	22094	24930	17991	25824	8245	9132	1256	22874	20232	12410	10543	12236	19000	6307	26268	23974	14526	11267	18254	18883	23303	13409	36541	7919	18688	18019	14663	17610	13247	17035	14354	19337	3191	18390	18096	16864	20473	3884	13079	18649	19001	30889	15632	13595	20984	12058	19253	28047	20	987	15514	10631	10148	13719	6203	9559	14730	16860	11174	23457	17324	17299	16798	12339	23601	23697	15376	12642	21316	14447	20210	6000	9947	13426	21598	25196	20435	11377	10060	17134	17015	20352	15187	8850	21844	27424	8404	19203	10314	15878	23379	8043	18887	6	724	11703	10321	16324	14463	6534	14591	19374	17153	12395	9897	7340	9959	5459	11009	17027	17449	14873	21979	16072	12864	15626	22811	21606	11258	21899	23684	24325	803	11097	14057	6623	14838	12978	14534	15357	19059	11989	14811	17265	7761	14183	15587	9889	10926	4296	14618	30547	22927	15997	12293	16076	17820	18396	11375	17116	9473	7455	12504	13740	10294	6290	14334	3903	9798	7708	9670	13879	8335	7168	9039	6642	11811	14745	10302	11189	11468	19830	2343	14495	7780	21642	30266	6877	0	0	1864	13570	13352	4699	13346	13118	16073	11382	14720	380	713	2085	4905	4685	1938	1224	561	464	1697	4031	3901	2514	2616	404	3348	641	1141	1418	5612	587	1827	2053	2784	6872	13865	307	1070	1641	1769	6442	2453	15555	421	7277	5463	2804	389	2451	926	13431	1235	592	1190	16621	4527	15655	2030	16454	3436	12730	2862	1002	4088	22473	209	2011	10521	2168	1439	1890	791	2828	15325	1287	3982	5846	17427	6117	1039	20015	3076	5272	2081	2449	27244	2007	1775	454	599	275	1497	28338	23931	13871	21581	22954	2903	1630	3724	15049	18458	20634	20626	4068	9225	20716	6795
d__Bacteria___p__Firmicutes___c__Clostridia___o__Caldicoprobacterales	0	0	0	0	0	0	0	0	0	0	0	0	0	0	0	0	0	0	0	0	0	0	0	0	0	0	0	0	0	0	0	0	0	0	0	0	0	0	0	0	0	0	0	0	0	0	0	0	0	0	0	0	0	0	0	0	0	0	0	0	0	0	0	0	0	0	0	0	0	0	0	0	0	0	0	0	0	0	0	0	0	0	0	0	0	0	0	0	0	0	0	0	0	0	0	0	0	0	0	0	0	0	0	0	0	0	0	0	0	0	0	0	0	0	0	0	0	0	0	0	0	0	0	0	0	0	0	0	0	0	0	0	0	0	0	0	0	0	0	0	0	0	0	0	0	0	0	0	0	0	0	0	0	0	0	0	0	0	0	0	0	0	0	0	0	0	0	0	0	0	0	0	0	0	0	0	0	0	0	0	0	0	0	0	0	0	0	0	0	0	0	0	0	0	0	0	0	0	0	0	0	0	0	0	0	0	0	0	0	0	0	0	0	0	0	0	0	0	0	0	0	0	0	0	0	0	0	0	0	0	0	0	0	0	0	0	0	0	0	0	0	0	0	0	0	0	0	0	0	0	0	0	0	0	0	0	0	0	0	0	0	0	0	0	0	0	0	0	0	0	0	0	0	0	0	0	0	0	0	0	0	0	0	0	0	0	0	0	0	0	0	0	0	0	0	0	0	0	0	0	0	0	0	0	4	0	0	0	0	0	0	0	0	0	0	0	0	0	0	0	0	0	0	0	0	0	0	0	0	0	0	0	0	0	0	0	0	0	0	0	0	0	0	0	0	0	0	0	0	0	0	0	0	0	0	0	0	0	0	0	0	0	0	0	0	0	0	0	0	0	0	0	0	0	0	0	0	0	0	0	0	0	0	0	0	0	0	0	0	0	0	0	0	0	0	0	0	0	0	0	0	0	0	0	0	0	0	0	0	0	0	0	0	0	0	0	0	0	0	0	0	0	0	0	0	0	0	0	0	0	0	0	0	0	0	0	0	0	0	0	0	0	0	0	0	0	0	0	0	0	0	0	0	0	0	0	0	0	0	0	0	0	0	0	0	0	0	0	0	0	0	0	0	0	0	0	0	0	0	0	0	11	0	0	0	0	0	0	0	0	0	0	0	0	0	0	0	0	0	0	0	0	0	0	0	0	0	0	0	0	0	0	0	0	0	0	0	0	0	0	0	0	0	0	0
d__Bacteria___p__Firmicutes___c__Clostridia___o__Caldicoprobacterales___f__Caldicoprobacteraceae	0	0	0	0	0	0	0	0	0	0	0	0	0	0	0	0	0	0	0	0	0	0	0	0	0	0	0	0	0	0	0	0	0	0	0	0	0	0	0	0	0	0	0	0	0	0	0	0	0	0	0	0	0	0	0	0	0	0	0	0	0	0	0	0	0	0	0	0	0	0	0	0	0	0	0	0	0	0	0	0	0	0	0	0	0	0	0	0	0	0	0	0	0	0	0	0	0	0	0	0	0	0	0	0	0	0	0	0	0	0	0	0	0	0	0	0	0	0	0	0	0	0	0	0	0	0	0	0	0	0	0	0	0	0	0	0	0	0	0	0	0	0	0	0	0	0	0	0	0	0	0	0	0	0	0	0	0	0	0	0	0	0	0	0	0	0	0	0	0	0	0	0	0	0	0	0	0	0	0	0	0	0	0	0	0	0	0	0	0	0	0	0	0	0	0	0	0	0	0	0	0	0	0	0	0	0	0	0	0	0	0	0	0	0	0	0	0	0	0	0	0	0	0	0	0	0	0	0	0	0	0	0	0	0	0	0	0	0	0	0	0	0	0	0	0	0	0	0	0	0	0	0	0	0	0	0	0	0	0	0	0	0	0	0	0	0	0	0	0	0	0	0	0	0	0	0	0	0	0	0	0	0	0	0	0	0	0	0	0	0	0	0	0	0	0	0	0	0	0	0	0	0	0	0	4	0	0	0	0	0	0	0	0	0	0	0	0	0	0	0	0	0	0	0	0	0	0	0	0	0	0	0	0	0	0	0	0	0	0	0	0	0	0	0	0	0	0	0	0	0	0	0	0	0	0	0	0	0	0	0	0	0	0	0	0	0	0	0	0	0	0	0	0	0	0	0	0	0	0	0	0	0	0	0	0	0	0	0	0	0	0	0	0	0	0	0	0	0	0	0	0	0	0	0	0	0	0	0	0	0	0	0	0	0	0	0	0	0	0	0	0	0	0	0	0	0	0	0	0	0	0	0	0	0	0	0	0	0	0	0	0	0	0	0	0	0	0	0	0	0	0	0	0	0	0	0	0	0	0	0	0	0	0	0	0	0	0	0	0	0	0	0	0	0	0	0	0	0	0	0	0	11	0	0	0	0	0	0	0	0	0	0	0	0	0	0	0	0	0	0	0	0	0	0	0	0	0	0	0	0	0	0	0	0	0	0	0	0	0	0	0	0	0	0	0
d__Bacteria___p__Firmicutes___c__Clostridia___o__Caldicoprobacterales___f__Caldicoprobacteraceae___g__Caldicoprobacter	0	0	0	0	0	0	0	0	0	0	0	0	0	0	0	0	0	0	0	0	0	0	0	0	0	0	0	0	0	0	0	0	0	0	0	0	0	0	0	0	0	0	0	0	0	0	0	0	0	0	0	0	0	0	0	0	0	0	0	0	0	0	0	0	0	0	0	0	0	0	0	0	0	0	0	0	0	0	0	0	0	0	0	0	0	0	0	0	0	0	0	0	0	0	0	0	0	0	0	0	0	0	0	0	0	0	0	0	0	0	0	0	0	0	0	0	0	0	0	0	0	0	0	0	0	0	0	0	0	0	0	0	0	0	0	0	0	0	0	0	0	0	0	0	0	0	0	0	0	0	0	0	0	0	0	0	0	0	0	0	0	0	0	0	0	0	0	0	0	0	0	0	0	0	0	0	0	0	0	0	0	0	0	0	0	0	0	0	0	0	0	0	0	0	0	0	0	0	0	0	0	0	0	0	0	0	0	0	0	0	0	0	0	0	0	0	0	0	0	0	0	0	0	0	0	0	0	0	0	0	0	0	0	0	0	0	0	0	0	0	0	0	0	0	0	0	0	0	0	0	0	0	0	0	0	0	0	0	0	0	0	0	0	0	0	0	0	0	0	0	0	0	0	0	0	0	0	0	0	0	0	0	0	0	0	0	0	0	0	0	0	0	0	0	0	0	0	0	0	0	0	0	0	0	4	0	0	0	0	0	0	0	0	0	0	0	0	0	0	0	0	0	0	0	0	0	0	0	0	0	0	0	0	0	0	0	0	0	0	0	0	0	0	0	0	0	0	0	0	0	0	0	0	0	0	0	0	0	0	0	0	0	0	0	0	0	0	0	0	0	0	0	0	0	0	0	0	0	0	0	0	0	0	0	0	0	0	0	0	0	0	0	0	0	0	0	0	0	0	0	0	0	0	0	0	0	0	0	0	0	0	0	0	0	0	0	0	0	0	0	0	0	0	0	0	0	0	0	0	0	0	0	0	0	0	0	0	0	0	0	0	0	0	0	0	0	0	0	0	0	0	0	0	0	0	0	0	0	0	0	0	0	0	0	0	0	0	0	0	0	0	0	0	0	0	0	0	0	0	0	0	11	0	0	0	0	0	0	0	0	0	0	0	0	0	0	0	0	0	0	0	0	0	0	0	0	0	0	0	0	0	0	0	0	0	0	0	0	0	0	0	0	0	0	0
d__Bacteria___p__Firmicutes___c__Clostridia___o__Christensenellales	0	1136	0	199	0	387	73	16	8	23	26	137	0	0	53	146	6	7	217	40	153	0	15	274	208	103	920	58	935	716	0	54	996	123	37	14	77	65	174	443	426	93	0	11	47	32	336	503	428	60	53	161	990	305	1209	0	0	682	188	213	0	62	61	190	45	26	10	250	411	56	78	21	0	217	357	157	759	0	0	65	30	209	164	57	60	149	980	20	91	274	634	0	482	392	0	36	0	15	39	1253	31	358	0	26	219	81	134	0	0	0	38	0	659	274	129	0	0	0	360	0	45	0	54	0	47	0	62	43	104	151	29	0	128	23	152	68	72	0	0	134	0	0	0	89	21	0	0	26	46	0	398	21	0	34	0	0	0	0	75	71	0	0	63	0	0	236	77	51	144	149	55	0	12	0	201	62	0	0	0	0	716	0	0	0	44	0	0	55	136	99	100	183	106	117	222	0	131	0	0	943	91	359	0	0	216	455	700	0	58	97	0	0	752	235	658	616	160	2594	0	469	1462	118	178	0	652	2394	60	1138	83	624	848	30	420	174	16	0	630	706	29	1492	348	404	0	0	0	792	1046	80	266	11	259	59	0	0	117	0	706	26	211	19	0	16	58	1367	173	0	87	0	73	62	0	92	298	580	218	0	0	393	0	48	701	0	5837	0	0	134	4	0	12	49	2560	3186	164	47	384	1062	171	1864	664	2342	1798	282	860	2681	286	1369	32	434	15	332	749	0	2698	1693	139	624	0	1046	31	2171	366	30	3	441	27	3309	1007	1084	5002	13	73	0	3	40	397	219	370	451	708	1748	23	93	9	475	3512	0	2409	2443	842	2094	545	3336	756	241	1137	2035	0	5625	0	11770	0	458	22	152	1806	318	297	281	167	0	428	2630	160	2065	0	0	751	291	1117	2601	2522	1426	319	1700	35	2018	87	3543	535	1859	16	987	0	754	555	6	13	92	0	944	350	0	72	471	893	176	0	1336	178	582	7	632	5	3876	0	2018	0	0	0	0	73	0	144	25	178	410	0	0	0	0	9	126	0	0	0	0	0	33	0	0	8	0	0	0	0	0	259	59	53	34	0	60	0	0	0	0	0	73	139	857	3	73	0	21	23	0	0	0	0	4	0	133	0	4	0	27	182	347	12	0	130	1130	0	0	0	0	33	419	0	33	174	0	108	19	29	824	44	1916	25	4	0	143	1056	0	0	0	28	0	7	2427	1004	823	82	3644	552	187	0	12	477	196	1533	472	1286	991	1989
d__Bacteria___p__Firmicutes___c__Clostridia___o__Christensenellales___f__Christensenellaceae	0	1136	0	199	0	387	73	16	8	23	26	137	0	0	53	146	6	7	217	40	153	0	15	274	208	103	920	58	935	716	0	54	996	123	37	14	77	65	174	443	426	93	0	11	47	32	336	503	428	60	53	161	990	305	1209	0	0	682	188	213	0	62	61	190	45	26	10	250	411	56	78	21	0	217	357	157	759	0	0	65	30	209	164	57	60	149	980	20	91	274	634	0	482	392	0	36	0	15	39	1253	31	358	0	26	219	81	134	0	0	0	38	0	659	274	129	0	0	0	360	0	45	0	54	0	47	0	62	43	104	151	29	0	128	23	152	68	72	0	0	134	0	0	0	89	21	0	0	26	46	0	398	21	0	34	0	0	0	0	75	71	0	0	63	0	0	236	77	51	144	149	55	0	12	0	201	62	0	0	0	0	716	0	0	0	44	0	0	55	136	99	100	183	106	117	222	0	131	0	0	943	91	359	0	0	216	455	700	0	58	97	0	0	752	235	658	616	160	2594	0	469	1462	118	178	0	652	2394	60	1138	83	624	848	30	420	174	16	0	630	706	29	1492	348	404	0	0	0	792	1046	80	266	11	259	59	0	0	117	0	706	26	211	19	0	16	58	1367	173	0	87	0	73	62	0	92	298	580	218	0	0	393	0	48	701	0	5837	0	0	134	4	0	12	49	2560	3186	164	47	384	1062	171	1864	664	2342	1798	282	860	2681	286	1369	32	434	15	332	749	0	2698	1693	139	624	0	1046	31	2171	366	30	3	441	27	3309	1007	1084	5002	13	73	0	3	40	397	219	370	451	708	1748	23	93	9	475	3512	0	2409	2443	842	2094	545	3336	756	241	1137	2035	0	5625	0	11770	0	458	22	152	1806	318	297	281	167	0	428	2630	160	2065	0	0	751	291	1117	2601	2522	1426	319	1700	35	2018	87	3543	535	1859	16	987	0	754	555	6	13	92	0	944	350	0	72	471	893	176	0	1336	178	582	7	632	5	3876	0	2018	0	0	0	0	73	0	144	25	178	410	0	0	0	0	9	126	0	0	0	0	0	33	0	0	8	0	0	0	0	0	259	59	53	34	0	60	0	0	0	0	0	73	139	857	3	73	0	21	23	0	0	0	0	4	0	133	0	4	0	27	182	347	12	0	130	1130	0	0	0	0	33	419	0	33	174	0	108	19	29	824	44	1916	25	4	0	143	1056	0	0	0	28	0	7	2427	1004	823	82	3644	552	187	0	12	477	196	1533	472	1286	991	1989
d__Bacteria___p__Firmicutes___c__Clostridia___o__Christensenellales___f__Christensenellaceae___g__Christensenella	0	0	0	0	0	0	0	0	0	0	0	0	0	0	0	0	0	0	0	0	0	0	0	0	0	0	0	0	0	0	0	0	0	0	0	0	0	0	0	0	0	0	0	0	0	0	0	0	0	0	0	0	0	0	0	0	0	0	0	0	0	0	0	0	0	0	0	0	0	0	0	0	0	0	0	0	0	0	0	0	0	0	0	0	0	0	0	0	0	0	0	0	0	0	0	0	0	0	0	0	0	0	0	0	0	0	0	0	0	0	0	0	0	0	0	0	0	0	0	0	0	0	0	0	0	0	0	0	0	0	0	0	0	0	0	0	0	0	0	0	0	0	0	0	0	0	0	0	0	0	0	0	0	0	0	0	0	0	0	0	0	0	0	0	0	0	0	0	0	0	0	0	0	0	0	0	0	0	0	0	0	0	0	0	0	0	0	0	0	0	0	0	0	0	0	0	0	0	0	0	0	0	0	0	0	0	0	0	0	0	0	0	0	0	0	0	0	0	0	0	14	0	0	0	0	0	0	0	0	0	0	0	0	0	0	0	0	0	0	0	0	0	0	0	0	0	0	0	0	0	0	0	0	0	0	0	0	0	0	0	0	0	0	0	0	0	0	0	0	0	0	0	0	0	0	0	0	0	0	0	0	0	0	0	0	0	0	0	0	0	0	0	0	0	4	0	0	0	0	0	0	0	0	0	2	0	5	0	0	2	0	0	0	0	0	0	0	0	2	0	0	0	0	0	0	0	0	0	0	0	0	0	0	0	0	0	0	0	0	0	0	0	0	0	0	0	0	0	0	0	0	0	0	0	0	0	0	0	0	0	0	0	0	0	0	0	0	0	0	0	0	0	0	0	0	0	0	0	0	0	0	0	0	0	0	0	0	0	0	0	0	0	0	0	0	0	0	0	0	0	0	0	0	0	0	0	0	0	0	0	0	0	0	0	0	0	0	0	0	0	0	0	0	0	0	0	0	0	0	0	0	0	0	0	0	0	0	0	0	0	0	0	0	0	0	0	0	0	0	0	0	0	0	0	0	0	0	0	0	0	0	0	0	0	0	0	0	0	0	0	0	0	0	0	0	0	0	0	0	0	0	0	0	0	0	0	0	0	0	0	0	0	0	0	0	0	0	0	0	0	0	0	0	0	0	0	0	0	0	0	0	0	0	0	0	0	0	0	0	0	0	0	0	0	0
d__Bacteria___p__Firmicutes___c__Clostridia___o__Christensenellales___f__Christensenellaceae___g__Christensenellaceae_R-7_group	0	1136	0	199	0	387	73	16	8	23	26	137	0	0	53	146	6	7	217	40	153	0	15	274	208	103	920	58	595	716	0	54	996	123	37	14	77	65	174	443	426	93	0	11	47	32	336	503	428	60	50	161	990	305	1209	0	0	682	188	213	0	62	61	190	45	26	10	250	411	56	78	21	0	217	350	157	759	0	0	65	30	209	164	57	60	149	980	20	91	263	634	0	390	392	0	36	0	15	39	1253	31	358	0	26	219	81	134	0	0	0	38	0	659	274	129	0	0	0	360	0	45	0	54	0	47	0	62	43	104	151	29	0	128	23	152	68	72	0	0	134	0	0	0	89	21	0	0	26	46	0	398	21	0	34	0	0	0	0	75	71	0	0	63	0	0	236	77	13	144	149	55	0	12	0	201	62	0	0	0	0	716	0	0	0	44	0	0	55	136	99	100	183	106	117	222	0	131	0	0	943	0	359	0	0	216	455	700	0	58	97	0	0	752	235	658	616	160	2594	0	469	1448	118	178	0	652	2394	60	1138	83	624	848	30	420	174	16	0	630	706	29	1492	348	404	0	0	0	792	1046	80	266	11	259	59	0	0	117	0	706	26	211	19	0	16	0	1367	173	0	87	0	73	62	0	92	298	580	218	0	0	295	0	0	701	0	5837	0	0	134	4	0	12	49	2560	3186	164	47	378	1049	165	1849	662	2342	1782	279	851	2664	281	1369	27	434	15	330	749	0	2693	1686	139	621	0	1040	3	2171	359	8	3	441	27	3309	1007	1084	4997	13	68	0	3	40	393	219	370	451	708	1748	23	93	0	475	3512	0	2409	2443	842	2094	545	3336	756	206	1126	2035	0	5611	0	11770	0	458	22	152	1806	318	297	281	150	0	428	2614	160	2065	0	0	751	291	1117	2601	2522	1426	319	1700	35	2018	87	3543	535	1859	16	987	0	754	555	6	13	59	0	937	350	0	72	471	893	176	0	1336	178	582	7	632	0	3876	0	2018	0	0	0	0	73	0	144	25	178	410	0	0	0	0	9	126	0	0	0	0	0	33	0	0	8	0	0	0	0	0	259	59	53	34	0	60	0	0	0	0	0	73	139	857	3	73	0	21	23	0	0	0	0	4	0	133	0	4	0	27	182	347	4	0	130	1130	0	0	0	0	33	419	0	33	174	0	108	19	0	813	44	1916	25	4	0	143	1056	0	0	0	28	0	7	2427	1004	823	82	3644	552	187	0	12	477	174	1533	472	1286	981	1989
d__Bacteria___p__Firmicutes___c__Clostridia___o__Clostridia_UCG-014	0	1078	0	382	29	228	30	0	53	13	43	36	0	0	0	0	0	0	0	0	0	0	38	52	0	159	603	39	1061	1517	59	314	31	249	0	56	99	73	513	1317	17	56	34	24	15	0	158	212	13	204	30	11	0	89	389	40	0	61	59	53	0	0	0	10	161	0	186	93	149	0	27	0	0	82	216	0	312	0	38	1053	0	153	114	26	18	45	79	0	6	306	130	5	100	286	0	23	0	0	98	278	82	244	0	182	47	0	143	0	0	0	0	0	248	25	0	19	0	26	975	0	77	0	0	0	0	0	0	64	0	0	0	0	0	42	0	0	0	39	0	117	0	0	0	0	0	0	0	30	0	0	38	0	0	64	69	0	0	0	65	0	108	0	87	0	81	0	0	217	6	0	0	0	0	0	0	0	22	0	0	0	484	0	0	32	0	0	0	0	38	116	21	110	41	99	39	38	17	0	0	1115	0	104	0	0	175	25	22	0	0	121	0	0	684	23	327	66	111	1371	0	630	262	0	0	0	33	614	0	102	20	107	760	0	296	0	0	0	343	1392	8	507	64	90	0	0	0	33	72	36	79	85	205	0	0	640	277	28	871	17	331	135	0	17	78	201	26	147	166	0	0	0	0	0	460	123	0	0	5	0	0	37	88	0	438	0	0	376	0	0	0	88	1188	30	156	127	697	70	11	674	817	394	1063	109	2506	203	181	483	7	74	111	368	292	23	359	329	450	1048	0	925	3	1072	48	0	310	0	17	741	64	373	591	0	383	0	0	267	1120	579	315	0	222	90	437	393	0	0	118	0	270	286	22	263	165	2897	757	77	1276	1304	0	358	252	602	0	82	0	72	360	175	959	27	1009	20	56	28	1633	409	0	0	195	31	153	189	245	1062	41	215	69	603	0	193	0	319	0	371	36	205	0	0	159	323	11	438	243	35	223	232	428	0	0	71	0	73	63	615	0	1915	0	231	0	0	0	0	0	0	40	58	7	0	0	0	0	0	0	40	0	0	0	0	0	58	25	0	0	0	0	0	0	0	189	31	0	0	0	0	0	0	0	0	0	12	6	385	9	0	0	7	0	37	0	0	3	0	0	0	0	43	0	99	166	420	99	0	5	435	0	0	0	0	0	0	0	0	0	0	56	0	0	140	35	496	9	0	0	10	179	0	0	0	0	0	0	281	7020	282	29	157	0	9	0	0	110	213	141	39	303	1211	646
d__Bacteria___p__Firmicutes___c__Clostridia___o__Clostridia_or	0	299	0	0	0	0	0	0	11	0	0	0	0	0	0	0	0	0	0	0	0	0	0	0	0	0	0	0	0	0	0	0	0	0	0	0	0	0	0	0	0	0	0	0	0	0	0	0	0	0	0	0	0	0	0	0	0	0	0	0	0	0	0	0	0	0	0	0	12	0	0	0	0	0	0	0	0	0	0	0	0	0	0	0	0	0	0	0	0	0	0	0	0	0	0	0	0	0	0	0	0	0	0	0	0	0	0	0	0	0	0	0	0	0	0	0	0	0	0	0	0	0	0	0	0	0	0	0	0	0	0	0	0	0	0	0	0	0	0	0	0	0	0	0	0	0	0	0	0	0	0	0	0	0	0	0	0	0	0	0	0	0	0	0	0	0	0	0	0	0	0	0	0	0	0	0	0	0	0	0	0	0	0	0	0	0	0	0	0	0	0	0	0	0	0	0	0	0	0	0	0	0	0	0	0	0	0	0	0	0	0	16	0	0	0	0	0	0	0	0	0	0	0	0	0	0	0	0	0	0	0	0	0	0	0	0	0	0	0	0	0	0	0	0	0	0	0	0	0	0	0	0	0	0	0	0	0	0	0	0	0	0	0	0	0	0	0	0	0	0	0	0	0	0	0	0	0	0	0	36	0	0	0	0	0	0	0	0	0	0	0	7	0	0	15	0	0	0	0	0	0	0	0	0	0	0	0	0	0	0	0	0	0	0	0	5	0	15	0	91	0	0	13	0	0	0	7	5	17	0	0	0	0	0	0	0	0	0	0	90	0	0	0	0	0	0	38	0	0	0	0	0	0	0	0	0	0	0	0	0	0	0	0	0	0	0	0	0	0	0	0	0	0	0	0	0	0	0	0	0	0	54	0	118	32	0	0	0	0	11	0	0	0	0	80	0	0	0	0	0	0	0	0	0	0	0	0	0	0	0	0	0	0	0	0	0	0	0	0	0	0	0	0	0	0	0	0	0	0	0	0	0	0	0	0	0	0	0	0	0	0	0	0	0	0	0	0	0	0	0	0	0	0	0	0	0	0	0	0	0	0	0	0	0	0	0	0	0	0	0	0	0	0	0	0	0	0	0	0	0	0	0	0	0	0	0	0	0	0	0	0	0	0	0	0	0	0	0	0	0	0	0	0	0	0	0	0	0	0	0	0	0	0	0	0	0	0	0	0	0	0	0	24	0	0
d__Bacteria___p__Firmicutes___c__Clostridia___o__Clostridia_or___f__Hungateiclostridiaceae	0	299	0	0	0	0	0	0	11	0	0	0	0	0	0	0	0	0	0	0	0	0	0	0	0	0	0	0	0	0	0	0	0	0	0	0	0	0	0	0	0	0	0	0	0	0	0	0	0	0	0	0	0	0	0	0	0	0	0	0	0	0	0	0	0	0	0	0	12	0	0	0	0	0	0	0	0	0	0	0	0	0	0	0	0	0	0	0	0	0	0	0	0	0	0	0	0	0	0	0	0	0	0	0	0	0	0	0	0	0	0	0	0	0	0	0	0	0	0	0	0	0	0	0	0	0	0	0	0	0	0	0	0	0	0	0	0	0	0	0	0	0	0	0	0	0	0	0	0	0	0	0	0	0	0	0	0	0	0	0	0	0	0	0	0	0	0	0	0	0	0	0	0	0	0	0	0	0	0	0	0	0	0	0	0	0	0	0	0	0	0	0	0	0	0	0	0	0	0	0	0	0	0	0	0	0	0	0	0	0	0	16	0	0	0	0	0	0	0	0	0	0	0	0	0	0	0	0	0	0	0	0	0	0	0	0	0	0	0	0	0	0	0	0	0	0	0	0	0	0	0	0	0	0	0	0	0	0	0	0	0	0	0	0	0	0	0	0	0	0	0	0	0	0	0	0	0	0	0	36	0	0	0	0	0	0	0	0	0	0	0	7	0	0	15	0	0	0	0	0	0	0	0	0	0	0	0	0	0	0	0	0	0	0	0	5	0	15	0	91	0	0	13	0	0	0	7	5	17	0	0	0	0	0	0	0	0	0	0	90	0	0	0	0	0	0	38	0	0	0	0	0	0	0	0	0	0	0	0	0	0	0	0	0	0	0	0	0	0	0	0	0	0	0	0	0	0	0	0	0	0	54	0	118	32	0	0	0	0	11	0	0	0	0	80	0	0	0	0	0	0	0	0	0	0	0	0	0	0	0	0	0	0	0	0	0	0	0	0	0	0	0	0	0	0	0	0	0	0	0	0	0	0	0	0	0	0	0	0	0	0	0	0	0	0	0	0	0	0	0	0	0	0	0	0	0	0	0	0	0	0	0	0	0	0	0	0	0	0	0	0	0	0	0	0	0	0	0	0	0	0	0	0	0	0	0	0	0	0	0	0	0	0	0	0	0	0	0	0	0	0	0	0	0	0	0	0	0	0	0	0	0	0	0	0	0	0	0	0	0	0	0	24	0	0
d__Bacteria___p__Firmicutes___c__Clostridia___o__Clostridia_or___f__Hungateiclostridiaceae___g__Fastidiosipila	0	0	0	0	0	0	0	0	0	0	0	0	0	0	0	0	0	0	0	0	0	0	0	0	0	0	0	0	0	0	0	0	0	0	0	0	0	0	0	0	0	0	0	0	0	0	0	0	0	0	0	0	0	0	0	0	0	0	0	0	0	0	0	0	0	0	0	0	0	0	0	0	0	0	0	0	0	0	0	0	0	0	0	0	0	0	0	0	0	0	0	0	0	0	0	0	0	0	0	0	0	0	0	0	0	0	0	0	0	0	0	0	0	0	0	0	0	0	0	0	0	0	0	0	0	0	0	0	0	0	0	0	0	0	0	0	0	0	0	0	0	0	0	0	0	0	0	0	0	0	0	0	0	0	0	0	0	0	0	0	0	0	0	0	0	0	0	0	0	0	0	0	0	0	0	0	0	0	0	0	0	0	0	0	0	0	0	0	0	0	0	0	0	0	0	0	0	0	0	0	0	0	0	0	0	0	0	0	0	0	0	16	0	0	0	0	0	0	0	0	0	0	0	0	0	0	0	0	0	0	0	0	0	0	0	0	0	0	0	0	0	0	0	0	0	0	0	0	0	0	0	0	0	0	0	0	0	0	0	0	0	0	0	0	0	0	0	0	0	0	0	0	0	0	0	0	0	0	0	0	0	0	0	0	0	0	0	0	0	0	0	0	0	0	0	0	0	0	0	0	0	0	0	0	0	0	0	0	0	0	0	0	0	0	0	0	0	0	0	0	0	0	0	0	0	0	0	0	0	0	0	0	0	0	0	0	0	0	0	0	0	0	0	0	0	0	0	0	0	0	0	0	0	0	0	0	0	0	0	0	0	0	0	0	0	0	0	0	0	0	0	0	0	0	0	0	0	0	0	0	0	0	0	0	0	0	0	0	0	0	0	0	0	0	0	0	0	0	0	0	0	0	0	0	0	0	0	0	0	0	0	0	0	0	0	0	0	0	0	0	0	0	0	0	0	0	0	0	0	0	0	0	0	0	0	0	0	0	0	0	0	0	0	0	0	0	0	0	0	0	0	0	0	0	0	0	0	0	0	0	0	0	0	0	0	0	0	0	0	0	0	0	0	0	0	0	0	0	0	0	0	0	0	0	0	0	0	0	0	0	0	0	0	0	0	0	0	0	0	0	0	0	0	0	0	0	0	0	0	0	0	0	0	0	0	0	0	0	0	0	0	0	0	0	0
d__Bacteria___p__Firmicutes___c__Clostridia___o__Clostridia_or___f__Hungateiclostridiaceae___g__Ruminiclostridium	0	299	0	0	0	0	0	0	11	0	0	0	0	0	0	0	0	0	0	0	0	0	0	0	0	0	0	0	0	0	0	0	0	0	0	0	0	0	0	0	0	0	0	0	0	0	0	0	0	0	0	0	0	0	0	0	0	0	0	0	0	0	0	0	0	0	0	0	12	0	0	0	0	0	0	0	0	0	0	0	0	0	0	0	0	0	0	0	0	0	0	0	0	0	0	0	0	0	0	0	0	0	0	0	0	0	0	0	0	0	0	0	0	0	0	0	0	0	0	0	0	0	0	0	0	0	0	0	0	0	0	0	0	0	0	0	0	0	0	0	0	0	0	0	0	0	0	0	0	0	0	0	0	0	0	0	0	0	0	0	0	0	0	0	0	0	0	0	0	0	0	0	0	0	0	0	0	0	0	0	0	0	0	0	0	0	0	0	0	0	0	0	0	0	0	0	0	0	0	0	0	0	0	0	0	0	0	0	0	0	0	0	0	0	0	0	0	0	0	0	0	0	0	0	0	0	0	0	0	0	0	0	0	0	0	0	0	0	0	0	0	0	0	0	0	0	0	0	0	0	0	0	0	0	0	0	0	0	0	0	0	0	0	0	0	0	0	0	0	0	0	0	0	0	0	0	0	0	0	36	0	0	0	0	0	0	0	0	0	0	0	7	0	0	15	0	0	0	0	0	0	0	0	0	0	0	0	0	0	0	0	0	0	0	0	5	0	15	0	91	0	0	13	0	0	0	7	5	17	0	0	0	0	0	0	0	0	0	0	90	0	0	0	0	0	0	38	0	0	0	0	0	0	0	0	0	0	0	0	0	0	0	0	0	0	0	0	0	0	0	0	0	0	0	0	0	0	0	0	0	0	54	0	118	32	0	0	0	0	11	0	0	0	0	80	0	0	0	0	0	0	0	0	0	0	0	0	0	0	0	0	0	0	0	0	0	0	0	0	0	0	0	0	0	0	0	0	0	0	0	0	0	0	0	0	0	0	0	0	0	0	0	0	0	0	0	0	0	0	0	0	0	0	0	0	0	0	0	0	0	0	0	0	0	0	0	0	0	0	0	0	0	0	0	0	0	0	0	0	0	0	0	0	0	0	0	0	0	0	0	0	0	0	0	0	0	0	0	0	0	0	0	0	0	0	0	0	0	0	0	0	0	0	0	0	0	0	0	0	0	0	0	24	0	0
d__Bacteria___p__Firmicutes___c__Clostridia___o__Clostridia_vadinBB60_group	0	396	0	0	0	195	54	0	0	0	0	0	0	0	25	0	0	0	0	0	0	0	0	0	33	44	67	0	0	144	0	0	257	0	0	0	0	0	0	64	0	17	0	0	0	0	0	43	0	0	0	0	0	0	0	0	0	23	14	0	0	0	0	22	0	0	0	0	66	0	0	0	0	0	0	0	86	0	147	0	0	61	36	0	0	0	44	0	0	41	370	0	0	0	0	0	0	0	0	42	0	0	0	0	0	0	17	0	0	0	0	0	168	0	0	0	0	0	22	0	0	0	0	0	0	0	0	0	0	0	0	39	0	0	0	0	17	0	0	0	0	0	0	15	0	0	0	0	0	0	0	0	0	0	0	0	0	0	14	0	0	0	0	0	0	0	0	0	0	0	0	0	0	10	0	0	0	0	0	0	53	0	0	0	0	0	0	0	0	0	0	0	10	0	0	0	0	0	0	211	0	28	0	0	54	0	0	0	0	0	0	0	117	0	0	0	0	11	0	132	298	0	0	0	0	0	0	0	0	0	79	0	78	0	0	0	62	434	0	278	0	0	0	0	0	0	41	0	0	0	60	0	0	0	88	0	8	0	0	0	0	0	0	41	0	0	0	0	0	0	0	0	0	0	0	0	0	0	0	13	0	9	122	0	0	0	0	0	2	108	8	1238	21	25	349	381	0	65	78	321	885	92	232	10	55	121	6	68	6	19	165	0	12	0	121	61	0	511	0	360	179	5	42	21	0	137	10	399	20	0	187	0	0	97	0	483	59	375	0	11	0	0	21	21	1144	0	423	222	0	104	0	0	42	0	456	10	0	0	0	69	0	7	0	0	886	0	49	527	47	0	0	0	0	0	0	0	0	0	151	0	124	267	0	389	0	0	0	652	0	13	0	536	0	24	26	0	0	37	0	323	18	0	0	0	65	0	0	7	23	740	0	0	0	3010	0	0	0	0	0	0	0	0	0	16	0	0	0	0	0	0	0	0	0	0	0	0	0	0	0	0	0	0	0	0	0	0	0	0	0	0	0	0	0	0	0	0	0	0	0	218	0	0	0	0	0	0	0	0	0	0	0	0	0	0	0	0	0	0	0	0	58	747	0	0	0	0	0	0	0	0	0	0	0	0	3	336	58	1755	5	0	0	6	81	0	0	0	0	0	0	17	12	12	0	0	0	0	0	0	75	57	311	338	0	12	4
d__Bacteria___p__Firmicutes___c__Clostridia___o__Clostridiales	0	32	0	148	0	0	0	0	18	0	0	0	0	0	0	0	16	14	12	0	0	0	0	0	0	76	0	0	0	413	0	0	13	75	0	0	0	0	0	0	0	65	0	0	0	0	2077	30	0	0	0	38	0	65	35	0	0	203	0	0	0	0	0	0	22	0	0	0	17	0	0	230	0	0	0	0	0	0	0	32	2	14	0	0	52	134	0	0	16	0	22	0	4	26	0	0	42	385	0	0	0	111	0	0	11	0	0	0	0	0	0	0	143	38	0	0	0	0	0	38	0	0	0	0	0	0	0	0	49	71	122	0	0	0	35	0	41	0	0	0	0	0	0	0	0	353	0	0	0	0	0	0	0	0	0	0	13	0	0	0	0	0	0	0	0	0	0	0	121	42	0	0	22	0	0	0	0	0	0	16	160	0	113	0	0	0	0	0	0	0	0	21	50	0	0	0	0	0	0	140	0	0	33	27	356	0	35	0	0	115	0	12	292	0	0	0	0	91	0	0	153	0	0	0	0	196	21	0	0	13	74	0	98	0	0	0	130	190	0	264	0	0	17	173	0	53	69	0	0	0	111	0	0	0	0	0	152	605	0	0	23	0	40	272	312	1410	0	0	183	0	0	0	177	40	164	0	0	0	0	0	36	0	33	0	0	20	0	987	45	0	8	7	0	40	9	12	7	9	11	0	87	0	11	162	20	0	551	147	0	62	41	0	84	70	20	0	0	0	64	0	6	0	0	227	0	101	23	9	48	381	136	0	710	0	39	26	0	0	0	23	0	0	0	16	0	0	0	0	309	0	139	0	13	32	0	170	0	39	75	1253	803	0	0	0	0	24	0	20	0	0	36	0	0	0	0	0	0	0	0	66	0	0	44	0	0	10	0	0	0	0	0	0	15	30	0	0	0	0	270	0	0	0	0	0	0	23	17	42	15	0	0	123	0	3	0	0	0	0	0	0	0	0	0	0	0	0	0	0	0	0	13	0	0	0	0	21	0	16	0	0	0	0	0	0	0	0	61	10	0	0	0	0	0	0	0	0	0	0	20	13	0	0	0	0	0	0	0	0	0	0	0	0	0	0	0	23	0	24	0	0	0	43	0	0	64	29	0	0	0	12	105	0	0	0	0	0	0	9	197	0	0	0	0	0	52	0	0	0	0	134	128	285	18	1053	47	0	0	40	59	0	0	0	0	36	34
d__Bacteria___p__Firmicutes___c__Clostridia___o__Clostridiales___f__Clostridiaceae	0	32	0	148	0	0	0	0	18	0	0	0	0	0	0	0	16	14	12	0	0	0	0	0	0	76	0	0	0	413	0	0	13	75	0	0	0	0	0	0	0	65	0	0	0	0	2077	30	0	0	0	38	0	65	35	0	0	203	0	0	0	0	0	0	22	0	0	0	17	0	0	230	0	0	0	0	0	0	0	32	2	14	0	0	52	134	0	0	16	0	22	0	4	26	0	0	42	385	0	0	0	111	0	0	11	0	0	0	0	0	0	0	143	38	0	0	0	0	0	38	0	0	0	0	0	0	0	0	49	71	122	0	0	0	35	0	41	0	0	0	0	0	0	0	0	353	0	0	0	0	0	0	0	0	0	0	13	0	0	0	0	0	0	0	0	0	0	0	121	42	0	0	22	0	0	0	0	0	0	16	160	0	113	0	0	0	0	0	0	0	0	21	50	0	0	0	0	0	0	140	0	0	33	27	356	0	35	0	0	115	0	12	292	0	0	0	0	91	0	0	153	0	0	0	0	196	21	0	0	13	74	0	98	0	0	0	130	190	0	264	0	0	17	173	0	53	69	0	0	0	111	0	0	0	0	0	152	605	0	0	23	0	40	272	312	1410	0	0	183	0	0	0	177	40	164	0	0	0	0	0	36	0	33	0	0	20	0	987	45	0	8	7	0	40	9	12	7	9	11	0	87	0	11	162	20	0	551	147	0	62	41	0	84	70	20	0	0	0	64	0	6	0	0	227	0	101	23	9	48	381	136	0	710	0	39	26	0	0	0	23	0	0	0	16	0	0	0	0	309	0	139	0	13	32	0	170	0	39	75	1253	803	0	0	0	0	24	0	20	0	0	36	0	0	0	0	0	0	0	0	66	0	0	44	0	0	10	0	0	0	0	0	0	15	30	0	0	0	0	270	0	0	0	0	0	0	23	17	42	15	0	0	123	0	3	0	0	0	0	0	0	0	0	0	0	0	0	0	0	0	0	13	0	0	0	0	21	0	16	0	0	0	0	0	0	0	0	61	10	0	0	0	0	0	0	0	0	0	0	20	13	0	0	0	0	0	0	0	0	0	0	0	0	0	0	0	23	0	24	0	0	0	43	0	0	64	29	0	0	0	12	105	0	0	0	0	0	0	9	197	0	0	0	0	0	52	0	0	0	0	134	128	285	18	1053	47	0	0	40	59	0	0	0	0	36	34
d__Bacteria___p__Firmicutes___c__Clostridia___o__Clostridiales___f__Clostridiaceae___g__Clostridium_sensu_stricto_1	0	32	0	148	0	0	0	0	18	0	0	0	0	0	0	0	16	14	12	0	0	0	0	0	0	76	0	0	0	413	0	0	13	75	0	0	0	0	0	0	0	65	0	0	0	0	2077	30	0	0	0	38	0	65	35	0	0	203	0	0	0	0	0	0	22	0	0	0	17	0	0	230	0	0	0	0	0	0	0	32	2	14	0	0	52	134	0	0	16	0	22	0	4	26	0	0	42	385	0	0	0	111	0	0	11	0	0	0	0	0	0	0	143	38	0	0	0	0	0	38	0	0	0	0	0	0	0	0	49	71	122	0	0	0	35	0	41	0	0	0	0	0	0	0	0	353	0	0	0	0	0	0	0	0	0	0	13	0	0	0	0	0	0	0	0	0	0	0	121	42	0	0	22	0	0	0	0	0	0	16	160	0	113	0	0	0	0	0	0	0	0	21	50	0	0	0	0	0	0	140	0	0	33	27	356	0	35	0	0	115	0	12	292	0	0	0	0	91	0	0	153	0	0	0	0	196	21	0	0	13	74	0	98	0	0	0	130	190	0	264	0	0	17	173	0	53	69	0	0	0	111	0	0	0	0	0	152	605	0	0	23	0	40	272	312	1410	0	0	183	0	0	0	177	40	164	0	0	0	0	0	36	0	33	0	0	20	0	987	45	0	8	7	0	40	9	12	7	9	11	0	87	0	11	162	20	0	551	147	0	62	41	0	84	70	20	0	0	0	64	0	6	0	0	227	0	101	23	9	48	379	136	0	710	0	39	26	0	0	0	0	0	0	0	16	0	0	0	0	309	0	139	0	13	32	0	170	0	39	75	1253	803	0	0	0	0	24	0	20	0	0	36	0	0	0	0	0	0	0	0	66	0	0	44	0	0	10	0	0	0	0	0	0	15	30	0	0	0	0	270	0	0	0	0	0	0	23	17	42	15	0	0	123	0	0	0	0	0	0	0	0	0	0	0	0	0	0	0	0	0	0	13	0	0	0	0	21	0	16	0	0	0	0	0	0	0	0	61	10	0	0	0	0	0	0	0	0	0	0	20	13	0	0	0	0	0	0	0	0	0	0	0	0	0	0	0	23	0	24	0	0	0	43	0	0	64	29	0	0	0	12	105	0	0	0	0	0	0	9	197	0	0	0	0	0	52	0	0	0	0	134	128	285	18	1053	47	0	0	40	59	0	0	0	0	36	34
d__Bacteria___p__Firmicutes___c__Clostridia___o__Clostridiales___f__Clostridiaceae___g__Clostridium_sensu_stricto_3	0	0	0	0	0	0	0	0	0	0	0	0	0	0	0	0	0	0	0	0	0	0	0	0	0	0	0	0	0	0	0	0	0	0	0	0	0	0	0	0	0	0	0	0	0	0	0	0	0	0	0	0	0	0	0	0	0	0	0	0	0	0	0	0	0	0	0	0	0	0	0	0	0	0	0	0	0	0	0	0	0	0	0	0	0	0	0	0	0	0	0	0	0	0	0	0	0	0	0	0	0	0	0	0	0	0	0	0	0	0	0	0	0	0	0	0	0	0	0	0	0	0	0	0	0	0	0	0	0	0	0	0	0	0	0	0	0	0	0	0	0	0	0	0	0	0	0	0	0	0	0	0	0	0	0	0	0	0	0	0	0	0	0	0	0	0	0	0	0	0	0	0	0	0	0	0	0	0	0	0	0	0	0	0	0	0	0	0	0	0	0	0	0	0	0	0	0	0	0	0	0	0	0	0	0	0	0	0	0	0	0	0	0	0	0	0	0	0	0	0	0	0	0	0	0	0	0	0	0	0	0	0	0	0	0	0	0	0	0	0	0	0	0	0	0	0	0	0	0	0	0	0	0	0	0	0	0	0	0	0	0	0	0	0	0	0	0	0	0	0	0	0	0	0	0	0	0	0	0	0	0	0	0	0	0	0	0	0	0	0	0	0	0	0	0	0	0	0	0	0	0	0	0	0	0	0	0	0	0	0	0	0	0	0	0	0	0	0	0	0	0	0	0	0	0	0	0	0	0	0	0	0	0	0	0	0	0	0	0	23	0	0	0	0	0	0	0	0	0	0	0	0	0	0	0	0	0	0	0	0	0	0	0	0	0	0	0	0	0	0	0	0	0	0	0	0	0	0	0	0	0	0	0	0	0	0	0	0	0	0	0	0	0	0	0	0	0	0	0	0	0	0	0	0	0	0	0	0	0	0	0	0	0	0	0	0	0	0	0	0	0	0	0	0	0	0	0	0	0	0	0	0	0	0	0	0	0	0	0	0	0	0	0	0	0	0	0	0	0	0	0	0	0	0	0	0	0	0	0	0	0	0	0	0	0	0	0	0	0	0	0	0	0	0	0	0	0	0	0	0	0	0	0	0	0	0	0	0	0	0	0	0	0	0	0	0	0	0	0	0	0	0	0	0	0	0	0	0	0	0	0	0	0	0	0	0	0	0	0	0	0	0	0	0	0
d__Bacteria___p__Firmicutes___c__Clostridia___o__Eubacteriales	0	36	0	0	0	0	0	0	0	0	0	0	0	0	0	0	0	0	0	0	0	0	0	0	0	0	0	0	0	0	0	0	0	0	0	0	0	0	0	0	0	0	0	9	0	0	0	0	0	0	0	0	0	8	0	0	0	0	0	0	0	0	0	0	0	0	3	0	0	0	0	4	0	0	0	0	15	0	10	0	0	0	7	0	0	0	0	0	12	0	9	0	0	0	0	0	0	0	0	0	0	0	0	0	0	0	0	0	0	0	0	0	0	0	0	0	0	0	33	0	0	0	0	0	0	0	0	0	0	0	0	0	0	0	0	0	0	0	0	0	0	0	0	0	0	0	0	0	0	0	0	0	0	0	0	0	0	0	0	0	0	0	0	0	0	0	0	0	0	0	0	0	0	0	0	0	0	0	0	0	0	0	0	0	0	0	0	0	0	0	0	0	0	0	0	0	0	0	0	0	0	0	0	0	0	0	21	0	0	0	0	0	0	0	0	0	0	0	0	0	0	0	0	0	0	0	0	0	0	0	0	0	0	0	0	0	0	0	0	0	0	0	0	0	0	0	0	0	0	0	0	0	0	0	0	0	0	0	0	0	0	0	0	0	0	0	0	0	0	0	0	0	0	0	0	0	0	0	0	0	0	0	0	0	0	0	0	0	0	0	0	0	0	0	0	0	0	0	0	0	0	0	0	0	0	4	0	0	2	0	0	0	0	0	0	0	0	0	0	0	0	0	0	0	0	0	0	0	0	0	0	0	0	0	0	0	0	0	0	0	0	0	0	0	0	0	0	0	0	0	0	0	0	0	0	0	0	0	0	0	0	0	0	0	0	0	0	0	0	0	0	0	0	0	0	0	0	0	0	0	0	0	0	0	0	0	0	0	0	0	0	0	0	0	0	0	0	0	0	0	0	0	0	0	0	0	0	0	0	0	0	0	0	0	0	0	0	0	0	0	6	0	0	0	0	0	0	0	0	0	0	0	0	0	0	0	0	0	0	0	0	0	0	0	0	0	0	0	0	0	0	0	0	0	0	0	0	0	0	0	0	0	0	0	0	0	0	0	0	0	0	0	0	0	0	0	0	0	0	0	0	0	0	0	0	0	0	0	0	5	0	0	0	0	0	0	0	0	0	0	0	0	0	0	0	0	0	0	0	0	0	0	0	0	0	0	0	0	0	0	0	0	0	0	0
d__Bacteria___p__Firmicutes___c__Clostridia___o__Eubacteriales___f__Anaerofustaceae	0	0	0	0	0	0	0	0	0	0	0	0	0	0	0	0	0	0	0	0	0	0	0	0	0	0	0	0	0	0	0	0	0	0	0	0	0	0	0	0	0	0	0	0	0	0	0	0	0	0	0	0	0	0	0	0	0	0	0	0	0	0	0	0	0	0	3	0	0	0	0	4	0	0	0	0	0	0	10	0	0	0	0	0	0	0	0	0	0	0	0	0	0	0	0	0	0	0	0	0	0	0	0	0	0	0	0	0	0	0	0	0	0	0	0	0	0	0	0	0	0	0	0	0	0	0	0	0	0	0	0	0	0	0	0	0	0	0	0	0	0	0	0	0	0	0	0	0	0	0	0	0	0	0	0	0	0	0	0	0	0	0	0	0	0	0	0	0	0	0	0	0	0	0	0	0	0	0	0	0	0	0	0	0	0	0	0	0	0	0	0	0	0	0	0	0	0	0	0	0	0	0	0	0	0	0	0	0	0	0	0	0	0	0	0	0	0	0	0	0	0	0	0	0	0	0	0	0	0	0	0	0	0	0	0	0	0	0	0	0	0	0	0	0	0	0	0	0	0	0	0	0	0	0	0	0	0	0	0	0	0	0	0	0	0	0	0	0	0	0	0	0	0	0	0	0	0	0	0	0	0	0	0	0	0	0	0	0	0	0	0	0	0	0	0	0	0	0	0	0	0	0	0	0	0	4	0	0	2	0	0	0	0	0	0	0	0	0	0	0	0	0	0	0	0	0	0	0	0	0	0	0	0	0	0	0	0	0	0	0	0	0	0	0	0	0	0	0	0	0	0	0	0	0	0	0	0	0	0	0	0	0	0	0	0	0	0	0	0	0	0	0	0	0	0	0	0	0	0	0	0	0	0	0	0	0	0	0	0	0	0	0	0	0	0	0	0	0	0	0	0	0	0	0	0	0	0	0	0	0	0	0	0	0	0	0	0	0	0	0	6	0	0	0	0	0	0	0	0	0	0	0	0	0	0	0	0	0	0	0	0	0	0	0	0	0	0	0	0	0	0	0	0	0	0	0	0	0	0	0	0	0	0	0	0	0	0	0	0	0	0	0	0	0	0	0	0	0	0	0	0	0	0	0	0	0	0	0	0	5	0	0	0	0	0	0	0	0	0	0	0	0	0	0	0	0	0	0	0	0	0	0	0	0	0	0	0	0	0	0	0	0	0	0	0
d__Bacteria___p__Firmicutes___c__Clostridia___o__Eubacteriales___f__Anaerofustaceae___g__Anaerofustis	0	0	0	0	0	0	0	0	0	0	0	0	0	0	0	0	0	0	0	0	0	0	0	0	0	0	0	0	0	0	0	0	0	0	0	0	0	0	0	0	0	0	0	0	0	0	0	0	0	0	0	0	0	0	0	0	0	0	0	0	0	0	0	0	0	0	3	0	0	0	0	4	0	0	0	0	0	0	10	0	0	0	0	0	0	0	0	0	0	0	0	0	0	0	0	0	0	0	0	0	0	0	0	0	0	0	0	0	0	0	0	0	0	0	0	0	0	0	0	0	0	0	0	0	0	0	0	0	0	0	0	0	0	0	0	0	0	0	0	0	0	0	0	0	0	0	0	0	0	0	0	0	0	0	0	0	0	0	0	0	0	0	0	0	0	0	0	0	0	0	0	0	0	0	0	0	0	0	0	0	0	0	0	0	0	0	0	0	0	0	0	0	0	0	0	0	0	0	0	0	0	0	0	0	0	0	0	0	0	0	0	0	0	0	0	0	0	0	0	0	0	0	0	0	0	0	0	0	0	0	0	0	0	0	0	0	0	0	0	0	0	0	0	0	0	0	0	0	0	0	0	0	0	0	0	0	0	0	0	0	0	0	0	0	0	0	0	0	0	0	0	0	0	0	0	0	0	0	0	0	0	0	0	0	0	0	0	0	0	0	0	0	0	0	0	0	0	0	0	0	0	0	0	0	0	4	0	0	2	0	0	0	0	0	0	0	0	0	0	0	0	0	0	0	0	0	0	0	0	0	0	0	0	0	0	0	0	0	0	0	0	0	0	0	0	0	0	0	0	0	0	0	0	0	0	0	0	0	0	0	0	0	0	0	0	0	0	0	0	0	0	0	0	0	0	0	0	0	0	0	0	0	0	0	0	0	0	0	0	0	0	0	0	0	0	0	0	0	0	0	0	0	0	0	0	0	0	0	0	0	0	0	0	0	0	0	0	0	0	0	6	0	0	0	0	0	0	0	0	0	0	0	0	0	0	0	0	0	0	0	0	0	0	0	0	0	0	0	0	0	0	0	0	0	0	0	0	0	0	0	0	0	0	0	0	0	0	0	0	0	0	0	0	0	0	0	0	0	0	0	0	0	0	0	0	0	0	0	0	5	0	0	0	0	0	0	0	0	0	0	0	0	0	0	0	0	0	0	0	0	0	0	0	0	0	0	0	0	0	0	0	0	0	0	0
d__Bacteria___p__Firmicutes___c__Clostridia___o__Eubacteriales___f__Eubacteriaceae	0	36	0	0	0	0	0	0	0	0	0	0	0	0	0	0	0	0	0	0	0	0	0	0	0	0	0	0	0	0	0	0	0	0	0	0	0	0	0	0	0	0	0	9	0	0	0	0	0	0	0	0	0	8	0	0	0	0	0	0	0	0	0	0	0	0	0	0	0	0	0	0	0	0	0	0	15	0	0	0	0	0	7	0	0	0	0	0	12	0	9	0	0	0	0	0	0	0	0	0	0	0	0	0	0	0	0	0	0	0	0	0	0	0	0	0	0	0	33	0	0	0	0	0	0	0	0	0	0	0	0	0	0	0	0	0	0	0	0	0	0	0	0	0	0	0	0	0	0	0	0	0	0	0	0	0	0	0	0	0	0	0	0	0	0	0	0	0	0	0	0	0	0	0	0	0	0	0	0	0	0	0	0	0	0	0	0	0	0	0	0	0	0	0	0	0	0	0	0	0	0	0	0	0	0	0	21	0	0	0	0	0	0	0	0	0	0	0	0	0	0	0	0	0	0	0	0	0	0	0	0	0	0	0	0	0	0	0	0	0	0	0	0	0	0	0	0	0	0	0	0	0	0	0	0	0	0	0	0	0	0	0	0	0	0	0	0	0	0	0	0	0	0	0	0	0	0	0	0	0	0	0	0	0	0	0	0	0	0	0	0	0	0	0	0	0	0	0	0	0	0	0	0	0	0	0	0	0	0	0	0	0	0	0	0	0	0	0	0	0	0	0	0	0	0	0	0	0	0	0	0	0	0	0	0	0	0	0	0	0	0	0	0	0	0	0	0	0	0	0	0	0	0	0	0	0	0	0	0	0	0	0	0	0	0	0	0	0	0	0	0	0	0	0	0	0	0	0	0	0	0	0	0	0	0	0	0	0	0	0	0	0	0	0	0	0	0	0	0	0	0	0	0	0	0	0	0	0	0	0	0	0	0	0	0	0	0	0	0	0	0	0	0	0	0	0	0	0	0	0	0	0	0	0	0	0	0	0	0	0	0	0	0	0	0	0	0	0	0	0	0	0	0	0	0	0	0	0	0	0	0	0	0	0	0	0	0	0	0	0	0	0	0	0	0	0	0	0	0	0	0	0	0	0	0	0	0	0	0	0	0	0	0	0	0	0	0	0	0	0	0	0	0	0	0	0	0	0	0	0	0	0	0	0	0	0	0	0	0	0	0	0	0	0	0
d__Bacteria___p__Firmicutes___c__Clostridia___o__Eubacteriales___f__Eubacteriaceae___g__Eubacterium	0	36	0	0	0	0	0	0	0	0	0	0	0	0	0	0	0	0	0	0	0	0	0	0	0	0	0	0	0	0	0	0	0	0	0	0	0	0	0	0	0	0	0	9	0	0	0	0	0	0	0	0	0	8	0	0	0	0	0	0	0	0	0	0	0	0	0	0	0	0	0	0	0	0	0	0	15	0	0	0	0	0	7	0	0	0	0	0	12	0	9	0	0	0	0	0	0	0	0	0	0	0	0	0	0	0	0	0	0	0	0	0	0	0	0	0	0	0	33	0	0	0	0	0	0	0	0	0	0	0	0	0	0	0	0	0	0	0	0	0	0	0	0	0	0	0	0	0	0	0	0	0	0	0	0	0	0	0	0	0	0	0	0	0	0	0	0	0	0	0	0	0	0	0	0	0	0	0	0	0	0	0	0	0	0	0	0	0	0	0	0	0	0	0	0	0	0	0	0	0	0	0	0	0	0	0	21	0	0	0	0	0	0	0	0	0	0	0	0	0	0	0	0	0	0	0	0	0	0	0	0	0	0	0	0	0	0	0	0	0	0	0	0	0	0	0	0	0	0	0	0	0	0	0	0	0	0	0	0	0	0	0	0	0	0	0	0	0	0	0	0	0	0	0	0	0	0	0	0	0	0	0	0	0	0	0	0	0	0	0	0	0	0	0	0	0	0	0	0	0	0	0	0	0	0	0	0	0	0	0	0	0	0	0	0	0	0	0	0	0	0	0	0	0	0	0	0	0	0	0	0	0	0	0	0	0	0	0	0	0	0	0	0	0	0	0	0	0	0	0	0	0	0	0	0	0	0	0	0	0	0	0	0	0	0	0	0	0	0	0	0	0	0	0	0	0	0	0	0	0	0	0	0	0	0	0	0	0	0	0	0	0	0	0	0	0	0	0	0	0	0	0	0	0	0	0	0	0	0	0	0	0	0	0	0	0	0	0	0	0	0	0	0	0	0	0	0	0	0	0	0	0	0	0	0	0	0	0	0	0	0	0	0	0	0	0	0	0	0	0	0	0	0	0	0	0	0	0	0	0	0	0	0	0	0	0	0	0	0	0	0	0	0	0	0	0	0	0	0	0	0	0	0	0	0	0	0	0	0	0	0	0	0	0	0	0	0	0	0	0	0	0	0	0	0	0	0	0	0	0	0	0	0	0	0	0	0	0	0	0	0	0	0	0	0
d__Bacteria___p__Firmicutes___c__Clostridia___o__Lachnospirales	10995	3131	10395	5480	6749	5831	3001	3732	3887	6805	8232	5325	5988	10537	9383	11870	1684	7490	5259	6683	7865	10626	12128	7124	2688	5562	25500	21264	51067	42822	9421	18874	20390	70940	4320	5255	30124	7612	15634	56568	10951	5821	19846	19597	6647	4591	72179	5950	3558	3029	6393	6567	7826	19214	27283	20124	2787	6890	3520	8940	10424	5992	6738	3655	9337	10069	10389	13448	10500	10066	13098	6591	7771	9238	9358	15994	12820	16267	12921	6415	5247	10984	12081	8715	4218	7909	6144	8313	4774	4052	4862	11173	8858	8838	5125	7311	1660	4121	10466	6270	15484	5134	11109	4841	11105	8001	4686	8013	3742	2663	5777	4528	6049	2841	7232	9837	5367	4913	4799	5378	4803	5638	9665	9096	10191	5822	5428	7527	4546	5177	9049	7297	8098	6834	9800	7379	6505	6284	4150	4833	4794	7767	8940	11374	8192	9978	3789	3977	12473	10450	7347	7256	9506	7318	3462	12123	11921	6147	4208	4123	8917	6964	3750	7713	6439	6398	6109	6047	5713	3843	7902	9440	7462	5765	4161	5863	6011	7803	711	9513	4752	7828	8267	11060	11812	7509	6154	8457	4573	6084	6563	12409	6213	3179	13878	9423	9305	6148	8093	14389	8029	6377	14961	3459	6374	7373	13509	595	7002	13513	13867	13656	13775	8234	10492	8151	15852	10447	23206	11400	7894	2435	5154	4142	11671	9505	13113	10717	21376	15090	9013	13863	4698	14824	18384	7240	10769	3440	12785	6677	14560	18726	5231	7854	517	17085	8514	9155	6987	9152	6816	3685	14146	12319	7109	7224	7394	10304	16538	8388	31024	5609	13328	8386	8574	11776	5667	9111	7317	16453	2412	10312	10599	9412	14152	2227	9069	9942	10170	19077	3640	1989	3489	4252	6998	14792	0	0	7373	3849	1471	2851	1735	3530	4530	3313	8143	6226	2091	3860	2308	2308	2895	5938	2098	2208	5307	2516	5516	572	2802	3533	4964	3692	7478	3466	3412	2181	5706	7664	2783	3405	8899	3734	2338	5402	2582	3190	2947	2831	6958	0	3	3127	1462	3950	3309	789	4371	6302	4884	3504	2497	1915	371	3392	1735	2802	10220	2055	5746	3406	2818	5660	8054	3944	6335	5012	8824	1857	0	4059	5546	1427	2450	2789	3727	1543	3035	889	3524	4908	2031	6483	6755	5437	2646	907	4567	6613	2976	3526	3206	2991	3015	4029	1305	1709	2762	583	7473	5013	5261	872	4404	1823	3330	2979	7785	3488	1770	3857	1194	928	2822	7797	5808	4339	2461	2724	527	2562	2933	3291	7470	963	0	0	1220	9175	9357	2490	7353	7843	10033	3924	10080	172	573	1369	2484	1605	1349	942	333	322	1311	1833	1809	1429	2070	191	2272	330	963	1173	2203	136	635	1070	1757	3978	10187	229	671	1118	1406	2967	1259	5028	229	4068	3932	1449	186	1729	648	8367	819	220	533	12243	2995	4968	1135	4336	417	4293	1214	745	408	6221	105	1236	5415	1275	850	372	621	1468	9940	741	2105	2409	7049	393	95	1980	1333	1077	1850	404	5382	1387	1556	386	280	94	1202	6524	11156	4598	9086	5046	513	339	3126	6519	5905	6139	9194	674	3258	9482	774
d__Bacteria___p__Firmicutes___c__Clostridia___o__Lachnospirales___f__Defluviitaleaceae	0	0	0	0	0	0	20	0	0	0	0	0	0	0	0	0	0	0	0	0	0	0	0	0	0	0	0	0	15	0	0	0	0	0	0	0	0	0	0	45	0	0	0	0	0	0	0	0	0	0	0	0	0	0	0	0	0	12	0	0	0	0	0	0	0	0	0	0	51	0	0	10	0	0	0	0	0	0	0	0	0	0	0	0	11	7	0	0	0	0	0	0	0	0	0	0	0	0	0	0	0	0	0	0	0	0	0	0	0	0	0	0	0	0	0	0	0	0	0	0	0	0	0	0	0	0	0	0	0	0	0	0	0	0	0	0	0	0	0	0	0	0	0	0	0	0	0	0	0	0	0	0	0	0	0	0	0	0	0	0	0	0	0	0	0	0	0	0	0	0	0	0	0	0	0	0	0	0	0	0	0	0	0	0	0	0	0	0	0	0	0	0	0	0	0	0	0	0	0	0	0	0	0	0	0	0	0	0	0	0	0	0	0	0	0	0	0	0	0	0	0	0	0	0	0	33	0	0	0	9	0	0	0	0	0	0	0	0	0	7	0	0	0	0	0	0	5	0	0	0	0	0	0	0	0	0	0	0	0	0	0	0	0	0	0	0	0	0	0	0	0	0	0	0	0	0	0	0	0	31	0	0	31	0	0	0	0	0	0	6	0	8	0	12	3	6	0	8	0	0	4	0	12	40	0	0	0	0	0	0	10	0	7	0	4	0	0	0	0	37	0	0	10	0	0	0	8	14	24	0	0	0	0	0	0	0	0	0	0	30	0	0	0	0	0	0	37	14	0	0	0	0	0	0	0	0	0	0	98	0	0	0	0	0	25	8	0	7	0	6	0	0	0	24	51	0	0	0	0	18	8	22	0	0	0	0	0	0	0	13	0	0	0	0	21	0	0	15	0	0	0	0	0	0	0	14	0	0	0	0	0	0	0	0	0	0	0	0	0	0	0	0	0	0	0	0	0	0	0	0	0	0	0	0	0	0	0	0	0	0	0	0	0	0	0	0	0	0	0	0	0	0	0	0	0	0	0	0	0	0	0	0	0	0	0	0	0	0	0	0	0	0	0	0	0	0	0	0	0	0	0	25	0	0	0	0	0	0	0	0	0	0	0	0	0	2	0	0	0	0	0	0	0	0	0	0	0	0	0	0	0	0	0	0	0	0	0	0	0	0	0	0	9	0	0
d__Bacteria___p__Firmicutes___c__Clostridia___o__Lachnospirales___f__Defluviitaleaceae___g__Defluviitaleaceae_UCG-011	0	0	0	0	0	0	20	0	0	0	0	0	0	0	0	0	0	0	0	0	0	0	0	0	0	0	0	0	15	0	0	0	0	0	0	0	0	0	0	45	0	0	0	0	0	0	0	0	0	0	0	0	0	0	0	0	0	12	0	0	0	0	0	0	0	0	0	0	51	0	0	10	0	0	0	0	0	0	0	0	0	0	0	0	11	7	0	0	0	0	0	0	0	0	0	0	0	0	0	0	0	0	0	0	0	0	0	0	0	0	0	0	0	0	0	0	0	0	0	0	0	0	0	0	0	0	0	0	0	0	0	0	0	0	0	0	0	0	0	0	0	0	0	0	0	0	0	0	0	0	0	0	0	0	0	0	0	0	0	0	0	0	0	0	0	0	0	0	0	0	0	0	0	0	0	0	0	0	0	0	0	0	0	0	0	0	0	0	0	0	0	0	0	0	0	0	0	0	0	0	0	0	0	0	0	0	0	0	0	0	0	0	0	0	0	0	0	0	0	0	0	0	0	0	0	33	0	0	0	9	0	0	0	0	0	0	0	0	0	7	0	0	0	0	0	0	5	0	0	0	0	0	0	0	0	0	0	0	0	0	0	0	0	0	0	0	0	0	0	0	0	0	0	0	0	0	0	0	0	31	0	0	31	0	0	0	0	0	0	6	0	8	0	12	3	6	0	8	0	0	4	0	12	40	0	0	0	0	0	0	10	0	7	0	4	0	0	0	0	37	0	0	10	0	0	0	8	14	24	0	0	0	0	0	0	0	0	0	0	30	0	0	0	0	0	0	37	14	0	0	0	0	0	0	0	0	0	0	98	0	0	0	0	0	25	8	0	7	0	6	0	0	0	24	51	0	0	0	0	18	8	22	0	0	0	0	0	0	0	13	0	0	0	0	21	0	0	15	0	0	0	0	0	0	0	14	0	0	0	0	0	0	0	0	0	0	0	0	0	0	0	0	0	0	0	0	0	0	0	0	0	0	0	0	0	0	0	0	0	0	0	0	0	0	0	0	0	0	0	0	0	0	0	0	0	0	0	0	0	0	0	0	0	0	0	0	0	0	0	0	0	0	0	0	0	0	0	0	0	0	0	25	0	0	0	0	0	0	0	0	0	0	0	0	0	2	0	0	0	0	0	0	0	0	0	0	0	0	0	0	0	0	0	0	0	0	0	0	0	0	0	0	9	0	0
d__Bacteria___p__Firmicutes___c__Clostridia___o__Lachnospirales___f__Lachnospiraceae	10995	3131	10395	5480	6749	5831	2981	3732	3887	6805	8232	5325	5988	10537	9383	11870	1684	7490	5259	6683	7865	10626	12128	7124	2688	5562	25500	21264	51052	42822	9421	18874	20390	70940	4320	5255	30124	7612	15634	56523	10951	5821	19846	19597	6647	4591	72179	5950	3558	3029	6393	6567	7826	19214	27283	20124	2787	6878	3520	8940	10424	5992	6738	3655	9337	10069	10389	13448	10449	10066	13098	6581	7771	9238	9358	15994	12820	16267	12921	6415	5247	10984	12081	8715	4207	7902	6144	8313	4774	4052	4862	11173	8858	8838	5125	7311	1660	4121	10466	6270	15484	5134	11109	4841	11105	8001	4686	8013	3742	2663	5777	4528	6049	2841	7232	9837	5367	4913	4799	5378	4803	5638	9665	9096	10191	5822	5428	7527	4546	5177	9049	7297	8098	6834	9800	7379	6505	6284	4150	4833	4794	7767	8940	11374	8192	9978	3789	3977	12473	10450	7347	7256	9506	7318	3462	12123	11921	6147	4208	4123	8917	6964	3750	7713	6439	6398	6109	6047	5713	3843	7902	9440	7462	5765	4161	5863	6011	7803	711	9513	4752	7828	8267	11060	11812	7509	6154	8457	4573	6084	6563	12409	6213	3179	13878	9423	9305	6148	8093	14389	8029	6377	14961	3459	6374	7373	13509	595	7002	13513	13867	13656	13775	8234	10492	8151	15852	10447	23206	11400	7894	2435	5154	4142	11671	9472	13113	10717	21376	15081	9013	13863	4698	14824	18384	7240	10769	3440	12785	6670	14560	18726	5231	7854	517	17085	8509	9155	6987	9152	6816	3685	14146	12319	7109	7224	7394	10304	16538	8388	31024	5609	13328	8386	8574	11776	5667	9111	7317	16453	2412	10312	10599	9412	14152	2227	9069	9942	10170	19046	3640	1989	3458	4252	6998	14792	0	0	7373	3843	1471	2843	1735	3518	4527	3307	8143	6218	2091	3860	2304	2308	2883	5898	2098	2208	5307	2516	5516	572	2792	3533	4957	3692	7474	3466	3412	2181	5706	7627	2783	3405	8889	3734	2338	5402	2574	3176	2923	2831	6958	0	3	3127	1462	3950	3309	789	4371	6272	4884	3504	2497	1915	371	3392	1698	2788	10220	2055	5746	3406	2818	5660	8054	3944	6335	5012	8726	1857	0	4059	5546	1427	2425	2781	3727	1536	3035	883	3524	4908	2031	6459	6704	5437	2646	907	4567	6595	2968	3504	3206	2991	3015	4029	1305	1709	2762	570	7473	5013	5261	872	4383	1823	3330	2964	7785	3488	1770	3857	1194	928	2822	7783	5808	4339	2461	2724	527	2562	2933	3291	7470	963	0	0	1220	9175	9357	2490	7353	7843	10033	3924	10080	172	573	1369	2484	1605	1349	942	333	322	1311	1833	1809	1429	2070	191	2272	330	963	1173	2203	136	635	1070	1757	3978	10187	229	671	1118	1406	2967	1259	5028	229	4068	3932	1449	186	1729	648	8367	819	220	533	12243	2995	4968	1135	4336	417	4293	1214	745	408	6196	105	1236	5415	1275	850	372	621	1468	9940	741	2105	2409	7049	391	95	1980	1333	1077	1850	404	5382	1387	1556	386	280	94	1202	6524	11156	4598	9086	5046	513	339	3126	6519	5905	6139	9194	674	3249	9482	774
d__Bacteria___p__Firmicutes___c__Clostridia___o__Lachnospirales___f__Lachnospiraceae___g__28-4	0	0	0	0	0	0	0	0	0	0	0	0	0	0	0	0	0	0	0	0	0	0	0	0	0	0	0	0	0	0	0	0	0	0	0	0	0	0	0	0	0	0	0	0	0	0	0	0	0	0	0	0	0	0	0	0	0	0	0	0	0	0	0	0	0	0	0	0	0	0	0	0	0	0	0	0	0	0	0	0	0	0	0	0	0	0	0	0	0	0	0	0	0	0	0	0	0	0	0	0	0	0	0	0	0	0	0	0	0	0	0	0	0	0	0	0	0	0	0	0	0	0	0	0	0	0	0	0	0	0	0	0	0	0	0	0	0	0	0	0	0	0	0	0	0	0	0	0	0	0	0	0	0	0	0	0	0	0	0	0	0	0	0	0	0	0	0	0	0	0	0	0	0	0	0	0	0	0	0	0	0	0	0	0	0	0	0	0	0	0	0	0	0	0	0	0	0	0	0	0	0	0	0	0	0	0	0	0	0	0	0	0	0	0	0	0	0	0	0	0	0	0	0	0	0	0	0	0	0	0	0	0	0	0	0	0	0	0	0	0	0	0	0	0	0	0	0	0	0	0	0	0	0	0	0	0	0	0	0	0	0	0	0	0	0	0	0	0	0	0	0	0	0	0	0	0	0	0	0	0	0	0	0	0	0	0	0	0	0	0	0	0	0	0	0	0	0	0	0	0	0	0	0	0	0	0	0	0	0	0	0	0	0	0	0	0	0	0	0	0	0	0	0	0	0	0	0	0	0	0	0	0	0	0	0	0	0	0	0	0	0	0	0	0	0	0	0	0	0	0	0	0	0	0	0	0	0	0	0	0	0	0	0	0	0	0	0	0	0	0	0	0	0	0	0	0	0	0	0	0	0	0	0	0	0	0	0	0	0	0	0	0	0	0	0	0	0	0	0	4	0	0	13	0	0	0	0	0	0	0	0	0	0	0	0	0	0	0	0	0	0	0	0	0	0	0	0	0	0	0	0	0	0	0	0	0	0	0	0	0	0	0	0	0	0	0	0	0	0	0	0	0	0	0	0	0	0	0	0	0	0	0	0	0	0	0	0	0	0	0	0	0	0	0	0	0	0	0	0	0	0	0	0	0	0	0	0	0	0	0	0	0	0	0	0	0	0	0	0	0	0	0	0	0	0	0	0	0	0	0	0	0	0	0	0	0	0	0	0	0	0	0	0	0	0
d__Bacteria___p__Firmicutes___c__Clostridia___o__Lachnospirales___f__Lachnospiraceae___g__Agathobacter	191	1059	1414	991	575	422	186	276	950	521	414	185	0	865	1435	871	191	1367	1231	1225	1331	100	636	123	335	1809	6665	3427	2338	3314	1057	2974	3828	11194	598	315	3359	1393	2118	12412	1713	1367	1010	1799	913	203	1079	1113	250	174	433	693	611	1968	5219	883	556	645	745	1247	1459	1205	291	495	1401	470	970	2598	2304	725	2390	1075	0	1053	362	1514	2747	99	8	1280	1210	1873	1128	936	842	500	433	978	255	231	1387	1830	596	1342	0	725	55	1560	1335	2163	1519	622	1397	954	1784	961	867	236	369	506	617	548	1003	404	1143	1687	419	2178	1316	829	240	1958	566	1184	1181	773	859	597	642	591	1297	276	1545	289	980	915	1764	1603	273	928	1257	1800	2315	949	925	879	532	1234	7280	0	1965	487	1776	2242	442	604	3730	329	1209	407	646	382	252	533	503	754	244	0	1947	855	1795	382	1116	415	460	229	1361	532	142	670	865	1059	592	850	456	396	447	1674	601	1302	590	1688	1193	215	733	59	1012	671	0	1383	670	345	1058	372	1997	1092	1342	60	848	2576	0	1726	1605	1537	2671	1997	614	777	2176	1001	826	378	1777	605	959	655	3071	222	866	2541	412	3055	407	1008	2540	517	3109	263	2899	463	846	2149	293	605	0	1192	141	956	1076	838	726	765	1290	769	683	524	893	1874	1991	677	24978	730	2104	1095	2418	1629	877	216	895	1087	98	1662	1340	3498	6315	196	1051	245	1139	9151	191	910	856	0	305	1321	0	0	11	245	135	284	155	1167	1239	181	3458	185	53	419	362	112	344	1514	352	144	2388	1394	281	194	165	199	769	2045	1795	177	871	683	1947	1253	816	1457	1558	85	203	248	355	650	223	585	499	0	0	926	202	1380	679	139	791	1650	2026	623	969	549	168	959	126	270	4325	51	851	336	127	701	1573	1763	527	1402	2208	379	0	1970	1187	0	647	265	324	281	611	55	776	2823	620	2860	0	4300	347	370	900	260	1141	383	259	66	335	453	0	183	554	85	2749	785	3376	151	1775	831	1340	169	3311	861	192	1643	294	0	718	1539	603	727	751	236	0	270	887	633	3660	279	0	0	0	217	1839	112	642	1052	1226	1298	985	30	0	344	176	361	129	193	0	126	318	271	215	96	316	0	162	0	0	146	258	26	90	209	201	524	5542	26	9	293	289	213	187	1642	27	35	168	211	10	264	54	1378	62	0	0	641	142	0	125	955	242	667	306	173	148	2181	0	0	697	226	0	274	314	0	0	224	216	1831	5017	141	48	700	409	30	515	234	2797	105	74	0	32	0	0	3343	3289	934	848	1274	54	59	378	2679	366	1249	1048	29	2169	1414	106
d__Bacteria___p__Firmicutes___c__Clostridia___o__Lachnospirales___f__Lachnospiraceae___g__Anaerosporobacter	0	0	0	0	0	0	0	0	0	0	0	0	0	0	0	0	0	0	0	0	0	0	0	0	0	0	0	0	0	0	0	0	0	0	0	0	0	0	0	0	0	0	0	0	0	0	0	0	0	0	0	0	0	0	0	0	0	0	0	0	0	0	0	0	0	0	0	0	0	0	0	0	0	0	0	0	0	0	0	0	0	0	0	0	0	0	0	0	0	0	0	0	0	0	0	0	0	0	0	0	0	0	0	0	0	0	0	0	0	0	0	0	43	0	0	0	0	0	0	0	0	0	0	0	0	0	0	0	0	0	0	0	0	0	0	0	0	91	0	0	0	0	0	0	0	0	0	0	0	0	0	0	0	0	0	0	0	0	0	0	0	0	0	0	0	0	0	0	0	0	0	0	0	81	0	0	0	0	0	0	0	0	0	0	0	0	0	0	0	0	0	0	0	0	0	0	0	0	0	0	0	0	0	0	0	0	0	0	0	0	0	0	0	0	0	0	0	0	0	0	0	0	0	0	0	0	0	0	0	0	0	0	0	0	0	0	0	0	0	0	0	0	0	0	0	0	0	0	0	0	0	0	0	0	0	0	0	0	0	0	0	0	0	0	0	0	0	0	0	0	0	0	0	0	0	0	0	0	0	0	0	0	0	0	0	0	0	0	247	59	0	0	0	0	0	0	0	32	0	0	0	0	0	0	0	18	0	0	0	0	18	0	0	0	56	0	0	0	0	0	0	0	56	0	0	0	0	33	0	0	0	0	0	0	0	0	0	0	0	0	0	0	0	0	0	0	0	0	0	0	0	0	0	0	0	0	0	0	0	0	0	0	0	0	191	0	0	0	0	0	0	0	0	0	0	0	0	0	0	0	0	0	0	40	0	0	0	0	0	0	0	0	0	0	0	0	0	0	0	0	0	0	0	0	0	0	0	71	0	0	0	0	0	0	0	0	0	0	0	0	0	0	0	0	0	0	0	0	0	0	0	0	0	0	0	0	0	0	0	0	0	0	0	0	0	0	0	0	0	0	0	0	0	0	0	0	0	0	0	0	0	0	0	0	0	0	0	0	0	0	0	0	0	0	0	0	0	0	0	0	0	0	0	0	0	0	0	0	0	0	0	0	0	0	0	0	0	0	0	0	0	0	0	0	0	0	0	0	0	0	0	0	0	0	0	0	0	0	0	0	0	0	0	0	0
d__Bacteria___p__Firmicutes___c__Clostridia___o__Lachnospirales___f__Lachnospiraceae___g__Anaerostignum	0	0	0	0	0	0	0	0	0	0	0	0	0	0	0	0	0	0	0	0	0	0	0	0	0	0	0	0	0	0	0	0	0	0	0	0	0	0	0	0	0	0	0	0	0	0	37	0	0	0	0	0	0	0	0	0	0	0	0	0	0	0	0	0	0	0	0	0	0	0	0	0	0	0	0	0	0	0	0	0	0	0	0	0	0	0	0	0	0	0	0	0	0	0	0	0	0	0	0	0	0	0	0	0	0	0	0	0	0	0	0	0	0	0	0	0	0	0	0	0	0	0	0	0	0	0	0	0	0	0	0	0	0	0	0	0	0	0	0	0	0	0	0	0	0	0	0	0	0	0	0	0	0	0	0	0	0	0	0	0	0	0	0	0	0	0	0	0	0	0	0	0	0	0	0	0	0	0	0	0	0	0	0	0	0	0	0	0	0	0	0	0	0	0	0	0	0	0	0	0	0	0	0	0	0	0	0	0	0	0	0	0	0	0	0	0	0	0	0	0	0	0	0	0	0	0	0	0	0	0	0	0	0	0	0	0	0	0	0	0	0	0	0	0	0	0	0	0	0	0	0	0	0	0	0	0	0	0	0	0	0	0	0	0	0	0	0	0	0	0	0	0	0	0	0	0	0	0	0	0	0	0	0	0	0	0	0	0	0	0	0	0	0	0	0	0	0	0	0	0	0	0	0	0	0	0	0	0	0	0	0	0	0	0	0	0	0	0	0	0	0	0	0	0	0	0	0	0	0	0	0	0	0	0	0	0	0	0	0	0	0	0	0	0	0	0	0	0	0	0	0	0	0	0	0	0	0	0	0	0	0	0	0	0	0	0	0	0	0	0	0	0	0	0	0	0	0	0	0	0	0	0	0	0	0	0	0	0	0	0	0	0	0	0	0	0	0	0	0	0	0	0	0	0	0	0	0	0	0	0	0	0	0	0	0	0	0	0	0	0	0	0	0	0	0	0	0	0	0	0	0	0	0	0	0	0	0	0	0	0	0	0	0	0	0	0	0	0	0	0	0	0	0	0	0	0	0	0	0	0	0	0	0	0	0	0	0	0	0	0	0	0	0	0	0	0	0	0	0	0	0	0	0	0	0	0	0	0	0	0	0	0	0	0	0	0	0	0	0	0	0	0	0	0	0	0	0	0	0	0	0	0	0	0	0	0	0	0	0	0	0	0	0	0	0
d__Bacteria___p__Firmicutes___c__Clostridia___o__Lachnospirales___f__Lachnospiraceae___g__Anaerostipes	150	119	1112	0	62	1041	49	66	126	84	151	468	0	410	1081	619	91	273	228	96	66	2799	1342	95	433	237	1096	2278	490	337	542	131	772	5048	270	251	1777	104	742	3588	133	319	1067	4251	283	70	4916	0	155	38	94	316	254	542	624	1238	82	0	21	206	521	110	218	35	235	470	473	1417	597	455	32	192	16	268	274	2014	607	320	355	85	241	556	2174	468	143	975	58	34	618	70	0	91	234	415	70	441	0	330	217	270	350	0	52	672	292	137	0	214	967	77	173	537	508	111	236	459	295	252	455	0	0	440	1011	243	1476	89	0	242	97	177	761	104	961	1200	971	242	63	0	20	99	211	0	435	540	735	112	585	52	126	2666	0	0	1421	201	70	524	684	0	0	57	95	173	91	298	53	448	0	486	0	0	97	160	74	0	145	175	211	706	0	246	0	320	0	1998	543	0	88	203	318	66	84	217	200	87	1052	380	230	588	161	718	204	77	749	250	30	214	778	0	188	260	70	1604	435	205	410	152	1901	132	429	256	118	0	273	46	229	376	33	0	1194	477	0	1201	0	1074	1175	171	198	46	84	32	299	683	209	0	0	0	0	0	239	117	26	315	0	218	546	47	93	311	2628	424	60	132	4353	100	0	85	48	126	86	208	0	140	580	105	168	0	269	355	85	89	28	37	25	61	73	651	0	0	86	0	140	105	28	31	68	88	309	93	37	136	11	89	77	121	10	0	122	0	160	8	12	350	32	79	36	49	305	40	79	45	35	39	168	115	108	564	24	69	388	70	190	0	0	119	49	123	0	0	213	0	81	65	76	0	0	118	0	0	144	0	196	361	0	36	0	178	187	136	101	59	0	35	124	0	107	164	64	58	230	68	30	244	418	132	31	47	150	52	111	243	59	85	0	115	0	92	64	0	0	59	58	191	155	0	97	0	49	150	308	85	0	74	106	0	55	258	196	0	90	253	0	101	187	0	679	0	0	0	41	345	837	14	191	494	206	20	852	0	57	141	108	93	11	149	20	0	103	42	101	178	166	0	169	0	24	149	31	22	16	232	0	208	540	0	54	287	56	33	0	48	0	287	217	98	0	0	9	79	31	0	0	107	294	344	0	77	0	0	18	134	28	175	0	0	228	30	0	0	0	38	384	0	59	36	121	11	0	29	84	77	0	12	93	233	36	0	0	0	115	129	878	155	212	160	45	37	57	253	63	133	137	38	32	503	0
d__Bacteria___p__Firmicutes___c__Clostridia___o__Lachnospirales___f__Lachnospiraceae___g__Blautia	4881	773	5124	3320	4575	1674	1010	1498	962	4035	4025	1414	2663	5529	3240	6245	779	1958	1725	2427	1462	3229	5671	4434	869	1469	8687	5749	22712	13463	4838	3061	8485	25383	1986	2985	13812	2156	5949	21388	3517	2133	6517	9178	2709	1681	30126	1315	1549	1460	3752	4072	3622	9413	15112	12410	753	1197	888	2600	5139	2639	3607	2299	4176	6902	4359	7076	3239	3223	7387	2131	3446	3471	3646	4835	5569	12252	8882	2349	2293	5661	5717	4528	1693	3388	3842	4463	1844	1819	1668	4677	4568	2923	769	2713	1006	1214	5039	1464	6721	1195	2262	1140	3403	3353	867	3411	1422	954	2416	2242	2038	1378	3574	4748	1855	1145	1122	1484	1953	1340	5656	1572	3744	1475	2157	3468	1732	1730	3128	3420	3386	3431	5412	1824	2652	1080	1051	2007	1477	3330	2197	5347	2090	2949	1280	1293	2495	4637	2755	1827	3342	1538	1721	7035	2307	2394	1324	971	2867	2958	1577	2818	3034	2721	2212	2971	1305	1068	2385	3860	3946	2243	680	2563	2003	4538	225	4486	656	2195	411	5430	9031	2396	1725	2065	1822	1992	2122	4144	2540	1079	6408	4632	3796	3057	3680	5793	2680	2416	4190	797	931	2290	2075	115	1655	2782	6842	5110	4268	2480	3824	2739	8111	5623	8201	2465	2039	814	1218	960	4942	2494	2211	1345	11406	4516	4008	4495	2909	7058	5804	2791	3017	2161	3885	2885	7637	7403	1860	1153	194	3571	3301	2480	2016	3130	1606	1165	5716	5045	3090	1762	2038	3128	5992	2574	1825	785	3532	2669	2585	5518	3200	4131	2576	4777	1312	3060	3922	1883	3335	569	1575	5032	3726	2047	371	298	376	289	1067	4557	0	0	2979	187	301	258	167	600	605	403	1641	349	295	446	208	156	589	819	218	131	1066	156	3289	153	84	1228	477	419	371	271	479	280	356	343	164	200	915	1801	292	815	528	289	222	430	1566	0	0	895	469	416	112	61	881	614	162	86	90	61	11	424	0	48	1881	162	1936	1513	157	79	319	50	284	559	254	166	0	702	545	31	200	468	104	560	532	81	396	404	763	709	540	128	151	142	311	3805	421	44	1366	290	509	894	310	354	337	243	1738	332	371	9	266	39	311	227	865	816	115	316	215	106	274	641	2403	102	501	458	38	917	251	60	1140	313	0	0	1122	5270	2414	939	2674	3689	5797	888	2646	54	334	642	802	460	384	456	100	51	560	555	777	705	993	68	1276	188	399	494	1351	59	314	415	1195	2389	1634	125	525	381	550	1546	405	1805	159	1552	2294	669	70	1069	208	2036	319	124	292	8347	1380	368	749	1414	122	1317	591	266	0	785	74	485	3446	440	385	70	123	1062	7089	87	662	256	670	29	0	192	247	609	424	32	409	445	150	77	132	0	562	1103	5016	2422	5418	1602	335	212	1011	1093	133	589	1290	230	128	3554	195
d__Bacteria___p__Firmicutes___c__Clostridia___o__Lachnospirales___f__Lachnospiraceae___g__CAG-56	2281	0	0	71	44	0	268	0	0	0	1118	159	0	173	249	187	60	99	106	215	1669	0	194	400	0	44	294	392	430	3477	0	870	596	178	145	0	1350	141	154	1158	0	180	1251	0	136	448	47	65	0	23	0	48	59	77	380	0	0	233	114	1114	150	34	59	118	0	57	38	0	670	340	175	0	0	353	0	0	361	0	0	113	251	67	156	350	63	169	294	66	55	0	0	627	0	28	0	474	0	122	657	37	850	0	318	0	157	0	165	0	0	83	56	32	152	0	167	0	89	91	0	57	646	0	56	0	140	201	0	211	67	91	213	0	98	124	282	843	0	376	0	191	0	0	474	37	129	0	207	275	0	0	292	0	125	116	74	75	1049	0	53	161	0	142	0	0	51	292	70	0	0	242	0	229	0	110	46	104	0	0	0	51	0	0	0	0	0	40	0	550	66	197	203	298	215	0	190	255	154	27	0	145	172	161	1202	0	54	65	0	0	0	83	0	0	0	86	207	0	150	209	0	310	101	44	0	257	193	386	665	181	105	391	164	0	0	0	849	0	0	0	662	0	74	322	437	82	0	153	112	0	0	0	264	199	704	268	137	108	243	331	315	108	167	0	171	151	0	297	52	949	244	0	0	455	216	177	0	56	182	0	0	0	128	0	0	0	0	184	0	0	0	0	0	37	59	52	222	45	262	183	65	86	14	43	14	66	54	0	80	47	11	0	0	44	87	76	51	0	80	0	0	0	18	35	231	0	51	81	20	116	26	27	273	0	0	0	0	0	66	0	52	168	0	0	0	0	0	176	0	0	95	0	182	0	0	73	0	0	0	36	0	0	0	49	255	0	0	55	87	0	0	0	36	68	0	57	0	0	39	0	0	179	0	0	0	68	0	0	0	106	0	0	385	0	30	0	37	0	39	0	178	0	86	0	0	0	0	36	0	51	0	69	0	64	0	0	254	0	0	0	0	175	600	34	0	112	328	256	0	0	0	0	0	132	60	21	0	0	67	31	0	0	0	0	0	30	0	0	0	0	0	0	0	0	0	0	0	0	0	72	0	0	0	0	0	43	0	21	19	0	0	18	0	91	152	0	0	86	0	0	0	0	0	35	0	0	0	72	0	0	0	0	0	0	162	0	0	0	0	0	9	44	0	11	121	0	0	0	0	0	0	56	0	0	230	40	0	0	80	197	50	0	0	0	0	0	0
d__Bacteria___p__Firmicutes___c__Clostridia___o__Lachnospirales___f__Lachnospiraceae___g__Catonella	0	0	0	0	0	0	0	0	0	0	0	0	0	0	0	0	0	0	0	0	0	0	0	0	0	0	0	0	0	0	0	0	0	0	0	0	0	0	0	0	0	0	0	0	0	0	0	0	0	0	0	0	0	0	0	0	0	0	0	0	0	0	0	0	0	0	0	0	0	0	0	0	0	0	0	0	0	0	0	0	0	0	0	0	0	0	0	0	0	0	0	0	0	0	0	0	0	0	0	0	0	0	0	0	0	0	0	0	0	0	0	0	0	0	0	0	0	0	0	0	0	0	0	0	0	0	0	0	0	0	0	0	0	0	0	0	0	0	0	0	0	0	0	0	0	0	0	0	0	0	0	0	0	0	0	0	0	0	0	0	0	0	0	0	0	0	0	0	0	0	0	0	0	0	0	0	0	0	0	0	0	0	0	0	0	0	0	0	0	0	0	0	0	0	0	0	0	0	0	0	0	0	0	0	0	0	0	0	0	0	0	0	0	0	0	0	0	0	0	0	0	20	0	0	0	0	0	0	0	0	0	0	0	0	0	0	0	0	0	0	0	0	0	0	0	0	0	0	0	0	0	0	0	0	0	0	0	0	0	0	0	0	0	0	0	0	0	0	0	0	0	0	0	0	0	0	0	0	0	0	0	0	0	0	0	0	0	0	0	0	0	0	0	0	0	0	0	0	0	0	0	0	0	0	0	0	0	0	0	0	0	0	0	0	0	0	0	0	0	0	0	0	0	0	0	0	0	0	0	0	0	0	0	0	0	0	0	0	0	0	0	0	0	0	0	0	0	0	0	0	0	0	0	0	0	0	0	0	0	0	0	0	0	0	0	0	0	0	0	0	0	0	0	0	0	0	0	0	0	0	0	0	0	0	0	0	0	0	0	0	0	0	0	0	0	0	0	0	0	0	0	0	0	0	0	0	0	0	0	0	0	0	0	0	0	0	0	0	0	0	0	0	0	0	0	0	0	0	0	0	0	0	0	0	0	0	0	0	0	0	0	0	0	0	0	0	0	0	0	0	0	0	0	0	0	0	0	0	0	0	0	0	0	0	0	0	0	0	0	0	0	0	0	0	0	0	0	0	0	0	0	0	0	0	0	0	0	0	0	0	0	0	0	0	0	0	0	0	0	0	0	0	0	0	0	0	0	0	0	0	0	0	0	0	0	0	0	0	0	0	0	0	0	0	0
d__Bacteria___p__Firmicutes___c__Clostridia___o__Lachnospirales___f__Lachnospiraceae___g__Cellulosilyticum	0	0	0	0	0	0	0	0	0	0	0	0	0	0	0	0	0	0	0	0	0	0	0	0	0	0	0	0	0	0	0	0	0	0	0	0	0	0	0	0	0	0	0	0	0	0	0	0	0	0	0	0	0	0	0	0	0	0	0	0	0	0	0	0	0	0	0	0	0	0	0	0	0	0	0	0	0	0	0	0	0	0	0	0	0	0	0	0	0	0	0	0	0	0	0	0	0	0	0	0	0	0	0	0	0	0	0	0	0	0	0	0	0	0	0	0	0	0	0	0	0	0	0	0	0	0	0	0	0	0	0	0	0	0	0	0	0	0	0	0	0	0	0	0	0	0	0	0	0	0	0	0	0	0	0	0	0	0	0	0	0	0	0	0	0	0	0	0	0	0	0	0	0	0	0	0	0	0	0	0	0	0	0	0	0	0	0	0	0	0	0	0	0	0	0	0	0	0	0	0	0	0	0	0	0	0	0	0	0	0	0	0	0	0	0	0	0	0	0	0	0	0	0	0	0	0	0	0	0	0	0	0	0	0	0	0	0	0	0	0	0	0	0	0	0	0	0	0	0	0	0	0	0	0	0	0	0	0	0	0	0	0	0	0	0	0	0	0	0	0	0	0	0	0	0	0	0	0	0	0	0	0	0	0	0	0	0	0	0	0	0	0	0	0	0	0	0	0	0	0	0	0	0	0	0	0	0	0	0	0	0	0	0	0	0	0	0	0	0	0	0	0	0	19	0	0	0	0	0	0	0	0	0	0	0	0	0	0	0	0	0	0	0	0	0	0	0	0	0	0	0	0	0	0	0	0	0	0	0	0	0	0	0	0	0	0	0	0	0	0	0	0	0	0	0	0	0	0	0	0	0	0	0	0	0	0	0	0	0	0	0	0	0	0	0	0	0	0	0	0	0	0	0	0	0	0	0	0	0	0	0	0	0	0	0	0	0	0	0	0	0	0	0	0	0	0	0	0	0	0	0	0	0	0	0	0	0	0	0	0	0	0	0	0	0	0	0	0	0	0	0	0	0	0	0	0	0	0	0	0	0	0	0	0	0	0	0	0	0	0	0	0	0	0	0	0	0	0	0	0	0	0	0	0	0	0	0	0	0	0	0	0	0	0	0	0	0	0	0	0	0	0	0	0	0	0	0	0	0	0	0	0	0	0	0	0	0	0	0	0	0	0	0	0	0
d__Bacteria___p__Firmicutes___c__Clostridia___o__Lachnospirales___f__Lachnospiraceae___g__Coprococcus	47	63	34	97	0	307	15	89	267	124	66	437	0	216	250	225	39	184	140	120	265	16	233	63	92	170	927	741	207	3018	75	1062	216	1908	92	18	970	638	1311	2863	254	295	430	226	216	325	1471	169	58	105	55	30	277	146	265	0	143	392	102	343	221	0	152	14	48	205	192	108	664	815	209	219	0	184	0	800	97	56	0	416	80	326	170	204	109	265	369	155	153	191	53	184	336	440	143	220	87	75	419	149	124	254	180	289	548	138	542	346	114	0	34	28	359	236	167	376	96	144	214	151	95	219	64	609	250	228	285	120	397	169	411	0	290	331	381	819	201	701	0	83	78	81	316	172	313	174	178	176	232	0	516	798	119	407	31	0	429	475	192	456	391	98	337	475	166	351	70	53	77	310	277	552	101	853	255	252	238	145	0	276	372	592	138	421	175	274	301	443	210	311	250	668	187	268	320	332	332	225	273	581	196	310	441	72	360	188	1010	46	944	308	17	325	431	294	339	491	304	722	272	1155	325	107	301	162	53	430	305	686	865	594	387	200	242	881	396	282	224	326	451	307	432	661	258	0	135	448	45	274	308	290	963	260	2277	728	242	441	702	916	773	408	193	226	562	542	398	419	147	0	101	202	23	552	371	232	516	219	510	549	251	693	236	77	654	42	0	663	0	0	16	146	91	43	135	195	401	224	152	17	78	386	251	673	218	450	225	493	234	71	51	14	350	63	161	346	894	412	64	254	1081	941	194	147	58	44	50	293	464	651	49	107	174	0	0	58	140	425	177	67	514	710	690	354	0	423	0	0	17	782	154	429	139	194	28	466	175	112	0	1324	45	0	0	197	41	0	128	514	1200	96	680	0	441	0	0	77	0	0	676	39	1723	109	264	550	37	164	67	586	0	77	66	0	19	987	48	150	399	88	214	0	83	581	116	167	43	45	676	798	442	434	48	686	0	158	54	94	0	136	0	0	0	539	213	179	277	189	129	190	553	0	31	0	115	107	25	0	38	8	19	118	90	10	52	12	0	52	0	12	0	11	0	0	0	28	0	0	0	31	47	19	6	104	0	169	92	50	0	19	24	980	0	10	24	214	204	0	0	452	0	81	0	0	93	181	31	58	26	0	86	28	0	0	0	36	64	16	41	21	0	110	0	14	11	0	58	69	0	0	10	16	57	431	104	171	214	235	0	0	0	0	351	1022	1163	0	0	836	155
d__Bacteria___p__Firmicutes___c__Clostridia___o__Lachnospirales___f__Lachnospiraceae___g__Dorea	1389	104	68	292	675	88	89	282	183	404	548	965	564	376	260	392	166	636	131	310	1064	278	307	258	221	388	1447	2720	2492	4578	528	2053	1304	4196	258	157	1260	1181	563	1341	992	76	2171	614	457	287	915	251	626	118	138	242	985	306	1443	1233	410	638	598	1518	607	757	546	320	315	313	1749	580	525	1439	652	200	0	771	962	1284	710	0	0	704	388	883	592	236	221	277	375	453	209	367	68	907	1052	275	0	611	83	233	271	346	818	542	1158	587	892	319	703	297	87	342	652	289	192	213	340	720	556	145	93	506	448	76	247	2941	491	1063	613	632	868	911	742	0	421	489	561	777	237	1119	1895	242	149	445	464	697	502	456	265	585	616	265	147	1488	423	664	201	669	1127	666	613	1012	498	839	440	1286	519	273	962	138	483	249	1036	672	336	941	513	1215	706	200	138	520	212	1109	599	155	458	4037	1323	1413	314	736	1083	1128	588	395	980	1098	955	790	550	1501	1342	523	1711	207	1297	506	2363	209	1133	1071	1322	652	1335	833	346	381	368	61	563	893	480	363	239	1253	923	602	1893	2921	2120	1382	986	704	309	1718	890	1118	237	125	2990	662	1735	1946	492	2263	65	1746	281	1775	742	904	870	379	1456	199	292	1948	585	861	456	1288	1458	275	690	341	461	1349	501	1540	303	625	401	1883	719	446	865	696	2461	886	400	380	25	0	42	52	63	924	0	0	307	32	59	19	30	61	69	24	92	86	43	185	35	32	95	250	18	15	302	25	174	0	14	162	77	33	48	34	79	43	118	83	34	54	87	61	101	120	132	77	67	120	90	0	0	151	145	99	0	50	196	247	200	0	0	0	0	144	0	0	376	0	1127	435	0	0	0	0	68	167	111	0	0	122	54	0	56	114	79	58	138	72	140	64	30	81	0	0	37	0	0	588	98	76	31	0	112	36	0	0	60	0	364	109	224	0	67	13	142	0	125	104	0	33	34	32	133	348	47	62	0	35	0	401	107	38	18	0	0	0	0	951	398	774	534	254	428	201	1364	24	0	34	147	135	102	73	92	36	42	229	126	98	209	30	121	22	141	46	241	0	0	16	156	269	370	16	40	7	60	154	256	278	0	367	25	184	26	69	84	1147	0	51	99	1342	301	0	0	155	0	98	0	65	0	111	0	244	390	179	175	0	113	14	176	226	377	27	18	0	0	0	66	48	126	5	85	91	0	298	0	27	125	97	448	170	669	266	0	0	227	934	31	0	126	0	0	458	0
d__Bacteria___p__Firmicutes___c__Clostridia___o__Lachnospirales___f__Lachnospiraceae___g__Eisenbergiella	0	0	0	0	0	0	0	0	0	0	0	0	66	0	0	0	0	0	0	0	0	0	0	0	0	0	0	0	169	0	0	0	0	0	0	0	0	0	0	0	0	0	0	0	0	0	0	0	0	0	0	0	0	0	0	90	0	0	0	0	0	0	0	0	0	0	0	0	0	0	0	20	0	0	0	0	0	0	112	0	0	0	29	0	0	0	0	0	0	0	0	0	0	0	215	0	0	0	0	0	0	0	0	0	0	0	0	0	0	0	0	0	0	0	0	0	0	0	0	0	0	0	0	0	0	0	0	0	0	0	0	0	0	0	0	0	0	0	0	0	0	0	0	0	0	0	0	0	0	0	0	0	0	0	0	0	0	0	0	0	0	0	0	0	0	0	0	0	0	0	0	0	0	0	0	0	0	0	0	0	0	38	121	0	0	0	0	0	0	0	0	0	0	0	0	0	0	0	0	0	73	0	0	0	0	0	0	0	0	0	1833	0	0	0	0	0	0	0	0	0	0	0	0	0	0	0	0	26	0	0	0	0	0	0	0	0	0	0	0	0	0	0	30	11	0	0	0	0	0	0	0	24	0	0	0	0	0	0	0	0	0	30	0	0	0	0	0	47	0	0	0	0	0	0	0	0	0	0	0	254	0	0	0	26	0	0	0	0	1271	0	0	0	0	4	0	0	30	0	0	0	0	0	0	0	0	17	0	0	0	0	0	0	0	0	0	0	0	0	0	0	0	0	0	0	0	0	0	0	0	0	0	0	0	0	0	0	0	0	0	0	0	0	0	0	0	0	0	0	0	0	0	0	0	0	27	0	910	0	51	757	0	0	0	0	0	0	0	0	0	0	0	0	0	0	0	80	0	0	0	0	0	0	0	0	0	0	0	0	0	0	0	0	0	0	0	0	0	1178	36	0	0	0	0	0	0	0	126	0	0	0	0	0	0	0	26	0	0	0	0	0	0	0	0	0	0	0	0	0	0	0	0	0	0	0	0	0	0	0	0	0	0	0	0	0	0	0	0	0	0	0	0	0	0	0	0	0	0	0	0	0	0	0	0	0	0	0	0	0	0	0	0	0	0	406	0	0	0	0	0	0	0	0	0	0	0	0	0	0	0	0	0	0	0	0	0	0	0	0	0	0	0	0	0	0	0	0	0	0	0	0	0	0	0	0	0	0	0	0	0	0	0	0	0	0	0
d__Bacteria___p__Firmicutes___c__Clostridia___o__Lachnospirales___f__Lachnospiraceae___g__Epulopiscium	0	0	0	0	0	0	0	0	0	0	0	0	0	0	0	0	0	0	0	0	0	0	0	0	0	0	0	0	0	0	0	0	0	0	0	0	0	0	0	0	0	0	0	0	0	0	0	0	0	0	0	0	0	0	0	0	0	0	0	0	0	0	0	0	0	0	0	0	0	0	0	0	0	0	0	0	0	0	0	0	0	0	0	0	0	0	0	0	0	0	0	0	0	0	0	0	0	0	0	0	0	0	0	0	0	0	0	0	0	0	0	0	0	0	0	0	0	0	0	0	0	0	0	0	0	0	0	0	0	0	0	0	0	0	0	0	0	0	0	0	0	0	0	0	0	0	0	0	0	0	0	0	0	0	0	0	0	0	0	0	0	0	0	0	0	0	0	0	0	0	0	0	0	0	0	0	0	0	0	0	0	0	0	0	0	0	0	0	0	0	0	0	0	0	0	0	0	0	0	0	0	0	0	0	0	0	0	0	0	0	0	0	0	0	0	0	0	0	0	0	0	0	0	0	0	0	0	0	0	0	0	0	0	0	0	0	0	0	0	0	0	0	0	0	0	0	0	0	0	0	0	0	0	0	0	0	0	0	0	0	0	0	0	0	0	0	0	0	0	0	0	0	0	0	0	0	0	0	0	0	0	0	0	0	0	0	0	0	0	0	0	0	0	0	0	0	0	0	0	0	0	0	0	0	4	0	0	0	0	0	0	0	0	0	0	0	0	0	0	0	0	0	0	0	0	0	0	0	0	0	0	0	0	0	0	0	0	0	0	0	0	0	0	0	0	0	0	0	0	0	0	0	0	0	0	0	0	0	36	0	0	0	0	0	0	0	0	0	0	0	0	0	0	0	0	0	0	0	0	0	0	0	0	0	0	0	0	0	0	0	0	0	0	0	0	0	0	0	0	0	0	0	0	0	0	0	0	0	0	0	0	0	0	0	0	0	0	0	0	0	0	0	0	0	0	0	0	0	0	0	0	0	0	0	0	0	0	0	0	0	0	0	0	0	0	0	0	0	0	0	0	0	0	0	0	0	0	0	0	0	0	0	0	0	0	0	0	0	0	0	0	0	0	0	0	0	0	0	0	0	0	0	0	0	0	0	0	0	0	0	0	0	0	0	0	0	0	0	0	0	0	0	0	0	0	0	0	0	0	0	0	0	0	0	0	0	0	0	0	0	0	0	0	0	0
d__Bacteria___p__Firmicutes___c__Clostridia___o__Lachnospirales___f__Lachnospiraceae___g__FD2005	0	0	0	0	0	0	0	0	0	0	0	0	0	0	0	0	0	0	0	0	0	0	0	0	0	0	0	0	0	330	0	0	0	0	0	0	0	0	0	0	0	0	0	0	0	0	0	0	0	0	0	0	0	0	0	0	0	0	0	0	0	0	0	0	0	0	0	0	0	0	0	0	0	0	0	0	0	0	0	0	0	0	0	0	0	0	0	0	0	0	0	0	0	0	0	0	0	0	0	0	0	0	0	0	0	0	0	0	0	0	0	0	0	0	0	0	0	0	0	0	0	0	0	0	0	0	0	0	0	0	0	0	0	0	0	0	0	0	0	0	0	0	0	0	0	0	0	0	0	0	0	0	0	0	0	0	0	0	0	0	0	0	0	0	0	0	0	0	0	0	0	0	0	0	0	0	0	0	0	0	0	0	0	0	0	0	0	0	0	0	0	0	0	0	0	0	0	0	0	0	0	0	0	0	0	0	0	0	0	0	0	0	0	0	0	0	0	0	0	0	0	0	0	0	0	0	0	0	0	0	0	0	0	0	0	0	0	0	0	0	0	0	0	0	0	0	0	0	0	0	0	0	0	0	0	0	0	0	0	0	0	0	0	0	0	0	0	0	0	0	0	0	0	0	0	0	0	0	0	0	0	0	0	0	0	0	0	0	0	0	0	0	0	0	0	0	0	0	0	0	0	0	0	0	0	0	0	0	0	0	0	11	0	0	0	0	0	0	0	0	0	0	0	0	0	0	0	0	0	0	0	0	0	0	0	0	0	0	0	0	0	0	0	0	0	0	0	0	0	0	0	0	0	0	0	0	0	0	0	0	0	0	0	0	0	0	0	0	0	0	0	0	0	0	0	0	0	0	0	0	0	0	0	0	0	0	0	0	0	0	0	0	0	0	0	0	0	0	0	0	0	0	0	0	0	0	0	0	0	0	0	0	0	0	0	0	0	0	0	0	0	0	0	0	0	0	0	0	0	0	0	0	0	0	0	0	0	0	0	0	0	0	0	0	0	0	0	0	0	0	0	0	0	0	0	0	0	0	0	0	0	0	0	0	0	0	0	0	0	0	38	0	0	0	0	0	0	0	0	0	0	0	0	0	0	0	0	0	0	0	0	29	0	0	0	0	0	0	0	0	0	0	0	0	0	0	0	0	0	0	0	0	0	0	0	0	0	0	0	0	0	0	0	0	0
d__Bacteria___p__Firmicutes___c__Clostridia___o__Lachnospirales___f__Lachnospiraceae___g__Frisingicoccus	0	54	0	0	0	0	0	0	0	0	0	0	0	0	0	0	0	17	0	0	0	0	0	0	0	0	0	0	547	0	0	0	0	0	0	0	0	0	0	0	0	0	0	0	0	71	0	0	0	0	0	0	0	0	0	86	0	0	0	0	0	0	0	0	0	0	0	0	0	0	0	0	0	0	12	0	0	0	0	0	0	0	0	0	0	0	0	0	0	0	43	0	0	0	0	0	0	0	0	0	0	0	0	0	0	0	0	0	0	0	0	0	0	0	0	0	0	0	0	0	42	0	0	0	0	0	0	0	0	0	0	0	0	0	0	0	0	0	0	0	0	0	0	0	0	0	0	0	0	0	15	0	0	0	0	0	0	0	0	0	0	221	0	0	0	0	257	0	0	0	0	0	0	0	0	58	0	0	0	0	0	0	0	0	0	0	0	0	0	0	0	0	0	0	0	74	0	0	56	0	48	0	0	0	0	55	0	0	0	0	0	0	0	0	0	0	0	0	0	174	0	0	0	0	0	0	0	0	0	0	0	0	0	0	0	0	0	0	0	0	0	0	0	0	0	0	0	0	0	0	0	0	0	0	0	0	0	0	0	0	0	0	0	0	0	0	0	0	0	0	0	0	0	0	0	0	0	0	98	59	0	0	0	0	0	0	0	0	0	0	0	0	0	4	15	0	0	0	0	0	0	0	0	0	0	0	0	0	0	0	0	0	0	0	0	0	0	0	0	0	0	0	0	0	0	0	0	0	0	0	0	0	0	0	0	0	0	0	0	0	0	0	0	0	0	0	0	0	0	0	0	0	0	0	0	0	0	0	0	0	0	0	0	0	0	0	0	0	0	0	0	0	0	0	0	0	0	0	0	0	0	0	0	0	0	0	0	0	0	8	0	0	0	0	0	0	0	63	0	0	0	0	10	0	0	0	63	0	0	0	0	0	0	0	0	0	0	0	0	0	0	0	0	0	0	0	0	0	0	0	0	0	0	0	0	0	0	0	0	0	0	0	0	0	0	0	0	0	0	0	0	0	0	0	0	0	0	0	0	0	0	0	0	0	0	8	0	0	0	0	0	0	0	0	0	0	0	0	0	0	0	0	0	0	0	0	0	0	0	0	0	0	0	0	0	0	0	0	0	0	0	0	0	0	0	0	0	0	0	0	0	0	0	0	0	0	0	0	0	37	0	0	0	0	0
d__Bacteria___p__Firmicutes___c__Clostridia___o__Lachnospirales___f__Lachnospiraceae___g__Fusicatenibacter	442	215	1162	414	103	583	172	83	487	393	142	212	104	1615	750	1749	160	212	451	342	49	2068	1255	1008	150	557	1502	632	5604	1580	1689	2057	1556	11922	500	734	3427	119	364	260	470	547	873	768	472	189	1061	549	111	233	1075	458	142	4242	2190	1103	229	194	169	288	273	200	829	203	1489	147	499	270	356	48	303	1085	0	698	952	464	876	2100	0	365	91	260	272	696	328	642	72	964	953	324	309	270	291	1020	0	254	244	0	1143	465	1813	262	2183	245	562	179	106	0	449	129	258	221	576	210	561	577	548	272	245	1115	149	964	301	639	486	104	285	961	111	212	325	1013	270	174	92	249	568	119	341	382	351	229	392	426	315	848	187	0	87	992	499	52	1165	251	398	1082	456	83	185	122	607	211	64	699	1249	507	132	398	755	202	167	67	260	205	133	165	249	578	39	1513	665	218	0	577	235	0	771	157	155	122	427	872	300	228	662	798	627	151	0	354	148	289	837	314	292	290	674	0	184	2406	0	1571	1022	463	724	254	1713	548	361	1129	287	114	420	276	1937	2805	389	1978	752	1336	251	955	56	272	3832	377	850	74	203	236	180	458	132	0	36	1601	471	38	369	1705	320	247	170	514	126	71	323	101	1678	1237	131	1030	619	360	1165	642	199	263	434	3635	0	261	711	1894	890	0	539	199	602	421	124	65	229	0	82	526	0	0	0	0	23	82	61	201	320	340	406	1267	39	275	62	105	293	369	48	50	209	26	555	7	25	44	219	165	248	71	164	165	215	213	14	321	809	93	110	117	192	9	72	152	77	0	0	114	0	214	163	0	181	618	103	238	105	0	25	101	168	133	461	397	365	0	56	34	243	70	0	138	271	52	0	216	319	56	94	187	256	88	62	63	175	483	135	140	109	115	99	0	69	0	517	286	55	49	126	0	54	112	558	0	204	151	185	42	101	56	268	175	303	265	205	161	152	148	0	255	325	55	74	105	0	155	279	267	240	43	0	0	0	243	895	0	341	697	511	200	464	41	30	105	170	168	402	0	0	34	122	49	195	77	109	24	124	0	117	138	48	0	91	149	43	327	909	30	43	113	234	436	36	297	0	143	677	67	38	54	93	27	164	0	0	282	120	0	219	258	0	82	264	70	17	159	0	30	333	98	0	0	0	8	123	0	249	60	212	55	16	227	62	75	322	0	102	76	0	0	0	46	0	239	103	405	440	611	58	0	264	319	164	319	150	365	40	286	106
d__Bacteria___p__Firmicutes___c__Clostridia___o__Lachnospirales___f__Lachnospiraceae___g__GCA-900066575	0	0	0	0	0	0	0	0	13	0	71	0	0	20	0	32	0	0	0	0	0	0	0	0	0	0	171	0	63	344	0	71	52	168	0	0	72	0	0	0	0	0	13	0	35	0	9	0	13	0	0	0	0	0	0	131	0	19	0	26	0	0	0	0	17	0	0	0	0	231	0	36	0	13	0	0	0	0	206	0	0	0	0	16	0	21	0	0	12	0	0	0	0	0	0	0	0	0	24	0	0	0	65	0	0	0	0	0	0	0	0	0	0	0	0	0	0	0	0	0	0	0	0	0	96	41	0	160	0	0	44	0	0	0	52	76	0	0	0	0	0	0	29	46	0	0	44	67	0	0	0	0	0	0	0	0	0	0	44	0	0	0	0	46	0	66	0	0	0	39	0	0	0	0	0	0	0	0	0	0	0	0	0	0	0	0	0	138	34	0	31	36	23	0	138	0	0	0	0	0	0	0	0	0	0	82	0	0	0	0	0	0	0	32	0	0	0	0	0	65	0	38	0	0	0	21	0	0	48	42	0	0	0	45	0	0	8	0	52	0	33	137	0	0	0	0	0	60	22	0	37	0	0	0	19	74	28	0	37	0	0	0	31	54	0	0	0	0	0	56	0	55	0	0	0	18	0	0	46	0	0	0	0	0	0	0	0	0	0	14	0	0	8	0	12	0	0	21	0	7	9	19	0	0	6	0	9	0	0	6	6	12	0	0	11	0	9	0	8	0	0	8	20	0	0	5	0	9	0	0	11	0	0	0	0	0	0	0	24	0	22	0	0	0	0	27	0	0	0	0	0	0	0	0	46	0	0	0	0	0	0	0	0	0	0	0	0	0	0	0	0	0	0	59	0	0	0	0	0	0	0	0	0	0	0	0	0	0	0	0	0	0	0	0	0	0	0	0	0	0	0	0	0	0	0	0	0	0	0	0	0	0	0	0	0	0	0	0	0	0	0	0	3	0	0	0	0	0	0	0	27	0	0	0	0	0	0	0	0	0	0	0	0	0	0	0	0	0	0	0	0	0	0	0	0	0	0	0	0	0	0	0	0	0	0	0	0	0	0	0	0	0	0	0	0	0	0	0	0	0	0	8	0	0	0	0	0	0	0	0	47	0	0	0	0	0	0	0	0	0	0	0	0	0	0	0	0	0	0	0	0	0	0	0	0	0	0	0	0	0	0	0	0	0	0
d__Bacteria___p__Firmicutes___c__Clostridia___o__Lachnospirales___f__Lachnospiraceae___g__Howardella	0	45	0	0	0	0	0	0	0	93	0	0	0	0	0	0	14	149	83	0	0	0	0	0	0	0	0	0	0	0	0	0	0	221	9	23	0	0	0	0	0	0	0	0	0	0	0	53	0	0	0	0	0	0	0	0	0	211	0	0	0	0	30	0	0	0	0	0	44	0	0	0	0	57	0	0	0	0	0	0	28	0	0	0	0	0	0	0	0	0	0	0	0	0	0	0	45	59	0	0	0	0	192	0	31	12	0	0	0	0	0	0	0	0	0	0	0	0	0	0	0	0	0	0	0	0	0	0	11	37	64	0	0	0	0	78	0	0	0	0	0	0	0	0	0	0	0	0	0	0	0	281	0	94	43	0	0	0	0	0	0	0	0	55	0	0	0	0	0	0	0	0	19	0	0	0	0	0	0	0	0	0	0	0	0	0	115	98	87	36	0	0	0	0	0	0	0	0	0	0	0	261	0	0	217	0	64	0	0	88	0	0	147	0	0	0	77	0	0	0	0	0	0	0	50	0	177	0	0	0	261	0	48	0	0	0	0	0	61	0	0	36	0	0	0	0	0	0	0	0	301	0	0	0	117	0	0	0	0	0	96	58	0	106	0	0	0	0	32	0	0	0	272	0	44	4	150	0	109	0	0	0	0	0	0	0	0	0	0	7	0	0	0	0	0	0	0	0	0	0	13	0	0	0	6	16	0	0	0	4	0	0	11	0	0	0	0	4	0	0	0	0	0	0	0	0	0	0	27	0	0	0	0	0	0	0	0	0	0	8	22	0	0	0	0	9	0	0	0	0	0	0	0	0	0	0	0	0	46	0	0	0	0	0	0	0	0	0	0	0	0	0	0	0	0	0	30	0	0	0	0	0	0	0	0	0	0	0	0	0	0	0	0	0	0	12	12	0	0	0	0	0	0	0	0	0	0	0	0	0	0	42	0	0	0	0	0	0	0	0	0	0	0	38	43	286	0	0	0	0	13	0	0	0	0	0	0	82	11	0	0	0	0	0	0	0	0	0	11	0	0	0	0	0	0	0	0	0	0	51	0	0	0	0	0	0	0	0	0	0	0	59	0	0	0	0	0	0	0	0	0	6	0	0	0	0	17	0	0	0	0	23	26	0	0	0	0	0	0	0	0	0	0	0	0	0	0	0	0	14	0	0	0	52	0	0	0	0	0	0	0	0	0	0	0
d__Bacteria___p__Firmicutes___c__Clostridia___o__Lachnospirales___f__Lachnospiraceae___g__Hungatella	0	0	0	0	0	0	0	0	0	0	0	0	0	0	0	0	0	0	0	0	0	0	0	0	0	0	0	0	35	0	0	0	0	0	0	0	0	0	0	0	0	0	0	0	0	0	91	0	0	0	0	0	0	0	0	0	0	0	0	0	0	0	0	0	0	0	0	0	0	0	0	0	51	0	0	0	0	0	295	0	0	0	0	0	0	0	0	0	0	0	0	0	0	0	190	0	0	0	0	0	0	0	0	0	0	0	0	0	0	0	0	0	0	0	0	0	0	0	0	0	0	0	0	0	0	0	0	0	0	0	0	0	0	0	0	0	0	0	0	0	0	0	0	0	0	0	0	0	0	0	0	0	0	0	0	0	0	0	0	0	0	36	0	0	0	0	0	0	0	0	0	0	0	0	0	0	0	0	0	0	0	0	0	0	0	0	0	0	0	0	0	0	0	0	0	0	0	0	0	0	0	0	0	0	0	0	0	0	0	0	211	0	0	0	0	0	0	0	0	0	0	0	0	0	0	0	0	0	0	0	0	0	0	0	0	12	0	0	0	0	0	0	0	0	0	0	0	0	0	0	0	0	0	0	0	0	0	0	0	0	0	0	0	0	0	0	0	0	0	0	0	0	0	0	0	0	62	0	0	0	0	0	0	0	0	0	0	0	62	0	0	0	0	0	0	0	0	0	0	0	0	0	0	0	0	0	0	0	0	0	0	0	0	0	0	0	0	0	0	0	0	0	0	0	0	0	0	0	0	0	0	0	0	0	0	0	0	0	0	0	0	0	0	0	0	0	0	0	0	0	0	0	0	0	0	0	309	0	0	35	0	0	0	0	0	0	0	0	0	0	0	0	0	0	0	0	0	0	0	0	0	0	0	0	0	0	0	0	0	0	0	0	0	0	0	0	0	0	0	0	0	0	0	0	0	0	0	0	0	0	0	0	0	0	0	0	0	0	0	0	0	0	0	0	0	0	0	0	0	0	0	0	0	0	0	0	0	0	0	0	0	0	0	0	0	0	0	0	0	0	0	0	0	0	0	0	0	0	0	0	0	0	0	0	0	0	0	0	0	0	0	0	0	55	0	0	0	0	0	0	0	0	0	0	0	0	0	0	0	0	0	0	0	0	0	0	0	0	0	0	0	0	0	0	0	0	0	0	0	0	0	0	0	0	0	0	0	0	0	0	0	0	0	0	0
d__Bacteria___p__Firmicutes___c__Clostridia___o__Lachnospirales___f__Lachnospiraceae___g__Johnsonella	0	0	0	0	0	0	0	0	0	0	0	0	0	0	0	0	0	0	0	0	0	0	0	0	0	0	0	0	0	0	0	0	0	0	0	0	0	0	0	0	0	0	0	0	0	0	0	0	0	0	0	0	0	0	0	0	0	0	0	0	0	0	0	0	0	0	0	0	0	0	0	0	0	0	0	0	0	0	0	0	0	0	0	0	0	0	0	0	0	0	0	0	0	0	0	0	0	0	0	0	0	0	0	0	0	0	0	0	0	0	0	0	0	0	0	0	0	0	0	0	0	0	0	0	0	0	0	0	0	0	0	0	0	0	0	0	0	0	0	0	0	0	0	0	0	0	0	0	0	0	0	0	0	0	0	0	0	0	0	0	0	0	0	0	0	0	0	0	0	0	0	0	0	0	0	0	0	0	0	0	0	0	0	0	0	0	0	0	0	0	0	0	0	0	0	0	0	0	0	0	0	0	0	0	0	0	0	0	0	0	0	0	0	0	0	0	0	0	0	0	0	0	0	0	0	0	0	0	0	0	0	0	0	0	0	0	0	0	0	0	0	0	0	0	0	0	0	0	0	0	0	0	0	0	0	0	0	0	0	0	0	0	0	0	0	0	0	0	0	0	0	0	9	0	0	0	0	0	0	0	0	0	0	0	0	0	0	0	0	0	0	0	0	0	0	0	0	0	0	0	0	0	0	0	0	0	0	0	0	0	0	0	0	0	0	0	0	0	0	0	0	0	0	0	0	0	0	0	0	0	0	0	0	0	0	0	0	0	0	0	0	0	0	0	0	0	0	0	0	0	0	0	0	0	0	0	0	0	0	0	0	0	0	0	0	0	0	0	0	0	0	0	0	0	0	0	0	0	0	0	0	0	0	0	0	0	0	0	0	0	0	0	0	0	0	0	0	0	0	0	0	0	0	0	0	0	0	0	0	0	0	0	0	0	0	0	0	0	0	0	0	0	0	0	0	0	0	0	0	0	0	0	0	0	0	0	0	0	0	0	0	0	0	0	0	0	0	0	0	0	0	0	0	0	0	0	0	0	0	0	0	0	0	0	0	0	0	0	0	0	0	0	0	0	0	0	0	0	0	0	0	0	0	0	0	0	0	0	0	0	0	0	0	0	0	0	0	0	0	0	0	0	0	0	0	0	0	0	0	0	0	0	0	0	0	0	0	0	0	0	0	0	0	0	0
d__Bacteria___p__Firmicutes___c__Clostridia___o__Lachnospirales___f__Lachnospiraceae___g__Lachnoanaerobaculum	0	0	0	0	0	0	0	0	0	0	0	0	0	0	0	0	0	0	0	0	0	0	0	0	0	0	0	0	0	0	0	0	0	0	0	0	0	0	0	0	0	0	27	0	0	0	0	0	0	0	0	0	0	0	0	0	0	0	0	0	0	0	0	0	0	0	0	0	0	0	0	0	0	0	0	0	0	0	0	0	0	0	0	0	0	0	0	0	0	0	0	0	0	0	0	0	0	0	0	0	0	0	0	0	0	0	0	0	0	0	0	0	0	0	0	0	0	0	0	0	0	0	0	0	0	0	0	0	0	0	0	0	0	0	0	0	0	0	0	0	0	0	0	0	0	0	0	0	0	0	0	0	0	0	0	0	0	0	0	0	0	0	0	0	0	0	0	0	0	0	0	0	0	0	0	0	0	0	0	0	0	0	0	0	0	0	0	0	0	0	0	0	0	20	0	0	0	0	0	0	0	0	0	0	0	0	0	0	0	0	0	0	0	0	0	0	0	0	0	0	0	0	0	0	0	0	0	0	0	19	0	0	0	0	0	0	0	0	0	0	0	0	0	0	0	0	0	0	0	0	0	0	0	0	0	0	0	0	0	0	0	0	0	0	0	0	0	0	0	0	0	0	0	0	0	0	0	0	0	0	0	0	0	0	0	0	0	0	0	0	0	0	0	0	0	0	0	0	0	0	0	0	0	0	0	0	0	0	0	0	0	0	0	0	0	0	0	0	0	0	0	0	0	0	0	0	0	0	0	0	0	0	0	0	0	0	0	0	0	0	0	0	0	0	0	0	0	0	0	0	0	0	0	0	0	0	0	0	0	0	0	0	0	0	0	0	0	0	0	0	0	0	0	0	0	0	0	0	0	0	0	0	0	0	0	0	0	0	0	0	0	0	0	0	0	0	0	0	0	0	0	0	0	0	0	0	0	0	0	0	0	0	0	0	0	0	0	0	0	0	0	0	0	0	0	0	0	0	0	0	0	0	0	0	0	0	0	0	0	0	0	0	0	0	0	0	0	0	0	0	0	0	0	0	0	0	0	0	9	0	0	0	0	0	0	0	0	0	0	0	0	0	0	0	0	0	0	0	0	0	0	0	0	0	0	0	0	0	0	0	0	0	0	0	0	0	0	0	0	0	0	0	0	0	0	0	0	0	0	0	0	0	0	0	0	0	0	0	0	0	0	0	0	0	0
d__Bacteria___p__Firmicutes___c__Clostridia___o__Lachnospirales___f__Lachnospiraceae___g__Lachnoclostridium	318	0	428	0	16	36	0	58	0	40	98	171	617	174	55	134	0	269	0	140	88	374	373	0	0	0	456	619	2864	934	0	846	126	521	0	0	231	528	532	868	109	0	883	200	19	197	25571	19	60	4	109	18	171	250	15	1226	133	207	0	214	357	535	49	0	273	273	94	44	140	990	503	316	2793	218	396	899	459	409	2114	114	306	145	57	105	0	62	0	164	177	163	295	1204	241	200	2238	250	0	44	43	0	298	30	0	0	71	1734	162	2698	76	363	362	245	0	13	206	443	234	0	288	612	86	77	0	634	383	349	94	333	171	307	668	867	73	150	157	272	146	110	101	29	537	116	185	59	445	1282	0	77	198	264	158	257	539	66	0	413	514	389	248	198	502	405	22	99	170	35	544	137	26	57	72	2281	0	47	66	168	123	0	73	99	0	846	1343	503	0	114	148	64	296	161	216	227	62	70	0	325	175	434	774	19	367	45	817	939	457	990	547	89	911	0	3378	1037	42	83	223	294	280	358	1328	202	0	28	61	435	63	34	2520	471	461	183	94	651	75	430	320	897	234	0	311	215	235	611	419	2183	76	369	0	231	89	115	106	132	140	270	103	480	652	0	495	264	89	1078	28	407	47	219	115	899	0	2035	260	919	260	35	497	220	240	220	396	875	26	0	32	238	320	508	0	0	1797	69	68	54	37	283	187	7	245	229	40	65	65	74	173	29	4	40	24	23	470	0	82	142	72	48	198	263	160	14	211	120	34	650	578	72	483	116	7	87	45	466	69	0	0	0	24	26	45	42	105	71	243	0	0	79	0	407	0	22	15	181	66	28	18	266	424	0	1536	0	827	0	0	37	840	0	0	0	0	88	82	0	0	40	0	113	212	307	0	0	31	0	82	34	0	0	48	0	304	39	138	0	1010	85	104	0	48	31	277	428	977	48	240	186	0	35	234	332	687	0	91	0	7	59	163	0	67	0	0	0	0	549	129	95	104	70	121	0	673	0	18	0	0	0	0	0	30	0	0	0	0	0	54	0	0	0	167	37	0	0	38	0	0	0	134	0	0	0	82	0	0	67	0	657	159	0	0	0	71	571	13	0	80	349	135	355	0	75	25	370	0	0	0	78	0	54	0	31	25	0	0	5	127	69	57	0	14	0	0	32	60	0	0	0	51	143	906	11	0	0	10	14	0	0	46	0	0	0	501	283	103	429	67	9	0	0	0
d__Bacteria___p__Firmicutes___c__Clostridia___o__Lachnospirales___f__Lachnospiraceae___g__Lachnospira	0	74	0	0	0	124	0	0	269	0	48	35	0	0	523	41	0	26	342	98	0	529	163	30	154	218	150	96	20	149	0	123	180	306	0	0	161	226	429	828	0	114	197	32	0	25	347	32	0	81	84	125	14	114	97	0	0	252	6	66	0	11	20	0	81	30	58	77	240	163	27	115	0	0	0	0	34	0	51	0	13	0	97	13	95	154	0	230	96	38	42	27	7	323	0	96	0	48	49	79	0	36	0	31	55	0	30	0	37	0	47	0	272	0	50	0	0	51	31	0	32	25	61	62	585	0	0	68	0	116	337	0	155	36	0	0	37	0	0	0	0	0	0	55	26	192	0	0	0	0	59	0	192	115	20	0	16	0	0	0	0	47	36	0	0	23	0	0	0	79	0	0	52	0	0	39	0	38	0	0	0	0	0	26	0	0	0	0	0	64	0	208	0	0	0	0	0	15	100	447	0	235	60	80	0	29	69	0	135	186	0	47	410	0	291	0	34	110	294	295	770	0	11	0	105	46	400	82	44	131	206	175	0	63	95	0	189	179	0	198	148	490	114	0	0	0	0	0	113	46	55	0	0	0	0	0	164	193	235	0	0	0	0	0	40	210	24	0	1021	25	0	0	66	173	354	0	0	190	236	1812	106	0	231	30	475	139	0	0	0	301	122	255	38	23	133	45	21	1471	53	72	39	166	395	376	136	83	13	173	16	8	234	194	497	51	670	292	60	31	938	422	303	31	383	276	139	11	68	109	67	123	694	0	0	105	0	149	91	133	62	793	123	270	0	295	24	441	22	340	19	143	117	0	46	641	70	456	0	0	1541	0	0	6	610	49	360	0	48	0	97	0	144	63	0	443	179	0	0	0	460	0	189	580	46	135	1063	41	0	0	0	0	263	157	48	30	300	253	278	0	396	0	0	89	90	80	208	0	244	163	34	48	25	0	88	89	0	0	0	0	0	0	97	0	0	0	0	0	63	0	0	0	81	28	0	0	0	0	0	32	0	0	0	0	27	0	0	0	0	0	0	0	0	0	111	0	0	0	0	0	0	14	0	48	0	0	0	0	0	0	13	0	0	41	0	0	0	85	0	311	0	0	0	114	0	0	0	89	0	0	0	0	16	0	0	39	362	18	0	37	218	0	0	17	285	0	0	0	0	0	22	107	0	0	0	14	0	0	332	159	0	406	75	0	0	0	0
d__Bacteria___p__Firmicutes___c__Clostridia___o__Lachnospirales___f__Lachnospiraceae___g__Lachnospiraceae_AC2044_group	0	0	0	0	0	0	0	0	0	0	0	0	0	0	0	0	0	0	0	0	0	0	0	0	0	0	0	0	0	0	0	0	0	0	0	0	0	0	0	0	0	0	0	0	0	0	0	0	0	0	0	0	314	0	0	0	0	0	0	0	0	0	0	0	0	0	0	0	0	0	10	0	0	0	0	0	0	0	0	0	0	0	0	0	0	0	0	0	0	23	0	0	70	0	0	0	0	0	0	0	0	61	0	0	0	0	0	0	0	0	0	0	0	0	0	0	0	0	150	0	0	0	0	0	0	0	0	0	0	0	0	0	0	0	0	0	0	0	0	0	0	0	0	0	0	0	0	0	0	0	0	0	0	0	0	0	0	0	0	0	0	0	0	0	0	0	0	0	0	0	53	0	0	0	0	0	0	0	0	0	0	0	0	0	0	0	0	0	0	0	0	0	0	0	0	0	0	0	0	0	0	0	0	0	15	0	0	0	0	0	0	0	0	0	0	0	0	0	0	0	0	0	0	0	0	0	0	0	0	0	0	0	0	0	0	0	0	0	0	0	0	0	0	0	0	0	0	0	0	0	0	0	0	0	0	0	0	0	0	0	0	0	0	95	0	0	0	0	0	0	0	0	0	0	0	0	0	0	0	0	99	0	0	0	0	0	0	0	0	0	0	0	0	0	0	35	0	26	208	219	72	0	0	0	0	0	0	0	0	0	17	0	13	0	137	120	0	313	0	150	0	6	0	20	0	479	5	0	117	0	8	0	0	0	0	112	0	66	0	54	0	0	0	0	12	0	0	177	0	34	0	18	1937	0	1899	0	0	0	0	25	0	0	0	0	0	29	70	0	0	0	63	0	0	0	0	0	199	0	0	0	0	81	0	0	0	0	0	111	52	0	0	0	0	239	0	0	0	0	0	0	0	0	0	0	0	0	0	99	0	0	0	33	0	0	0	0	0	0	0	0	0	0	0	0	0	0	0	0	0	0	0	0	0	0	0	0	0	0	0	0	0	0	0	0	0	0	0	0	0	0	0	0	0	0	0	0	0	0	0	0	0	0	0	0	0	0	0	0	0	0	0	0	0	0	0	0	0	0	0	0	44	0	0	0	0	0	0	0	0	0	0	0	0	0	0	30	18	91	0	0	0	0	0	0	0	0	0	0	0	0	31	0	0	0	0	0	0	0	81	28	483	0	0	0	15
d__Bacteria___p__Firmicutes___c__Clostridia___o__Lachnospirales___f__Lachnospiraceae___g__Lachnospiraceae_FCS020_group	49	0	0	0	0	0	37	0	0	35	139	0	0	162	105	151	0	0	46	118	66	0	0	124	33	83	295	0	516	656	41	75	0	230	0	0	141	81	95	594	179	64	53	102	89	0	49	90	63	26	46	57	0	43	168	102	0	36	39	29	0	0	33	0	199	38	103	17	43	36	74	0	0	71	33	115	0	0	0	66	0	129	103	37	16	76	40	0	17	0	13	22	172	83	0	102	0	0	57	0	151	0	89	0	60	36	0	0	0	0	0	0	0	0	48	0	0	0	0	0	0	0	124	58	0	0	0	89	0	0	157	0	132	0	66	34	80	0	59	0	25	0	49	104	0	94	33	0	0	36	0	33	0	120	0	0	0	0	0	40	0	0	59	0	0	46	0	35	0	0	44	0	64	68	0	27	53	64	0	0	0	0	0	59	0	0	31	0	0	62	54	133	0	0	0	0	0	0	0	92	87	59	0	0	0	30	260	0	0	55	0	0	143	0	0	0	46	57	0	49	91	0	0	0	77	50	214	40	0	109	0	41	0	77	112	0	30	12	0	0	0	259	0	0	0	0	0	0	82	51	69	0	178	0	0	0	87	294	77	0	464	0	0	43	0	0	123	0	0	0	0	198	120	0	128	0	36	54	0	0	7	0	0	0	0	0	0	0	0	0	0	8	0	7	0	0	0	15	18	16	16	0	29	23	0	0	25	12	0	0	0	20	0	9	15	5	60	0	0	0	21	10	29	12	0	80	19	31	17	0	32	0	0	0	0	16	0	0	0	0	0	0	0	0	0	0	0	0	0	0	33	0	12	0	0	0	0	0	50	0	0	0	0	0	36	0	0	0	0	0	0	0	0	0	0	0	0	0	0	80	0	0	0	0	0	0	0	0	0	0	0	0	0	0	45	0	0	0	0	0	0	0	0	0	0	0	0	0	38	0	0	0	0	0	0	0	0	0	0	0	65	79	22	77	66	26	0	0	0	0	69	0	0	0	0	0	0	32	24	0	0	0	18	0	0	0	0	0	0	0	0	0	57	0	0	0	8	29	0	20	0	0	0	0	0	0	0	0	0	0	0	30	27	0	0	39	8	0	0	0	0	118	0	0	26	0	0	0	0	0	0	0	0	0	0	0	0	0	0	0	0	7	0	0	0	0	0	0	0	31	58	19	70	46	0	0	0	0	22	0	0	0	0	0	0
d__Bacteria___p__Firmicutes___c__Clostridia___o__Lachnospirales___f__Lachnospiraceae___g__Lachnospiraceae_NC2004_group	0	0	0	0	0	0	0	0	0	0	0	0	0	0	0	0	0	0	0	0	0	0	0	0	0	0	0	0	0	0	0	0	0	0	0	0	0	0	0	0	0	0	0	0	0	0	0	0	0	0	0	0	0	0	0	0	0	0	0	0	0	0	0	0	0	0	0	0	0	0	0	0	0	0	0	0	0	0	0	0	0	0	0	0	0	0	0	0	0	0	0	0	0	0	0	0	0	0	0	0	0	0	0	0	0	0	0	0	0	0	0	0	0	0	0	0	0	0	0	0	0	0	0	0	0	0	0	0	0	0	0	0	0	0	0	0	0	0	0	0	0	0	0	0	0	0	0	0	0	0	0	0	0	0	0	0	0	0	0	0	0	0	0	0	0	0	0	0	0	0	0	0	0	0	0	0	0	0	0	0	0	0	0	0	0	0	0	0	0	0	0	0	0	0	0	0	0	0	0	0	0	0	0	0	0	0	0	0	0	0	0	0	0	0	0	0	0	0	0	0	0	0	0	0	0	0	0	0	0	0	0	0	0	0	0	0	0	0	0	0	0	0	0	0	0	0	0	0	0	0	0	0	0	0	0	0	0	0	0	0	0	0	0	0	0	0	0	0	0	0	0	0	0	0	0	0	0	0	0	0	0	0	0	0	0	0	0	0	0	0	0	0	0	0	3	0	0	0	0	0	0	0	0	0	0	0	0	0	0	0	0	0	0	0	0	0	0	0	0	0	0	0	0	0	0	0	0	0	0	0	0	0	0	0	0	0	0	0	0	0	0	0	0	0	0	0	0	0	0	0	0	0	0	0	0	0	0	0	0	0	0	0	0	0	0	0	0	0	0	0	0	0	0	0	0	0	0	0	0	0	0	0	0	0	0	0	0	0	0	0	0	0	0	0	0	0	0	0	0	0	0	0	0	0	0	0	0	0	0	0	0	0	0	0	0	0	0	0	0	0	0	0	0	0	0	0	0	0	0	0	0	0	0	0	0	0	0	0	0	0	0	0	0	0	0	0	0	0	0	0	0	0	0	0	0	0	0	0	0	0	0	0	0	0	0	0	0	0	0	0	0	0	0	0	0	0	0	0	0	0	0	0	0	0	0	0	0	0	0	0	0	0	0	0	0	0	0	0	0	0	0	0	0	0	0	0	0	0	0	0	0	0	0	0	0	0	0	0	0	0	0	0	0	0	0
d__Bacteria___p__Firmicutes___c__Clostridia___o__Lachnospirales___f__Lachnospiraceae___g__Lachnospiraceae_ND3007_group	7	121	85	36	112	463	61	0	127	117	0	103	0	234	565	227	0	92	174	277	0	420	473	221	32	0	666	617	764	427	35	598	1254	684	62	0	567	268	504	899	121	266	328	175	225	44	243	137	58	76	125	259	0	139	124	0	74	133	0	76	208	56	219	51	173	179	147	226	317	85	220	164	0	342	1209	152	683	14	0	117	37	349	251	376	205	248	62	114	0	206	234	36	297	258	0	57	129	104	576	427	360	396	817	64	339	258	134	0	70	39	217	72	454	90	221	118	182	209	66	104	493	58	124	207	611	0	395	225	215	247	289	829	136	60	346	115	145	169	0	180	252	29	236	436	453	473	0	60	45	0	0	0	60	79	73	911	117	1235	243	45	195	85	0	126	139	150	493	526	71	110	615	164	853	348	200	169	33	527	32	268	219	25	0	0	244	45	224	161	183	222	81	412	250	36	1566	244	473	0	0	140	0	249	221	61	77	48	2014	9	190	1425	0	330	1546	1083	336	346	462	534	193	298	121	22	434	22	716	284	181	1287	41	567	407	163	160	366	705	115	418	117	183	517	468	553	80	0	11	1327	2891	64	504	575	159	65	99	464	327	76	451	255	817	230	93	85	316	199	1015	370	84	0	485	490	49	257	934	126	717	0	281	444	50	0	9	51	45	0	0	65	0	0	0	30	0	75	51	40	131	37	21	195	45	46	12	24	38	46	40	0	0	39	35	0	13	49	67	42	27	30	82	64	58	111	129	14	144	0	27	54	0	56	13	15	82	0	0	49	58	0	58	0	0	95	43	58	66	0	0	18	0	56	25	0	0	0	0	0	65	22	0	0	129	0	0	0	173	0	62	28	0	13	183	0	40	53	0	0	68	0	30	0	114	0	0	164	0	208	0	29	0	97	48	0	43	44	57	0	93	24	0	0	57	88	29	55	0	32	60	0	0	39	93	51	0	43	0	0	0	0	0	0	24	0	254	0	0	307	256	61	37	0	6	36	345	56	34	0	0	0	62	0	0	0	68	14	42	16	16	57	15	0	75	49	11	142	104	32	0	6	0	97	42	182	25	0	155	69	33	25	0	0	49	0	0	81	20	0	0	138	10	68	16	37	0	475	0	0	16	81	0	0	21	0	0	0	93	11	48	0	0	0	20	0	44	0	151	0	0	0	0	0	47	56	26	0	43	0	0	0	50	82	0	65	150	0	0	20	0
d__Bacteria___p__Firmicutes___c__Clostridia___o__Lachnospirales___f__Lachnospiraceae___g__Lachnospiraceae_NK4A136_group	0	51	0	108	0	27	0	65	121	119	147	248	202	0	37	0	0	191	0	320	0	86	208	0	63	77	253	79	549	847	30	91	467	305	0	47	185	0	463	2635	316	155	0	38	0	156	269	1190	0	199	106	0	34	0	116	31	0	425	0	95	71	24	33	0	64	0	86	60	39	31	85	68	0	70	17	177	0	0	0	65	0	80	55	0	60	78	167	0	119	0	0	0	69	600	49	0	0	24	177	131	285	283	0	0	271	204	0	0	47	0	0	0	139	54	0	0	58	31	73	0	162	0	95	0	0	222	180	0	86	0	0	69	0	161	0	0	0	123	0	111	0	683	183	54	83	86	0	0	621	76	125	56	62	85	0	0	0	0	0	104	0	277	0	84	157	0	0	205	0	143	0	0	0	0	1187	0	0	0	0	0	87	0	0	74	65	66	0	173	182	9	308	194	39	0	349	173	0	0	49	1576	0	65	1260	40	140	0	0	0	0	106	0	70	186	320	125	36	61	103	0	1521	1762	0	54	0	510	230	43	304	157	69	288	1221	44	130	96	0	219	0	34	302	219	125	0	0	0	0	245	23	0	110	0	32	58	0	112	261	72	125	0	79	164	0	53	228	0	0	0	0	230	0	0	142	0	162	153	65	382	146	40	1151	1800	252	463	2851	2258	2274	0	0	0	590	0	317	641	140	381	534	1156	1125	59	128	496	372	133	538	360	514	160	49	27	66	1343	349	298	52	638	1182	109	52	200	105	328	68	1228	296	83	855	55	30	343	18	428	0	0	50	179	654	665	0	421	450	131	1126	0	56	0	45	1148	562	216	0	208	0	147	964	1346	798	1226	564	1326	42	0	116	232	121	435	313	29	130	235	483	755	250	0	872	737	0	454	304	34	184	0	844	993	1323	273	1155	261	208	895	0	189	0	31	155	87	81	125	0	0	130	683	28	192	190	232	2178	269	31	205	202	75	95	0	182	211	134	0	0	0	0	93	0	114	171	36	241	0	0	0	0	70	0	59	0	0	0	0	0	64	0	28	0	0	0	0	0	104	18	0	0	0	0	47	0	0	0	0	0	0	0	0	0	0	0	0	88	12	37	0	0	0	283	0	3236	0	126	0	318	0	0	19	654	0	0	0	0	15	0	0	0	0	0	0	51	122	17	0	115	9	0	118	31	284	0	0	0	0	0	0	303	0	0	213	201	0	0	0	0	1068	799	233	0	717	78	0
d__Bacteria___p__Firmicutes___c__Clostridia___o__Lachnospirales___f__Lachnospiraceae___g__Lachnospiraceae_NK4B4_group	0	0	0	0	0	0	0	0	0	0	0	0	0	0	0	0	0	0	0	0	0	0	0	0	0	0	0	0	0	0	0	0	0	0	0	0	0	0	0	0	0	0	0	0	0	0	0	0	0	0	0	0	0	0	0	0	0	0	0	0	0	0	0	0	0	0	0	0	0	0	0	0	0	0	0	0	0	0	0	0	0	0	0	0	0	0	0	0	0	0	0	0	0	0	0	0	0	0	0	0	0	0	0	0	0	0	0	0	0	0	0	0	0	0	0	0	0	0	0	0	0	0	0	0	0	0	0	0	0	0	0	0	0	0	0	0	0	0	0	0	0	0	0	0	0	0	0	0	0	0	0	0	0	0	0	0	0	0	0	0	0	0	0	0	0	0	0	0	0	0	0	0	0	0	0	0	0	0	0	0	0	0	0	0	0	0	0	0	0	0	0	0	0	0	0	0	0	0	0	0	0	0	0	0	0	0	0	0	0	0	0	0	0	0	0	0	0	0	0	0	0	0	0	0	0	0	0	0	0	0	0	0	0	0	0	0	0	0	0	0	0	0	0	0	0	0	0	0	0	0	0	0	0	0	0	0	0	0	0	0	0	0	0	0	0	0	0	0	0	0	0	0	0	0	0	0	0	0	0	0	0	0	0	0	0	0	0	0	0	5	11	0	0	3	0	0	0	0	0	0	0	0	0	0	0	0	0	0	0	0	0	0	0	0	0	10	0	0	0	0	0	0	0	0	0	0	0	6	0	0	18	0	0	0	0	0	0	0	0	0	0	0	0	0	0	0	0	0	0	0	0	0	0	0	0	0	0	0	0	0	0	0	0	0	0	0	0	0	0	0	0	0	0	0	0	0	0	0	0	0	0	0	0	0	0	0	0	0	0	0	0	0	0	0	0	0	0	0	0	0	0	0	0	0	0	0	0	0	0	0	0	0	0	0	0	0	0	0	0	0	0	0	0	0	0	0	0	0	0	0	0	0	0	0	0	0	0	0	0	0	0	0	0	0	0	0	0	0	0	0	0	0	0	0	0	0	0	0	0	0	0	0	0	0	0	0	0	0	0	0	0	0	0	0	0	0	0	0	0	0	0	0	0	0	0	0	0	0	0	0	0	0	0	0	0	0	0	0	0	0	0	0	0	0	0	0	0	0	0	0	0	0	0	0	0	0	0	0	0	0	23	0	11	0	0
d__Bacteria___p__Firmicutes___c__Clostridia___o__Lachnospirales___f__Lachnospiraceae___g__Lachnospiraceae_UCG-001	0	0	0	0	0	0	0	0	0	0	0	0	0	0	0	0	0	0	0	0	0	0	0	0	0	0	117	0	0	0	0	0	0	199	0	0	0	0	74	649	0	0	0	0	0	0	0	0	0	0	0	0	0	0	0	0	0	0	0	0	0	0	0	0	0	0	0	0	0	0	0	0	0	0	0	0	0	0	0	0	0	0	0	0	0	0	0	0	15	0	0	0	0	77	0	0	0	0	0	0	0	0	0	0	0	0	0	0	0	0	0	0	0	0	0	0	0	0	0	0	0	0	0	0	0	0	0	0	0	0	0	0	0	0	0	0	0	0	0	0	0	0	0	0	0	0	0	0	0	0	0	0	0	0	0	0	0	0	0	0	0	0	0	0	0	0	0	0	0	0	0	0	0	0	0	0	0	0	0	0	0	0	0	0	0	0	0	0	0	0	0	20	0	0	0	0	0	0	0	66	0	0	0	0	0	0	0	0	0	0	0	0	0	0	0	0	0	14	0	0	0	0	0	0	0	0	0	0	0	0	0	0	0	0	0	0	0	0	0	0	0	0	0	0	0	0	0	0	0	0	0	0	0	0	0	0	0	0	27	0	0	0	0	0	0	0	0	0	0	0	0	0	0	0	0	0	0	0	0	0	0	57	96	0	702	0	0	0	0	18	0	0	0	0	92	24	0	47	0	79	26	14	37	31	13	10	8	119	0	10	96	0	136	57	54	37	46	0	0	17	14	13	49	27	0	0	0	19	0	5	258	0	0	0	0	0	397	30	0	94	67	0	125	56	0	0	0	0	34	201	0	0	0	152	0	0	0	140	0	0	0	59	0	0	0	0	58	0	0	0	0	65	0	0	0	0	73	0	287	0	0	0	0	0	0	0	0	0	0	0	0	0	0	64	551	0	0	0	0	0	0	0	0	49	31	0	0	0	0	57	0	0	0	0	0	0	0	0	0	0	0	0	0	0	0	0	0	0	0	0	0	0	0	0	0	0	0	0	0	0	0	0	0	0	0	0	0	0	0	0	0	0	0	0	0	0	0	0	0	0	0	0	0	0	0	0	0	0	0	0	0	0	0	0	0	30	0	36	0	0	20	114	0	0	0	0	0	0	0	0	0	0	0	0	0	0	0	0	0	0	0	12	291	0	0	0	0	0	0	70	0	0	0	0	0	0	0	0	152	0	0	0	0	47	0
d__Bacteria___p__Firmicutes___c__Clostridia___o__Lachnospirales___f__Lachnospiraceae___g__Lachnospiraceae_UCG-002	0	0	0	0	0	0	0	0	0	0	0	0	0	0	0	0	0	0	0	0	0	0	0	0	0	0	0	0	0	0	0	0	0	0	0	0	0	0	0	0	0	0	0	0	0	0	0	0	0	0	0	0	0	0	0	0	0	0	0	0	0	0	0	0	0	0	0	0	0	0	0	0	0	0	0	0	0	0	0	0	0	0	0	0	0	0	0	0	0	0	0	0	0	0	0	0	0	0	0	0	0	0	0	0	0	0	0	0	0	0	0	0	0	0	0	0	0	0	0	0	0	0	0	0	0	0	0	0	0	0	0	0	0	0	0	0	0	0	0	0	0	0	0	0	0	0	0	0	0	0	0	0	0	0	0	0	0	0	0	0	0	0	0	0	0	0	0	0	0	0	0	0	0	0	0	0	0	0	0	0	0	0	0	0	0	0	0	0	0	0	0	0	0	0	0	0	0	0	0	0	0	0	0	0	0	0	0	0	0	0	0	0	0	0	0	0	0	233	0	0	0	0	0	0	0	0	0	0	0	0	0	0	0	0	0	0	629	0	0	0	0	0	0	0	0	0	0	0	0	0	0	0	0	0	0	0	0	0	0	0	0	0	0	0	0	0	0	0	0	0	0	0	0	0	0	0	0	0	0	0	0	0	0	0	0	0	0	0	0	0	0	0	0	0	0	0	0	0	0	0	0	0	0	0	0	0	0	0	0	0	0	0	0	0	0	0	0	0	0	0	0	0	0	0	0	0	0	0	0	0	0	0	0	0	0	0	0	0	0	0	0	0	0	0	0	0	0	0	0	0	0	0	0	0	0	0	0	0	0	0	0	0	0	0	0	0	0	0	0	0	0	0	0	0	0	0	0	0	0	0	0	0	0	0	0	0	0	0	0	0	0	0	0	0	0	0	0	0	0	0	0	0	0	0	0	0	0	0	0	0	0	0	0	0	0	0	0	0	0	0	0	0	0	0	0	0	0	0	0	0	0	0	0	0	0	0	0	0	0	0	0	0	0	0	0	0	0	0	0	0	0	0	0	0	0	0	0	0	0	0	0	0	0	0	0	0	0	0	0	0	0	0	0	0	0	0	0	0	0	0	0	0	0	0	0	0	0	0	0	0	0	0	0	0	0	0	0	0	0	0	0	0	0	0	0	0	0	0	0	0	0	0	0	0	0	0	0	0	0	0	0	0	0	0	0
d__Bacteria___p__Firmicutes___c__Clostridia___o__Lachnospirales___f__Lachnospiraceae___g__Lachnospiraceae_UCG-003	0	0	0	0	0	0	0	0	0	0	0	0	0	0	0	0	0	0	0	0	0	0	0	0	0	0	0	0	0	0	0	0	0	0	0	0	0	0	0	0	0	0	0	0	0	0	0	0	0	0	0	0	0	0	0	0	0	91	0	0	0	0	0	0	0	0	0	0	40	0	0	0	0	0	0	0	0	0	0	0	0	0	0	0	0	0	0	0	0	0	0	0	12	0	0	0	0	0	0	0	0	0	0	0	0	0	0	0	0	0	0	0	0	0	0	0	0	0	0	0	0	0	0	0	0	0	0	0	0	0	0	0	0	0	0	0	0	0	0	0	0	0	0	0	0	0	0	0	0	0	0	0	0	0	0	0	0	0	0	0	0	0	0	0	0	32	0	0	0	0	0	0	0	0	0	0	0	0	0	0	0	0	0	0	0	0	0	0	0	0	0	0	0	0	0	0	0	0	0	0	0	0	0	0	0	0	0	0	0	0	0	0	0	0	0	0	0	0	0	0	0	0	0	0	0	0	0	0	0	0	0	0	0	0	0	0	0	0	0	0	0	0	0	0	0	0	0	0	0	0	0	0	0	0	0	0	247	0	0	0	0	0	0	0	0	0	0	0	0	0	0	0	0	0	0	0	0	0	0	0	18	0	0	0	0	0	0	0	0	85	0	0	0	0	0	0	0	0	10	0	0	0	0	0	0	0	0	0	0	0	0	0	37	0	84	100	0	0	0	128	0	0	0	0	0	25	0	0	9	0	0	0	0	0	0	0	0	0	0	0	0	0	0	0	0	0	0	28	0	0	0	0	0	0	100	60	0	0	477	0	0	0	0	0	0	0	0	0	0	0	0	0	0	48	0	0	0	0	0	0	0	0	0	0	0	119	0	0	0	0	0	0	0	0	113	0	0	0	0	0	0	0	0	0	0	0	0	0	0	0	0	0	0	0	0	0	0	0	0	0	0	0	0	0	0	0	0	0	0	0	10	0	0	0	0	0	0	0	0	0	0	0	0	0	0	0	0	0	0	0	0	0	0	0	0	0	0	0	0	0	0	0	0	0	0	0	0	0	0	0	0	0	0	0	0	0	0	0	0	0	0	25	0	0	0	0	0	0	0	0	0	0	0	0	0	0	0	0	0	0	0	0	0	0	0	0	0	0	0	0	0	0	0	0	0	0	0	0	37	0	33	0	29	0	0
d__Bacteria___p__Firmicutes___c__Clostridia___o__Lachnospirales___f__Lachnospiraceae___g__Lachnospiraceae_UCG-004	196	0	44	0	0	27	0	36	0	47	0	178	125	0	0	57	0	43	0	76	181	0	46	0	0	0	0	183	186	213	36	298	0	176	45	71	191	200	127	321	154	0	347	64	0	40	161	50	43	0	0	0	94	94	249	141	0	44	79	42	72	0	0	61	38	117	105	20	0	117	103	0	0	76	51	153	0	0	0	160	0	0	37	62	25	86	48	0	64	0	0	35	42	32	0	83	0	0	0	0	0	0	294	0	0	0	71	44	0	0	0	0	0	0	0	0	0	0	0	0	91	73	0	166	0	327	0	0	0	120	54	490	0	0	0	264	0	161	192	0	56	0	88	53	0	0	0	65	0	0	0	0	40	146	0	0	181	71	0	156	126	99	0	0	0	0	0	80	0	0	0	0	0	0	0	0	0	0	0	0	0	0	0	0	0	0	153	0	109	27	104	55	0	0	43	163	84	0	62	0	224	31	0	0	0	0	0	0	162	0	0	273	0	0	81	60	30	83	170	89	91	0	0	0	47	0	144	73	67	47	0	0	0	0	77	52	0	0	180	17	13	50	82	0	0	0	50	0	0	87	64	0	0	0	13	75	0	0	0	0	278	0	57	38	0	193	31	0	0	0	162	134	0	0	0	0	109	64	62	0	29	0	0	0	369	0	0	0	0	38	0	91	9	39	50	35	0	143	33	45	23	54	0	22	49	37	0	31	0	16	12	60	174	36	165	32	78	27	96	26	59	90	115	122	114	75	0	96	0	59	74	0	0	0	0	35	40	0	47	0	76	0	0	0	0	78	0	51	0	0	0	0	25	0	84	0	0	0	0	0	0	0	458	94	0	0	0	0	0	0	0	0	0	0	112	0	0	0	64	0	0	0	0	0	11	0	0	0	27	0	0	0	0	0	0	80	0	0	53	0	0	50	0	0	0	29	0	0	25	38	29	0	0	0	90	0	0	0	0	0	0	115	105	0	56	91	24	0	0	0	0	0	0	0	0	0	0	38	0	0	0	0	0	0	0	0	0	0	0	0	47	0	61	0	0	0	0	0	0	0	0	0	0	0	0	32	0	93	0	0	0	29	0	0	0	0	0	110	0	0	0	64	0	73	0	0	0	0	0	0	0	0	0	0	0	7	0	26	31	0	0	16	106	0	0	0	0	0	0	28	0	0	0	0	0	0	0	0	82	105	84	0	0	0	0
d__Bacteria___p__Firmicutes___c__Clostridia___o__Lachnospirales___f__Lachnospiraceae___g__Lachnospiraceae_UCG-006	0	0	0	0	0	0	0	0	0	0	0	0	0	0	0	0	0	0	0	0	0	0	0	0	0	0	0	0	0	0	0	0	0	0	0	0	0	0	0	0	0	0	0	0	0	0	0	0	0	0	0	0	0	0	0	0	0	0	0	0	0	0	0	0	0	0	0	0	0	0	0	0	0	0	0	0	0	0	0	0	0	0	0	0	0	0	0	0	0	0	0	0	0	0	0	0	0	0	0	0	0	0	0	0	0	0	0	0	0	0	0	0	0	0	0	0	0	0	0	0	0	0	0	0	0	0	0	0	0	0	0	0	0	0	0	0	0	0	0	0	0	0	0	0	0	0	0	0	0	0	0	0	0	0	0	0	0	0	0	0	0	0	0	0	0	0	0	0	0	0	0	0	0	0	0	0	0	0	0	0	0	0	0	0	0	0	0	0	0	0	0	0	0	0	0	0	0	0	0	0	0	0	0	0	0	0	0	0	0	0	0	0	0	0	0	0	0	0	0	0	0	0	0	0	0	0	0	0	0	0	0	0	0	0	0	0	0	0	0	0	0	0	0	0	0	0	0	0	0	0	0	0	0	0	0	0	0	0	0	0	0	0	0	0	0	0	0	0	0	0	0	0	0	0	0	0	0	0	0	0	0	0	0	0	0	0	0	0	0	0	0	0	0	0	0	0	0	0	0	0	0	0	0	0	0	0	0	0	0	0	0	0	0	0	0	0	0	0	0	0	0	0	0	0	0	21	0	0	0	0	0	0	0	0	0	0	0	0	0	0	0	0	0	0	0	0	0	0	0	0	0	0	0	0	0	0	0	0	22	0	0	0	0	0	0	0	0	0	0	0	0	0	0	0	0	0	0	0	0	0	0	0	0	0	0	0	0	0	0	0	0	0	0	0	0	0	0	0	0	0	0	0	0	0	0	0	0	0	0	0	0	0	0	0	0	0	0	0	0	0	0	0	0	0	0	0	0	0	0	0	0	0	0	0	0	0	0	0	0	0	0	0	0	0	0	0	0	0	0	0	0	0	0	0	0	0	0	0	0	0	0	0	0	0	0	0	0	0	0	0	0	0	0	0	0	0	0	0	0	0	0	0	0	0	0	0	0	0	0	0	0	0	0	0	0	0	0	0	0	0	0	0	0	0	0	0	0	0	0	0	0	0	0	0	0	0	0	0	14	0	0	0	0	0	0
d__Bacteria___p__Firmicutes___c__Clostridia___o__Lachnospirales___f__Lachnospiraceae___g__Lachnospiraceae_UCG-010	0	46	25	21	19	0	15	102	0	69	151	0	232	36	0	21	0	51	0	0	359	0	0	0	0	0	41	289	55	76	0	193	88	127	31	0	0	67	40	121	118	0	60	29	0	0	0	0	0	0	36	0	44	0	88	0	0	0	38	5	61	14	0	0	8	0	0	0	0	443	42	13	0	0	0	0	0	0	0	0	0	24	67	0	0	28	25	0	0	0	0	0	10	15	0	0	0	0	0	0	31	0	0	0	50	0	53	0	0	32	18	26	0	18	45	0	36	0	0	0	0	0	0	102	36	0	0	0	47	14	0	0	116	0	0	474	0	0	0	77	0	0	123	84	75	0	0	93	103	0	0	83	33	69	0	0	253	0	0	56	0	0	0	0	97	32	0	0	0	0	70	0	0	48	24	0	178	0	0	0	0	56	4	0	0	61	0	0	0	15	0	0	0	0	77	80	0	63	0	0	345	156	98	0	0	218	0	25	0	0	0	0	0	73	0	0	0	0	0	73	0	51	0	0	0	69	0	0	0	0	111	0	0	0	0	0	0	0	314	25	20	68	0	107	0	82	0	0	15	219	0	58	211	0	0	121	44	0	44	53	0	0	42	0	0	82	0	0	0	0	0	77	0	43	0	0	0	54	43	54	0	0	0	84	0	70	0	0	0	70	5	0	12	69	18	0	0	15	34	10	15	0	0	0	0	0	11	0	0	0	0	42	5	6	88	35	148	0	0	58	0	25	170	66	235	14	0	58	4	0	0	0	0	203	0	101	0	0	25	0	108	12	0	39	0	116	13	47	0	49	23	0	5	0	164	0	215	0	0	0	0	39	344	0	0	0	51	0	56	22	0	0	0	0	23	17	8	0	0	0	28	0	0	0	5	3	22	0	0	0	102	26	0	0	0	45	87	33	24	57	17	41	0	54	102	137	0	0	0	0	23	23	0	0	0	0	0	0	0	101	0	0	166	0	56	0	194	0	0	0	0	0	0	10	0	16	0	0	12	0	0	0	0	0	0	0	0	0	0	0	0	0	0	0	0	0	0	6	31	44	0	0	0	0	0	0	0	116	0	0	0	0	0	86	0	0	10	42	0	0	0	0	0	0	0	0	0	0	0	0	0	47	0	0	0	0	0	0	0	0	0	0	15	48	0	0	15	5	0	0	0	0	0	0	0	0	0	0	114	48	20	0	0	43	0
d__Bacteria___p__Firmicutes___c__Clostridia___o__Lachnospirales___f__Lachnospiraceae___g__Lactonifactor	0	0	0	0	0	0	0	0	0	0	0	0	0	0	0	0	0	0	0	0	0	0	0	0	0	0	0	0	0	0	0	0	0	0	0	0	0	0	0	0	0	0	0	0	0	0	0	0	0	0	0	0	0	0	0	0	0	0	0	0	0	0	0	0	0	0	0	0	0	0	0	0	0	0	0	0	0	0	0	0	0	0	0	0	0	0	0	0	0	0	0	0	0	0	0	0	0	0	0	0	0	0	0	0	0	0	0	0	0	0	0	0	0	0	0	0	0	0	0	0	0	0	0	0	0	0	0	0	0	0	0	0	0	0	0	0	0	0	0	0	0	0	0	0	0	0	0	0	0	0	0	0	0	0	0	0	0	0	0	0	0	0	0	0	0	0	0	0	0	0	0	0	0	0	0	0	0	0	0	0	0	0	0	0	0	0	0	0	0	0	0	0	0	0	0	0	0	0	0	2	0	0	0	0	0	0	0	0	0	0	0	0	0	0	0	0	0	0	0	0	0	0	0	0	0	0	0	0	0	0	0	0	0	0	0	0	0	0	0	0	0	0	0	0	0	0	0	0	0	0	0	0	0	0	0	0	0	0	0	0	0	0	0	0	0	0	0	0	0	0	0	0	0	0	0	0	0	2	0	0	0	0	0	0	0	0	0	0	0	0	0	0	0	0	0	0	0	0	0	0	0	0	0	0	0	0	0	0	0	0	0	2	0	0	0	0	0	0	0	0	0	0	0	0	0	0	0	0	0	0	0	0	0	0	0	0	0	0	0	0	0	0	0	0	0	0	0	0	0	0	0	0	0	0	0	0	0	0	0	0	0	0	0	0	0	0	0	0	0	0	0	0	0	0	0	0	0	0	0	0	0	0	0	0	0	0	0	0	0	0	0	0	0	0	0	0	0	0	0	0	0	0	0	0	0	0	0	0	0	0	0	0	0	0	0	0	0	0	0	0	0	0	0	0	0	0	0	0	0	0	0	0	0	0	0	0	0	0	0	0	0	0	0	0	0	0	0	0	0	0	0	0	0	0	0	0	0	0	0	0	0	0	0	0	0	0	0	0	0	0	0	0	0	0	0	0	0	0	0	0	0	0	0	0	0	0	0	0	0	0	0	0	0	0	0	0	0	0	0	0	0	0	0	0	0	0	0	0	0	0	0	0	0	0	0	0	0	0	0	0	0	0	0	0	0
d__Bacteria___p__Firmicutes___c__Clostridia___o__Lachnospirales___f__Lachnospiraceae___g__Marvinbryantia	0	0	0	0	0	49	102	0	0	64	184	51	0	0	214	0	0	196	0	0	0	27	41	0	56	0	189	0	880	972	97	47	287	526	0	95	57	0	145	689	98	0	61	97	212	0	0	36	25	72	0	0	40	48	318	0	0	42	8	22	0	0	144	0	0	0	0	161	147	0	0	0	0	0	113	0	0	0	71	0	0	128	74	71	0	44	41	27	0	136	0	0	181	0	0	0	0	0	0	0	0	0	0	0	0	0	0	0	0	0	0	0	0	0	0	0	0	0	134	0	114	0	0	0	102	0	0	0	0	0	0	0	0	0	40	27	0	0	0	0	0	0	0	161	0	0	0	0	0	0	0	0	0	0	65	0	0	0	0	0	0	0	0	0	0	0	0	0	0	0	215	0	1	0	0	0	0	46	0	0	159	0	0	0	0	0	0	0	81	0	0	59	0	0	380	0	0	0	0	0	0	0	63	0	0	0	21	0	0	0	0	0	88	0	0	68	241	0	51	84	0	33	0	0	0	303	0	103	85	71	53	0	61	237	152	0	0	0	0	72	156	267	0	0	0	0	320	0	0	0	0	0	112	818	699	0	0	58	44	136	0	0	0	0	0	0	0	0	0	0	0	0	0	0	0	0	0	29	0	0	0	0	0	0	0	54	0	0	0	11	8	0	0	0	14	9	0	10	412	0	0	19	26	0	5	18	26	0	0	0	0	39	0	0	0	5	8	30	0	76	0	0	0	32	0	18	81	14	10	0	31	0	0	0	0	0	0	0	0	0	0	0	0	0	0	0	0	0	167	0	0	0	0	0	0	0	69	0	0	0	0	0	0	0	0	0	0	0	0	0	0	0	0	0	0	0	76	0	0	0	0	0	0	0	0	0	0	0	0	8	0	0	0	0	0	0	0	0	0	0	0	0	0	0	0	0	0	0	0	0	0	0	0	0	0	0	0	0	0	0	85	0	0	22	48	0	17	0	0	0	100	0	0	0	0	0	0	0	0	0	0	0	0	0	0	0	0	0	0	0	0	0	40	0	0	0	0	29	0	0	0	0	0	0	0	0	0	0	0	0	0	57	11	0	0	0	0	0	0	0	0	104	0	0	0	0	0	0	0	0	0	0	0	0	0	0	0	0	0	0	0	0	0	0	0	0	0	0	0	0	28	0	139	27	0	0	0	0	0	0	45	0	0	0	0
d__Bacteria___p__Firmicutes___c__Clostridia___o__Lachnospirales___f__Lachnospiraceae___g__Oribacterium	0	0	0	0	0	0	0	0	0	0	0	0	0	0	0	0	0	0	0	0	0	0	0	0	0	0	0	0	0	0	0	0	0	0	0	0	0	0	0	0	0	0	76	0	0	0	0	0	0	0	0	0	0	0	0	0	0	0	0	0	0	0	0	0	0	0	0	0	0	0	0	0	0	0	0	0	0	0	0	0	0	0	0	0	0	0	0	0	0	0	0	0	0	0	0	0	0	0	0	0	0	0	0	0	0	0	0	0	0	0	0	0	0	0	0	0	0	0	0	0	0	0	0	0	0	0	0	0	0	0	0	0	0	0	0	0	0	0	0	0	0	0	0	0	0	0	0	0	0	0	0	0	0	0	0	0	0	0	0	0	0	0	0	0	0	0	0	0	0	0	0	0	0	0	0	0	0	0	0	0	0	0	0	0	0	0	0	0	0	0	0	0	0	0	0	0	0	0	0	0	0	0	0	0	0	0	0	0	0	0	0	0	0	0	0	0	0	0	0	0	0	0	0	0	0	0	0	0	0	0	0	0	0	0	0	0	0	0	0	0	0	0	0	0	0	0	0	0	0	0	0	0	0	0	0	0	0	0	0	0	0	0	0	0	0	0	0	0	0	0	0	0	0	0	0	0	0	0	0	0	0	0	0	0	0	0	0	0	0	0	0	0	0	0	0	0	0	0	0	0	0	0	0	0	0	0	0	0	0	0	0	0	0	0	0	0	0	0	0	0	0	0	0	0	0	0	0	0	0	0	0	0	0	0	0	0	0	0	0	0	0	0	0	0	0	0	0	0	0	0	0	0	0	0	0	0	0	0	0	0	0	0	0	0	0	0	0	0	0	0	0	0	0	0	0	0	0	0	0	0	0	0	0	0	0	0	0	0	0	0	0	0	0	0	0	0	0	0	0	0	0	0	0	0	0	0	0	0	0	0	0	0	0	0	0	0	0	0	0	0	0	0	0	0	0	0	0	0	0	0	0	0	0	0	0	0	0	0	0	0	0	0	0	0	0	0	0	0	0	0	0	0	0	0	0	0	0	0	0	0	0	0	0	0	0	0	0	0	0	0	0	0	0	0	0	0	0	0	0	0	0	0	0	0	0	0	0	0	0	0	0	0	0	0	0	0	0	0	0	0	0	0	0	0	0	0	0	0	0	0	0	0	0	0	0	0	0	0	0	0	0	0	0	0	0
d__Bacteria___p__Firmicutes___c__Clostridia___o__Lachnospirales___f__Lachnospiraceae___g__Robinsoniella	0	0	0	0	0	0	0	0	0	0	0	0	0	0	0	0	0	0	0	0	0	0	0	0	0	0	0	0	0	0	0	0	0	0	0	0	0	0	0	2	0	0	0	0	0	0	0	0	0	0	0	0	0	0	0	0	0	0	0	0	0	0	0	0	0	0	0	0	0	0	0	0	0	0	0	0	0	0	0	0	0	0	0	0	0	0	0	0	0	0	0	0	0	0	0	0	0	0	0	0	0	0	0	0	0	0	0	0	0	0	0	0	0	0	0	0	0	0	0	0	0	0	0	0	0	0	0	0	0	0	0	0	0	0	0	0	0	0	0	0	0	0	0	0	0	0	0	0	0	0	0	0	0	0	0	0	0	0	0	0	0	0	0	0	0	0	0	0	0	0	0	0	0	0	0	0	0	0	0	0	0	0	0	0	0	0	0	0	0	0	0	0	0	0	0	0	0	0	0	0	0	0	0	0	0	0	0	0	0	0	0	0	0	0	0	0	0	0	0	0	0	0	0	0	0	0	0	0	0	0	0	0	0	0	0	0	0	0	0	0	0	0	0	0	0	0	0	0	0	0	0	0	0	0	0	0	0	0	0	0	0	0	0	0	0	0	0	0	0	0	0	0	0	0	0	0	0	0	0	0	0	0	0	0	0	0	0	0	19	0	0	0	0	0	0	0	0	0	0	0	0	0	0	0	0	0	0	0	0	0	0	0	0	0	0	0	0	0	0	0	0	0	0	0	0	0	0	0	0	0	0	0	0	0	0	0	0	0	0	0	0	0	0	0	0	0	0	0	0	0	0	0	0	0	0	0	0	0	144	0	0	0	0	0	0	0	0	0	0	0	0	0	0	0	0	0	0	0	0	0	0	0	0	0	0	0	0	0	0	0	0	0	0	0	0	0	0	0	0	0	0	0	0	0	0	0	0	0	0	0	0	0	0	0	0	0	0	0	0	0	0	0	0	0	0	0	0	0	0	0	0	0	0	0	0	0	0	0	0	0	0	0	0	0	0	0	0	0	0	0	0	0	0	0	0	0	0	0	0	0	0	0	0	0	0	0	0	0	0	0	0	0	0	15	0	0	0	0	0	0	0	0	0	0	0	0	0	0	0	0	0	0	0	0	0	0	0	0	0	0	0	0	0	0	0	0	0	0	0	0	0	0	0	0	0	0	0	0	0	0	0	0	0	0	0
d__Bacteria___p__Firmicutes___c__Clostridia___o__Lachnospirales___f__Lachnospiraceae___g__Roseburia	281	330	244	35	65	0	99	204	0	0	0	21	168	0	0	68	44	25	223	226	710	145	0	25	0	0	191	427	152	1953	0	546	0	1783	74	0	273	0	146	922	306	0	2126	432	0	146	65	58	0	192	0	0	220	1004	218	39	0	578	359	226	253	225	18	0	429	178	0	218	266	183	462	90	0	314	0	286	0	0	109	147	64	53	115	0	58	146	71	200	0	43	155	141	0	212	0	251	0	0	0	94	687	107	499	104	0	0	0	0	0	0	152	109	0	86	95	183	98	0	0	0	60	0	143	0	42	233	0	0	0	277	0	0	93	0	0	61	84	0	91	50	132	0	250	77	167	1260	221	0	0	215	61	0	40	710	0	143	786	0	0	81	1261	284	66	0	148	0	0	91	545	80	53	108	0	8	87	353	0	0	0	541	0	168	0	0	146	0	705	162	0	52	280	285	73	0	98	147	194	0	1255	0	0	218	333	76	0	0	0	0	169	0	0	663	0	0	0	0	81	0	77	1022	219	0	0	0	180	0	337	105	49	224	165	0	130	64	197	130	256	71	299	0	0	242	486	0	0	34	218	0	73	100	0	0	246	235	259	0	0	49	0	0	770	396	0	187	0	0	0	258	0	0	0	134	0	0	93	0	0	115	0	328	275	242	291	255	607	1148	0	0	0	150	56	1043	164	360	63	290	0	135	34	193	438	8	87	611	237	207	279	291	132	86	32	84	1065	106	783	114	357	114	250	34	236	48	1653	360	86	149	533	37	196	142	715	0	3	256	158	84	737	144	0	51	324	485	613	261	118	83	105	153	309	246	0	68	166	1999	1372	172	212	141	407	45	0	0	364	446	48	295	187	45	74	0	149	281	0	597	4571	266	85	0	245	636	0	0	182	36	97	384	259	276	0	0	0	0	188	32	180	215	120	0	862	70	0	188	0	39	0	693	113	98	167	83	210	0	322	0	786	40	0	0	23	212	0	50	291	105	0	78	0	0	28	0	0	0	0	0	0	0	0	112	0	55	0	32	51	22	0	32	56	0	0	0	0	0	232	0	0	0	71	0	107	16	18	0	58	0	0	66	0	13	0	17	0	36	73	0	0	84	0	237	19	0	0	260	0	95	0	0	63	0	0	101	319	0	66	0	53	23	0	63	75	97	0	0	223	0	0	0	0	0	0	297	126	27	24	67	0	31	117	226	460	337	324	0	25	1005	197
d__Bacteria___p__Firmicutes___c__Clostridia___o__Lachnospirales___f__Lachnospiraceae___g__Sellimonas	0	0	0	0	0	0	0	0	0	0	0	0	0	0	0	0	0	0	0	0	0	0	0	0	0	0	0	0	0	0	0	0	0	0	0	0	0	0	0	0	0	0	0	0	0	0	0	0	0	0	0	0	0	0	0	0	0	0	0	0	0	0	0	0	0	0	0	0	0	0	0	0	0	0	0	0	0	0	0	0	0	0	0	0	0	0	0	0	0	0	0	0	0	0	0	0	0	0	0	0	0	0	0	0	0	0	0	64	0	0	0	0	0	0	0	0	0	0	43	0	0	0	0	0	0	0	0	0	0	0	0	0	0	0	0	0	0	0	0	0	0	0	0	0	0	0	0	0	0	0	0	0	0	0	0	0	0	0	0	0	0	0	0	0	0	0	0	32	0	0	0	0	0	0	0	0	0	0	0	0	0	0	0	0	0	0	0	0	0	0	0	0	0	0	0	0	0	0	0	0	0	0	0	0	0	0	0	0	0	0	0	0	0	0	0	0	0	0	0	0	0	0	0	0	0	0	0	0	0	0	0	0	0	0	0	0	0	0	0	0	0	0	0	0	0	0	0	0	0	0	0	0	0	0	0	0	0	0	0	0	0	0	0	0	0	0	0	0	0	0	0	0	0	0	0	0	0	0	56	0	0	0	0	0	0	0	0	0	0	0	0	0	0	0	0	0	0	0	0	0	0	0	0	0	0	0	0	0	0	0	0	0	0	0	0	0	0	0	0	0	0	0	0	0	0	0	0	0	0	0	0	0	0	0	0	0	0	0	0	0	0	0	0	0	0	0	0	0	0	0	0	0	0	0	0	0	0	0	0	0	0	0	0	0	0	0	0	0	0	0	0	0	0	0	0	0	0	0	0	0	0	0	0	0	0	0	0	0	0	0	0	0	0	0	0	0	0	0	0	0	0	0	0	0	0	0	0	0	0	0	0	0	0	0	0	0	0	0	0	0	0	0	0	0	0	0	0	0	0	0	0	0	0	0	0	0	0	0	0	0	0	0	0	0	0	0	0	0	0	0	0	0	0	0	0	0	0	0	0	0	0	0	0	0	0	0	0	0	0	0	0	0	0	0	0	0	0	0	0	0	0	0	0	0	0	0	0	0	0	0	0	0	0	0	0	0	0	0	0	0	0	0	0	0	0	0	0	0	0	0	0	0	0	0	0	0	0	0	0	0	0	0	0	0	0
d__Bacteria___p__Firmicutes___c__Clostridia___o__Lachnospirales___f__Lachnospiraceae___g__Shuttleworthia	19	0	0	0	0	0	0	0	0	0	0	0	0	0	0	0	0	0	0	0	0	0	0	0	0	0	0	0	0	0	0	0	0	0	0	0	0	0	0	0	0	0	0	0	0	0	0	0	0	0	0	0	0	0	0	0	0	0	0	0	0	0	0	0	0	0	0	0	0	0	0	0	0	0	0	0	0	0	0	0	0	0	0	0	0	0	0	0	0	0	0	0	0	0	0	0	0	0	0	0	0	0	0	0	0	0	0	0	0	0	0	0	0	0	0	0	0	0	0	0	0	0	0	0	0	0	0	0	0	0	0	0	0	0	0	0	0	0	0	0	0	0	0	0	0	0	0	0	0	0	0	0	0	0	0	0	0	0	0	0	0	0	0	0	0	0	0	0	0	0	0	0	0	0	0	0	0	0	0	0	0	0	0	0	0	0	0	0	0	0	0	0	0	0	0	0	0	0	0	0	0	0	0	0	0	0	0	0	0	0	0	13	0	0	0	0	0	0	0	0	0	0	0	0	0	0	0	0	0	0	0	0	0	0	0	0	0	0	0	0	0	0	0	0	0	0	0	0	0	0	0	0	0	0	0	0	0	0	0	0	0	0	0	0	0	0	0	0	0	0	0	0	0	0	0	0	0	0	0	0	13	0	0	0	0	0	0	0	0	7	0	0	0	0	0	0	0	0	0	0	0	0	0	54	0	0	11	0	0	0	0	0	0	0	0	0	0	0	0	0	0	0	0	0	0	0	0	0	0	0	0	0	0	0	0	0	0	0	0	0	0	0	0	0	0	33	0	0	21	0	0	0	0	0	0	0	0	0	0	0	0	0	0	0	0	0	0	0	0	0	5	0	0	0	0	0	0	0	0	0	0	0	0	0	0	0	0	0	0	0	136	0	0	0	0	0	0	0	0	0	0	0	0	0	0	0	0	0	0	0	0	0	0	0	0	0	0	0	0	0	0	0	0	0	0	0	0	0	0	0	0	0	0	0	0	0	0	0	0	0	0	0	0	0	0	0	0	0	0	0	0	0	0	0	0	0	0	0	0	0	0	0	0	0	0	0	0	0	0	0	0	0	0	0	0	0	0	0	0	0	0	0	0	0	0	0	0	0	0	0	0	0	0	0	0	0	0	0	0	0	0	0	0	0	0	0	0	0	0	0	0	0	0	0	0	0	0	0	21	0	0	0	0	0	0
d__Bacteria___p__Firmicutes___c__Clostridia___o__Lachnospirales___f__Lachnospiraceae___g__Stomatobaculum	0	0	0	0	0	0	0	0	0	0	0	0	0	0	0	0	0	0	0	0	0	0	0	0	0	0	0	0	0	0	0	0	0	0	0	0	0	0	0	0	0	0	12	0	0	0	0	0	0	0	0	0	0	0	0	0	0	0	0	0	0	0	0	0	0	0	0	0	0	0	0	0	0	0	0	0	0	0	0	0	0	0	0	0	0	0	0	0	0	0	0	0	0	0	0	0	0	0	0	0	0	0	0	0	0	0	0	0	0	0	0	0	0	0	0	0	0	0	0	0	0	0	0	0	0	0	0	0	0	0	0	0	0	0	0	0	0	0	0	0	0	0	0	0	0	0	0	0	0	0	0	0	0	0	0	0	0	0	0	0	0	0	0	0	0	0	0	0	0	0	0	0	0	0	0	0	0	0	0	0	0	0	0	0	0	0	0	0	0	0	0	0	0	0	0	0	0	0	0	0	0	0	0	0	0	0	0	15	0	0	0	0	0	0	0	0	0	0	0	0	0	0	0	0	0	0	0	30	0	29	0	0	0	0	0	0	0	0	0	0	0	0	0	0	0	0	0	0	0	0	0	0	0	0	0	0	0	0	0	0	0	0	0	0	0	0	0	0	0	0	0	0	0	0	0	0	0	0	0	0	0	0	0	0	0	0	0	0	0	0	0	0	0	0	0	0	0	0	0	0	0	0	0	0	0	0	0	0	0	0	0	0	0	0	0	0	0	0	0	0	0	0	0	0	0	0	0	0	0	0	0	0	0	0	0	0	0	0	0	0	0	0	0	0	0	0	0	0	0	0	0	0	0	0	0	0	0	0	0	0	0	0	0	0	0	0	0	0	0	0	0	0	0	0	0	0	0	0	0	0	0	0	0	0	0	0	0	0	0	0	0	0	0	0	0	0	0	0	0	0	0	0	0	0	0	0	0	0	0	0	0	0	0	0	0	0	0	0	0	0	0	0	0	0	0	0	0	0	0	0	0	0	0	0	0	0	0	0	0	0	0	0	0	0	0	0	0	0	0	0	0	0	0	0	0	0	0	0	10	0	0	0	0	0	0	0	0	0	0	0	0	0	0	0	0	0	0	0	0	0	0	0	0	0	0	0	0	0	0	0	0	0	0	0	0	0	0	0	0	0	0	0	0	0	0	0	0	0	0	0	0	0	0	0	0	0	0	0	0	0	0	0	0	0	0
d__Bacteria___p__Firmicutes___c__Clostridia___o__Lachnospirales___f__Lachnospiraceae___g__Tuzzerella	218	0	0	0	0	0	0	0	0	0	0	0	0	0	0	0	0	0	0	0	0	36	0	0	0	0	0	0	462	0	0	0	0	0	0	0	0	0	0	0	0	10	0	0	0	204	0	0	0	33	0	0	0	0	0	96	0	0	0	0	0	0	0	0	0	0	0	0	0	0	0	0	0	0	0	0	0	0	67	0	0	0	0	0	0	0	0	0	0	0	28	0	28	0	178	0	0	0	0	0	0	0	0	0	0	0	0	0	0	0	0	0	0	0	0	0	0	0	0	0	0	0	0	0	0	0	0	0	0	0	0	0	0	0	0	0	0	0	0	0	0	0	0	0	0	0	0	0	0	0	0	0	0	0	0	0	0	0	0	0	114	0	0	86	0	0	0	0	0	0	0	504	0	0	0	0	0	0	0	0	0	0	0	0	0	0	0	0	0	0	0	0	0	166	0	0	58	0	315	0	0	0	0	0	0	0	0	0	0	0	0	0	0	0	0	0	0	0	0	0	0	0	0	0	0	0	0	0	0	0	0	42	0	0	0	0	0	0	0	0	0	0	28	0	0	0	0	0	0	0	0	0	0	54	0	0	0	0	0	0	0	0	0	0	0	0	0	229	0	188	0	20	0	0	0	0	0	0	0	0	0	0	0	25	0	0	0	0	0	0	0	0	0	0	0	0	0	0	0	0	0	0	0	0	0	0	0	0	0	0	0	0	0	0	0	0	0	0	0	0	0	0	0	0	0	0	0	0	0	0	0	0	0	0	0	0	0	0	0	0	0	0	0	0	0	0	0	0	0	0	0	0	0	0	0	0	0	0	0	0	0	0	0	0	0	0	0	0	0	0	0	0	0	0	0	0	0	0	0	0	0	53	0	0	0	0	0	0	0	0	0	0	149	0	0	0	0	160	0	0	7	221	0	0	0	0	0	0	0	0	0	0	0	0	0	0	0	0	0	0	0	0	0	0	0	0	0	0	0	0	0	0	0	0	0	0	0	0	0	0	0	0	0	0	0	0	0	0	0	0	0	0	0	0	0	0	0	0	0	0	0	0	0	0	0	0	0	0	0	0	0	0	0	0	0	0	0	0	0	0	0	0	0	0	0	0	0	0	0	0	0	0	0	10	104	0	0	0	0	3	0	0	0	0	0	0	0	0	0	0	0	0	0	0	0	0	0	79	0	0	0	0	0	0	0
d__Bacteria___p__Firmicutes___c__Clostridia___o__Lachnospirales___f__Lachnospiraceae___g__Tyzzerella	0	0	30	0	0	0	0	0	0	0	0	0	0	37	21	62	0	0	0	0	0	0	0	0	0	0	86	82	173	0	0	0	47	28	0	0	104	0	30	0	0	47	0	0	0	0	0	0	0	0	0	9	18	0	0	0	0	0	0	0	92	12	29	0	0	12	0	0	35	0	12	0	0	0	0	0	54	516	5	0	0	0	0	62	7	0	0	0	0	7	0	0	0	128	0	0	0	0	0	0	0	0	0	0	0	22	0	0	0	0	0	0	0	0	13	0	0	0	0	0	0	0	0	29	0	0	0	0	0	0	25	0	0	0	0	0	0	0	0	0	0	0	0	0	0	31	0	0	0	0	0	0	0	0	0	19	0	0	0	0	0	0	0	0	0	0	0	0	0	0	0	47	0	0	0	0	0	0	0	0	0	0	0	21	0	0	0	0	0	0	0	89	0	0	0	0	0	0	15	0	0	0	16	0	0	0	0	0	0	25	35	50	0	0	0	12	0	0	0	0	0	0	0	0	0	0	0	0	0	0	0	0	0	0	0	0	0	0	0	0	0	30	0	0	0	0	0	0	0	0	0	0	0	0	0	0	50	0	0	0	0	0	0	0	0	0	0	0	87	37	0	0	0	0	0	0	0	0	0	0	0	0	0	0	0	0	0	0	211	0	0	0	0	0	22	0	20	0	0	16	0	0	63	0	0	0	0	0	33	0	0	0	0	29	0	0	0	0	0	0	0	0	0	0	0	0	0	17	0	218	0	0	0	0	0	0	0	0	0	0	0	0	0	0	0	0	0	0	44	0	0	0	0	0	0	19	0	0	0	0	0	17	0	0	0	0	91	0	50	0	0	0	0	0	0	0	0	0	0	0	0	0	0	0	34	0	0	0	0	0	0	0	27	0	0	0	0	0	23	0	0	19	0	22	0	0	0	0	20	0	0	0	0	43	152	0	0	0	0	0	0	0	0	0	0	0	18	0	0	0	0	0	0	0	0	0	0	0	0	0	0	0	0	0	0	0	0	0	0	0	0	0	9	0	0	0	0	0	0	44	0	0	0	0	0	0	0	0	0	0	0	12	0	10	0	0	0	0	0	0	0	0	0	0	0	0	0	0	0	0	28	0	0	13	12	0	0	0	18	30	0	0	0	0	0	0	0	0	0	0	0	43	0	0	0	0	0	0	31	48	90	0	0	121	0
d__Bacteria___p__Firmicutes___c__Clostridia___o__Lachnospirales___f__Lachnospiraceae___g__UC5-1-2E3	0	0	0	0	0	0	0	0	0	0	0	0	0	0	0	0	0	0	0	0	0	0	0	0	0	0	0	0	0	0	0	0	0	0	0	0	0	0	0	0	0	0	0	0	0	0	0	0	0	0	0	0	0	0	0	0	0	0	0	0	0	0	0	0	0	0	0	0	0	0	0	0	0	0	0	0	0	0	0	0	0	0	0	0	0	0	0	0	0	0	0	0	0	0	0	0	0	0	0	0	0	0	0	0	0	0	0	0	0	0	0	0	0	0	0	0	0	0	0	0	0	0	0	0	0	0	0	0	0	0	0	0	0	0	0	0	0	0	0	0	0	0	0	0	0	0	0	0	0	0	0	0	0	0	0	0	0	0	0	0	0	0	0	0	0	0	0	0	0	0	0	0	0	0	0	0	0	0	0	0	0	0	0	0	0	0	0	0	0	0	0	0	0	0	0	0	0	0	0	0	0	0	0	0	0	0	0	0	0	0	0	0	0	0	0	0	0	0	0	0	0	0	0	0	0	0	0	0	0	0	0	0	0	0	0	0	0	0	0	0	0	0	0	0	0	0	0	0	0	0	0	0	0	0	0	0	0	0	0	0	0	0	0	0	0	0	0	0	0	0	0	0	0	0	0	0	0	0	0	0	0	0	0	0	0	0	0	0	0	0	0	0	0	0	8	0	0	0	0	0	0	0	0	0	0	0	0	0	0	0	0	0	0	0	0	0	0	0	0	0	0	0	0	0	0	0	0	0	0	0	0	0	0	0	0	0	0	0	0	0	0	0	0	0	0	0	0	0	0	0	0	0	0	0	0	0	0	0	0	0	0	0	0	0	0	0	0	0	0	0	0	0	0	0	5	0	0	0	0	0	0	0	0	0	0	0	0	0	0	0	0	0	0	0	0	0	0	0	0	0	0	0	0	0	0	0	0	0	0	0	0	0	0	0	0	0	0	0	0	0	0	0	0	0	0	0	0	0	0	0	0	0	0	0	0	0	0	0	0	0	0	0	0	0	0	0	0	0	0	0	0	0	0	0	0	0	0	0	0	0	0	0	0	0	0	0	0	0	0	0	0	0	0	0	0	0	0	0	0	0	0	0	0	0	0	0	0	0	0	0	0	0	0	0	0	0	0	0	0	0	0	0	0	0	0	0	0	0	0	0	0	0	0	0	0	0	0	0	0	0	0	0	0	0	0
d__Bacteria___p__Firmicutes___c__Clostridia___o__Monoglobales	0	8	17	123	0	0	0	14	108	0	0	45	0	0	0	0	0	0	256	192	0	0	4	105	0	0	0	0	71	0	0	0	0	11	0	0	0	0	0	65	0	17	0	0	0	0	0	24	36	6	51	146	61	54	265	61	13	24	0	21	28	19	12	88	69	24	971	137	211	9	79	105	0	17	43	48	437	0	0	10	11	75	474	14	24	29	26	130	50	60	0	0	0	109	0	0	38	0	0	0	0	100	0	30	0	0	0	0	0	0	37	0	0	0	0	0	0	70	55	35	0	0	0	0	0	0	28	62	0	0	0	0	123	0	0	0	99	0	0	17	0	0	0	0	22	31	0	0	0	0	145	0	0	0	0	0	0	0	29	0	0	24	0	0	0	0	0	70	0	0	0	0	0	0	20	0	0	0	0	0	0	0	0	0	0	0	34	0	61	63	0	96	33	0	0	0	0	0	71	238	0	86	0	0	18	0	233	0	0	28	0	0	288	0	118	25	0	400	43	88	706	0	46	0	308	100	194	23	61	35	153	38	0	102	42	0	117	19	0	196	31	271	41	0	0	52	19	8	43	0	0	0	0	0	0	0	0	0	0	0	0	0	0	0	0	0	0	0	76	0	0	0	0	0	0	0	0	0	0	13	19	0	0	0	0	0	0	0	0	5	2	80	8	0	4	14	106	21	6	120	16	55	15	103	64	0	0	50	47	12	34	28	0	0	22	30	0	16	77	169	0	30	0	0	50	12	129	20	41	7	58	0	0	0	139	0	33	0	24	23	64	0	0	0	0	0	0	86	0	48	86	34	0	0	0	10	0	243	217	0	0	22	0	0	0	9	3	0	13	0	194	0	0	85	109	275	12	24	44	2687	0	205	290	0	0	124	0	91	0	0	0	0	130	21	113	0	0	0	170	0	24	0	51	25	0	69	0	0	0	31	0	278	72	183	0	129	0	0	0	6	0	0	36	0	53	0	10	0	0	0	0	2	0	0	0	0	0	22	0	0	0	0	0	0	0	0	0	0	29	0	0	0	28	7	0	6	0	0	23	92	0	5	0	0	8	32	0	0	0	0	0	97	0	0	0	68	36	281	17	0	0	6	0	0	44	47	0	0	0	0	0	0	30	41	93	25	0	63	0	40	0	10	92	0	0	0	0	0	0	89	84	94	29	201	23	0	0	143	99	46	205	0	20	628	0
d__Bacteria___p__Firmicutes___c__Clostridia___o__Monoglobales___f__Monoglobaceae	0	8	17	123	0	0	0	14	108	0	0	45	0	0	0	0	0	0	256	192	0	0	4	105	0	0	0	0	71	0	0	0	0	11	0	0	0	0	0	65	0	17	0	0	0	0	0	24	36	6	51	146	61	54	265	61	13	24	0	21	28	19	12	88	69	24	971	137	211	9	79	105	0	17	43	48	437	0	0	10	11	75	474	14	24	29	26	130	50	60	0	0	0	109	0	0	38	0	0	0	0	100	0	30	0	0	0	0	0	0	37	0	0	0	0	0	0	70	55	35	0	0	0	0	0	0	28	62	0	0	0	0	123	0	0	0	99	0	0	17	0	0	0	0	22	31	0	0	0	0	145	0	0	0	0	0	0	0	29	0	0	24	0	0	0	0	0	70	0	0	0	0	0	0	20	0	0	0	0	0	0	0	0	0	0	0	34	0	61	63	0	96	33	0	0	0	0	0	71	238	0	86	0	0	18	0	233	0	0	28	0	0	288	0	118	25	0	400	43	88	706	0	46	0	308	100	194	23	61	35	153	38	0	102	42	0	117	19	0	196	31	271	41	0	0	52	19	8	43	0	0	0	0	0	0	0	0	0	0	0	0	0	0	0	0	0	0	0	76	0	0	0	0	0	0	0	0	0	0	13	19	0	0	0	0	0	0	0	0	5	2	80	8	0	4	14	106	21	6	120	16	55	15	103	64	0	0	50	47	12	34	28	0	0	22	30	0	16	77	169	0	30	0	0	50	12	129	20	41	7	58	0	0	0	139	0	33	0	24	23	64	0	0	0	0	0	0	86	0	48	86	34	0	0	0	10	0	243	217	0	0	22	0	0	0	9	3	0	13	0	194	0	0	85	109	275	12	24	44	2687	0	205	290	0	0	124	0	91	0	0	0	0	130	21	113	0	0	0	170	0	24	0	51	25	0	69	0	0	0	31	0	278	72	183	0	129	0	0	0	6	0	0	36	0	53	0	10	0	0	0	0	2	0	0	0	0	0	22	0	0	0	0	0	0	0	0	0	0	29	0	0	0	28	7	0	6	0	0	23	92	0	5	0	0	8	32	0	0	0	0	0	97	0	0	0	68	36	281	17	0	0	6	0	0	44	47	0	0	0	0	0	0	30	41	93	25	0	63	0	40	0	10	92	0	0	0	0	0	0	89	84	94	29	201	23	0	0	143	99	46	205	0	20	628	0
d__Bacteria___p__Firmicutes___c__Clostridia___o__Monoglobales___f__Monoglobaceae___g__Monoglobus	0	8	17	123	0	0	0	14	108	0	0	45	0	0	0	0	0	0	256	192	0	0	4	105	0	0	0	0	71	0	0	0	0	11	0	0	0	0	0	65	0	17	0	0	0	0	0	24	36	6	51	146	61	54	265	61	13	24	0	21	28	19	12	88	69	24	971	137	211	9	79	105	0	17	43	48	437	0	0	10	11	75	474	14	24	29	26	130	50	60	0	0	0	109	0	0	38	0	0	0	0	100	0	30	0	0	0	0	0	0	37	0	0	0	0	0	0	70	55	35	0	0	0	0	0	0	28	62	0	0	0	0	123	0	0	0	99	0	0	17	0	0	0	0	22	31	0	0	0	0	145	0	0	0	0	0	0	0	29	0	0	24	0	0	0	0	0	70	0	0	0	0	0	0	20	0	0	0	0	0	0	0	0	0	0	0	34	0	61	63	0	96	33	0	0	0	0	0	71	238	0	86	0	0	18	0	233	0	0	28	0	0	288	0	118	25	0	400	43	88	706	0	46	0	308	100	194	23	61	35	153	38	0	102	42	0	117	19	0	196	31	271	41	0	0	52	19	8	43	0	0	0	0	0	0	0	0	0	0	0	0	0	0	0	0	0	0	0	76	0	0	0	0	0	0	0	0	0	0	13	19	0	0	0	0	0	0	0	0	5	2	80	8	0	4	14	106	21	6	120	16	55	15	103	64	0	0	50	47	12	34	28	0	0	22	30	0	16	77	169	0	30	0	0	50	12	129	20	41	7	58	0	0	0	139	0	33	0	24	23	64	0	0	0	0	0	0	86	0	48	86	34	0	0	0	10	0	243	217	0	0	22	0	0	0	9	3	0	13	0	194	0	0	85	109	275	12	24	44	2687	0	205	290	0	0	124	0	91	0	0	0	0	130	21	113	0	0	0	170	0	24	0	51	25	0	69	0	0	0	31	0	278	72	183	0	129	0	0	0	6	0	0	36	0	53	0	10	0	0	0	0	2	0	0	0	0	0	22	0	0	0	0	0	0	0	0	0	0	29	0	0	0	28	7	0	6	0	0	23	92	0	5	0	0	8	32	0	0	0	0	0	97	0	0	0	68	36	281	17	0	0	6	0	0	44	47	0	0	0	0	0	0	30	41	93	25	0	63	0	40	0	10	92	0	0	0	0	0	0	89	84	94	29	201	23	0	0	143	99	46	205	0	20	628	0
d__Bacteria___p__Firmicutes___c__Clostridia___o__Oscillospirales	9120	10173	1841	5981	5995	7378	4590	3180	5686	6916	4477	4417	2075	6066	5535	6554	1405	7367	4798	6674	9229	4234	10268	6399	2919	5946	16395	14116	49307	108857	6679	10429	20021	18813	2976	7069	39535	6430	8626	33741	12360	4737	18210	6183	3688	3424	10365	7966	4171	3708	6329	2987	13106	8430	11373	13897	2108	8142	4859	6993	7060	4675	5059	5856	7975	2758	9526	3469	9279	13632	6681	8903	301	5007	4316	3997	7781	192	3074	6834	1858	3071	5010	5262	2222	6566	7425	2112	3857	4424	3561	2632	6474	6076	1876	3758	1320	1561	3129	4236	5860	6520	6500	3281	3865	2594	2849	1806	1638	1220	2310	1297	7235	3631	3030	2918	1736	3008	4359	2229	3330	3302	2807	2610	3023	1150	2515	3647	3035	1879	4103	2791	3593	2332	3861	2972	9613	5575	2291	4656	353	2869	3733	4366	4905	2909	1694	2628	2528	4895	4848	4206	3746	3517	3441	3750	2847	3298	3611	3736	3073	2890	2914	3330	3220	3457	2239	4920	4072	3393	2575	2576	2608	3072	3452	3304	3134	3601	313	2419	6322	4162	1902	2626	2975	2380	4977	3937	3788	3956	6722	10908	4727	5654	4882	3330	5523	1754	4258	6161	7853	5358	5016	962	5615	13090	4890	95	4247	2872	719	4068	11547	3502	6997	6753	3724	12771	2822	9368	11365	3263	2010	1511	4606	12795	3530	4955	7063	11510	12054	3149	4409	4791	7795	3280	7966	3564	9130	15386	2963	6311	2956	1105	739	4687	10406	3131	3168	2980	11167	2551	11914	10723	6893	3970	8936	7832	6214	4811	5358	2277	5095	7353	5331	4262	7327	7924	6564	2822	779	7986	6113	6539	5700	1657	3991	8312	8831	11056	11074	11586	11055	7790	12159	12494	16	0	7941	6475	4728	6255	4102	5696	8623	11835	2616	14470	13499	10171	10321	9456	16934	14081	12501	8309	14835	11055	13029	4384	5710	9822	13414	19215	12129	6096	6606	12304	10971	8747	11722	5310	12550	22476	5931	9441	6312	10743	14441	4698	10955	6	8	8141	6655	10852	10367	4898	9257	10970	11710	8377	7350	4891	4760	2067	5993	11178	5369	10262	14897	6238	8390	9574	11789	14025	4923	10118	14168	8464	0	6469	8377	4943	9268	9634	9438	12839	14691	11080	10423	9651	3580	5097	8694	4077	7255	3024	8544	17123	16985	9329	8147	10534	14585	11541	9931	10846	6113	4556	4946	6788	4827	4305	8997	1637	6239	4073	1266	8590	5890	3246	7372	4976	7575	6637	4356	5382	8691	15520	1738	9605	4670	9208	22773	3536	0	0	644	4389	3906	2149	5696	5153	5746	6942	4630	208	140	716	2399	2869	589	282	228	121	386	2034	2042	1085	538	213	1076	311	178	245	2707	351	1075	949	1003	2822	3650	71	399	517	363	3343	985	8680	180	3131	1531	1327	172	653	265	5064	413	368	657	4148	1532	10498	895	11674	2612	7295	1520	257	3487	13561	104	775	3513	809	556	1087	170	1030	3911	546	1683	3312	10134	4346	790	13669	1466	4142	231	1876	20383	596	155	68	291	181	288	18172	4069	6668	11887	12552	1656	1095	574	7899	11572	13887	9184	2505	4304	8198	3296
d__Bacteria___p__Firmicutes___c__Clostridia___o__Oscillospirales___f__Butyricicoccaceae	259	0	111	0	0	290	87	156	114	146	201	65	0	758	398	788	47	723	51	94	0	0	150	0	107	140	627	247	3594	542	0	524	8	399	7	284	665	391	409	500	113	0	156	350	0	67	184	147	0	25	0	32	46	44	102	334	0	259	0	51	1335	0	44	0	312	70	491	73	252	188	126	120	0	232	232	264	55	0	73	109	91	150	77	0	0	16	80	0	197	174	22	85	310	74	187	126	0	0	69	72	215	67	53	0	0	0	69	0	0	0	0	59	211	25	50	0	0	0	0	0	0	128	0	0	0	0	101	0	57	0	104	0	74	50	94	191	0	102	48	54	0	0	177	303	150	0	0	0	0	0	213	0	797	124	224	158	52	0	0	0	0	0	0	38	71	0	0	0	0	57	1	702	0	0	0	0	0	94	31	0	51	0	0	0	0	166	0	0	136	203	443	481	154	197	155	144	120	452	146	60	140	122	106	93	49	41	77	0	653	65	35	104	106	0	294	174	79	475	435	183	25	35	0	68	142	137	367	43	92	304	126	41	72	116	344	101	92	26	92	154	141	184	0	160	50	159	50	0	123	77	549	0	350	492	197	193	235	93	225	265	422	32	0	64	93	622	56	51	230	185	339	757	654	0	266	64	182	96	123	199	68	12	299	54	76	131	0	0	1154	5	0	53	62	0	105	48	54	127	36	163	31	76	242	317	70	43	133	58	653	23	100	57	137	0	20	127	75	53	29	55	95	83	84	74	43	80	35	63	81	83	102	0	0	0	25	103	5	0	0	0	101	58	8	42	27	49	52	51	349	0	228	0	94	62	42	69	159	110	85	0	0	51	74	19	45	39	0	0	79	0	0	0	0	53	0	0	42	0	211	0	55	297	0	406	22	327	26	30	253	0	445	10	215	47	57	41	57	0	0	139	0	92	0	135	71	72	138	3	45	2	30	258	0	20	58	0	0	0	0	149	590	61	220	115	110	114	0	0	12	0	197	101	55	11	0	0	0	72	190	19	16	0	39	0	0	0	0	0	0	41	40	301	113	0	12	0	18	54	0	12	0	103	51	0	13	32	0	36	0	0	0	96	0	23	0	31	0	173	16	0	0	410	0	0	153	17	0	0	0	38	238	0	46	0	0	0	0	0	6	0	125	0	150	0	0	0	34	0	0	128	82	40	195	65	0	0	50	321	71	81	122	0	0	177	0
d__Bacteria___p__Firmicutes___c__Clostridia___o__Oscillospirales___f__Butyricicoccaceae___g__Butyricicoccus	259	0	111	0	0	290	35	156	114	146	201	65	0	758	398	788	47	491	0	94	0	0	150	0	23	140	627	247	3594	366	0	524	0	361	0	0	481	169	409	474	113	0	156	350	0	67	184	147	0	25	0	32	46	44	102	334	0	259	0	51	1335	0	44	0	193	70	71	73	160	188	126	120	0	232	232	264	55	0	65	101	91	150	61	0	0	16	80	0	197	174	22	85	310	74	187	126	0	0	69	0	215	36	0	0	0	0	69	0	0	0	0	59	145	0	50	0	0	0	0	0	0	128	0	0	0	0	101	0	0	0	0	0	74	50	0	191	0	102	48	54	0	0	177	303	150	0	0	0	0	0	80	0	201	71	224	69	52	0	0	0	0	0	0	38	71	0	0	0	0	57	0	702	0	0	0	0	0	94	31	0	51	0	0	0	0	166	0	0	136	203	443	481	148	197	67	144	120	452	146	60	140	122	106	61	49	41	0	0	653	65	35	104	106	0	294	174	79	475	435	183	21	35	0	68	142	137	367	43	92	304	35	41	72	116	311	101	92	26	92	143	49	184	0	160	50	159	21	0	28	77	395	0	286	492	0	179	165	62	225	247	422	32	0	64	93	622	56	51	93	185	339	757	66	0	266	64	182	96	123	199	57	12	299	54	76	131	0	0	1154	0	0	53	52	0	102	36	54	127	31	113	26	76	242	317	20	21	133	55	616	23	95	21	137	0	17	127	75	30	23	53	95	74	79	74	43	48	35	47	68	83	82	0	0	0	25	78	3	0	0	0	101	58	0	42	27	49	25	51	349	0	173	0	94	51	42	69	159	110	85	0	0	51	74	0	45	39	0	0	79	0	0	0	0	53	0	0	42	0	211	0	55	297	0	393	22	327	26	25	220	0	445	0	215	47	57	41	57	0	0	139	0	92	0	135	71	72	115	0	45	0	30	254	0	0	58	0	0	0	0	149	183	61	220	107	110	114	0	0	12	0	0	30	55	11	0	0	0	72	0	19	16	0	39	0	0	0	0	0	0	41	40	301	113	0	12	0	18	54	0	12	0	103	0	0	13	32	0	36	0	0	0	72	0	23	0	31	0	173	16	0	0	152	0	0	153	17	0	0	0	38	238	0	42	0	0	0	0	0	0	0	125	0	148	0	0	0	34	0	0	128	82	40	195	65	0	0	50	321	71	58	122	0	0	177	0
d__Bacteria___p__Firmicutes___c__Clostridia___o__Oscillospirales___f__Butyricicoccaceae___g__UCG-008	0	0	0	0	0	0	52	0	0	0	0	0	0	0	0	0	0	232	51	0	0	0	0	0	84	0	0	0	0	130	0	0	0	38	7	265	184	222	0	26	0	0	0	0	0	0	0	0	0	0	0	0	0	0	0	0	0	0	0	0	0	0	0	0	119	0	397	0	92	0	0	0	0	0	0	0	0	0	8	8	0	0	16	0	0	0	0	0	0	0	0	0	0	0	0	0	0	0	0	72	0	31	53	0	0	0	0	0	0	0	0	0	66	25	0	0	0	0	0	0	0	0	0	0	0	0	0	0	57	0	104	0	0	0	0	0	0	0	0	0	0	0	0	0	0	0	0	0	0	0	133	0	596	53	0	89	0	0	0	0	0	0	0	0	0	0	0	0	0	0	0	0	0	0	0	0	0	0	0	0	0	0	0	0	0	0	0	0	0	0	0	0	0	0	88	0	0	0	0	0	0	0	0	32	0	0	77	0	0	0	0	0	0	0	0	0	0	0	0	0	4	0	0	0	0	0	0	0	0	0	60	0	0	0	33	0	0	0	0	11	92	0	0	0	0	0	29	0	95	0	154	0	64	0	197	0	70	31	0	18	0	0	0	0	0	0	0	0	137	0	0	0	588	0	0	0	0	0	0	0	11	0	0	0	0	0	0	0	0	0	0	0	10	0	0	0	0	0	0	0	0	0	0	0	0	0	0	3	37	0	0	31	0	0	0	0	0	7	0	0	0	0	0	0	0	0	0	0	0	0	14	0	0	0	0	0	0	0	0	0	0	0	8	0	0	0	0	0	0	0	55	0	0	0	0	0	0	0	0	0	0	0	0	0	0	0	0	0	0	0	0	0	0	0	0	0	0	0	0	0	0	0	0	0	0	0	0	0	0	0	0	0	0	0	0	0	0	0	0	0	0	0	0	0	0	0	0	0	0	0	0	0	0	0	0	0	0	0	0	0	407	0	0	8	0	0	0	0	0	0	197	71	0	0	0	0	0	0	190	0	0	0	0	0	0	0	0	0	0	0	0	0	0	0	0	0	0	0	0	0	0	0	51	0	0	0	0	0	0	0	0	24	0	0	0	0	0	0	0	0	0	249	0	0	0	0	0	0	0	0	0	0	0	0	0	0	0	0	6	0	0	0	0	0	0	0	0	0	0	0	0	0	0	0	0	0	0	0	0	0	0	0	0	0	0
d__Bacteria___p__Firmicutes___c__Clostridia___o__Oscillospirales___f__Butyricicoccaceae___g__UCG-009	0	0	0	0	0	0	0	0	0	0	0	0	0	0	0	0	0	0	0	0	0	0	0	0	0	0	0	0	0	46	0	0	8	0	0	0	0	0	0	0	0	0	0	0	0	0	0	0	0	0	0	0	0	0	0	0	0	0	0	0	0	0	0	0	0	0	23	0	0	0	0	0	0	0	0	0	0	0	0	0	0	0	0	0	0	0	0	0	0	0	0	0	0	0	0	0	0	0	0	0	0	0	0	0	0	0	0	0	0	0	0	0	0	0	0	0	0	0	0	0	0	0	0	0	0	0	0	0	0	0	0	0	0	0	0	0	0	0	0	0	0	0	0	0	0	0	0	0	0	0	0	0	0	0	0	0	0	0	0	0	0	0	0	0	0	0	0	0	0	0	0	0	0	0	0	0	0	0	0	0	0	0	0	0	0	0	0	0	0	0	0	0	6	0	0	0	0	0	0	0	0	0	0	0	0	0	0	0	0	0	0	0	0	0	0	0	0	0	0	0	0	0	0	0	0	0	0	0	0	0	31	0	0	0	0	0	0	0	0	0	0	0	0	0	0	0	0	0	0	0	0	0	0	0	0	14	0	0	0	0	0	0	0	0	0	0	0	0	0	0	0	0	0	0	0	0	0	0	0	0	0	0	0	0	0	0	0	0	0	5	0	0	0	0	3	12	0	0	5	50	5	0	0	0	50	22	0	0	0	0	5	5	0	0	3	0	0	16	6	2	0	9	5	0	0	32	0	16	13	0	6	0	0	0	0	25	0	0	0	0	0	0	0	0	0	0	27	0	0	0	0	0	0	11	0	0	0	0	0	0	0	0	0	19	0	0	0	0	0	0	0	0	0	0	0	0	0	0	0	0	0	0	0	10	0	0	0	5	33	0	0	10	0	0	0	0	0	0	0	0	0	0	0	0	0	0	23	3	0	0	0	4	0	20	0	0	0	0	0	0	0	0	0	0	0	0	0	0	0	0	0	0	0	0	0	0	0	0	0	0	0	0	0	0	0	0	0	0	0	0	0	0	0	0	0	0	0	0	0	0	0	0	0	0	0	0	0	0	0	0	0	0	0	0	0	0	0	0	0	0	0	9	0	0	0	0	0	0	0	0	0	0	4	0	0	0	0	0	0	0	0	0	0	0	0	0	0	0	0	0	0	0	0	0	0	0	0	0	0	23	0	0	0	0	0
d__Bacteria___p__Firmicutes___c__Clostridia___o__Oscillospirales___f__Ethanoligenenaceae	0	0	0	0	0	0	0	0	0	0	0	0	0	0	0	0	0	0	0	0	0	0	0	0	9	0	4	0	0	0	0	0	0	0	0	0	0	0	0	0	0	0	0	0	0	0	0	0	0	0	3	0	0	0	0	0	0	0	0	0	0	0	0	0	0	0	0	0	0	0	0	0	0	0	0	0	0	0	0	0	0	0	0	0	0	0	0	0	0	0	0	0	0	0	0	0	0	0	0	0	0	0	0	0	0	0	0	0	0	0	0	0	0	0	0	0	0	0	12	0	0	0	0	0	0	0	0	0	0	0	0	0	0	0	0	0	0	0	0	0	0	0	0	0	0	0	0	0	0	0	0	0	0	0	0	0	0	0	0	0	0	0	0	0	0	0	0	0	0	0	0	0	0	0	0	0	0	0	0	0	0	0	0	0	0	0	0	0	0	0	0	0	0	0	0	0	0	0	0	0	0	0	0	0	0	0	0	0	0	0	0	0	0	0	0	0	0	0	0	0	0	0	0	0	0	0	0	0	0	0	0	0	0	0	0	0	0	0	0	0	0	0	0	0	0	0	0	0	0	0	0	0	0	0	0	0	0	0	0	0	0	0	0	0	0	0	0	0	0	0	0	0	0	0	0	0	0	0	0	9	0	0	0	0	0	0	0	0	0	0	0	0	0	0	0	0	0	0	0	0	0	0	0	0	0	0	0	0	0	0	0	0	0	0	0	0	0	0	0	0	0	0	0	0	0	0	0	0	0	0	0	0	0	0	0	0	0	0	0	0	0	0	0	0	0	0	0	0	0	0	0	0	0	0	0	0	0	0	0	0	0	0	0	0	0	0	0	0	0	0	0	0	0	0	0	0	0	0	0	0	0	0	0	0	0	0	0	0	0	0	0	0	0	0	0	0	0	0	0	0	0	0	0	0	0	0	0	0	0	0	0	0	0	0	0	0	0	0	0	0	0	0	0	0	0	0	0	0	0	0	0	0	0	0	0	0	0	0	0	0	0	0	0	0	0	0	0	0	0	0	0	0	0	0	0	0	0	0	0	0	0	0	0	0	0	0	0	0	0	0	0	0	0	0	0	0	0	0	0	0	0	0	0	0	0	0	0	0	0	0	0	0	0	0	0	0	0	0	0	0	0	0	0	0	0	0	0	0	0	0	0	0	0	0	0	0	0	0	0	0	0	0	0	0	0
d__Bacteria___p__Firmicutes___c__Clostridia___o__Oscillospirales___f__Ethanoligenenaceae___g__Acetanaerobacterium	0	0	0	0	0	0	0	0	0	0	0	0	0	0	0	0	0	0	0	0	0	0	0	0	0	0	0	0	0	0	0	0	0	0	0	0	0	0	0	0	0	0	0	0	0	0	0	0	0	0	3	0	0	0	0	0	0	0	0	0	0	0	0	0	0	0	0	0	0	0	0	0	0	0	0	0	0	0	0	0	0	0	0	0	0	0	0	0	0	0	0	0	0	0	0	0	0	0	0	0	0	0	0	0	0	0	0	0	0	0	0	0	0	0	0	0	0	0	0	0	0	0	0	0	0	0	0	0	0	0	0	0	0	0	0	0	0	0	0	0	0	0	0	0	0	0	0	0	0	0	0	0	0	0	0	0	0	0	0	0	0	0	0	0	0	0	0	0	0	0	0	0	0	0	0	0	0	0	0	0	0	0	0	0	0	0	0	0	0	0	0	0	0	0	0	0	0	0	0	0	0	0	0	0	0	0	0	0	0	0	0	0	0	0	0	0	0	0	0	0	0	0	0	0	0	0	0	0	0	0	0	0	0	0	0	0	0	0	0	0	0	0	0	0	0	0	0	0	0	0	0	0	0	0	0	0	0	0	0	0	0	0	0	0	0	0	0	0	0	0	0	0	0	0	0	0	0	0	0	9	0	0	0	0	0	0	0	0	0	0	0	0	0	0	0	0	0	0	0	0	0	0	0	0	0	0	0	0	0	0	0	0	0	0	0	0	0	0	0	0	0	0	0	0	0	0	0	0	0	0	0	0	0	0	0	0	0	0	0	0	0	0	0	0	0	0	0	0	0	0	0	0	0	0	0	0	0	0	0	0	0	0	0	0	0	0	0	0	0	0	0	0	0	0	0	0	0	0	0	0	0	0	0	0	0	0	0	0	0	0	0	0	0	0	0	0	0	0	0	0	0	0	0	0	0	0	0	0	0	0	0	0	0	0	0	0	0	0	0	0	0	0	0	0	0	0	0	0	0	0	0	0	0	0	0	0	0	0	0	0	0	0	0	0	0	0	0	0	0	0	0	0	0	0	0	0	0	0	0	0	0	0	0	0	0	0	0	0	0	0	0	0	0	0	0	0	0	0	0	0	0	0	0	0	0	0	0	0	0	0	0	0	0	0	0	0	0	0	0	0	0	0	0	0	0	0	0	0	0	0	0	0	0	0	0	0	0	0	0	0	0	0	0	0	0
d__Bacteria___p__Firmicutes___c__Clostridia___o__Oscillospirales___f__Oscillospiraceae	417	6331	50	1134	489	2119	794	391	867	561	262	407	456	9	332	71	15	388	53	354	2342	47	76	367	287	602	1629	722	3833	13505	79	396	4220	883	25	299	879	420	653	1872	1281	233	227	145	166	327	1027	1104	229	581	591	54	1766	27	962	158	56	1371	1443	145	47	717	192	80	107	13	1437	176	915	274	778	859	238	262	444	265	552	0	507	1077	44	425	419	86	34	161	2209	261	347	1049	945	53	674	244	82	157	0	0	0	430	34	1321	308	393	186	25	572	597	0	79	189	43	477	723	120	14	117	188	208	0	53	14	32	27	263	249	0	121	335	25	0	112	106	98	178	151	547	446	47	364	0	396	323	20	99	0	0	211	37	11	598	641	30	130	0	31	37	0	718	302	79	110	292	134	285	228	378	76	863	261	484	129	90	613	221	219	377	23	0	89	807	187	209	0	77	40	74	497	424	151	388	508	1005	494	230	406	509	48	639	1114	1083	768	376	0	803	481	1034	20	232	54	96	134	742	420	1131	344	92	963	685	765	1703	320	53	0	430	2340	119	1251	279	1390	3210	59	683	199	101	75	1432	1460	305	2016	478	454	31	63	0	956	1655	474	269	98	1300	54	250	344	786	649	1492	1000	64	357	31	200	842	1368	973	135	236	189	915	322	27	290	241	408	913	41	351	864	305	1520	1932	1511	4641	1953	1561	1065	0	0	2712	2002	2773	1959	721	1425	2750	5185	267	2672	6225	3184	3855	1949	2842	3250	4710	2406	390	2721	171	1041	1045	361	5200	1537	2162	727	1680	6529	1794	2165	4364	1366	2505	1643	2330	2314	2999	3782	3458	135	3131	0	5	3586	1394	3466	2885	1256	4328	2452	3334	1416	1766	671	3041	424	3835	1522	722	4366	769	2053	4887	1483	6248	840	2399	1235	3506	2196	0	1160	819	3502	1410	2516	2293	5447	1976	1839	2053	2038	562	2537	638	1325	3403	1723	1219	2745	4521	3295	1807	5469	3604	551	1027	4236	1185	1189	1506	2443	1636	2109	3299	100	1003	727	208	5202	1448	1461	1663	367	1204	703	1392	2083	2129	1882	293	1990	1743	3500	477	289	0	0	26	202	55	220	564	150	347	390	302	27	0	0	202	384	35	0	10	0	0	186	83	0	0	0	0	16	0	0	569	0	131	0	108	243	65	0	0	0	7	148	63	2685	0	4	119	31	10	38	45	613	21	0	39	127	123	1304	0	1282	822	1325	228	0	987	2068	0	27	9	37	87	397	0	388	1067	20	49	754	1616	1464	229	1900	27	245	0	412	2499	13	0	0	55	17	10	947	876	434	202	504	49	105	0	1171	3365	3040	2465	872	1271	1154	2022
d__Bacteria___p__Firmicutes___c__Clostridia___o__Oscillospirales___f__Oscillospiraceae___g__Colidextribacter	0	0	29	0	0	360	0	38	59	21	0	163	126	0	28	12	15	25	0	88	64	0	0	29	0	41	36	145	285	262	11	64	75	327	0	37	64	48	0	32	29	0	81	56	0	34	226	0	0	0	0	0	0	0	7	0	0	74	57	83	0	217	9	0	0	0	14	25	71	66	7	8	0	20	17	0	9	0	0	0	0	49	0	0	11	24	44	0	0	0	84	8	0	13	12	0	0	0	0	0	0	0	0	0	0	0	0	0	0	0	0	0	39	0	0	0	0	0	0	0	0	0	0	0	0	43	0	0	0	0	0	60	0	0	0	0	0	0	0	0	0	0	67	0	13	0	0	40	0	0	0	0	0	0	0	0	0	0	18	0	0	0	0	0	0	0	0	0	0	0	0	0	0	0	16	0	0	0	0	0	25	77	0	0	0	0	0	0	0	0	0	25	18	0	0	39	10	0	44	71	0	20	17	0	0	0	58	0	103	0	0	0	0	0	21	0	11	42	0	23	44	0	0	0	18	21	0	0	0	46	31	0	0	0	0	0	0	0	37	34	0	18	0	0	0	31	149	0	0	30	19	22	0	82	23	0	21	45	0	6	31	0	24	0	11	0	10	0	56	0	0	87	13	0	73	29	0	23	106	367	0	13	14	132	0	0	0	0	777	42	123	58	42	505	37	56	0	107	82	81	57	28	87	25	82	85	0	43	0	50	41	0	88	47	102	38	111	110	104	11	29	80	77	182	32	40	16	107	63	60	94	0	0	33	17	54	10	17	27	34	46	25	0	0	0	86	20	51	0	35	0	0	52	0	47	0	94	0	26	93	0	0	251	0	0	0	325	494	0	249	14	103	0	0	82	328	0	31	39	0	0	0	0	53	42	39	93	51	0	0	236	0	242	0	0	0	8	76	135	24	0	326	115	0	0	22	256	26	52	27	30	143	34	226	33	0	0	0	0	0	0	13	59	0	17	0	24	0	0	0	44	13	0	0	0	0	0	0	11	0	0	0	0	0	0	0	0	0	0	0	0	0	0	0	0	0	0	0	0	0	0	0	0	0	0	0	0	105	0	0	34	24	0	243	0	0	24	33	0	0	0	66	0	0	0	0	0	0	0	0	22	0	0	25	73	14	0	23	0	0	0	0	16	0	0	0	0	0	0	5	17	0	0	0	0	0	0	409	95	246	42	0	22	0	0
d__Bacteria___p__Firmicutes___c__Clostridia___o__Oscillospirales___f__Oscillospiraceae___g__Flavonifractor	75	0	0	0	0	0	0	0	57	0	29	0	78	0	0	0	0	0	0	31	32	19	27	0	0	0	0	0	0	0	0	29	0	0	0	0	0	0	0	0	0	0	0	0	0	0	0	11	0	0	24	0	0	0	0	0	14	13	34	0	0	284	0	0	63	0	150	0	0	0	37	0	238	0	0	25	0	0	112	0	0	28	0	0	0	0	0	21	59	0	0	16	0	0	33	19	0	0	0	0	34	0	0	0	0	0	0	0	0	0	0	0	0	0	0	0	0	0	0	0	0	0	0	0	0	0	0	0	0	0	0	0	0	0	0	0	0	0	0	0	0	0	0	0	0	0	0	0	0	0	0	0	0	0	0	0	0	0	0	0	0	0	0	0	0	0	0	0	0	0	0	23	0	0	0	0	0	0	0	73	0	0	0	0	0	0	74	0	0	0	0	0	34	0	0	34	54	33	76	0	146	0	0	0	0	0	0	0	0	0	0	54	27	0	0	0	0	0	220	0	16	0	12	0	0	0	39	0	0	28	0	0	0	0	0	38	54	0	36	0	0	0	31	0	0	0	0	0	0	0	0	0	0	0	0	0	0	0	0	0	0	47	0	0	0	0	0	0	0	181	0	0	0	0	0	0	86	0	76	0	0	0	34	68	39	73	0	0	474	0	101	0	0	117	23	27	134	22	10	43	8	0	7	24	0	7	15	15	20	0	0	0	33	23	0	28	22	85	22	0	19	43	11	15	0	23	0	6	0	0	0	0	0	141	0	0	0	0	29	0	0	0	0	0	0	40	0	0	0	0	13	0	0	69	0	0	74	0	0	110	0	0	80	0	0	0	0	60	0	44	0	0	0	13	31	146	0	0	0	0	0	0	0	27	0	0	140	39	0	0	499	52	312	0	0	0	0	125	0	0	0	36	79	0	0	0	92	0	26	0	0	48	47	48	0	0	0	0	26	23	0	0	0	0	27	0	51	0	0	0	0	0	0	0	0	0	0	0	0	0	0	0	0	0	0	0	0	0	0	0	62	0	33	0	0	0	7	0	0	0	0	0	0	0	0	0	0	323	0	0	0	0	0	57	0	0	36	34	0	0	0	0	0	0	0	0	0	0	0	93	277	20	0	63	138	10	0	0	0	40	0	0	0	13	0	0	0	0	0	0	0	4	0	0	0	0	0	99	0	120	0	13	0	0	0
d__Bacteria___p__Firmicutes___c__Clostridia___o__Oscillospirales___f__Oscillospiraceae___g__Intestinimonas	0	60	0	0	0	0	0	0	0	0	0	37	0	0	0	0	0	0	0	0	0	0	0	0	0	0	0	0	0	1156	0	0	232	0	0	0	0	161	0	0	0	0	0	0	0	0	0	0	0	129	0	0	339	0	210	0	0	178	163	0	47	0	44	0	0	0	0	0	115	0	0	0	0	38	0	0	0	0	51	0	0	60	0	0	0	0	0	14	0	0	0	0	0	53	0	0	0	0	0	100	0	0	0	0	0	0	0	0	0	0	0	0	0	0	0	0	0	0	0	0	0	0	0	0	0	0	0	0	0	0	0	0	0	0	42	0	66	0	0	0	0	0	0	0	0	0	0	0	0	11	0	0	0	0	0	0	0	0	60	0	0	0	0	0	0	0	0	0	0	0	20	0	0	0	0	0	0	0	0	0	0	0	0	0	0	0	0	28	49	0	75	0	183	90	0	0	0	0	59	0	0	0	0	0	130	0	386	0	0	0	0	0	0	0	0	0	0	0	0	0	0	0	0	0	0	158	40	0	0	0	122	0	0	61	0	0	0	44	0	201	0	0	0	35	0	0	173	0	0	0	180	0	58	105	0	0	81	79	45	0	0	0	0	0	109	0	0	0	0	0	0	0	0	0	0	0	0	0	0	201	0	0	34	130	0	0	0	0	565	2	0	55	0	11	34	0	0	11	0	0	52	0	0	25	0	6	67	0	0	9	7	0	0	0	0	8	0	12	0	0	42	0	0	82	0	22	56	0	10	0	0	0	0	0	0	0	0	0	0	0	0	0	0	0	9	0	0	0	0	0	92	0	0	0	0	0	119	0	0	0	0	0	0	0	0	0	0	0	0	0	0	0	30	0	0	0	0	0	0	221	48	82	85	95	0	0	112	0	15	0	0	0	0	0	22	0	0	0	0	0	0	0	0	0	79	0	101	0	0	0	0	0	0	47	0	0	0	0	0	0	0	0	0	0	0	0	61	0	0	0	0	0	0	0	0	0	0	0	0	0	0	0	0	16	0	0	0	0	0	0	0	0	0	0	0	0	0	75	0	0	0	0	0	0	0	0	0	0	0	0	0	0	18	33	0	0	0	0	0	0	0	22	0	0	0	0	36	14	0	0	0	0	0	5	30	0	0	31	0	12	0	0	0	0	0	0	0	0	10	0	21	0	0	0	19	0	0	0	0	0	30	0	0	0	0
d__Bacteria___p__Firmicutes___c__Clostridia___o__Oscillospirales___f__Oscillospiraceae___g__NK4A214_group	0	658	0	96	0	237	77	91	53	0	0	0	0	0	27	28	0	17	0	8	0	0	0	0	0	92	219	0	307	154	24	0	103	17	0	13	65	20	32	121	104	83	0	0	12	28	28	80	25	16	46	0	77	0	97	0	0	129	85	0	0	0	14	0	0	0	16	0	88	0	39	24	0	10	9	4	46	0	23	61	0	25	12	0	0	7	199	29	13	206	71	0	108	12	0	13	0	0	0	34	0	0	0	0	0	0	43	0	0	0	0	0	159	0	35	0	0	0	87	0	0	0	0	0	0	0	0	0	0	0	0	0	30	0	19	0	24	0	0	0	0	0	46	0	0	0	0	0	0	0	85	0	0	38	0	0	0	0	0	44	0	0	0	0	0	0	0	0	68	51	0	0	0	57	19	0	0	23	0	0	430	0	20	0	0	0	0	0	49	0	29	58	0	47	45	0	45	0	0	105	116	136	67	0	196	32	100	0	0	54	0	0	119	36	86	85	54	425	0	116	90	0	0	0	64	357	0	112	15	136	368	0	0	0	0	0	159	246	0	245	15	39	0	0	0	99	80	13	30	0	52	0	0	35	89	54	59	141	0	0	0	30	18	44	50	0	0	0	0	0	0	0	0	0	124	0	0	0	0	0	338	134	256	33	0	425	0	0	0	134	151	42	6	0	200	96	6	432	875	391	280	89	223	698	438	584	13	559	18	369	152	0	648	128	102	91	254	388	103	410	197	28	76	6	122	159	1584	325	239	0	97	0	0	71	505	204	584	16	424	0	271	49	146	0	205	15	1144	110	124	1367	0	866	1435	66	186	65	0	169	0	215	0	173	4	717	151	215	398	183	52	0	384	42	113	145	0	0	415	394	79	589	117	396	708	1603	128	24	0	237	0	554	0	337	0	0	167	0	0	0	0	335	66	0	0	63	585	132	0	163	128	356	0	77	15	1299	0	202	0	0	0	49	12	0	127	0	27	89	0	0	0	0	30	0	0	0	0	0	0	25	0	0	0	0	0	0	0	0	23	0	33	0	8	0	0	0	0	0	0	12	0	212	0	0	0	0	0	0	4	0	0	0	0	12	0	0	0	102	181	189	22	0	50	161	0	0	0	10	0	42	0	0	0	0	0	89	209	92	0	166	0	0	0	34	274	0	0	0	0	0	0	83	84	72	9	72	0	0	0	0	906	113	135	99	250	60	344
d__Bacteria___p__Firmicutes___c__Clostridia___o__Oscillospirales___f__Oscillospiraceae___g__Oscillibacter	0	46	0	65	0	34	0	0	84	0	0	0	14	0	23	0	0	38	0	53	0	0	0	0	0	0	53	0	516	161	0	0	0	0	0	0	43	0	0	123	0	0	0	0	7	28	32	0	0	7	29	0	0	0	0	0	19	21	0	0	0	24	0	0	0	0	43	0	0	0	0	45	0	0	0	9	51	0	55	0	0	0	13	0	8	0	0	0	57	0	18	0	10	18	0	0	0	0	0	0	0	0	0	0	0	0	0	24	0	0	12	0	0	0	0	14	13	0	0	0	0	0	0	0	0	0	0	0	0	0	0	0	0	11	0	0	106	23	0	24	0	41	0	0	20	0	0	0	0	0	43	0	0	0	0	0	0	0	35	0	29	18	0	0	22	0	0	0	0	0	0	0	0	0	0	0	0	0	0	0	0	0	0	0	0	0	0	0	0	0	0	0	0	51	0	31	0	0	105	0	25	0	46	0	0	0	0	0	0	0	0	0	0	0	63	0	8	0	27	45	0	0	0	0	0	0	0	0	0	0	0	0	73	0	0	0	0	0	0	0	0	0	0	0	0	0	53	0	0	0	0	0	0	49	0	0	0	86	0	0	0	24	0	9	0	19	0	32	0	57	0	0	0	0	34	12	0	0	45	310	0	0	363	585	278	0	0	0	402	23	106	78	135	158	383	64	0	47	155	158	100	66	47	26	46	162	5	102	0	0	46	11	303	75	56	7	200	102	214	48	298	141	200	87	74	67	110	70	34	36	101	0	0	72	84	0	72	105	59	0	104	0	140	0	60	63	112	0	12	16	5	46	52	63	0	0	264	41	0	39	0	42	84	0	56	0	138	295	144	108	0	42	0	0	242	184	26	70	297	0	161	78	0	437	339	22	512	251	80	5	460	33	604	38	93	20	158	440	45	100	19	488	451	26	64	123	95	0	53	38	8	123	215	118	93	0	0	0	0	0	0	0	0	0	0	0	17	0	0	0	0	45	0	0	0	0	0	0	13	0	0	0	0	0	0	0	0	0	0	0	0	0	0	0	0	0	0	0	0	0	0	0	0	0	0	0	0	0	0	0	0	0	0	790	0	197	125	246	0	0	0	84	0	0	0	3	0	0	0	116	228	0	0	54	164	29	0	29	10	79	0	6	0	0	0	0	0	0	0	0	0	0	14	24	0	0	0	343	89	197	35	36	0	0	0
d__Bacteria___p__Firmicutes___c__Clostridia___o__Oscillospirales___f__Oscillospiraceae___g__Oscillospira	0	0	0	0	0	67	0	0	0	0	0	0	0	0	0	0	0	0	0	0	0	0	0	0	0	59	47	0	233	0	0	32	0	0	0	40	28	0	0	15	0	0	0	9	0	0	0	0	0	0	0	0	0	0	0	0	0	24	0	0	0	0	0	0	0	0	0	0	0	0	0	8	0	0	15	0	0	0	16	0	0	0	0	13	0	0	0	0	0	0	0	0	0	0	0	0	0	0	0	0	0	0	0	0	0	0	0	0	0	0	0	0	0	0	0	0	0	0	46	0	0	0	0	0	0	0	0	0	0	0	0	0	0	0	0	0	0	0	0	0	0	0	0	0	0	0	0	0	0	0	0	0	0	0	0	0	0	0	0	0	0	0	0	0	0	0	0	0	0	0	0	0	0	0	0	0	0	0	0	0	36	0	0	0	0	0	0	0	0	0	0	0	0	0	0	0	0	0	0	0	0	0	0	0	0	0	0	0	0	0	0	0	0	0	0	0	0	0	0	22	27	0	0	0	0	0	0	0	0	0	0	0	0	0	0	0	0	0	0	0	0	0	0	0	0	0	0	0	0	0	0	0	0	0	0	0	0	0	0	0	0	0	0	0	0	0	0	0	0	0	0	0	0	0	0	0	0	0	0	0	33	33	0	28	60	0	0	0	0	0	0	0	18	32	63	92	0	23	7	15	0	18	60	0	11	75	4	12	0	7	15	0	26	102	0	9	7	19	31	0	19	33	19	45	0	12	11	0	0	0	14	0	0	0	0	0	0	0	0	0	0	0	0	0	0	0	0	0	0	0	0	0	0	0	0	0	0	9	0	0	0	0	0	0	0	0	83	63	0	0	0	15	0	0	0	0	0	0	0	0	0	0	0	0	0	0	0	0	32	0	0	0	36	0	37	0	0	0	0	0	0	0	17	0	0	0	0	0	0	0	0	0	113	91	10	0	0	0	0	0	0	0	0	0	0	0	0	0	0	0	0	0	0	0	0	0	0	0	0	0	0	0	0	0	0	0	0	0	0	0	0	0	0	0	0	0	0	5	0	0	0	0	0	0	0	0	0	0	0	0	0	0	0	0	0	0	0	0	20	0	0	10	0	0	0	0	0	0	0	0	0	0	0	0	11	0	0	0	0	0	0	0	22	0	0	0	0	0	0	0	0	0	0	0	0	0	0	0	0	206	19	0	0	0	0
d__Bacteria___p__Firmicutes___c__Clostridia___o__Oscillospirales___f__Oscillospiraceae___g__Papillibacter	0	0	0	0	0	0	0	0	0	0	0	0	0	0	0	0	0	0	0	0	0	0	0	0	0	0	0	0	0	0	0	0	0	0	0	0	0	0	0	0	0	0	0	0	0	0	0	0	0	0	0	0	0	0	0	0	0	0	0	0	0	0	0	0	0	0	0	0	0	0	0	0	0	0	0	0	0	0	0	0	0	0	0	0	0	0	0	0	0	0	0	0	0	0	0	0	0	0	0	0	0	0	0	0	0	0	0	0	0	0	0	0	0	0	0	0	0	0	0	0	0	0	0	0	0	0	0	0	0	0	0	0	0	0	0	0	0	0	0	0	0	0	0	0	0	0	0	0	0	0	0	0	0	0	0	0	0	0	0	0	0	0	0	0	0	0	0	0	0	0	0	0	0	0	0	0	0	0	0	0	0	0	0	0	0	0	0	0	0	0	0	0	0	0	0	0	0	0	0	0	0	0	0	0	0	0	0	0	0	0	0	0	0	0	0	0	0	0	0	0	0	0	0	0	0	0	0	0	0	0	0	0	0	0	0	0	0	0	0	0	0	0	0	0	0	0	0	0	0	0	0	0	0	0	0	0	0	0	0	0	0	0	0	0	0	0	0	0	0	0	0	0	0	0	0	0	0	0	0	0	0	0	0	0	0	0	0	0	0	0	0	0	0	0	0	0	0	3	0	0	0	0	0	0	0	0	0	0	0	0	0	0	0	0	0	0	0	0	0	0	0	0	0	0	0	0	0	0	0	0	0	0	0	0	0	0	0	0	0	0	0	0	0	0	0	0	0	0	0	0	0	0	0	0	0	0	0	0	0	0	0	0	0	0	0	0	0	0	0	0	0	0	0	0	0	0	0	0	0	0	0	0	0	0	0	0	0	0	0	0	0	0	0	0	0	0	0	0	0	0	0	0	0	0	0	0	0	0	0	0	0	0	0	0	0	0	0	0	0	0	0	0	0	0	0	0	0	0	0	0	0	0	0	0	0	0	0	0	0	0	0	0	0	0	0	0	0	0	0	0	0	0	0	0	0	0	0	0	0	0	0	0	0	0	0	0	0	0	0	0	0	0	0	0	0	0	0	0	0	0	0	0	0	0	0	0	0	0	0	0	0	0	0	0	0	0	0	0	0	0	0	0	0	0	0	0	0	0	0	0	0	0	0	0	0	0	0	0	0	0	0	0	0	0	0
d__Bacteria___p__Firmicutes___c__Clostridia___o__Oscillospirales___f__Oscillospiraceae___g__Pseudoflavonifractor	0	0	0	0	0	0	0	0	0	0	0	0	0	0	0	0	0	0	0	0	0	0	0	0	0	0	0	0	0	0	0	0	0	0	0	0	0	0	0	0	0	0	0	0	0	0	31	0	0	0	0	0	0	0	0	0	0	0	0	0	0	0	0	0	0	0	0	0	0	0	0	0	0	0	0	0	0	0	0	0	0	0	0	0	0	0	0	0	0	0	0	0	0	0	0	0	0	0	0	0	0	0	0	0	0	0	0	0	0	0	0	0	0	0	0	0	0	0	0	0	0	0	0	0	0	0	0	0	0	0	0	0	0	0	0	0	0	0	0	0	0	0	0	0	0	0	0	0	0	0	0	0	0	0	0	0	0	0	0	0	0	0	0	0	0	0	0	0	0	0	0	0	0	0	0	0	0	0	0	0	0	0	0	0	0	0	0	0	0	0	0	0	0	0	0	0	0	0	0	0	0	0	0	0	0	0	0	0	0	0	0	0	0	0	0	0	0	0	0	0	0	0	0	0	0	0	0	0	0	0	0	0	0	0	0	0	0	0	0	0	0	0	0	0	0	0	0	0	0	0	0	0	0	0	0	0	0	0	0	0	0	0	0	0	0	0	0	0	0	0	0	0	0	0	0	0	0	0	0	0	0	0	0	0	0	0	0	0	0	0	0	0	0	0	14	17	0	0	0	0	0	0	0	0	0	0	0	0	0	0	0	0	8	0	0	0	0	0	9	0	0	0	0	0	0	0	0	0	9	0	0	0	0	0	0	28	0	0	0	0	0	0	0	0	0	0	2	0	0	0	0	0	0	0	0	0	0	0	86	0	0	0	0	0	0	0	0	0	0	0	20	0	0	0	0	0	0	0	0	0	0	0	0	0	0	0	0	0	0	0	0	0	0	0	0	0	0	0	0	0	0	0	0	0	0	0	0	0	0	0	0	0	0	0	0	0	0	0	0	0	0	0	0	0	0	0	0	0	0	0	0	0	0	0	0	0	0	0	0	0	0	0	0	0	0	0	0	0	0	0	0	0	0	0	0	0	0	0	0	0	0	0	0	0	0	0	0	0	0	0	0	0	0	0	0	0	0	0	0	0	0	0	0	0	0	0	0	0	0	0	0	0	0	0	0	0	0	0	0	0	0	0	0	0	0	0	0	0	0	0	0	0	0	0	0	0	0	0	0	0	0	0	0	0	0
d__Bacteria___p__Firmicutes___c__Clostridia___o__Oscillospirales___f__Oscillospiraceae___g__Sporobacter	0	0	0	0	0	0	0	0	0	0	0	0	0	0	0	0	0	0	0	0	0	0	0	0	0	0	0	0	0	0	0	0	0	0	0	0	0	0	0	2	0	0	0	0	0	0	0	0	0	0	0	0	0	0	0	0	0	0	0	0	0	0	0	0	0	0	0	0	0	0	0	0	0	0	0	0	0	0	0	0	0	0	0	0	0	0	0	0	0	0	0	0	0	0	0	0	0	0	0	0	0	0	0	0	0	0	0	0	0	0	0	0	0	0	0	0	0	0	0	0	0	0	0	0	0	0	0	0	0	0	0	0	0	0	0	0	0	0	0	0	0	0	0	0	0	0	0	0	0	0	0	0	0	0	0	0	0	0	0	0	0	0	0	0	0	0	0	0	0	0	0	0	0	0	0	0	0	0	0	0	0	0	0	0	0	0	0	0	0	0	0	0	0	0	0	0	0	0	0	0	0	0	0	0	0	0	0	0	0	0	0	0	0	0	0	0	0	0	0	0	0	0	0	0	0	0	0	0	0	0	0	0	0	0	0	0	0	0	0	0	0	0	0	0	0	0	0	0	0	0	0	0	0	0	0	0	0	0	0	0	0	0	0	0	0	0	0	0	0	0	0	0	0	0	0	0	0	0	0	0	0	0	0	0	0	0	0	0	0	0	0	0	0	0	0	0	0	0	0	0	0	0	0	0	0	0	0	0	0	0	0	0	0	0	0	0	0	0	0	0	0	0	0	0	0	0	0	0	0	0	0	0	0	0	0	0	0	0	0	0	0	0	0	0	0	0	0	0	0	0	0	0	0	0	0	0	0	0	0	0	0	0	0	0	0	0	0	0	0	0	0	0	0	0	0	0	0	0	0	0	0	0	0	0	2	0	0	0	0	0	0	0	0	0	0	0	0	0	0	0	0	0	0	0	0	0	0	0	0	0	0	0	0	0	0	0	0	0	0	0	0	0	0	0	0	0	0	0	0	0	0	0	0	0	0	0	0	0	0	0	0	0	0	0	0	0	0	0	0	0	0	0	0	0	0	0	0	0	0	0	0	0	0	0	0	0	0	0	0	0	0	0	0	0	0	0	0	0	0	0	0	0	0	0	0	0	0	0	0	0	0	0	0	0	0	0	0	0	0	0	0	0	0	0	0	0	0	0	0	0	0	0	0	0	0	0	0	0	0	0	0	0	0	0	0
d__Bacteria___p__Firmicutes___c__Clostridia___o__Oscillospirales___f__Oscillospiraceae___g__UCG-002	162	5246	0	458	207	407	338	62	252	416	179	207	105	9	63	0	0	83	18	73	623	0	21	171	287	103	591	274	0	3672	44	87	2350	148	25	171	277	127	205	985	657	65	34	24	97	45	218	579	163	304	226	19	775	17	401	0	0	501	896	62	0	22	82	13	15	0	754	77	190	117	309	537	0	100	223	66	301	0	90	596	34	203	253	49	0	36	1181	109	86	542	280	7	219	78	0	48	0	0	0	175	0	1099	40	164	150	0	249	0	0	25	91	0	279	619	85	0	71	82	60	0	53	0	0	0	207	41	0	56	143	0	0	0	76	60	100	151	297	167	47	179	0	306	134	0	29	0	0	61	0	0	349	242	30	58	0	0	37	0	569	186	50	92	139	134	200	161	101	41	468	210	323	19	90	315	186	219	220	0	0	0	128	110	118	0	42	40	0	202	286	27	185	115	504	154	96	191	269	15	95	516	311	342	61	0	183	149	322	0	59	0	0	80	290	210	869	217	16	215	0	299	1004	167	24	0	258	1290	0	626	113	925	1388	59	486	84	0	0	905	698	0	815	224	333	0	0	0	592	963	191	138	22	408	32	86	73	437	278	458	271	19	201	0	46	347	239	609	17	0	0	570	30	0	0	84	174	421	0	42	493	0	0	860	1088	3211	763	693	216	0	0	16	1040	1107	1344	294	263	1547	3155	41	1428	2442	1398	2034	1431	1671	1935	2209	955	119	717	43	300	480	177	3513	840	1431	384	543	4493	1157	1086	2152	656	1615	871	1512	1409	1030	2166	1097	0	809	0	5	2606	350	1472	1325	875	3070	1179	2200	534	1064	576	1881	111	1526	989	205	1470	346	856	2242	960	2465	393	1486	716	2467	1378	0	630	235	1459	567	1908	975	3714	1527	1239	1194	1330	419	1968	138	304	1108	885	469	1465	2734	1414	963	1926	2835	450	0	3104	873	159	0	945	393	1679	2385	31	405	0	0	4180	1143	476	901	110	113	116	623	1437	1381	1047	188	1015	1009	687	143	40	0	0	0	0	27	111	88	42	169	115	97	21	0	0	61	223	0	0	10	0	0	77	17	0	0	0	0	0	0	0	281	0	42	0	38	133	0	0	0	0	0	18	63	1806	0	4	75	31	10	29	0	19	21	0	5	60	48	0	0	676	317	503	87	0	511	1140	0	27	7	24	51	286	0	0	0	0	0	462	884	1110	229	1296	13	7	0	272	1601	0	0	0	11	17	0	518	104	225	110	289	30	98	0	0	1283	1782	1315	522	461	745	1503
d__Bacteria___p__Firmicutes___c__Clostridia___o__Oscillospirales___f__Oscillospiraceae___g__UCG-003	0	66	0	55	36	0	54	70	0	44	0	0	44	0	0	0	0	0	0	53	387	28	28	0	0	42	195	151	121	842	0	56	240	192	0	0	84	51	181	189	229	0	73	8	0	0	0	53	12	60	0	9	197	10	59	19	0	139	86	0	0	0	29	0	18	13	48	17	67	58	320	103	0	29	0	48	0	0	0	238	10	21	0	14	0	19	62	37	28	84	90	0	66	36	0	22	0	0	0	26	0	98	268	161	36	0	38	349	0	22	51	43	0	69	0	0	0	0	0	0	0	0	0	0	56	165	0	49	78	25	0	0	0	0	0	0	0	54	0	40	0	0	36	20	0	0	0	36	37	0	35	274	0	34	0	0	0	0	36	72	0	0	114	0	34	67	136	0	63	0	91	87	0	126	0	0	113	0	0	0	0	0	0	0	35	0	0	51	40	43	73	75	135	75	0	0	0	0	28	94	137	125	51	0	56	207	0	20	34	0	0	0	70	113	0	0	0	176	0	0	90	45	0	0	0	81	25	256	79	17	289	0	0	0	49	24	58	88	29	76	60	0	0	28	0	51	67	126	42	0	259	0	106	0	43	75	143	0	0	72	0	0	82	120	102	0	226	0	0	0	27	98	0	151	116	0	166	86	0	0	273	168	80	81	116	17	0	0	0	131	0	98	30	112	0	109	0	31	148	194	220	44	235	372	156	48	88	319	29	55	45	129	170	65	96	27	119	33	0	15	20	90	122	179	357	113	48	116	56	8	341	0	0	0	0	127	411	50	115	101	181	42	106	0	258	72	48	0	0	272	0	0	255	0	573	121	0	68	178	0	0	81	130	106	0	95	0	0	0	19	133	53	0	94	0	0	209	0	0	0	127	0	0	0	0	0	130	161	165	0	0	61	0	0	71	0	136	0	0	89	0	0	0	0	0	42	0	161	373	136	0	0	36	0	126	0	0	0	0	58	0	89	134	0	42	0	20	0	0	0	0	0	0	0	0	0	0	25	0	0	0	0	0	0	0	0	0	0	0	0	0	55	20	0	0	0	0	14	0	39	0	0	0	0	0	0	0	0	0	0	0	19	57	0	0	22	54	134	0	0	0	118	0	0	0	0	0	55	0	0	0	0	24	0	12	10	0	24	0	0	0	11	80	0	0	0	0	0	0	53	0	0	0	31	0	0	0	0	645	0	58	0	51	0	95
d__Bacteria___p__Firmicutes___c__Clostridia___o__Oscillospirales___f__Oscillospiraceae___g__UCG-005	0	160	0	296	61	393	237	27	160	0	0	0	0	0	149	31	0	137	35	0	875	0	0	101	0	247	147	65	778	7112	0	18	1123	92	0	27	35	0	137	203	98	0	0	48	18	101	332	247	0	49	85	16	378	0	162	0	0	234	122	0	0	0	14	33	0	0	262	57	384	0	0	39	0	0	78	0	63	0	0	79	0	39	102	0	15	55	668	19	38	164	185	0	103	34	15	0	0	0	0	95	0	0	0	68	0	0	166	0	0	0	0	0	0	0	0	0	0	106	0	0	0	0	0	0	0	0	0	16	114	0	0	0	0	0	17	0	0	50	0	92	0	49	0	0	37	0	0	41	0	0	86	0	0	0	0	0	0	0	0	0	0	0	0	0	0	0	32	0	264	0	50	0	0	0	0	0	0	0	0	0	151	0	36	0	0	0	0	216	0	49	26	111	131	77	89	0	0	0	20	166	0	60	11	0	238	30	168	0	0	0	0	0	99	0	24	0	0	28	259	90	367	51	17	0	61	390	15	237	0	109	1012	0	56	54	0	0	198	384	0	645	140	12	0	0	0	149	142	79	0	0	321	0	0	0	122	71	730	358	0	78	0	0	211	904	92	0	0	0	264	0	0	34	144	83	82	0	0	76	0	245	305	0	649	12	336	21	0	0	15	630	684	258	34	111	325	1441	0	426	2480	817	1092	238	429	82	1760	308	56	880	52	225	229	36	245	140	317	135	40	1139	51	486	1505	125	237	156	152	436	144	876	1908	9	1616	0	0	543	351	1581	483	188	591	1102	421	764	195	72	628	0	983	372	208	1143	313	32	792	255	2953	242	149	94	692	361	0	159	0	1199	636	268	256	348	195	76	274	407	0	288	0	0	1589	284	248	338	1192	1071	51	1000	68	16	0	393	0	353	0	924	0	392	464	0	121	0	0	402	148	34	0	139	314	182	0	296	116	253	67	395	15	904	0	0	0	0	0	0	0	0	0	0	0	60	0	0	0	0	35	78	18	0	0	0	0	25	42	0	0	0	0	0	0	0	243	0	56	0	0	0	0	0	0	0	0	24	0	536	0	0	20	0	0	0	41	0	0	0	0	12	0	23	0	158	85	99	67	0	426	390	0	0	0	0	0	0	0	23	103	0	0	9	45	199	0	322	4	5	0	76	494	0	0	0	44	0	0	237	345	90	0	0	0	7	0	18	330	183	786	142	478	96	65
d__Bacteria___p__Firmicutes___c__Clostridia___o__Oscillospirales___f__Oscillospiraceae___g__UCG-007	0	0	0	0	0	0	0	0	0	0	0	0	0	0	0	0	0	0	0	0	0	0	0	0	0	0	0	0	0	0	0	0	0	0	0	0	0	0	0	0	0	0	0	0	0	0	0	0	0	0	0	0	0	0	0	0	0	0	0	0	0	0	0	0	0	0	0	0	0	0	0	0	0	0	0	0	0	0	0	0	0	0	0	0	0	0	0	0	0	0	0	0	0	0	0	0	0	0	0	0	0	0	0	0	0	0	0	0	0	0	0	0	0	0	0	0	0	0	0	0	0	0	0	0	0	0	0	0	0	0	0	0	0	0	0	0	0	0	0	0	0	0	0	0	0	0	0	0	0	0	0	0	0	0	0	0	0	0	0	0	0	0	0	0	0	0	0	0	0	0	0	0	0	0	0	0	0	0	0	0	0	0	0	0	0	0	0	0	0	0	0	0	0	0	0	0	0	0	0	0	0	0	0	0	0	0	0	0	0	0	0	0	19	0	0	0	0	0	0	0	0	0	0	0	0	0	0	0	0	0	0	0	0	0	0	0	0	0	0	0	0	0	0	0	0	0	0	0	0	0	0	0	0	0	0	0	0	0	0	0	0	0	0	0	0	0	0	0	0	0	0	0	0	0	0	0	0	0	0	0	0	0	0	0	0	0	0	0	0	0	24	0	0	0	0	6	0	14	4	9	0	0	10	6	0	0	0	0	0	0	0	0	0	0	0	0	0	23	0	6	0	9	0	0	0	0	0	4	9	0	0	0	0	0	0	0	0	0	0	0	0	0	0	0	0	0	0	0	0	0	0	0	0	0	0	0	0	0	0	0	0	0	0	0	0	0	0	0	0	0	0	0	0	0	0	0	0	0	0	0	0	24	0	0	0	0	0	0	0	0	0	0	0	0	0	0	0	0	0	0	0	0	0	0	0	0	0	0	0	0	0	0	0	0	0	0	0	0	0	0	0	0	0	0	0	0	0	0	0	0	0	0	0	0	0	0	0	0	0	0	0	0	0	0	0	0	0	0	0	0	0	0	0	0	0	0	0	0	0	0	0	0	0	0	0	0	0	0	0	0	0	0	0	0	0	0	0	0	0	0	0	0	0	0	0	0	0	0	0	0	0	0	0	0	0	0	0	0	0	0	0	0	0	0	0	0	0	0	0	0	0	0	0	0	0	0	0	0	0	25	0	0	0	0	0
d__Bacteria___p__Firmicutes___c__Clostridia___o__Oscillospirales___f__Oscillospiraceae___g__V9D2013_group	0	0	0	0	0	0	0	0	0	0	0	0	0	0	0	0	0	0	0	0	0	0	0	0	0	0	0	0	0	0	0	0	0	0	0	0	0	0	0	0	0	0	0	0	0	0	0	0	0	0	0	0	0	0	0	0	0	0	0	0	0	0	0	0	0	0	0	0	0	0	0	0	0	0	0	0	0	0	0	0	0	0	0	0	0	0	0	0	0	0	0	0	0	0	0	0	0	0	0	0	0	0	0	0	0	0	0	0	0	0	0	0	0	0	0	0	0	0	0	0	0	0	0	0	0	0	0	0	0	0	0	0	0	0	0	0	0	0	0	0	0	0	0	0	0	0	0	0	0	0	0	0	0	0	0	0	0	0	0	0	0	0	0	0	0	0	0	0	0	0	0	0	0	0	0	0	0	0	0	0	0	0	0	0	0	0	0	0	0	0	0	0	0	0	0	0	0	0	0	0	0	0	0	0	0	0	0	0	0	0	0	0	0	0	0	0	0	0	0	0	0	0	0	0	0	0	0	0	0	0	0	0	0	0	0	0	0	0	0	0	0	0	0	0	0	0	0	0	0	0	0	0	0	0	0	0	0	0	0	0	0	0	0	0	0	0	0	0	0	0	0	0	0	0	0	0	0	0	0	0	0	0	0	0	0	0	0	0	0	0	0	0	0	0	0	0	0	0	0	0	0	0	7	0	0	0	0	0	0	0	0	0	0	0	0	0	0	0	0	0	0	0	0	0	0	0	0	0	0	0	0	0	0	0	0	0	0	0	0	0	0	0	0	0	0	0	0	0	0	0	0	0	0	0	0	0	0	0	0	0	0	0	0	0	0	0	0	0	0	0	0	0	0	0	0	0	0	0	0	0	0	0	0	0	0	0	0	0	0	0	0	0	0	0	0	0	0	0	0	0	0	0	0	0	0	0	0	0	0	0	0	0	0	0	0	0	0	0	0	0	0	0	0	0	0	0	0	0	0	0	0	0	0	0	0	0	0	0	0	0	0	0	0	0	0	0	0	0	0	0	0	0	0	0	0	0	0	0	0	0	0	0	0	0	0	0	0	0	0	0	0	0	0	0	0	0	0	0	0	0	0	0	0	0	0	0	0	0	0	0	0	0	0	0	0	0	0	0	0	0	0	0	0	0	0	0	0	0	0	0	0	0	0	0	0	0	0	0	0	0	0	0	0	0	0
d__Bacteria___p__Firmicutes___c__Clostridia___o__Oscillospirales___f__Oscillospirales_fa	0	11	0	0	0	0	0	0	0	0	0	0	0	0	0	0	0	0	0	0	0	0	0	0	0	0	0	0	0	0	0	0	0	0	0	0	0	0	0	0	0	0	0	0	0	0	0	0	0	0	0	0	0	0	0	0	0	0	0	0	0	0	0	0	0	0	0	0	0	0	0	0	0	0	0	0	0	0	0	0	0	0	0	0	0	0	0	0	0	0	15	0	0	0	0	0	0	0	0	0	0	0	0	0	0	0	0	0	0	0	0	0	0	0	0	0	0	0	0	0	0	0	0	0	0	0	0	0	0	0	0	0	0	0	0	0	0	0	0	0	0	0	0	0	0	0	0	0	0	0	0	0	0	0	0	0	0	0	0	0	0	0	0	0	0	0	0	0	0	0	0	0	0	0	0	0	0	0	0	0	0	0	0	0	0	0	0	0	0	0	0	0	0	0	0	0	0	0	0	0	0	0	0	0	0	0	0	0	0	0	0	0	0	0	0	0	0	0	0	0	0	0	0	0	0	0	0	0	0	0	0	0	0	0	0	0	0	0	0	0	0	0	0	0	0	0	0	0	0	0	0	0	0	0	0	0	0	0	0	0	0	0	0	0	0	0	0	0	0	0	0	0	0	0	0	0	0	0	0	0	0	0	0	0	30	0	0	0	0	0	0	0	0	0	12	22	0	0	0	30	0	0	0	0	0	0	0	0	0	0	11	0	0	0	0	0	0	6	0	25	0	0	0	0	0	0	0	0	0	0	0	0	0	0	0	0	0	0	0	28	0	0	0	0	0	0	21	0	0	0	0	0	0	0	14	0	0	0	0	0	0	0	0	20	16	0	0	0	0	0	0	0	0	0	0	0	0	6	0	0	0	0	0	80	0	0	0	0	0	68	0	20	0	0	0	0	0	0	0	0	0	0	0	0	0	0	0	0	0	0	0	0	0	38	0	0	0	0	0	0	0	0	0	0	0	0	0	0	0	0	0	0	0	0	0	0	0	0	0	0	0	0	0	0	0	0	0	0	0	0	0	0	0	0	0	0	0	0	0	0	0	0	0	0	0	0	0	0	0	0	0	0	0	0	0	0	0	0	0	0	0	0	0	0	0	0	0	0	0	0	0	0	0	0	0	9	0	23	0	0	0	0	0	0	0	0	0	0	0	0	0	0	0	0	0	0	0	0	0	0	20	0	0	0	0
d__Bacteria___p__Firmicutes___c__Clostridia___o__Oscillospirales___f__Oscillospirales_fa___g__Hydrogenoanaerobacterium	0	11	0	0	0	0	0	0	0	0	0	0	0	0	0	0	0	0	0	0	0	0	0	0	0	0	0	0	0	0	0	0	0	0	0	0	0	0	0	0	0	0	0	0	0	0	0	0	0	0	0	0	0	0	0	0	0	0	0	0	0	0	0	0	0	0	0	0	0	0	0	0	0	0	0	0	0	0	0	0	0	0	0	0	0	0	0	0	0	0	15	0	0	0	0	0	0	0	0	0	0	0	0	0	0	0	0	0	0	0	0	0	0	0	0	0	0	0	0	0	0	0	0	0	0	0	0	0	0	0	0	0	0	0	0	0	0	0	0	0	0	0	0	0	0	0	0	0	0	0	0	0	0	0	0	0	0	0	0	0	0	0	0	0	0	0	0	0	0	0	0	0	0	0	0	0	0	0	0	0	0	0	0	0	0	0	0	0	0	0	0	0	0	0	0	0	0	0	0	0	0	0	0	0	0	0	0	0	0	0	0	0	0	0	0	0	0	0	0	0	0	0	0	0	0	0	0	0	0	0	0	0	0	0	0	0	0	0	0	0	0	0	0	0	0	0	0	0	0	0	0	0	0	0	0	0	0	0	0	0	0	0	0	0	0	0	0	0	0	0	0	0	0	0	0	0	0	0	0	0	0	0	0	0	30	0	0	0	0	0	0	0	0	0	12	22	0	0	0	30	0	0	0	0	0	0	0	0	0	0	11	0	0	0	0	0	0	6	0	25	0	0	0	0	0	0	0	0	0	0	0	0	0	0	0	0	0	0	0	28	0	0	0	0	0	0	21	0	0	0	0	0	0	0	14	0	0	0	0	0	0	0	0	20	16	0	0	0	0	0	0	0	0	0	0	0	0	6	0	0	0	0	0	80	0	0	0	0	0	68	0	20	0	0	0	0	0	0	0	0	0	0	0	0	0	0	0	0	0	0	0	0	0	38	0	0	0	0	0	0	0	0	0	0	0	0	0	0	0	0	0	0	0	0	0	0	0	0	0	0	0	0	0	0	0	0	0	0	0	0	0	0	0	0	0	0	0	0	0	0	0	0	0	0	0	0	0	0	0	0	0	0	0	0	0	0	0	0	0	0	0	0	0	0	0	0	0	0	0	0	0	0	0	0	0	9	0	23	0	0	0	0	0	0	0	0	0	0	0	0	0	0	0	0	0	0	0	0	0	0	20	0	0	0	0
d__Bacteria___p__Firmicutes___c__Clostridia___o__Oscillospirales___f__Ruminococcaceae	8444	2261	1680	4257	5481	4679	3614	2571	4540	6110	3878	3933	1619	5299	4796	5695	1343	6091	4663	6119	6613	4187	10005	5902	2475	5115	13553	13109	39741	94154	6523	9500	14798	17462	2922	6290	37768	5296	7249	31038	10894	4381	17741	5682	3478	2966	9041	6517	3787	3019	5696	2896	10793	8334	9889	13405	2013	6376	3205	6704	5662	3908	4823	5752	7545	2671	7537	3211	7225	13166	5687	7817	63	4449	3611	3457	6851	192	2429	5353	1705	2368	4451	5176	2188	6389	4528	1851	3238	2973	2542	2494	5389	5668	1607	3455	1301	1561	3022	3612	5517	4632	6139	2783	3612	2569	2171	1209	1638	1141	2121	1175	6487	2649	2860	2826	1603	2752	3955	2229	3240	3160	2775	2583	2698	901	2414	3419	2623	1854	3999	2679	3315	2167	3589	2544	8945	4922	2196	4086	353	2452	3233	4043	4656	2909	1605	2328	2491	4860	3873	3565	2919	3263	3106	3541	2758	3298	2814	3414	2929	2780	2615	3158	2830	3089	1783	4773	3006	2955	1946	1745	2507	2393	2794	3067	2686	3470	282	2330	5317	3934	1693	2626	2898	2174	4903	3440	3130	3444	5826	9543	3384	4833	4481	2730	4682	1254	3283	4877	6526	4241	4471	869	4593	12475	2935	75	3354	2753	572	3830	10054	2939	5509	5969	3553	11121	1538	8137	9132	2865	1893	1443	3748	9336	3044	3647	6684	9696	8103	3049	3466	4310	7325	3104	6079	1800	8733	12300	2344	5567	2925	882	689	3303	8540	2657	2671	2778	9038	2487	11096	9693	5506	3095	6368	6480	5837	4062	4905	2033	4196	5557	3912	3408	6970	7684	5241	2257	413	6905	5106	5939	4062	1552	3434	7067	7504	8776	8952	10063	4444	5728	10406	11138	16	0	3771	4094	1267	3546	3285	4226	4980	4973	2287	10821	6048	5823	5176	7066	12660	9862	6781	3457	13847	7955	12033	3105	4215	9402	7200	17426	9556	4633	4773	4635	9044	6185	7197	3861	9490	20723	3376	6386	2367	6653	8420	4477	7204	6	3	4438	4833	5483	6979	2656	4354	8023	7836	6560	5455	3987	1088	1594	1324	9461	4289	4785	12883	1148	2820	7628	4536	12751	2365	7922	10433	4643	0	5171	7484	1034	7634	6511	6641	3335	11790	9241	7416	7250	2757	2314	8056	2641	3306	626	6713	9107	10720	5067	6159	2159	10659	10078	8752	5526	4643	2654	2995	3273	2848	1799	5595	1157	4815	2240	1013	2502	3734	1643	5630	3653	6236	5581	2244	2910	6334	12915	1367	6929	2820	4839	22115	3028	0	0	618	3977	3225	1838	4763	4833	5244	6271	4328	181	128	716	1892	2283	499	271	218	121	386	1754	1688	1066	522	213	1019	295	178	245	2075	340	941	908	855	2217	3472	71	387	517	338	3107	922	5332	180	3024	1299	1275	149	522	210	4370	379	368	618	3899	1409	9171	895	9376	1735	5704	1178	257	2048	7852	104	732	3351	728	469	612	170	560	2492	526	1525	2234	7754	2339	502	10000	1407	3897	106	1356	16688	583	141	68	188	132	272	16675	2539	5701	11352	11927	1594	984	524	6402	6621	10660	5695	1002	1676	5846	899
d__Bacteria___p__Firmicutes___c__Clostridia___o__Oscillospirales___f__Ruminococcaceae___g__Anaerofilum	0	0	0	0	0	0	0	0	0	0	0	0	0	0	0	0	0	0	0	0	0	0	0	0	0	0	0	0	0	0	0	0	0	0	0	0	0	0	0	0	0	0	0	0	0	0	0	0	0	0	4	0	0	0	0	0	0	0	0	0	0	0	0	0	0	0	0	0	0	0	0	0	0	0	0	0	0	0	13	0	0	0	0	0	0	0	0	0	0	8	0	0	0	0	0	4	0	0	0	0	0	0	0	0	0	0	0	0	0	0	0	0	0	0	0	0	0	0	0	0	0	0	0	0	0	0	0	0	0	0	0	0	0	0	0	0	0	0	0	0	0	0	0	0	0	0	0	0	0	0	12	0	0	0	0	0	0	0	0	0	0	0	0	0	0	0	0	0	0	0	0	0	0	0	0	0	0	0	0	0	0	0	0	0	0	0	0	0	0	0	0	0	0	0	0	0	0	0	0	0	0	0	0	0	0	0	0	0	0	0	0	0	0	0	0	0	0	0	0	0	0	0	0	0	0	0	0	0	0	0	0	0	0	0	0	0	0	0	0	0	0	0	0	0	0	0	0	0	0	0	0	0	0	0	0	0	0	0	0	0	0	0	0	0	0	0	0	0	0	0	0	0	0	0	0	0	0	0	0	39	7	0	0	0	0	0	0	0	0	0	0	0	0	0	0	0	0	0	0	0	0	0	0	0	0	0	0	0	0	0	5	0	0	0	0	0	0	0	0	0	0	0	0	0	0	0	0	0	0	0	0	0	0	0	0	0	0	0	0	0	0	0	0	0	0	0	0	0	0	0	0	0	0	0	0	0	0	0	0	0	0	0	0	0	0	0	0	0	0	0	0	0	0	0	0	0	0	0	0	0	0	0	0	0	0	0	0	0	0	0	0	0	0	0	0	0	0	0	0	0	0	0	0	0	0	9	0	0	0	0	0	6	0	0	0	0	0	0	0	0	0	0	0	0	0	0	0	0	0	0	0	0	0	0	0	0	0	0	0	0	0	0	0	0	0	0	0	0	0	0	0	0	0	0	0	0	0	0	0	0	0	0	0	0	0	0	0	0	0	0	0	0	0	0	0	0	0	0	0	0	0	0	0	0	0	0	0	0	0	0	0	0	0	0	0	0	0	0	0	0	0	0	0	0	0	0	0	0	0	0	0	0	0	0	0	0	0	0	0	0	0	0	0	0	0
d__Bacteria___p__Firmicutes___c__Clostridia___o__Oscillospirales___f__Ruminococcaceae___g__Anaerotruncus	0	0	0	0	0	0	0	0	0	0	0	0	0	0	0	0	0	0	0	0	0	0	0	0	0	0	0	14	37	0	0	0	0	0	0	0	4	0	0	15	0	0	0	0	0	0	0	0	0	0	22	0	0	0	0	0	0	0	0	3	0	0	0	10	0	0	0	0	0	0	0	0	0	0	0	0	0	0	61	0	0	0	0	0	0	0	0	0	10	0	17	0	0	0	0	0	0	0	0	0	0	0	0	0	0	0	0	0	0	0	0	0	0	0	0	0	0	0	0	0	0	0	0	0	0	0	0	0	0	0	0	0	0	0	0	0	0	0	0	0	0	0	0	0	0	0	0	0	0	0	0	0	0	0	0	0	0	0	0	0	0	0	0	0	0	0	0	0	0	0	0	0	0	0	0	0	0	0	0	0	0	0	0	0	0	0	0	0	0	0	0	0	0	0	0	19	0	8	0	0	0	0	0	0	0	0	0	0	0	0	0	0	0	0	0	0	0	0	47	0	0	0	0	0	0	0	0	0	0	2	0	0	0	0	0	0	0	0	0	0	0	0	11	0	0	0	0	0	0	0	0	8	0	9	7	0	0	0	0	0	0	0	0	5	0	0	0	0	0	10	0	0	0	0	0	0	0	0	0	0	0	0	46	0	0	0	0	0	0	0	0	4	0	0	0	0	0	5	0	0	0	0	0	0	0	0	0	0	0	0	0	0	0	3	0	0	0	0	0	0	0	0	0	0	0	0	0	0	0	0	0	0	0	48	0	0	0	0	0	0	0	0	0	0	0	0	0	0	0	2	0	0	0	0	0	0	16	0	0	0	0	0	0	0	0	0	0	0	0	0	0	0	3	0	0	0	0	10	0	0	0	113	0	0	18	0	0	0	0	0	0	0	0	0	0	0	0	0	0	0	0	0	0	0	0	0	0	0	0	0	0	7	0	0	7	0	0	0	0	0	0	0	0	0	0	0	0	0	0	0	0	0	0	0	0	0	0	0	0	0	0	0	0	0	0	0	0	0	0	0	0	0	0	0	0	0	0	0	0	0	0	0	0	0	0	0	3	0	0	0	0	0	0	17	0	0	0	0	0	0	0	0	0	0	0	0	0	0	0	10	0	0	0	0	0	0	0	0	0	0	0	0	0	7	0	0	0	0	0	0	0	0	0	0	0	0	0	0	5	0	0	0	0	0	0
d__Bacteria___p__Firmicutes___c__Clostridia___o__Oscillospirales___f__Ruminococcaceae___g__Angelakisella	0	0	0	0	0	0	0	0	0	0	0	0	0	0	0	0	0	0	0	0	0	0	0	0	0	0	0	0	0	0	0	0	0	0	0	0	0	0	0	0	0	0	0	0	0	0	0	0	0	0	0	0	0	0	0	0	0	0	0	0	0	0	0	0	0	0	0	0	0	0	0	0	0	0	0	0	0	0	0	0	0	0	0	0	0	0	0	0	0	0	0	0	0	0	0	0	0	0	0	0	0	0	0	0	0	0	0	0	0	0	0	0	0	0	0	0	0	0	0	0	0	0	0	0	0	0	0	0	0	0	0	0	0	0	0	0	0	0	0	0	0	0	0	0	0	0	0	0	0	0	0	0	0	0	0	0	0	0	0	0	0	0	0	0	0	0	0	0	0	0	0	0	0	0	0	0	0	0	0	0	0	0	0	0	0	0	0	0	0	0	0	0	0	0	0	0	0	0	0	0	0	0	0	0	0	0	0	0	0	0	0	0	0	0	0	0	0	0	0	0	0	0	0	0	0	0	0	0	0	0	0	0	0	0	0	0	0	0	0	0	0	0	0	0	0	0	0	0	0	0	0	0	0	0	0	0	0	0	0	0	0	0	0	0	0	0	0	0	0	0	0	0	0	0	0	0	0	0	0	0	0	0	0	0	0	0	0	0	0	0	3	0	0	0	0	0	0	0	0	0	0	0	0	0	0	0	0	0	0	0	0	0	11	0	0	0	0	8	0	3	5	0	0	0	0	0	0	0	0	0	0	0	0	0	0	0	0	0	0	0	15	0	0	0	0	0	0	0	0	0	0	0	0	0	0	0	0	0	0	0	0	0	0	0	0	0	0	0	0	0	0	0	0	0	0	0	0	0	0	0	0	0	0	0	0	0	0	0	0	0	0	0	0	0	0	0	0	0	0	0	0	0	0	0	0	0	0	0	0	0	0	0	0	0	0	0	0	0	0	0	0	0	0	0	0	0	0	0	0	0	0	0	0	0	0	0	0	0	0	0	0	0	0	0	0	0	0	0	0	0	0	0	0	0	0	0	0	0	0	0	0	0	0	0	0	0	0	0	0	0	0	0	0	0	0	0	0	0	0	0	0	0	0	0	0	0	0	0	0	0	0	0	0	0	0	0	0	0	0	0	0	0	0	0	0	0	0	0	0	0	0	0	0	0	0	0	0	0	0	0	0	0	0	0	0
d__Bacteria___p__Firmicutes___c__Clostridia___o__Oscillospirales___f__Ruminococcaceae___g__CAG-352	0	0	0	0	0	0	0	0	0	0	0	0	0	0	184	0	0	0	0	19	0	0	0	0	0	0	0	0	0	0	0	0	2532	0	0	59	0	0	0	0	0	0	0	0	0	0	0	0	0	90	0	0	0	0	41	0	0	0	0	0	0	0	0	0	0	0	0	0	324	0	0	0	0	0	0	0	0	0	201	58	0	0	0	0	0	0	0	0	45	0	0	0	0	0	0	0	0	0	0	0	0	0	0	0	0	0	0	0	0	18	0	0	0	0	0	0	0	0	698	0	0	0	0	0	0	0	0	0	0	0	0	58	0	0	0	0	0	78	0	56	0	0	0	0	0	0	0	0	0	0	0	0	0	0	0	0	0	0	0	0	0	0	0	0	0	0	0	0	0	0	0	0	0	0	0	0	0	0	0	0	332	0	0	0	0	0	0	0	0	0	0	0	0	0	0	0	0	0	0	0	0	0	0	0	0	0	0	0	0	148	0	0	0	0	384	0	0	0	0	0	0	0	0	0	113	0	0	0	0	0	0	0	0	183	0	0	0	0	0	0	0	0	0	0	0	0	37	0	0	0	0	0	0	0	384	0	0	694	0	0	0	0	549	0	0	0	0	0	110	0	0	0	0	0	0	0	0	0	0	0	0	0	0	0	0	58	0	0	0	0	33	0	0	0	156	0	0	358	0	33	0	0	754	28	0	0	12	0	0	0	0	0	0	0	495	0	0	0	0	451	12	0	0	0	0	38	0	481	0	0	0	0	0	0	0	0	0	20	0	0	0	0	0	0	0	0	0	385	30	0	57	0	0	0	0	0	0	0	0	273	0	0	0	0	0	0	0	0	0	0	192	1306	0	0	0	0	92	0	0	0	0	410	0	0	0	0	0	0	0	0	0	0	0	0	0	0	0	0	0	0	0	0	0	0	0	0	0	0	0	0	0	0	0	194	0	0	0	0	0	0	0	0	89	0	0	0	0	0	0	0	0	0	0	0	0	0	0	0	0	0	0	0	0	0	0	0	0	42	0	0	0	0	0	0	0	0	0	0	0	0	0	0	0	0	0	0	0	0	0	0	0	0	0	0	0	0	0	134	0	0	0	0	0	0	0	0	0	0	0	0	0	0	0	0	0	0	0	0	0	0	0	0	0	0	0	0	0	0	0	0	0	0	0	0	0	0	0	0	0	0	0	0	0	0	0
d__Bacteria___p__Firmicutes___c__Clostridia___o__Oscillospirales___f__Ruminococcaceae___g__Candidatus_Soleaferrea	0	0	0	0	0	0	0	0	0	0	0	0	0	0	0	0	0	0	0	0	0	0	0	0	0	0	0	0	25	0	0	0	0	0	0	0	0	0	0	7	0	0	0	0	0	7	0	0	0	0	0	0	0	0	0	0	0	4	0	0	0	0	0	0	0	0	0	0	0	0	0	0	0	0	11	8	0	0	0	0	0	0	0	0	0	0	0	0	0	3	0	0	0	0	0	0	0	0	0	0	0	0	0	0	0	0	0	0	0	0	0	0	0	0	0	0	0	0	0	0	0	0	0	0	0	0	0	0	0	0	0	0	0	0	0	0	0	0	0	0	0	0	0	0	0	0	0	0	0	0	0	0	0	0	0	0	0	0	0	0	0	0	0	0	0	0	0	0	0	0	0	0	0	0	0	0	0	0	0	0	0	0	0	0	0	0	0	0	0	0	0	0	0	0	0	0	0	0	0	0	0	0	0	0	0	8	49	0	0	0	0	0	0	0	0	9	0	0	42	0	0	0	0	0	0	0	0	0	0	0	0	0	0	0	0	0	0	0	0	0	0	0	0	0	0	0	0	0	0	0	0	0	0	11	0	0	0	0	0	0	0	0	0	0	0	0	0	0	0	9	0	0	0	0	0	0	0	0	0	11	0	0	0	0	0	0	0	0	73	0	0	0	0	0	0	0	4	0	4	5	0	0	0	7	0	0	5	0	13	0	0	0	0	0	0	0	0	0	0	0	0	10	0	0	11	0	0	0	6	0	130	0	0	0	0	0	0	0	0	0	0	0	0	0	0	0	0	0	0	0	0	0	0	0	0	0	0	0	0	0	0	0	0	0	0	0	0	0	0	0	0	0	0	0	0	0	0	0	0	22	0	0	0	0	0	0	8	0	0	0	0	5	0	0	0	0	0	18	0	11	0	0	0	0	0	0	22	3	0	0	0	14	0	0	0	0	0	0	0	0	0	0	0	0	0	0	8	0	0	0	0	0	0	0	0	0	0	0	0	0	0	0	0	0	0	0	0	0	0	0	0	0	0	0	0	0	0	0	0	0	0	0	0	0	0	0	0	0	0	0	0	0	0	4	0	0	0	0	0	0	0	0	0	0	0	0	0	0	0	15	31	0	0	0	0	0	0	0	0	2	0	5	0	0	0	0	0	0	0	0	6	0	0	0	0	0	0	4	0	0	0	0	0	0	0
d__Bacteria___p__Firmicutes___c__Clostridia___o__Oscillospirales___f__Ruminococcaceae___g__Caproiciproducens	0	0	0	0	0	0	0	0	0	0	0	0	0	0	0	0	0	19	0	0	0	0	0	0	0	0	0	0	0	294	0	0	0	0	0	0	0	0	0	0	0	0	0	0	0	0	0	0	0	0	0	0	0	0	0	0	0	11	0	0	0	0	0	0	0	0	0	0	0	0	0	0	0	0	0	0	0	0	33	0	0	0	0	0	0	0	0	0	0	0	0	0	0	0	0	0	0	0	0	0	0	0	0	0	0	0	0	0	0	0	0	0	0	0	0	0	0	0	0	0	0	0	0	0	0	0	0	0	0	0	0	0	0	0	0	0	0	0	0	0	0	0	0	0	0	0	0	0	0	0	0	0	0	0	0	0	0	0	21	0	0	0	0	0	0	0	0	0	0	0	0	0	0	0	0	0	0	0	0	0	157	0	0	0	0	0	0	0	0	0	0	0	0	0	0	0	0	0	0	0	0	0	0	0	0	0	0	0	0	0	0	0	0	0	0	0	0	0	0	0	0	0	0	0	0	0	0	0	0	0	10	0	0	0	0	0	0	0	0	0	0	0	0	0	0	0	0	0	0	0	0	0	0	0	0	0	0	0	0	0	0	0	0	0	0	0	0	0	0	0	0	0	0	0	0	0	0	0	0	53	0	0	0	0	0	33	0	0	825	4	0	7	0	3	0	8	0	0	0	0	0	5	0	0	27	0	0	0	0	4	0	0	12	0	14	0	0	0	0	11	0	8	4	0	0	2	0	2	27	0	12	0	0	0	0	0	0	0	47	0	0	0	0	0	0	0	0	0	0	0	0	0	0	0	0	0	0	0	0	0	0	0	0	0	0	0	0	0	4	0	0	0	4	0	0	0	0	0	4	0	0	16	0	0	0	0	0	0	0	0	0	0	0	0	0	0	6	0	0	0	0	0	0	0	0	0	61	0	0	12	0	0	0	147	0	0	0	0	0	0	0	0	0	0	0	0	0	0	0	0	0	0	0	0	0	0	0	0	0	0	0	0	0	0	0	0	0	0	0	0	0	0	0	0	0	0	0	0	0	0	0	0	0	0	0	0	0	0	0	0	0	0	0	0	0	0	0	0	0	0	0	7	0	0	0	0	0	0	0	7	0	0	0	0	16	0	0	21	0	0	0	0	0	0	0	0	0	0	0	0	0	0	0	0	0	0	0	0	10	10	6	0	0	0	0
d__Bacteria___p__Firmicutes___c__Clostridia___o__Oscillospirales___f__Ruminococcaceae___g__DTU089	0	0	0	0	0	35	0	0	19	0	0	0	0	0	0	0	0	0	0	0	0	0	0	0	0	0	0	157	0	14	0	0	0	0	0	0	0	0	0	9	0	0	0	0	0	0	0	0	0	0	0	0	0	0	0	0	0	0	0	0	0	0	0	0	0	0	0	0	0	0	0	73	0	0	15	0	0	0	37	0	0	0	0	0	0	0	0	0	0	0	0	0	0	0	0	0	0	0	0	0	0	0	0	0	0	0	0	8	0	0	0	0	0	0	0	0	0	0	0	0	0	0	0	0	0	0	0	0	0	0	0	0	0	0	0	0	0	0	0	0	0	0	0	0	0	0	0	0	0	0	0	0	0	0	0	0	0	0	0	0	12	0	0	0	0	0	0	0	0	0	0	0	0	0	0	0	0	0	0	0	45	0	0	0	0	0	0	0	0	0	0	0	0	0	0	0	0	0	0	0	0	0	0	0	0	0	0	0	0	0	0	0	0	0	0	0	0	0	91	0	0	0	0	0	13	0	0	0	0	0	0	0	0	0	0	0	0	0	0	0	0	0	0	0	0	0	0	0	0	0	0	0	0	0	0	0	0	0	0	0	0	0	0	0	0	0	0	0	0	0	0	0	0	0	0	0	0	43	0	100	0	0	0	0	0	0	0	0	378	0	7	0	0	0	3	26	10	18	19	0	6	9	25	5	0	30	0	7	0	0	0	0	0	0	0	0	19	0	29	0	0	0	0	0	0	0	0	15	33	0	0	0	0	7	70	0	0	0	0	0	0	0	0	0	0	0	0	0	41	0	0	0	0	0	0	0	29	0	36	43	0	0	0	0	0	0	19	43	0	14	0	4	0	0	0	125	33	0	0	0	0	0	23	54	0	0	0	0	23	0	0	20	21	0	0	0	6	115	0	0	0	34	56	0	0	0	0	0	7	0	0	37	0	124	0	0	0	0	0	0	0	0	0	0	0	0	0	0	0	0	0	0	0	0	0	0	0	0	0	0	0	0	0	0	0	0	0	0	0	0	0	0	0	0	0	0	0	0	0	0	0	0	0	0	0	0	0	0	0	0	0	0	0	0	0	0	0	0	19	0	0	0	0	0	0	0	0	0	0	150	678	0	0	0	0	0	0	0	0	14	0	0	0	0	0	0	0	0	0	0	26	0	0	17	0	0	0	0	0	66	0	25	0	77	0
d__Bacteria___p__Firmicutes___c__Clostridia___o__Oscillospirales___f__Ruminococcaceae___g__Faecalibacterium	7749	544	1560	2654	2726	1648	1880	1506	2793	4851	3021	2655	1387	4068	2756	4097	612	3342	2967	3398	3686	3140	3178	3216	1431	2956	8402	9698	28903	83652	4841	5949	5080	13578	2385	5011	34746	4427	4866	21286	8604	2641	15295	3444	2988	2316	1189	5274	1644	2097	3892	1275	3443	2868	2755	10818	987	3503	2016	4738	4659	2348	4111	3512	4110	1606	4942	936	4362	12439	3554	3930	0	3164	2127	2446	1971	82	1412	2849	1602	1119	3109	3069	1242	4385	2152	807	860	1429	2363	2009	4257	3481	1476	2451	844	1251	2169	2017	4898	1773	2622	1804	2426	1732	1362	497	1270	622	934	817	3690	1618	1582	1661	919	1328	1166	1211	2229	2534	2237	1220	2178	563	1155	2585	1408	1360	3389	2158	2598	1312	2374	2101	3596	3158	1771	2493	170	901	2784	3192	4129	2414	1032	1515	1987	2175	1949	3134	1551	2351	1991	1859	2584	1871	1690	1575	2795	2085	1935	2382	1595	1820	815	2882	1452	1758	1324	1351	1397	1149	1982	1536	732	2966	186	1337	1017	3318	316	2237	397	1581	4243	1949	1626	1483	5204	7775	2002	1695	1862	1189	3233	712	2410	3200	4690	1611	1817	730	2000	10322	758	37	2452	1213	0	680	5069	1188	1733	3594	2177	4484	35	3959	4313	1690	677	1245	1967	3828	2202	425	4440	7238	1899	2019	1447	2695	5041	1662	2331	1355	7014	4247	1505	2681	2629	827	547	2152	4308	2013	2121	1963	5097	1915	7449	6753	2861	2192	2191	3582	3981	2452	3555	1656	2559	3170	1790	2566	3037	6570	1961	560	255	5675	3753	3221	2893	754	1972	5563	6113	3678	8012	7578	2508	4487	5846	3649	16	0	40	2762	131	1315	1737	3168	3724	2764	1519	7354	2653	3265	3239	5565	8175	8322	3710	1748	11023	4977	5533	1930	2446	8915	3930	13242	7655	3436	4027	3008	8200	3861	4776	2812	7263	19679	2969	4153	394	3506	4756	4202	3627	6	3	1646	920	3826	4836	1602	2503	4707	5766	4737	4628	3029	567	1488	781	6197	2065	3388	9655	182	990	5053	1424	9688	1615	5166	7589	1061	0	4491	6591	732	5926	5136	3691	2536	8474	8734	5623	3723	188	530	7250	1788	1929	151	5765	453	3459	1392	3226	889	6044	3406	5766	2062	3785	244	1002	1752	1673	1114	4358	1003	4340	0	972	1829	1495	985	3838	2746	3531	4174	1012	1461	5264	10437	1315	1518	1802	1542	20659	2438	0	0	573	2766	2578	1294	2996	2391	2880	3263	1654	141	106	598	1187	1107	359	144	188	50	280	1275	1286	765	390	175	625	149	178	185	586	220	499	640	115	1557	3150	42	262	183	278	2300	775	2327	51	1367	1176	819	81	390	148	3149	215	206	524	868	1076	8107	441	7534	1168	4148	712	257	1300	6386	104	589	1873	168	355	325	49	18	0	493	1125	1174	4303	1901	412	8461	1322	2441	40	1218	15332	181	141	60	126	91	173	7318	1726	1501	5927	7359	942	433	414	5987	5234	4058	3404	150	891	1412	138
d__Bacteria___p__Firmicutes___c__Clostridia___o__Oscillospirales___f__Ruminococcaceae___g__Fournierella	0	0	0	0	0	0	0	0	0	0	0	0	0	0	0	0	0	0	0	0	0	0	0	0	0	0	0	0	0	314	0	0	0	0	0	0	0	0	0	0	0	0	0	0	0	0	0	43	0	0	0	0	0	0	20	0	0	0	31	0	0	0	0	0	0	0	88	25	0	0	0	0	0	0	0	0	0	0	0	0	0	0	0	0	0	0	0	0	0	0	0	0	0	0	0	0	0	0	0	67	0	0	0	0	0	0	0	0	0	0	0	0	0	0	0	0	0	0	0	0	0	0	0	0	0	0	0	0	0	0	0	0	0	0	0	0	0	0	0	0	0	0	0	0	0	0	0	0	0	0	0	0	0	0	0	0	0	0	0	0	0	0	0	0	0	0	0	0	0	0	0	0	0	0	0	0	0	0	0	0	0	0	0	0	0	0	0	0	0	0	0	0	0	0	89	0	0	0	0	0	0	0	0	0	0	0	53	0	0	0	0	0	0	0	0	0	0	0	0	0	0	0	0	0	0	92	0	0	0	0	0	0	0	0	0	0	0	0	0	0	0	0	0	0	0	0	136	0	0	0	74	0	0	0	0	0	43	0	0	0	0	0	0	0	0	0	0	0	0	0	0	0	25	0	0	0	0	0	0	419	0	0	0	0	0	0	0	0	0	65	0	0	0	0	0	228	0	0	532	13	53	0	0	0	56	0	16	0	0	0	0	0	0	16	0	0	0	24	0	0	0	0	0	13	0	0	7	0	0	0	40	0	0	0	0	0	0	0	0	89	0	0	0	0	0	0	0	0	0	0	0	0	0	0	38	0	0	0	0	0	0	0	0	0	0	0	0	0	0	0	0	0	0	0	0	0	0	0	0	0	0	96	0	0	0	0	0	0	0	0	0	0	0	0	0	0	0	0	0	0	0	0	0	0	0	0	0	0	0	0	0	0	0	0	0	0	0	0	0	0	0	0	0	0	0	102	0	0	0	0	0	0	0	0	0	0	0	0	0	0	0	0	0	0	0	0	0	0	0	0	0	0	0	0	0	0	0	0	0	0	0	0	0	0	0	0	0	0	0	0	0	0	0	0	0	0	0	0	0	0	0	52	0	0	0	0	0	40	0	0	0	0	0	0	0	0	0	0	0	0	0	0	0	0	0	0	0	0	0	0	0	0	0	0	0	0	0	0	0	0	0	0	0	0	0
d__Bacteria___p__Firmicutes___c__Clostridia___o__Oscillospirales___f__Ruminococcaceae___g__Harryflintia	0	0	0	0	0	0	0	0	0	0	0	0	0	0	0	0	0	0	0	0	0	0	0	0	0	0	0	0	0	0	0	0	0	0	0	0	0	0	0	0	0	0	0	0	0	0	0	0	0	0	0	0	0	0	0	0	0	0	0	0	0	0	0	0	0	0	0	0	0	0	0	0	0	0	0	0	0	0	0	0	0	0	0	0	0	0	0	0	0	0	0	0	0	0	0	0	0	0	0	0	0	0	0	0	0	0	0	0	0	0	0	0	0	0	0	0	0	0	0	0	0	0	0	0	0	0	0	0	0	0	0	0	0	0	0	0	0	0	0	0	0	0	0	0	0	0	0	0	0	0	0	0	0	0	0	0	0	0	0	0	0	0	0	0	0	0	0	0	0	0	0	0	0	0	0	0	0	0	0	0	0	0	0	0	0	0	0	0	0	0	0	0	0	0	0	0	0	0	0	0	0	0	0	0	0	0	0	0	0	0	0	0	0	0	0	0	0	0	0	0	0	0	0	0	0	0	0	0	0	0	0	0	11	0	0	0	0	0	0	0	0	0	0	0	0	0	0	0	0	0	0	0	0	0	0	0	0	0	0	0	0	0	0	0	0	0	0	0	0	0	0	0	0	0	0	0	0	0	0	0	0	0	0	0	0	0	0	0	0	0	0	0	0	0	0	0	0	0	0	0	0	0	0	0	0	0	0	0	0	0	0	0	0	0	0	0	0	0	0	0	0	0	0	0	0	0	0	2	0	0	0	0	0	0	0	0	0	0	0	0	0	0	0	0	0	0	0	0	0	0	0	0	0	0	0	0	138	0	0	0	0	0	0	0	0	0	0	0	0	0	0	0	0	0	0	0	0	0	0	0	0	0	0	0	0	0	0	0	0	0	0	0	0	0	0	0	0	0	0	0	0	0	0	0	0	0	0	0	0	0	0	6	0	0	0	0	0	0	0	0	0	0	0	0	0	0	0	0	0	0	0	0	0	0	0	0	0	0	0	0	0	0	0	0	0	0	0	0	0	0	0	0	0	0	0	0	0	0	0	0	0	0	0	0	0	0	0	0	0	0	0	0	0	0	0	0	0	0	0	0	0	0	0	0	0	0	0	0	0	0	0	0	0	0	0	0	0	0	0	0	0	0	0	0	0	0	0	0	0	0	0	0	0	0	0	0	0	0	0	0	0	0	0	0	0
d__Bacteria___p__Firmicutes___c__Clostridia___o__Oscillospirales___f__Ruminococcaceae___g__Incertae_Sedis	172	39	77	120	330	288	513	47	92	101	127	294	96	74	140	88	52	0	64	1921	391	25	784	427	73	254	692	582	1879	1662	400	543	237	107	64	307	483	304	454	2926	375	52	829	308	64	71	1325	145	901	101	216	192	173	143	618	173	163	117	333	341	39	245	102	292	49	45	533	474	40	147	141	560	59	137	117	167	133	105	262	174	0	199	343	233	107	189	264	124	142	110	19	89	167	282	122	373	79	35	0	185	115	332	279	55	70	31	188	262	12	48	61	0	485	345	78	114	84	203	56	219	58	55	166	84	0	104	0	321	125	41	0	46	0	249	219	0	62	212	0	18	18	382	95	101	139	49	11	126	384	184	196	0	30	0	0	55	115	24	0	191	97	143	45	103	148	56	56	147	18	78	32	140	354	94	83	37	232	0	0	347	65	162	72	14	0	0	9	176	20	24	230	264	220	198	256	51	224	37	187	442	424	42	879	19	28	413	547	38	115	29	310	45	607	90	71	0	59	130	250	283	599	57	97	97	526	1740	0	213	719	395	16	84	26	58	184	80	203	95	0	270	106	513	94	55	30	96	318	80	31	88	26	152	1233	228	23	432	65	148	527	340	16	21	113	115	128	72	1628	56	87	425	90	213	75	335	52	182	188	374	0	1495	35	0	30	48	280	264	0	0	678	13	73	7	6	186	15	32	50	33	144	102	121	7	366	163	172	54	971	35	26	8	21	9	28	46	51	101	6	19	62	52	40	23	21	156	24	149	98	36	102	56	43	0	0	36	230	16	116	0	10	27	39	0	0	0	20	63	26	66	250	38	40	6	0	238	17	0	331	169	98	217	0	0	32	23	66	0	469	96	0	0	87	47	17	195	0	160	180	110	0	205	18	33	11	47	46	14	64	0	29	38	674	0	25	0	159	0	0	527	6	90	0	42	35	20	0	576	135	0	0	42	0	74	422	110	16	24	0	0	0	37	72	135	77	121	135	310	107	0	22	0	44	46	25	10	0	0	47	0	128	86	0	5	44	0	0	0	52	0	0	21	0	119	173	0	0	14	6	88	39	68	5	118	47	18	22	23	13	176	17	37	60	1151	50	14	454	64	31	155	40	0	0	25	0	26	117	54	0	0	0	50	175	0	0	19	12	11	0	24	0	37	0	0	22	21	0	0	26	31	31	126	139	140	270	109	0	0	26	105	0	144	58	27	50	159	28
d__Bacteria___p__Firmicutes___c__Clostridia___o__Oscillospirales___f__Ruminococcaceae___g__Negativibacillus	17	0	0	0	163	17	43	0	53	0	59	0	0	8	0	0	0	14	0	0	32	0	6	0	0	0	0	0	274	145	0	0	0	0	0	0	0	32	0	0	0	0	0	0	0	0	21	0	0	47	25	0	0	11	0	0	0	123	91	40	0	0	0	0	0	0	0	0	0	0	0	56	0	10	21	0	0	0	0	0	0	0	21	0	0	0	0	0	0	0	103	0	0	0	0	0	0	0	0	0	0	0	0	0	0	0	0	47	0	0	0	0	0	0	0	15	0	0	0	0	37	0	0	0	0	0	0	0	0	0	0	0	0	0	0	0	61	0	0	0	0	0	0	0	0	0	0	0	0	0	0	0	0	0	0	0	0	0	0	0	0	0	0	0	0	0	0	0	48	0	0	0	0	0	0	0	0	0	0	0	90	40	0	0	0	0	0	0	0	0	37	0	0	88	0	0	40	0	0	0	349	77	37	0	0	124	0	0	0	0	0	0	0	22	0	0	0	0	292	259	9	19	0	0	0	0	0	0	0	0	54	0	0	0	0	0	0	0	0	0	0	19	11	0	0	0	0	37	17	25	0	0	0	72	0	195	0	0	0	0	0	44	0	79	29	0	0	0	29	0	12	0	0	25	0	36	0	0	0	0	0	0	37	0	0	31	0	0	0	0	0	0	0	3	15	62	0	41	30	0	0	0	22	0	0	0	0	0	0	0	0	0	70	0	70	9	0	78	0	79	0	0	96	17	57	0	21	105	69	0	11	0	0	146	0	0	0	0	0	54	0	0	0	0	0	0	0	0	0	0	0	11	0	0	0	0	49	0	379	113	0	0	105	0	0	0	163	83	0	0	0	19	0	0	71	93	0	0	0	24	97	61	16	34	38	0	0	27	19	0	0	0	26	0	0	0	40	773	17	0	0	59	0	16	0	129	0	0	0	0	0	96	85	353	0	0	0	0	0	0	0	0	0	0	30	0	0	0	0	0	18	0	0	0	0	0	0	0	0	0	0	0	0	0	0	0	0	0	0	0	0	0	0	0	0	0	0	0	24	61	0	0	0	0	0	0	0	0	0	0	0	0	0	0	0	0	0	13	18	0	0	0	0	0	0	0	17	0	0	0	0	0	0	0	0	0	0	0	0	0	0	0	27	0	0	0	0	0	0	0	0	0	124	0	0	0	0	26	0	32	0	21	0	20	0
d__Bacteria___p__Firmicutes___c__Clostridia___o__Oscillospirales___f__Ruminococcaceae___g__Paludicola	0	8	0	0	0	0	0	0	0	0	0	0	0	0	41	0	0	0	0	0	0	0	0	0	0	0	0	0	0	65	0	0	0	0	0	0	0	0	0	0	0	0	0	0	0	0	0	0	0	0	0	0	0	0	5	0	0	0	0	0	3	0	0	0	0	0	0	0	0	0	0	0	0	0	0	0	1493	0	80	0	0	0	0	0	0	0	0	0	0	0	0	0	0	0	0	0	0	0	0	31	0	0	0	0	0	0	0	0	0	0	0	0	0	0	0	0	0	0	12	0	0	0	0	0	0	0	0	0	0	0	0	0	0	0	0	0	0	0	0	0	0	0	0	0	0	0	0	0	0	0	0	0	0	0	0	0	0	0	0	0	0	0	20	0	0	0	0	0	0	0	0	0	0	0	0	0	0	0	0	0	0	0	0	0	0	0	0	0	0	0	0	0	0	0	8	0	0	0	0	21	0	0	0	0	33	0	0	0	0	0	0	0	0	0	0	13	0	0	0	0	0	0	0	0	0	0	0	0	0	0	0	0	0	0	0	0	0	0	0	0	0	0	0	0	0	0	0	0	0	0	0	14	0	0	0	0	0	0	0	19	0	0	0	0	0	0	0	0	0	0	0	0	0	0	0	0	0	0	0	49	0	0	0	0	0	0	0	0	19	2	3	0	3	0	0	5	0	12	6	19	0	0	0	0	4	18	0	0	0	0	0	0	20	0	0	0	0	27	0	16	0	0	0	0	0	5	0	0	33	0	0	0	0	0	14	50	0	6	0	0	0	0	0	0	0	0	0	40	0	38	0	0	4	0	0	0	0	20	23	0	0	0	0	0	0	0	0	0	0	0	0	0	0	0	0	0	87	0	0	62	0	0	0	0	0	0	0	0	0	0	0	0	0	0	0	0	0	127	0	0	0	0	12	0	0	0	0	0	0	0	0	0	0	46	0	0	0	0	0	0	0	0	0	0	0	0	0	0	0	0	0	0	0	0	0	0	0	0	0	0	0	0	0	0	0	0	0	0	0	0	0	0	0	0	0	0	0	0	0	0	0	0	0	0	0	0	0	0	0	0	0	0	0	0	0	0	0	0	0	0	0	0	0	0	0	0	0	0	0	0	31	0	0	0	0	0	0	0	0	0	0	0	0	0	0	0	0	0	0	0	0	69	0	0	0	4	0	0	6	0	0	0	0	0	0
d__Bacteria___p__Firmicutes___c__Clostridia___o__Oscillospirales___f__Ruminococcaceae___g__Phocea	0	0	0	0	0	0	0	0	0	0	0	0	0	0	0	0	0	0	0	0	0	0	0	0	0	0	0	0	0	0	0	0	0	0	0	0	0	0	0	0	0	0	0	0	0	0	0	0	0	0	0	0	0	0	0	0	0	0	0	0	0	0	0	0	0	0	0	0	0	0	0	0	0	0	0	0	0	0	0	0	0	0	0	0	0	0	0	0	0	0	0	0	0	0	0	0	0	0	0	0	0	0	0	0	0	0	0	0	0	0	0	0	0	0	0	0	0	0	0	0	0	0	0	0	0	0	0	0	0	0	0	0	0	0	0	0	0	0	0	0	0	0	0	0	0	0	0	0	0	0	0	0	0	0	0	0	0	0	0	0	0	0	0	0	0	0	0	0	0	0	0	0	0	0	0	0	0	0	0	0	0	0	0	0	0	0	0	0	0	0	0	0	0	0	0	0	0	0	0	0	0	0	0	0	0	0	0	0	0	0	0	0	0	0	0	0	0	0	0	0	0	0	0	0	0	0	0	0	0	0	0	0	0	0	0	0	0	0	0	0	0	0	0	0	0	0	0	0	0	0	0	0	0	0	0	0	0	0	0	0	0	0	0	0	0	0	0	0	0	0	0	0	0	0	0	0	0	0	0	0	0	0	0	0	0	0	0	0	0	0	0	0	0	0	0	5	0	0	0	0	0	0	0	0	0	0	0	0	0	0	0	0	0	0	0	0	0	0	0	0	0	0	0	0	0	0	0	0	0	0	0	0	0	0	0	0	0	0	0	0	0	0	0	0	0	0	0	0	0	0	0	0	0	0	0	0	0	0	0	0	0	0	35	0	0	0	0	0	0	0	0	0	0	0	0	20	0	0	0	0	0	0	0	0	0	0	0	0	0	0	0	0	0	0	0	0	0	0	0	0	0	0	0	0	0	0	0	0	0	0	0	0	0	0	0	0	0	0	0	0	0	0	0	0	0	0	0	0	0	0	0	0	0	0	0	0	0	0	0	0	0	0	0	0	0	0	0	0	0	0	0	0	0	0	0	0	0	0	0	0	0	0	0	0	0	0	0	0	0	0	0	0	0	0	0	0	0	0	0	0	0	0	0	0	0	0	0	0	0	0	0	0	0	0	0	2	0	0	0	0	0	0	0	0	0	0	0	0	0	0	0	0	0	0	0	0	0	8	0	0	0	0	0	0	0
d__Bacteria___p__Firmicutes___c__Clostridia___o__Oscillospirales___f__Ruminococcaceae___g__Pygmaiobacter	0	0	0	0	0	0	0	0	0	0	0	0	0	0	0	0	0	0	0	0	0	0	0	0	0	0	0	0	0	0	0	0	0	0	0	0	0	0	0	0	0	0	0	0	0	0	0	0	0	0	0	0	0	0	0	0	0	0	0	0	0	0	0	0	0	0	0	0	0	0	0	0	0	0	0	0	0	0	0	0	0	0	0	0	0	0	0	0	0	0	0	0	0	0	0	0	0	0	0	0	0	0	0	0	0	0	0	0	0	0	0	0	0	0	0	0	0	0	0	0	0	0	0	0	0	0	0	0	0	0	0	0	0	0	0	0	0	0	0	0	0	0	0	0	0	0	0	0	0	0	0	0	0	0	0	0	0	0	0	0	0	0	0	0	0	0	0	0	0	0	0	0	0	0	0	0	0	0	0	0	0	0	0	0	0	0	0	0	0	0	0	0	0	0	0	0	0	0	0	0	0	0	0	0	0	0	0	0	0	0	0	0	0	0	0	0	0	0	0	0	0	0	0	0	0	0	0	0	0	0	0	0	0	0	0	0	0	0	0	0	0	0	0	0	0	0	0	0	0	0	0	0	0	0	0	0	0	0	0	0	0	0	0	0	0	0	0	0	0	0	0	0	0	0	0	0	0	0	0	0	0	0	0	0	0	0	0	0	0	0	9	0	0	0	0	0	0	0	6	0	6	32	0	0	0	0	0	0	0	0	0	0	0	0	0	0	0	0	0	0	0	0	0	12	0	0	0	0	0	0	0	0	0	0	0	0	0	0	0	0	0	0	0	0	0	0	0	0	0	0	0	0	32	0	0	0	0	0	0	0	0	0	0	0	0	0	0	0	0	0	0	0	0	0	0	0	0	0	0	0	0	0	0	0	0	0	0	0	0	0	0	0	0	0	0	0	0	0	0	0	0	0	0	0	0	0	0	0	0	0	0	0	0	0	0	0	0	0	0	0	0	0	0	0	0	0	0	0	0	0	0	0	0	0	0	0	0	0	0	0	0	0	0	0	0	0	0	0	0	0	0	0	0	0	0	0	0	0	0	0	0	0	0	0	0	0	0	0	0	0	0	0	0	0	0	0	0	0	0	0	0	0	0	0	0	0	0	0	0	0	0	0	0	0	0	0	0	0	0	0	0	0	0	0	0	0	0	0	0	0	0	0	0	0	0	0	0	0	0	0	0	0	0	6	0
d__Bacteria___p__Firmicutes___c__Clostridia___o__Oscillospirales___f__Ruminococcaceae___g__Ruminococcus	0	125	43	75	58	20	238	154	491	35	66	23	11	4	48	172	0	49	46	36	108	9	377	89	402	780	1545	80	414	435	112	156	3639	989	0	24	262	28	482	2812	234	1292	0	41	169	197	205	208	100	10	300	14	237	881	734	0	15	1124	24	33	0	681	8	80	27	0	42	27	745	15	400	2273	0	16	32	0	53	5	183	44	7	51	76	150	272	442	41	632	10	47	9	14	68	656	0	23	26	0	0	143	238	220	37	235	391	35	41	0	0	43	297	100	1124	364	165	129	0	989	492	29	307	0	44	0	49	0	58	75	0	0	0	78	140	98	83	107	2528	124	0	303	0	560	0	202	0	0	24	12	0	125	492	7	136	29	40	0	59	0	0	147	25	48	56	280	707	276	0	145	738	550	145	0	388	575	130	35	106	86	0	0	1441	0	0	0	0	0	0	157	151	421	0	305	77	211	50	257	105	9	479	157	0	811	31	0	88	308	256	0	0	253	44	0	1321	175	1646	70	85	1643	341	682	320	11	188	0	87	75	23	184	42	13	528	77	522	0	159	0	2084	37	0	2529	42	326	0	0	0	48	431	0	128	0	229	198	0	243	807	0	2869	568	87	204	0	0	73	658	557	159	141	0	534	113	0	118	401	596	701	11	0	78	59	1811	610	845	308	870	3619	67	0	0	530	964	113	1990	36	103	335	136	24	349	502	240	160	328	653	48	733	127	373	1458	1653	165	326	0	551	413	285	225	17	347	250	146	259	28	578	10	0	174	1128	398	681	4	828	0	0	392	1026	87	98	48	423	836	511	358	130	19	167	0	175	69	321	80	27	247	15	317	2700	768	0	594	988	65	0	441	0	0	696	301	659	330	2021	143	205	873	302	507	258	0	0	19	154	1106	5164	258	181	565	2025	757	98	380	137	64	0	326	174	205	511	87	171	459	18	20	1615	449	288	340	1705	351	0	290	514	392	7	182	74	653	0	97	0	0	0	66	87	0	394	398	163	106	0	40	0	14	110	392	11	0	0	0	10	47	25	0	33	0	53	0	0	0	58	21	54	0	60	0	0	14	0	0	9	0	0	914	15	0	31	103	0	109	0	7	36	0	0	43	10	584	0	191	295	807	12	0	344	254	0	10	0	31	23	18	45	19	287	0	52	384	1651	7	0	43	3	0	0	15	264	0	0	0	0	10	0	940	241	172	14	769	31	14	0	0	303	1191	317	0	36	526	0
d__Bacteria___p__Firmicutes___c__Clostridia___o__Oscillospirales___f__Ruminococcaceae___g__Subdoligranulum	492	1461	0	1377	2160	2219	874	864	1088	1089	574	906	0	1145	1439	1333	679	2568	1526	648	2391	1013	5638	2127	388	731	2801	2578	7351	6709	1165	2703	2454	2769	473	748	2170	489	1249	3000	1639	314	1573	1838	219	247	6301	705	1122	647	1184	1386	6863	4431	5647	2395	848	1010	694	1549	941	605	568	1858	3121	1020	1891	1631	1594	547	1592	894	4	1089	1240	836	1885	0	0	2228	96	897	884	1692	567	1366	1995	284	2128	1340	0	382	768	1031	0	604	352	275	853	844	266	2276	3201	689	424	729	492	395	356	410	829	258	1181	322	1035	907	600	232	1210	770	609	571	296	1279	471	234	1201	438	1090	453	601	339	508	508	913	310	2698	1247	425	1216	165	609	354	516	388	446	538	675	120	2228	992	424	1202	883	1075	1627	0	1403	1077	1501	0	469	559	346	380	583	912	1004	655	497	426	254	331	555	571	1427	1616	401	96	646	1994	205	1281	375	2501	593	651	1158	1274	1508	355	1199	1036	2606	2183	1205	1046	458	0	878	1049	1508	1681	120	2415	1290	1042	0	787	1110	218	3105	2958	1464	1402	2223	1091	4799	0	1663	3079	1088	931	101	764	3246	819	2752	1414	1990	5359	869	1344	1374	1941	1362	1343	233	1709	4888	691	1689	180	0	112	929	3261	527	292	702	3459	191	2391	2377	1391	247	1038	1418	1112	920	1334	234	888	1408	1130	611	2151	957	1667	1140	56	886	833	1692	410	559	1252	618	1332	0	187	1492	950	0	541	6592	0	0	1167	137	395	197	843	559	593	698	662	640	1636	1757	580	700	1172	776	1389	755	1385	1325	4792	767	921	467	1723	3561	624	407	657	523	34	830	1725	686	1253	758	230	1074	134	1799	2221	190	1384	0	0	1557	2338	1213	803	189	914	2143	922	981	0	507	48	22	124	1229	1455	1009	3080	658	1690	1711	168	2210	128	1613	991	2323	0	42	642	98	933	953	1125	0	1183	302	1002	912	2114	875	333	87	402	303	373	7022	1935	1279	2372	480	2388	5825	283	2558	149	2088	1263	617	858	150	509	48	172	32	0	233	69	0	811	456	852	311	691	1010	342	788	34	4542	371	1378	1398	316	0	0	45	1108	488	409	1207	1890	1965	2462	2559	0	0	104	515	704	104	117	30	71	49	432	226	215	99	33	288	146	0	60	1379	57	381	247	639	541	149	15	125	309	45	719	84	1667	109	1539	17	329	46	0	30	1023	111	125	34	1622	273	0	0	1492	217	417	351	0	335	793	0	107	1361	447	74	170	76	0	0	33	348	587	1579	246	61	797	79	1403	66	104	722	374	0	8	36	0	68	8206	199	3611	5011	3621	621	533	84	232	404	548	744	709	589	3572	574
d__Bacteria___p__Firmicutes___c__Clostridia___o__Oscillospirales___f__Ruminococcaceae___g__UBA1819	0	14	0	0	0	0	0	0	0	0	0	0	125	0	0	0	0	0	0	0	0	0	0	0	0	0	0	0	93	0	0	0	0	0	0	0	0	4	0	0	0	7	40	0	0	119	0	6	0	0	25	0	0	0	0	0	0	13	0	0	0	22	0	0	0	0	20	0	0	0	0	0	0	0	16	0	0	0	82	0	0	0	0	0	0	0	0	0	38	0	0	0	8	0	9	0	0	0	0	0	0	0	0	0	0	0	0	0	0	0	0	0	0	0	0	0	0	0	0	0	0	0	0	0	0	0	0	0	0	0	0	0	0	0	0	0	0	0	0	0	0	0	0	0	0	0	0	0	0	0	0	0	0	0	0	0	0	0	0	0	0	35	0	0	0	0	0	0	0	0	0	0	0	0	0	0	0	0	0	0	0	0	24	0	0	0	0	0	0	0	0	0	0	0	0	0	0	0	143	0	0	0	26	0	0	0	0	0	0	0	0	0	0	0	0	0	0	0	187	0	0	0	0	0	0	0	0	0	0	42	0	0	0	0	0	0	0	0	0	0	0	0	0	0	0	0	0	0	0	0	0	0	0	0	0	0	0	0	0	0	0	78	0	0	0	0	0	74	0	0	0	0	0	0	0	0	0	0	0	267	0	30	0	76	0	238	0	0	35	4	247	0	0	54	8	12	7	0	6	7	13	0	14	24	0	5	12	0	16	0	0	0	35	8	6	0	7	21	14	6	19	11	27	0	21	0	98	8	23	0	0	0	0	0	0	0	71	0	0	0	0	0	0	0	0	0	0	0	0	15	0	0	0	0	0	0	0	0	133	363	0	0	0	0	0	0	0	0	0	0	0	0	91	0	0	39	0	0	0	137	0	193	76	0	0	18	44	0	0	162	0	0	0	0	0	0	0	0	0	0	0	0	47	0	44	0	314	0	0	0	0	0	0	0	0	0	0	0	0	0	0	0	0	0	0	0	0	0	0	0	0	0	0	0	0	0	0	0	0	0	0	0	0	0	0	0	0	0	0	0	41	0	0	0	0	0	0	0	0	0	0	0	8	0	0	0	0	15	0	0	0	0	0	29	0	0	0	0	0	0	0	0	0	0	0	0	0	0	0	93	508	0	0	22	34	0	0	0	0	0	0	0	0	0	0	0	0	0	0	0	61	0	0	0	0	0	0	0	0	0	0	0	0	0	24
d__Bacteria___p__Firmicutes___c__Clostridia___o__Oscillospirales___f__UCG-010	0	455	0	58	0	66	29	0	33	20	0	0	0	0	9	0	0	0	0	0	22	0	0	0	0	0	0	0	0	195	0	0	91	0	0	0	0	0	0	0	0	10	0	0	0	0	0	24	0	0	0	0	11	0	135	0	0	9	11	0	0	0	0	0	0	0	0	9	419	0	11	0	0	0	0	0	4	0	0	0	0	42	0	0	0	0	263	0	0	11	0	0	25	0	0	0	0	0	0	47	0	34	0	0	0	0	0	0	0	0	0	0	0	0	0	0	0	0	0	0	0	0	0	0	0	0	0	0	20	0	0	0	0	0	0	0	0	0	0	0	0	0	0	0	0	0	0	0	0	0	0	0	0	0	0	0	0	0	0	0	0	0	0	0	0	0	0	0	8	0	8	0	0	0	0	0	0	14	0	0	18	0	0	0	0	0	0	0	8	0	0	0	54	0	16	0	4	0	0	20	0	22	0	0	0	0	0	0	0	0	0	0	53	0	14	0	0	16	10	49	214	0	0	0	29	87	0	0	0	0	107	0	0	0	0	0	24	171	0	210	0	9	0	0	0	0	123	0	0	0	5	0	0	0	0	0	59	0	0	3	0	0	0	10	8	0	0	0	7	0	0	0	19	0	0	0	0	0	0	36	28	0	252	0	0	0	0	0	0	262	121	595	0	0	298	468	0	367	377	60	357	311	244	15	238	102	2	144	9	87	126	0	102	50	233	355	0	503	18	147	27	0	6	0	18	252	160	176	209	0	333	0	0	22	39	1013	106	91	494	177	6	0	0	37	399	0	664	49	9	74	0	313	111	93	445	75	0	0	0	498	0	40	0	119	114	0	10	244	393	0	4	244	10	54	0	0	131	200	316	101	971	25	71	406	0	48	0	649	0	71	0	247	0	134	12	0	0	146	0	164	38	0	0	0	6	0	0	310	136	524	13	30	0	233	0	5	0	0	0	0	0	0	0	0	0	0	0	0	0	0	0	0	0	0	0	0	0	0	0	0	0	0	0	0	0	0	0	0	0	0	0	0	0	0	0	0	0	0	0	314	0	0	0	0	0	0	0	0	0	0	0	0	0	0	0	0	0	0	4	0	163	2612	0	0	0	0	0	22	0	0	0	0	0	0	0	428	40	1596	15	0	0	9	45	0	0	0	14	0	0	47	143	185	0	13	0	6	0	0	1296	55	247	122	145	38	193
d__Bacteria___p__Firmicutes___c__Clostridia___o__Oscillospirales___f__UCG-011	0	0	0	0	0	0	0	0	0	0	0	0	0	0	0	0	0	0	0	0	0	0	0	0	0	0	0	0	0	0	0	0	0	0	0	0	0	0	0	0	0	0	0	0	0	0	0	0	0	0	0	0	0	0	0	0	0	0	0	0	0	0	0	0	0	0	0	0	12	0	0	0	0	0	0	0	0	0	0	0	0	0	0	0	0	0	10	0	0	0	0	0	0	0	0	0	0	0	0	0	0	0	0	0	0	0	0	0	0	0	0	0	0	0	0	0	0	0	0	0	0	0	0	0	0	0	0	0	0	0	0	0	0	0	0	0	0	0	0	0	0	0	0	0	0	0	0	0	0	0	0	0	0	0	0	0	0	0	0	0	0	0	0	0	0	0	0	0	0	0	0	0	0	0	0	0	0	0	0	0	0	0	0	0	0	0	0	0	0	0	0	0	0	0	0	0	0	0	0	0	0	0	0	0	0	0	0	0	0	0	0	0	0	0	0	0	0	0	0	0	0	0	0	0	0	0	0	0	0	0	0	0	0	0	0	0	0	0	0	0	0	0	0	0	0	0	0	0	0	0	0	0	0	0	0	0	0	0	0	0	0	0	0	0	0	0	0	0	0	0	0	0	0	0	0	0	0	0	0	0	0	0	0	0	0	0	0	0	0	0	0	0	0	0	0	0	0	0	0	0	0	0	0	0	0	0	0	0	0	0	0	0	0	0	0	0	0	0	0	0	0	0	0	0	0	0	0	0	0	0	0	0	0	0	0	0	0	0	0	0	0	0	0	0	0	0	0	0	0	0	0	0	0	0	0	0	0	0	0	0	0	0	0	0	0	0	0	0	0	0	0	0	0	0	0	0	0	0	0	0	0	0	0	0	0	0	0	0	0	0	0	0	0	0	0	0	0	0	0	0	0	0	0	0	0	0	0	0	0	67	0	0	0	0	0	0	0	0	0	0	0	0	0	0	0	0	0	0	0	0	0	0	0	0	0	0	0	0	0	0	0	0	0	0	0	0	0	0	0	0	0	0	0	0	0	0	0	0	0	0	0	0	0	0	0	0	0	0	0	0	0	0	0	0	0	0	0	0	0	0	0	0	0	0	0	0	0	0	0	0	0	0	0	0	0	0	0	0	0	0	0	0	0	0	0	0	0	0	0	0	0	0	0	0	0	0	0	0	0	0	0	0	0	0	0
d__Bacteria___p__Firmicutes___c__Clostridia___o__Peptococcales	0	29	0	0	0	61	0	0	18	0	36	0	0	0	0	0	0	191	0	0	0	0	8	0	0	0	26	5	253	252	6	0	0	46	0	0	0	0	0	0	11	0	0	0	8	0	0	86	0	0	0	0	0	0	0	0	0	42	0	0	0	0	0	0	0	0	15	0	0	0	0	0	0	24	0	0	7	0	0	0	0	0	21	0	0	0	0	0	0	12	30	0	31	0	0	10	0	0	0	0	0	0	0	0	0	0	0	0	0	0	0	0	0	0	0	0	0	0	0	0	0	0	0	0	0	0	0	0	0	0	0	0	0	0	0	0	47	0	0	0	0	0	0	0	0	0	0	0	0	0	0	0	0	0	0	0	0	0	0	0	0	0	0	0	0	53	0	6	0	0	0	0	0	0	0	0	0	0	0	0	0	0	0	0	0	0	0	0	0	48	0	0	0	0	0	0	0	0	41	0	50	0	0	0	39	35	0	0	0	0	0	0	38	0	42	260	0	0	0	58	0	0	0	0	0	68	87	0	0	17	22	0	0	38	0	0	0	0	0	0	0	0	0	0	0	49	0	0	0	8	63	12	147	292	0	9	22	0	0	11	0	0	0	0	115	0	0	0	0	0	0	0	0	0	0	0	0	0	0	0	0	0	10	0	0	0	0	0	0	6	20	10	0	77	29	35	0	30	13	14	18	6	10	0	16	6	205	15	0	5	16	0	3	13	35	19	0	16	0	15	0	0	0	6	0	12	25	2	29	0	0	0	0	0	25	98	0	7	0	18	0	15	0	0	0	0	8	0	0	15	0	0	0	0	0	26	0	0	0	0	0	0	0	0	0	0	31	50	0	0	0	0	0	0	0	0	0	0	8	0	0	53	15	49	0	0	0	9	11	0	0	0	0	0	0	0	0	0	0	0	0	20	0	0	0	0	0	0	58	0	0	326	0	47	0	0	0	0	0	0	0	0	0	0	24	57	0	0	0	0	0	0	0	0	0	0	0	0	0	0	0	0	0	0	0	0	0	0	8	0	24	0	0	0	0	0	0	47	0	0	0	0	0	0	0	0	0	0	0	0	0	0	0	0	0	0	0	0	0	0	0	20	0	0	0	0	0	0	0	4	0	0	0	0	8	0	0	25	0	0	0	0	10	0	0	0	0	0	0	10	36	0	0	0	0	0	0	0	33	16	0	0	0	0	0
d__Bacteria___p__Firmicutes___c__Clostridia___o__Peptococcales___f__Peptococcaceae	0	29	0	0	0	61	0	0	18	0	36	0	0	0	0	0	0	191	0	0	0	0	8	0	0	0	26	5	253	252	6	0	0	46	0	0	0	0	0	0	11	0	0	0	8	0	0	86	0	0	0	0	0	0	0	0	0	42	0	0	0	0	0	0	0	0	15	0	0	0	0	0	0	24	0	0	7	0	0	0	0	0	21	0	0	0	0	0	0	12	30	0	31	0	0	10	0	0	0	0	0	0	0	0	0	0	0	0	0	0	0	0	0	0	0	0	0	0	0	0	0	0	0	0	0	0	0	0	0	0	0	0	0	0	0	0	47	0	0	0	0	0	0	0	0	0	0	0	0	0	0	0	0	0	0	0	0	0	0	0	0	0	0	0	0	53	0	6	0	0	0	0	0	0	0	0	0	0	0	0	0	0	0	0	0	0	0	0	0	48	0	0	0	0	0	0	0	0	41	0	50	0	0	0	39	35	0	0	0	0	0	0	38	0	42	260	0	0	0	58	0	0	0	0	0	68	87	0	0	17	22	0	0	38	0	0	0	0	0	0	0	0	0	0	0	49	0	0	0	8	63	12	147	292	0	9	22	0	0	11	0	0	0	0	115	0	0	0	0	0	0	0	0	0	0	0	0	0	0	0	0	0	10	0	0	0	0	0	0	6	20	10	0	77	29	35	0	30	13	14	18	6	10	0	16	6	205	15	0	5	16	0	3	13	35	19	0	16	0	15	0	0	0	6	0	12	25	2	29	0	0	0	0	0	25	98	0	7	0	18	0	15	0	0	0	0	8	0	0	15	0	0	0	0	0	26	0	0	0	0	0	0	0	0	0	0	31	50	0	0	0	0	0	0	0	0	0	0	8	0	0	53	15	49	0	0	0	9	11	0	0	0	0	0	0	0	0	0	0	0	0	20	0	0	0	0	0	0	58	0	0	326	0	47	0	0	0	0	0	0	0	0	0	0	24	57	0	0	0	0	0	0	0	0	0	0	0	0	0	0	0	0	0	0	0	0	0	0	8	0	24	0	0	0	0	0	0	47	0	0	0	0	0	0	0	0	0	0	0	0	0	0	0	0	0	0	0	0	0	0	0	20	0	0	0	0	0	0	0	4	0	0	0	0	8	0	0	25	0	0	0	0	10	0	0	0	0	0	0	10	36	0	0	0	0	0	0	0	33	16	0	0	0	0	0
d__Bacteria___p__Firmicutes___c__Clostridia___o__Peptococcales___f__Peptococcaceae___g__Peptococcus	0	0	0	0	0	61	0	0	18	0	0	0	0	0	0	0	0	191	0	0	0	0	0	0	0	0	26	5	253	0	0	0	0	0	0	0	0	0	0	0	0	0	0	0	0	0	0	86	0	0	0	0	0	0	0	0	0	0	0	0	0	0	0	0	0	0	0	0	0	0	0	0	0	24	0	0	7	0	0	0	0	0	0	0	0	0	0	0	0	0	21	0	0	0	0	10	0	0	0	0	0	0	0	0	0	0	0	0	0	0	0	0	0	0	0	0	0	0	0	0	0	0	0	0	0	0	0	0	0	0	0	0	0	0	0	0	0	0	0	0	0	0	0	0	0	0	0	0	0	0	0	0	0	0	0	0	0	0	0	0	0	0	0	0	0	53	0	0	0	0	0	0	0	0	0	0	0	0	0	0	0	0	0	0	0	0	0	0	0	48	0	0	0	0	0	0	0	0	41	0	50	0	0	0	39	35	0	0	0	0	0	0	6	0	42	260	0	0	0	42	0	0	0	0	0	68	87	0	0	17	0	0	0	38	0	0	0	0	0	0	0	0	0	0	0	49	0	0	0	0	0	12	0	292	0	0	0	0	0	0	0	0	0	0	115	0	0	0	0	0	0	0	0	0	0	0	0	0	0	0	0	0	10	0	0	0	0	0	0	6	11	0	0	77	9	6	0	0	0	0	12	0	0	0	0	0	205	15	0	0	0	0	3	13	0	0	0	11	0	0	0	0	0	0	0	0	25	0	0	0	0	0	0	0	0	0	0	0	0	0	0	0	0	0	0	0	0	0	0	0	0	0	0	0	0	0	0	0	0	0	0	0	0	0	0	0	0	0	0	0	0	0	0	0	0	0	0	0	0	0	0	38	0	0	0	0	0	0	11	0	0	0	0	0	0	0	0	0	0	0	0	20	0	0	0	0	0	0	46	0	0	326	0	0	0	0	0	0	0	0	0	0	0	0	24	57	0	0	0	0	0	0	0	0	0	0	0	0	0	0	0	0	0	0	0	0	0	0	8	0	24	0	0	0	0	0	0	47	0	0	0	0	0	0	0	0	0	0	0	0	0	0	0	0	0	0	0	0	0	0	0	0	0	0	0	0	0	0	0	0	0	0	0	0	8	0	0	0	0	0	0	0	0	0	0	0	0	0	0	0	0	0	0	0	0	0	0	0	15	16	0	0	0	0	0
d__Bacteria___p__Firmicutes___c__Clostridia___o__Peptostreptococcales-Tissierellales	0	391	0	122	42	27	23	49	111	155	50	32	24	0	30	7	0	36	16	27	162	17	17	39	21	39	409	7	394	563	65	39	122	253	55	36	125	16	130	587	60	33	108	0	14	33	321	159	23	9	29	7	116	25	115	0	0	187	111	29	0	98	15	32	92	0	278	20	203	76	55	137	0	20	10	0	48	6	18	89	22	37	60	0	0	4	90	80	22	44	43	0	68	34	0	18	0	110	0	102	0	349	0	0	165	0	33	17	0	0	15	0	76	86	0	7	9	7	152	166	0	0	0	0	30	0	0	8	0	60	0	0	19	34	0	0	174	13	0	0	0	102	39	14	0	66	0	33	0	0	140	105	0	98	0	0	165	0	21	41	0	0	27	0	10	13	62	0	136	124	31	0	0	220	151	18	20	55	0	42	386	94	49	0	0	0	0	33	40	32	16	150	188	95	60	17	59	54	104	217	11	21	173	47	333	0	54	0	0	57	0	0	528	163	204	0	0	120	198	78	908	59	9	8	22	482	61	130	10	338	175	0	296	172	0	0	898	210	142	114	25	22	0	0	0	123	65	0	0	0	319	0	61	0	20	36	165	99	9	34	136	0	89	389	132	15	0	0	141	0	0	0	449	170	239	0	14	0	0	609	70	11	0	16	96	231	0	0	141	51	108	36	17	15	7	124	120	59	117	29	272	31	119	519	98	124	373	85	1484	246	65	20	59	184	41	15	40	91	161	42	70	70	25	519	41	26	134	18	106	113	21	0	0	31	469	91	10	14	9	33	33	13	20	22	44	0	110	10	687	32	401	141	88	42	97	82	0	504	148	287	0	0	112	29	10	29	28	70	7	0	150	43	357	44	29	97	65	19	34	1257	39	31	157	0	84	71	48	61	52	112	69	0	25	79	42	437	57	80	168	96	15	10	124	10	28	43	121	12	42	49	8	354	100	81	23	0	0	0	0	0	10	60	77	23	32	49	0	0	0	0	0	43	0	0	0	0	0	35	25	0	0	0	0	0	0	0	193	0	27	0	0	12	0	0	0	0	0	0	21	282	0	0	0	0	0	0	13	0	0	0	0	0	0	142	0	227	23	70	0	0	0	258	0	0	1485	8	0	12	0	276	1195	0	0	65	111	14	11	51	41	9	0	0	61	24	12	0	0	0	0	684	422	1109	450	301	112	0	24	436	128	68	58	26	12	113	34
d__Bacteria___p__Firmicutes___c__Clostridia___o__Peptostreptococcales-Tissierellales___f__Anaerovoracaceae	0	269	0	90	33	27	23	49	0	116	42	14	24	0	19	7	0	36	0	27	135	0	17	39	21	0	104	7	358	364	25	39	81	77	29	13	64	16	75	137	60	21	48	0	14	10	39	75	23	9	29	0	103	8	89	0	0	7	65	19	0	31	15	0	0	0	278	20	110	76	28	78	0	0	10	0	27	6	18	67	0	26	9	0	0	4	28	10	12	44	43	0	68	10	0	0	0	0	0	30	0	53	0	0	20	0	33	0	0	0	0	0	0	25	0	7	0	7	36	0	0	0	0	0	30	0	0	8	0	0	0	0	19	0	0	0	20	13	0	0	0	75	0	0	0	0	0	25	0	0	0	11	0	0	0	0	111	0	21	30	0	0	27	0	10	0	62	0	23	0	31	0	0	42	0	18	20	0	0	26	30	64	49	0	0	0	0	0	29	32	16	54	68	0	60	17	20	12	104	40	11	21	26	0	99	0	14	0	0	0	0	0	23	22	58	0	0	29	38	78	92	8	9	0	22	328	22	130	10	52	115	0	75	45	0	0	105	126	26	114	25	22	0	0	0	64	65	0	0	0	52	0	27	0	0	36	84	49	9	34	0	0	30	0	54	15	0	0	0	0	0	0	30	48	71	0	14	0	0	392	0	11	0	16	31	89	0	0	0	40	27	0	9	15	7	105	4	59	117	29	132	16	91	160	72	110	51	13	0	159	31	0	30	12	31	8	11	91	6	42	20	60	25	20	41	0	28	0	24	0	0	0	0	31	82	91	10	0	9	0	33	13	0	9	12	0	110	10	87	32	45	141	42	18	97	0	0	27	27	50	0	0	0	13	10	12	19	20	7	0	6	43	9	15	5	0	10	19	13	631	0	31	104	0	18	48	37	27	21	0	46	0	25	0	0	0	57	80	18	73	15	10	27	0	28	25	58	12	19	0	8	20	11	38	0	0	0	0	0	0	10	60	60	23	32	17	0	0	0	0	0	0	0	0	0	0	0	10	0	0	0	0	0	0	0	0	0	0	0	0	0	7	0	0	0	0	0	0	21	82	0	0	0	0	0	0	0	0	0	0	0	0	0	126	0	12	0	35	0	0	0	71	0	0	0	0	0	0	0	190	656	0	0	23	50	14	11	25	0	9	0	0	40	24	0	0	0	0	0	20	224	45	48	0	0	0	0	10	111	56	50	11	6	105	0
d__Bacteria___p__Firmicutes___c__Clostridia___o__Peptostreptococcales-Tissierellales___f__Anaerovoracaceae___g__Anaerovorax	0	0	0	0	0	0	0	0	0	0	0	0	0	0	0	0	0	0	0	0	0	0	0	0	0	0	0	0	0	0	0	0	0	0	0	0	0	0	0	0	0	0	0	0	0	0	0	0	0	0	0	0	0	0	0	0	0	0	0	0	0	0	0	0	0	0	0	0	0	0	0	0	0	0	0	0	0	0	0	0	0	0	0	0	0	0	0	0	0	0	0	0	0	0	0	0	0	0	0	0	0	0	0	0	0	0	0	0	0	0	0	0	0	0	0	0	0	0	0	0	0	0	0	0	0	0	0	0	0	0	0	0	0	0	0	0	0	0	0	0	0	0	0	0	0	0	0	0	0	0	0	0	0	0	0	0	0	0	0	0	0	0	0	0	0	0	0	0	0	0	0	0	0	0	0	0	0	0	0	0	0	0	0	0	0	0	0	0	0	0	0	0	0	0	0	0	0	0	0	0	0	0	0	0	0	0	0	0	0	0	0	0	0	0	0	0	0	0	0	0	0	0	0	0	0	0	0	0	0	0	0	0	0	0	0	0	0	0	0	0	0	0	0	0	0	0	0	0	0	0	0	0	0	0	0	0	0	0	0	0	0	0	0	0	0	0	0	0	0	0	0	0	0	0	0	0	0	0	0	0	0	0	0	0	0	0	0	0	0	0	0	0	0	0	0	0	0	0	0	0	0	0	0	0	0	0	0	0	0	0	0	0	0	0	0	0	0	0	0	0	0	0	0	0	0	0	0	0	0	0	0	0	0	0	0	0	0	0	0	0	0	0	0	0	0	0	0	0	0	0	0	0	0	0	0	0	0	0	0	0	0	0	0	0	0	0	0	0	0	0	0	0	0	0	0	0	0	0	0	0	0	0	0	0	0	0	0	0	0	0	0	0	0	0	0	0	0	0	0	0	0	0	0	0	0	0	0	0	0	0	0	0	0	0	0	0	0	0	0	0	0	0	0	0	0	0	0	0	0	0	0	0	0	0	0	0	0	0	0	0	0	0	0	0	0	0	0	0	0	0	0	0	0	0	0	0	0	0	0	0	0	0	0	0	0	0	0	0	0	0	0	0	0	0	0	0	0	0	0	0	0	0	0	0	0	0	0	0	0	0	0	0	0	0	0	0	0	3	0	0	0	0	0	0	0	0	0	0	0	0	0	0	0	0	0	0	0	0	0	0	0	0	0	0	0
d__Bacteria___p__Firmicutes___c__Clostridia___o__Peptostreptococcales-Tissierellales___f__Anaerovoracaceae___g__Family_XIII_AD3011_group	0	269	0	43	21	7	5	32	0	76	0	14	24	0	9	0	0	19	0	27	70	0	0	0	0	0	61	0	38	264	6	39	62	28	0	0	32	16	31	48	60	21	0	0	14	10	39	46	23	9	29	0	61	8	89	0	0	7	65	19	0	31	0	0	0	0	278	20	65	51	28	78	0	0	0	0	27	0	18	56	0	26	0	0	0	0	28	10	0	44	0	0	55	10	0	0	0	0	0	0	0	53	0	0	20	0	33	0	0	0	0	0	0	0	0	7	0	7	36	0	0	0	0	0	0	0	0	0	0	0	0	0	0	0	0	0	0	13	0	0	0	46	0	0	0	0	0	0	0	0	0	11	0	0	0	0	111	0	0	30	0	0	27	0	10	0	62	0	23	0	31	0	0	42	0	18	16	0	0	0	0	64	49	0	0	0	0	0	29	10	16	0	68	0	44	17	20	0	93	40	11	0	26	0	99	0	14	0	0	0	0	0	0	0	26	0	0	29	38	0	64	8	0	0	22	283	22	61	10	52	105	0	75	45	0	0	105	126	26	64	25	14	0	0	0	57	24	0	0	0	52	0	27	0	0	22	38	49	9	19	0	0	0	0	40	15	0	0	0	0	0	0	30	21	71	0	14	0	0	310	0	0	0	16	0	0	0	0	0	40	27	0	0	0	0	93	0	37	99	24	132	16	80	0	65	110	9	7	0	159	18	0	0	12	7	0	0	46	0	32	17	10	3	20	28	0	28	0	11	0	0	0	0	11	72	91	10	0	9	0	26	0	0	0	12	0	110	10	0	12	45	85	19	18	59	0	0	27	27	50	0	0	0	13	10	12	14	20	0	0	6	16	0	15	0	0	10	19	13	605	0	17	45	0	0	0	37	27	21	0	0	0	0	0	0	0	8	80	18	40	15	0	27	0	13	0	15	12	0	0	8	20	0	38	0	0	0	0	0	0	0	12	48	8	23	17	0	0	0	0	0	0	0	0	0	0	0	10	0	0	0	0	0	0	0	0	0	0	0	0	0	7	0	0	0	0	0	0	0	50	0	0	0	0	0	0	0	0	0	0	0	0	0	0	0	12	0	35	0	0	0	19	0	0	0	0	0	0	0	190	570	0	0	0	0	14	11	22	0	9	0	0	8	24	0	0	0	0	0	20	157	25	21	0	0	0	0	0	109	0	22	11	6	0	0
d__Bacteria___p__Firmicutes___c__Clostridia___o__Peptostreptococcales-Tissierellales___f__Anaerovoracaceae___g__Family_XIII_UCG-001	0	0	0	47	12	20	18	17	0	40	0	0	0	0	10	7	0	17	0	0	65	0	17	39	21	0	43	7	68	100	19	0	19	49	0	13	32	0	44	89	0	0	0	0	0	0	0	29	0	0	0	0	42	0	0	0	0	0	0	0	0	0	15	0	0	0	0	0	45	25	0	0	0	0	10	0	0	0	0	0	0	0	9	0	0	4	0	0	0	0	0	0	13	0	0	0	0	0	0	30	0	0	0	0	0	0	0	0	0	0	0	0	0	25	0	0	0	0	0	0	0	0	0	0	30	0	0	0	0	0	0	0	19	0	0	0	20	0	0	0	0	29	0	0	0	0	0	0	0	0	0	0	0	0	0	0	0	0	21	0	0	0	0	0	0	0	0	0	0	0	0	0	0	0	0	0	0	0	0	0	30	0	0	0	0	0	0	0	0	22	0	54	0	0	16	0	0	0	0	0	0	21	0	0	0	0	0	0	0	0	0	0	23	0	24	0	0	0	0	78	28	0	9	0	0	45	0	0	0	0	10	0	0	0	0	0	0	0	0	50	0	8	0	0	0	7	41	0	0	0	0	0	0	0	0	14	46	0	0	15	0	0	30	0	14	0	0	0	0	0	0	0	0	27	0	0	0	0	0	82	0	11	0	0	31	70	0	0	0	0	0	0	9	15	7	12	4	22	18	5	0	0	11	160	7	0	42	6	0	0	13	0	30	0	24	8	11	42	6	10	0	50	22	0	13	0	0	0	13	0	0	0	0	20	0	0	0	0	0	0	7	13	0	9	0	0	0	0	76	20	0	56	23	0	38	0	0	0	0	0	0	0	0	0	0	0	0	0	7	0	0	27	0	0	5	0	0	0	0	24	0	14	59	0	18	48	0	0	0	0	46	0	0	0	0	0	49	0	0	33	0	10	0	0	15	25	43	0	19	0	0	0	0	0	0	0	0	0	0	0	10	12	12	15	9	0	0	0	0	0	0	0	0	0	0	0	0	0	0	0	0	0	0	0	0	0	0	0	0	0	0	0	0	0	0	0	0	0	0	32	0	0	0	0	0	0	0	0	0	0	0	0	0	0	0	0	0	0	0	0	0	52	0	0	0	0	0	0	0	0	0	0	0	14	37	0	0	0	0	0	0	0	32	0	0	0	0	0	0	0	0	20	0	0	0	0	0	10	2	56	28	0	0	105	0
d__Bacteria___p__Firmicutes___c__Clostridia___o__Peptostreptococcales-Tissierellales___f__Anaerovoracaceae___g__Mogibacterium	0	0	0	0	0	0	0	0	0	0	0	0	0	0	0	0	0	0	0	0	0	0	0	0	0	0	0	0	0	0	0	0	0	0	0	0	0	0	0	0	0	0	0	0	0	0	0	0	0	0	0	0	0	0	0	0	0	0	0	0	0	0	0	0	0	0	0	0	0	0	0	0	0	0	0	0	0	0	0	0	0	0	0	0	0	0	0	0	0	0	0	0	0	0	0	0	0	0	0	0	0	0	0	0	0	0	0	0	0	0	0	0	0	0	0	0	0	0	0	0	0	0	0	0	0	0	0	0	0	0	0	0	0	0	0	0	0	0	0	0	0	0	0	0	0	0	0	0	0	0	0	0	0	0	0	0	0	0	0	0	0	0	0	0	0	0	0	0	0	0	0	0	0	0	0	0	0	0	0	0	0	0	0	0	0	0	0	0	0	0	0	0	0	0	0	0	0	0	0	0	0	0	0	0	0	0	0	0	0	0	0	0	0	0	0	0	0	0	0	0	0	0	0	0	0	0	0	6	0	0	0	0	0	0	0	0	0	0	0	0	0	0	0	0	0	0	0	0	0	0	0	0	0	0	0	0	0	0	0	0	0	0	0	0	0	0	0	0	0	0	0	0	0	0	0	0	0	0	0	0	0	0	0	0	0	0	0	0	0	0	0	0	0	0	0	0	0	0	0	0	0	0	0	0	0	0	0	0	0	0	0	0	0	0	0	0	0	0	0	0	0	0	0	0	0	0	0	0	0	0	0	0	0	0	0	0	0	0	0	0	0	0	0	0	0	0	0	0	0	0	0	0	0	0	0	0	0	0	0	0	0	0	0	0	0	0	0	0	0	0	0	0	0	0	0	0	0	0	0	0	0	0	0	0	0	0	0	0	0	0	0	0	0	0	0	0	0	0	0	0	0	0	0	0	0	0	0	0	0	0	0	0	0	0	0	0	0	0	0	0	0	0	0	0	0	0	0	0	0	0	0	0	0	0	0	0	0	0	0	0	0	0	0	0	0	0	0	0	0	0	0	0	0	0	0	0	0	0	0	0	0	0	0	0	0	0	0	0	0	0	0	0	0	0	0	0	0	0	0	0	0	0	0	0	0	0	0	0	0	0	0	0	0	0	0	0	0	0	0	0	0	0	0	0	0	0	0	0	0	0	0	0	0	0	0	0	0	0	0	0	0	0	0	0	0
d__Bacteria___p__Firmicutes___c__Clostridia___o__Peptostreptococcales-Tissierellales___f__Anaerovoracaceae___g__S5-A14a	0	0	0	0	0	0	0	0	0	0	0	0	0	0	0	0	0	0	0	0	0	0	0	0	0	0	0	0	0	0	0	0	0	0	0	0	0	0	0	0	0	0	0	0	0	0	0	0	0	0	0	0	0	0	0	0	0	0	0	0	0	0	0	0	0	0	0	0	0	0	0	0	0	0	0	0	0	0	0	0	0	0	0	0	0	0	0	0	0	0	0	0	0	0	0	0	0	0	0	0	0	0	0	0	0	0	0	0	0	0	0	0	0	0	0	0	0	0	0	0	0	0	0	0	0	0	0	0	0	0	0	0	0	0	0	0	0	0	0	0	0	0	0	0	0	0	0	0	0	0	0	0	0	0	0	0	0	0	0	0	0	0	0	0	0	0	0	0	0	0	0	0	0	0	0	0	0	0	0	0	0	0	0	0	0	0	0	0	0	0	0	0	0	0	0	0	0	12	0	0	0	0	0	0	0	0	0	0	0	0	0	0	0	0	0	0	0	0	0	0	0	0	0	0	0	0	0	0	0	0	0	0	0	0	0	0	0	0	0	0	0	0	0	0	0	0	0	0	0	0	0	0	0	0	0	0	0	0	0	0	0	0	0	0	0	0	0	0	0	0	0	0	0	0	0	0	0	0	0	0	0	0	0	0	0	0	0	0	0	0	0	0	0	0	0	0	0	0	0	0	0	0	0	0	0	0	0	0	0	0	0	0	0	0	0	0	0	0	0	0	0	0	0	0	0	0	0	0	0	0	0	0	0	0	0	0	0	0	0	0	0	0	0	0	0	0	0	0	0	0	0	0	0	0	0	0	0	0	0	0	0	0	0	0	0	0	0	0	0	0	0	0	0	0	0	0	0	0	0	0	0	0	0	0	0	0	0	0	0	0	0	0	0	0	0	0	0	0	0	0	0	0	0	0	0	0	0	0	0	0	0	0	0	0	0	0	0	0	0	0	0	0	0	0	0	0	0	0	0	0	0	0	0	0	0	0	0	0	0	0	0	0	0	0	0	0	0	0	0	0	0	0	0	0	0	0	0	0	0	0	0	0	0	0	0	0	0	0	0	0	0	0	0	0	0	0	0	0	0	0	0	0	0	0	0	0	0	0	0	0	0	0	0	0	0	0	0	0	0	0	0	0	0	0	0	0	0	0	0	0	0	0	0	0	0	0	0	0	0	0	0	0	0	0	0
d__Bacteria___p__Firmicutes___c__Clostridia___o__Peptostreptococcales-Tissierellales___f__Peptostreptococcaceae	0	122	0	32	9	0	0	0	111	39	8	18	0	0	11	0	0	0	16	0	27	17	0	0	0	39	305	0	31	199	40	0	41	176	26	23	61	0	55	450	0	12	60	0	0	23	251	84	0	0	0	7	13	17	26	0	0	180	46	10	0	67	0	32	92	0	0	0	93	0	13	59	0	20	0	0	21	0	0	12	22	11	31	0	0	0	62	70	10	0	0	0	0	24	0	18	0	110	0	72	0	296	0	0	145	0	0	17	0	0	15	0	76	61	0	0	0	0	116	133	0	0	0	0	0	0	0	0	0	29	0	0	0	34	0	0	154	0	0	0	0	27	39	14	0	66	0	0	0	0	140	43	0	98	0	0	54	0	0	11	0	0	0	0	0	13	0	0	113	124	0	0	0	111	151	0	0	55	0	16	356	30	0	0	0	0	0	33	11	0	0	96	120	77	0	0	39	0	0	155	0	0	147	47	234	0	40	0	0	52	0	0	505	0	146	0	0	91	160	0	816	51	0	8	0	154	39	0	0	286	60	0	221	100	0	0	793	84	93	0	0	0	0	0	0	59	0	0	0	0	267	0	34	0	20	0	81	45	0	0	136	0	59	373	30	0	0	0	141	0	0	0	419	122	168	0	0	0	0	217	70	0	0	0	65	142	0	0	141	11	70	36	8	0	0	19	116	0	0	0	140	15	28	359	26	14	322	72	1484	87	34	20	29	172	10	7	29	0	155	0	50	10	0	499	0	26	106	18	82	113	21	0	0	0	387	0	0	14	0	33	0	0	20	13	32	0	0	0	600	0	356	0	46	24	0	82	0	475	121	237	0	0	112	16	0	17	9	50	0	0	144	0	348	29	24	97	55	0	21	626	39	0	53	0	66	23	11	34	31	112	23	0	0	79	42	194	0	0	150	23	0	0	97	10	0	18	63	0	23	49	0	334	89	43	23	0	0	0	0	0	0	0	17	0	0	32	0	0	0	0	0	43	0	0	0	0	0	25	25	0	0	0	0	0	0	0	193	0	27	0	0	5	0	0	0	0	0	0	0	200	0	0	0	0	0	0	13	0	0	0	0	0	0	16	0	215	23	35	0	0	0	187	0	0	1485	8	0	12	0	86	539	0	0	42	61	0	0	26	41	0	0	0	21	0	12	0	0	0	0	664	198	1060	402	301	112	0	0	426	17	12	8	15	0	8	34
d__Bacteria___p__Firmicutes___c__Clostridia___o__Peptostreptococcales-Tissierellales___f__Peptostreptococcaceae___g__Clostridioides	0	0	0	0	0	0	0	0	0	0	0	0	0	0	0	0	0	0	0	0	0	0	0	0	0	0	0	0	0	0	0	0	0	0	0	0	0	0	0	0	0	0	0	0	0	0	0	0	0	0	0	0	0	0	0	0	0	0	0	0	0	0	0	0	0	0	0	0	0	0	0	0	0	0	0	0	0	0	0	0	0	0	0	0	0	0	0	0	0	0	0	0	0	0	0	0	0	0	0	0	0	0	0	0	0	0	0	0	0	0	0	0	0	0	0	0	0	0	0	0	0	0	0	0	0	0	0	0	0	0	0	0	0	0	0	0	0	0	0	0	0	0	0	0	0	0	0	0	0	0	0	0	0	0	0	0	0	0	0	0	0	0	0	0	0	0	0	0	0	0	0	0	0	0	0	0	0	0	0	0	0	0	0	0	0	0	0	0	0	0	0	0	0	0	0	0	0	0	0	0	0	0	0	0	0	0	0	0	0	0	0	0	0	0	0	0	0	0	0	0	0	0	0	0	0	0	0	0	0	0	0	0	0	0	0	0	0	0	0	0	0	0	0	0	0	0	0	0	0	0	0	0	0	0	0	0	0	0	0	0	0	0	0	0	0	0	0	0	0	0	0	0	0	0	0	0	0	0	0	0	0	0	0	0	0	0	0	0	0	0	0	0	0	0	0	0	0	0	0	0	0	0	0	0	0	0	0	0	0	0	0	0	0	0	0	0	0	0	0	0	0	0	0	0	0	0	0	0	0	0	0	0	0	0	0	0	0	0	0	0	0	0	0	0	0	0	0	0	0	0	0	0	0	0	0	0	0	0	0	0	0	0	0	0	0	0	0	0	0	0	0	0	0	0	0	0	0	0	0	0	0	0	0	0	0	0	0	0	0	0	0	0	0	0	0	0	0	0	0	0	0	0	0	0	0	0	0	0	0	0	0	0	0	0	0	0	0	0	0	0	0	0	0	0	0	0	0	0	0	0	0	0	0	0	0	0	0	0	0	0	0	0	0	0	0	0	0	0	0	0	0	0	0	0	0	0	0	0	0	0	0	0	0	0	0	0	0	0	0	0	0	0	0	0	0	0	0	0	0	0	0	0	0	0	0	0	0	0	0	0	0	0	0	0	0	0	0	0	0	0	0	0	0	0	12	0	0	0	0	0	0	0	0	0	0	0	0	0	0	0	0	0	0	0	0
d__Bacteria___p__Firmicutes___c__Clostridia___o__Peptostreptococcales-Tissierellales___f__Peptostreptococcaceae___g__Intestinibacter	0	0	0	0	0	0	0	0	65	0	0	18	0	0	0	0	0	0	0	0	27	0	0	0	0	0	22	0	0	86	0	0	0	0	0	0	61	0	0	0	0	12	0	0	0	14	229	18	0	0	0	7	0	17	0	0	0	89	46	0	0	0	0	0	49	0	0	0	0	0	0	59	0	20	0	0	0	0	0	12	22	11	0	0	0	0	62	0	10	0	0	0	0	12	0	18	0	110	0	0	0	33	0	0	0	0	0	0	0	0	0	0	47	0	0	0	0	0	0	133	0	0	0	0	0	0	0	0	0	0	0	0	0	34	0	0	48	0	0	0	0	0	0	0	0	66	0	0	0	0	0	0	0	0	0	0	54	0	0	0	0	0	0	0	0	0	0	0	0	0	0	0	0	0	0	0	0	0	0	0	0	0	0	0	0	0	0	0	0	0	0	66	0	0	0	0	0	0	0	61	0	0	0	47	0	0	0	0	0	0	0	0	161	0	0	0	0	0	0	0	102	0	0	8	0	0	39	0	0	0	0	0	0	0	0	0	267	0	93	0	0	0	0	0	0	0	0	0	0	0	99	0	0	0	0	0	0	45	0	0	110	0	59	142	30	0	0	0	35	0	0	0	146	41	37	0	0	0	0	0	19	0	0	0	0	25	0	0	78	0	0	0	8	0	0	19	26	0	0	0	68	0	28	63	26	0	93	39	0	47	0	0	0	13	0	0	0	0	71	0	25	0	0	0	0	26	0	0	34	0	0	0	0	0	316	0	0	0	0	0	0	0	20	0	0	0	0	0	0	0	0	0	0	24	0	0	0	74	45	122	0	0	0	0	0	0	0	0	0	0	32	0	0	0	0	31	0	0	0	135	0	0	0	0	66	0	11	0	0	45	0	0	0	50	42	0	0	0	0	0	0	0	33	0	0	0	0	0	0	49	0	142	89	0	0	0	0	0	0	0	0	0	17	0	0	32	0	0	0	0	0	0	0	0	0	0	0	25	25	0	0	0	0	0	0	0	53	0	0	0	0	0	0	0	0	0	0	0	0	0	0	0	0	0	0	0	0	0	0	0	0	0	0	16	0	0	0	0	0	0	0	82	0	0	53	8	0	0	0	0	99	0	0	0	0	0	0	26	0	0	0	0	0	0	0	0	0	0	0	502	0	81	0	161	0	0	0	0	0	0	0	15	0	0	0
d__Bacteria___p__Firmicutes___c__Clostridia___o__Peptostreptococcales-Tissierellales___f__Peptostreptococcaceae___g__Peptostreptococcus	0	0	0	0	9	0	0	0	0	0	8	0	0	0	0	0	0	0	0	0	0	17	0	0	0	0	20	0	31	0	17	0	0	0	26	0	0	0	0	0	0	0	60	0	0	9	0	0	0	0	0	0	0	0	0	0	0	0	0	10	0	0	0	0	0	0	0	0	0	0	0	0	0	0	0	0	0	0	0	0	0	0	17	0	0	0	0	0	0	0	0	0	0	12	0	0	0	0	0	0	0	0	0	0	0	0	0	17	0	0	0	0	0	0	0	0	0	0	0	0	0	0	0	0	0	0	0	0	0	0	0	0	0	0	0	0	0	0	0	0	0	0	0	0	0	0	0	0	0	0	0	43	0	0	0	0	0	0	0	11	0	0	0	0	0	13	0	0	0	0	0	0	0	72	0	0	0	0	0	16	0	30	0	0	0	0	0	0	0	0	0	0	0	21	0	0	0	0	0	0	0	0	0	0	0	0	0	0	0	0	0	0	0	0	0	0	0	0	0	0	0	0	0	0	0	0	0	0	0	28	0	0	0	0	0	0	0	0	0	0	0	0	0	0	0	0	0	0	0	0	0	0	34	0	20	0	0	0	0	0	0	0	0	0	0	0	0	0	0	0	0	0	39	0	0	0	0	0	0	0	0	0	0	0	0	0	0	0	0	0	0	0	0	0	0	0	0	0	0	0	0	0	0	0	0	0	0	0	0	0	0	0	0	0	0	0	0	0	0	0	0	0	0	0	0	0	0	0	0	0	0	0	0	0	0	0	0	0	0	0	0	0	0	0	0	0	0	0	0	0	0	0	0	0	0	0	0	0	0	0	0	0	0	0	0	0	0	0	0	0	0	0	0	0	0	0	0	0	0	0	0	0	0	0	0	0	0	0	0	0	0	0	0	0	0	194	0	0	0	0	0	0	0	0	0	0	0	0	0	0	0	0	0	0	0	0	0	0	0	0	0	0	0	0	0	0	0	0	0	0	0	0	0	0	0	0	0	0	0	0	0	0	0	0	0	0	0	0	0	0	0	5	0	0	0	0	0	0	0	0	0	0	0	0	0	0	0	0	0	0	0	0	0	0	0	0	0	0	0	0	0	0	0	0	0	0	0	0	0	0	0	0	0	0	0	0	0	0	0	0	0	0	0	0	0	0	0	0	0	0	0	0	0	0	0	0	0	0	0	0	0	0	0	0	0
d__Bacteria___p__Firmicutes___c__Clostridia___o__Peptostreptococcales-Tissierellales___f__Peptostreptococcaceae___g__Romboutsia	0	122	0	32	0	0	0	0	46	39	0	0	0	0	11	0	0	0	16	0	0	0	0	0	0	39	263	0	0	113	23	0	41	176	0	23	0	0	55	450	0	0	0	0	0	0	22	66	0	0	0	0	13	0	26	0	0	50	0	0	0	67	0	32	43	0	0	0	54	0	13	0	0	0	0	0	21	0	0	0	0	0	14	0	0	0	0	70	0	0	0	0	0	0	0	0	0	0	0	72	0	263	0	0	145	0	0	0	0	0	15	0	29	61	0	0	0	0	116	0	0	0	0	0	0	0	0	0	0	29	0	0	0	0	0	0	106	0	0	0	0	27	39	14	0	0	0	0	0	0	140	0	0	98	0	0	0	0	0	0	0	0	0	0	0	0	0	0	113	124	0	0	0	39	151	0	0	55	0	0	356	0	0	0	0	0	0	33	11	0	0	30	120	56	0	0	39	0	0	94	0	0	147	0	73	0	40	0	0	52	0	0	344	0	146	0	0	0	160	0	714	51	0	0	0	154	0	0	0	258	60	0	221	100	0	0	526	84	0	0	0	0	0	0	0	59	0	0	0	0	68	0	0	0	0	0	81	0	0	0	26	0	0	231	0	0	0	0	106	0	0	0	234	81	131	0	0	0	0	120	51	0	0	0	65	117	0	0	63	11	70	36	0	0	0	0	0	0	0	0	51	15	0	296	0	14	190	33	1484	40	34	20	29	159	10	7	29	0	84	0	25	10	0	499	0	0	106	0	48	113	21	0	0	0	71	0	0	14	0	33	0	0	0	13	32	0	0	0	600	0	356	0	46	0	0	44	0	208	76	115	0	0	112	16	0	17	9	50	0	0	112	0	348	29	24	66	55	0	21	491	39	0	53	0	0	23	0	34	31	67	23	0	0	29	0	0	0	0	145	23	0	0	64	10	0	18	63	0	23	0	0	192	0	43	23	0	0	0	0	0	0	0	0	0	0	0	0	0	0	0	0	43	0	0	0	0	0	0	0	0	0	0	0	0	0	0	78	0	27	0	0	0	0	0	0	0	0	0	0	200	0	0	0	0	0	0	13	0	0	0	0	0	0	0	0	215	23	35	0	0	0	37	0	0	1430	0	0	12	0	86	440	0	0	42	61	0	0	0	41	0	0	0	21	0	0	0	0	0	0	162	198	979	402	140	112	0	0	426	17	12	8	0	0	8	34
d__Bacteria___p__Firmicutes___c__Clostridia___o__Peptostreptococcales-Tissierellales___f__Peptostreptococcaceae___g__Terrisporobacter	0	0	0	0	0	0	0	0	0	0	0	0	0	0	0	0	0	0	0	0	0	0	0	0	0	0	0	0	0	0	0	0	0	0	0	0	0	0	0	0	0	0	0	0	0	0	0	0	0	0	0	0	0	0	0	0	0	41	0	0	0	0	0	0	0	0	0	0	39	0	0	0	0	0	0	0	0	0	0	0	0	0	0	0	0	0	0	0	0	0	0	0	0	0	0	0	0	0	0	0	0	0	0	0	0	0	0	0	0	0	0	0	0	0	0	0	0	0	0	0	0	0	0	0	0	0	0	0	0	0	0	0	0	0	0	0	0	0	0	0	0	0	0	0	0	0	0	0	0	0	0	0	0	0	0	0	0	0	0	0	0	0	0	0	0	0	0	0	0	0	0	0	0	0	0	0	0	0	0	0	0	0	0	0	0	0	0	0	0	0	0	0	0	0	0	0	0	0	0	0	0	0	0	0	161	0	0	0	0	0	0	0	0	0	0	0	0	91	0	0	0	0	0	0	0	0	0	0	0	0	0	0	0	0	0	0	0	0	0	0	0	0	0	0	0	0	0	0	0	0	100	0	0	0	0	0	0	0	0	0	0	0	0	0	0	0	0	0	0	0	0	0	0	0	0	0	0	0	0	97	0	0	0	0	0	0	0	0	0	0	0	0	0	0	0	0	90	0	0	0	21	0	0	0	0	0	39	0	0	0	0	0	0	0	0	0	0	0	0	0	0	0	0	0	0	0	0	18	0	0	0	0	0	0	0	0	0	0	0	0	0	0	0	0	0	0	0	0	0	0	0	0	0	0	0	38	0	193	0	0	0	0	0	0	0	0	0	0	0	0	0	0	0	0	0	0	0	0	0	0	0	0	0	0	0	0	0	0	0	0	0	0	0	0	0	0	0	0	0	0	0	0	0	0	0	0	0	0	0	0	0	0	0	0	0	0	0	0	0	0	0	0	0	0	0	0	0	0	0	0	0	0	0	0	0	0	0	0	0	0	0	0	0	0	0	0	62	0	0	0	0	0	0	0	0	0	0	0	0	0	0	0	0	0	0	0	0	0	0	0	0	0	0	0	0	0	0	0	0	0	0	68	0	0	0	0	0	0	0	0	0	0	0	0	0	0	0	0	0	0	0	0	0	0	0	0	0	0	0	0	0	0	0	0	0	0	0	0	0	0	0	0	0	0	0
d__Bacteria___p__Firmicutes___c__Clostridia___o__Peptostreptococcales-Tissierellales___f__Peptostreptococcales-Tissierellales_fa	0	0	0	0	0	0	0	0	0	0	0	0	0	0	0	0	0	0	0	0	0	0	0	0	0	0	0	0	5	0	0	0	0	0	0	0	0	0	0	0	0	0	0	0	0	0	31	0	0	0	0	0	0	0	0	0	0	0	0	0	0	0	0	0	0	0	0	0	0	0	14	0	0	0	0	0	0	0	0	10	0	0	20	0	0	0	0	0	0	0	0	0	0	0	0	0	0	0	0	0	0	0	0	0	0	0	0	0	0	0	0	0	0	0	0	0	9	0	0	33	0	0	0	0	0	0	0	0	0	31	0	0	0	0	0	0	0	0	0	0	0	0	0	0	0	0	0	8	0	0	0	51	0	0	0	0	0	0	0	0	0	0	0	0	0	0	0	0	0	0	0	0	0	67	0	0	0	0	0	0	0	0	0	0	0	0	0	0	0	0	0	0	0	18	0	0	0	42	0	22	0	0	0	0	0	0	0	0	0	5	0	0	0	141	0	0	0	0	0	0	0	0	0	0	0	0	0	0	0	0	0	0	0	27	0	0	0	0	23	0	0	0	0	0	0	0	0	0	0	0	0	0	0	0	0	0	0	5	0	0	0	0	0	16	48	0	0	0	0	0	0	0	0	0	0	0	0	0	0	0	0	0	0	0	0	0	0	0	0	0	11	0	0	0	0	0	0	0	0	0	0	0	0	0	0	0	0	0	0	0	0	0	0	0	0	0	0	0	0	0	0	0	0	0	0	0	0	0	0	0	0	0	0	0	0	0	0	0	0	0	0	0	0	0	0	0	0	0	0	0	0	0	0	0	0	0	0	0	0	0	0	0	0	0	0	0	0	0	0	0	0	0	0	0	0	0	0	0	0	0	0	0	0	0	0	0	0	0	0	0	0	0	0	0	0	243	0	0	0	0	0	0	0	0	0	0	0	0	0	0	0	0	0	0	0	0	0	0	0	0	0	0	0	0	0	0	0	0	0	0	0	0	0	0	0	0	0	0	0	0	0	0	0	0	0	0	0	0	0	0	0	0	0	0	0	0	0	0	0	0	0	0	0	0	0	0	0	0	0	0	0	0	0	0	0	0	0	0	0	0	0	0	0	0	0	0	0	0	0	0	0	0	0	0	0	0	0	0	0	0	0	0	0	0	0	0	0	0	0	0	0	4	0	0	0	0	24	0	0	0	0	0	6	0	0
d__Bacteria___p__Firmicutes___c__Clostridia___o__Peptostreptococcales-Tissierellales___f__Peptostreptococcales-Tissierellales_fa___g__Anaerococcus	0	0	0	0	0	0	0	0	0	0	0	0	0	0	0	0	0	0	0	0	0	0	0	0	0	0	0	0	0	0	0	0	0	0	0	0	0	0	0	0	0	0	0	0	0	0	0	0	0	0	0	0	0	0	0	0	0	0	0	0	0	0	0	0	0	0	0	0	0	0	0	0	0	0	0	0	0	0	0	0	0	0	0	0	0	0	0	0	0	0	0	0	0	0	0	0	0	0	0	0	0	0	0	0	0	0	0	0	0	0	0	0	0	0	0	0	0	0	0	0	0	0	0	0	0	0	0	0	0	0	0	0	0	0	0	0	0	0	0	0	0	0	0	0	0	0	0	0	0	0	0	0	0	0	0	0	0	0	0	0	0	0	0	0	0	0	0	0	0	0	0	0	0	0	0	0	0	0	0	0	0	0	0	0	0	0	0	0	0	0	0	0	0	0	0	0	0	0	0	0	0	0	0	0	0	0	0	0	0	0	0	0	0	14	0	0	0	0	0	0	0	0	0	0	0	0	0	0	0	0	0	0	0	0	0	0	0	0	0	0	0	0	0	0	0	0	0	0	0	0	0	0	0	0	0	0	0	0	0	0	0	0	0	0	0	0	0	0	0	0	0	0	0	0	0	0	0	0	0	0	0	0	0	0	0	0	0	0	0	0	0	0	0	0	0	0	0	0	0	0	0	0	0	0	0	0	0	0	0	0	0	0	0	0	0	0	0	0	0	0	0	0	0	0	0	0	0	0	0	0	0	0	0	0	0	0	0	0	0	0	0	0	0	0	0	0	0	0	0	0	0	0	0	0	0	0	0	0	0	0	0	0	0	0	0	0	0	0	0	0	0	0	0	0	0	0	0	0	0	0	0	0	0	0	0	0	0	0	0	0	0	0	0	0	0	30	0	0	0	0	0	0	0	0	0	0	0	0	0	0	0	0	0	0	0	0	0	0	0	0	0	0	0	0	0	0	0	0	0	0	0	0	0	0	0	0	0	0	0	0	0	0	0	0	0	0	0	0	0	0	0	0	0	0	0	0	0	0	0	0	0	0	0	0	0	0	0	0	0	0	0	0	0	0	0	0	0	0	0	0	0	0	0	0	0	0	0	0	0	0	0	0	0	0	0	0	0	0	0	0	0	0	0	0	0	0	0	0	0	0	0	0	0	0	0	0	0	0	0	0	0	0	0	0	0
d__Bacteria___p__Firmicutes___c__Clostridia___o__Peptostreptococcales-Tissierellales___f__Peptostreptococcales-Tissierellales_fa___g__Ezakiella	0	0	0	0	0	0	0	0	0	0	0	0	0	0	0	0	0	0	0	0	0	0	0	0	0	0	0	0	0	0	0	0	0	0	0	0	0	0	0	0	0	0	0	0	0	0	0	0	0	0	0	0	0	0	0	0	0	0	0	0	0	0	0	0	0	0	0	0	0	0	0	0	0	0	0	0	0	0	0	0	0	0	0	0	0	0	0	0	0	0	0	0	0	0	0	0	0	0	0	0	0	0	0	0	0	0	0	0	0	0	0	0	0	0	0	0	0	0	0	0	0	0	0	0	0	0	0	0	0	0	0	0	0	0	0	0	0	0	0	0	0	0	0	0	0	0	0	0	0	0	0	0	0	0	0	0	0	0	0	0	0	0	0	0	0	0	0	0	0	0	0	0	0	0	0	0	0	0	0	0	0	0	0	0	0	0	0	0	0	0	0	0	0	0	0	0	0	0	0	0	0	0	0	0	0	0	0	0	0	0	0	0	0	0	0	0	0	0	0	0	0	0	0	0	0	0	0	0	0	0	0	0	0	0	0	0	0	0	0	0	0	0	0	0	0	0	0	0	0	0	0	0	0	0	0	0	0	0	0	0	0	0	0	7	0	0	0	0	0	0	0	0	0	0	0	0	0	0	0	0	0	0	0	0	0	0	0	0	0	0	0	0	0	0	0	0	0	0	0	0	0	0	0	0	0	0	0	0	0	0	0	0	0	0	0	0	0	0	0	0	0	0	0	0	0	0	0	0	0	0	0	0	0	0	0	0	0	0	0	0	0	0	0	0	0	0	0	0	0	0	0	0	0	0	0	0	0	0	0	0	0	0	0	0	0	0	0	0	0	0	0	0	0	0	0	0	0	0	0	0	0	0	0	0	0	0	0	0	0	0	0	0	0	0	0	0	0	0	0	0	0	0	0	0	0	0	0	0	0	0	0	0	0	0	0	0	0	0	0	0	0	0	0	0	0	0	0	0	0	0	0	0	0	0	0	0	0	0	0	0	0	0	0	0	0	0	0	0	0	0	0	0	0	0	0	0	0	0	0	0	0	0	0	0	0	0	0	0	0	0	0	0	0	0	0	0	0	0	0	0	0	0	0	0	0	0	0	0	0	0	0	0	0	0	0	0	0	0	0	0	0	0	0	0	0	0	0	0	0	0	0	0	0	0	0	0	0	0	0	0	0	0	0	0	0
d__Bacteria___p__Firmicutes___c__Clostridia___o__Peptostreptococcales-Tissierellales___f__Peptostreptococcales-Tissierellales_fa___g__Fenollaria	0	0	0	0	0	0	0	0	0	0	0	0	0	0	0	0	0	0	0	0	0	0	0	0	0	0	0	0	0	0	0	0	0	0	0	0	0	0	0	0	0	0	0	0	0	0	0	0	0	0	0	0	0	0	0	0	0	0	0	0	0	0	0	0	0	0	0	0	0	0	14	0	0	0	0	0	0	0	0	0	0	0	0	0	0	0	0	0	0	0	0	0	0	0	0	0	0	0	0	0	0	0	0	0	0	0	0	0	0	0	0	0	0	0	0	0	0	0	0	16	0	0	0	0	0	0	0	0	0	0	0	0	0	0	0	0	0	0	0	0	0	0	0	0	0	0	0	0	0	0	0	0	0	0	0	0	0	0	0	0	0	0	0	0	0	0	0	0	0	0	0	0	0	0	0	0	0	0	0	0	0	0	0	0	0	0	0	0	0	0	0	0	0	0	0	0	0	29	0	0	0	0	0	0	0	0	0	0	0	0	0	0	0	61	0	0	0	0	0	0	0	0	0	0	0	0	0	0	0	0	0	0	0	0	0	0	0	0	17	0	0	0	0	0	0	0	0	0	0	0	0	0	0	0	0	0	0	0	0	0	0	0	0	0	0	0	0	0	0	0	0	0	0	0	0	0	0	0	0	0	0	0	0	0	0	0	0	0	0	0	11	0	0	0	0	0	0	0	0	0	0	0	0	0	0	0	0	0	0	0	0	0	0	0	0	0	0	0	0	0	0	0	0	0	0	0	0	0	0	0	0	0	0	0	0	0	0	0	0	0	0	0	0	0	0	0	0	0	0	0	0	0	0	0	0	0	0	0	0	0	0	0	0	0	0	0	0	0	0	0	0	0	0	0	0	0	0	0	0	0	0	0	0	0	0	0	0	0	0	0	0	0	0	0	0	0	0	0	0	0	0	0	0	0	0	0	0	0	0	0	0	0	0	0	0	0	0	0	0	0	0	0	0	0	0	0	0	0	0	0	0	0	0	0	0	0	0	0	0	0	0	0	0	0	0	0	0	0	0	0	0	0	0	0	0	0	0	0	0	0	0	0	0	0	0	0	0	0	0	0	0	0	0	0	0	0	0	0	0	0	0	0	0	0	0	0	0	0	0	0	0	0	0	0	0	0	0	0	0	0	0	0	0	0	0	0	0	0	0	0	0	4	0	0	0	0	0	0	0	0	0	0	6	0	0
d__Bacteria___p__Firmicutes___c__Clostridia___o__Peptostreptococcales-Tissierellales___f__Peptostreptococcales-Tissierellales_fa___g__Finegoldia	0	0	0	0	0	0	0	0	0	0	0	0	0	0	0	0	0	0	0	0	0	0	0	0	0	0	0	0	0	0	0	0	0	0	0	0	0	0	0	0	0	0	0	0	0	0	0	0	0	0	0	0	0	0	0	0	0	0	0	0	0	0	0	0	0	0	0	0	0	0	0	0	0	0	0	0	0	0	0	0	0	0	0	0	0	0	0	0	0	0	0	0	0	0	0	0	0	0	0	0	0	0	0	0	0	0	0	0	0	0	0	0	0	0	0	0	0	0	0	0	0	0	0	0	0	0	0	0	0	0	0	0	0	0	0	0	0	0	0	0	0	0	0	0	0	0	0	0	0	0	0	0	0	0	0	0	0	0	0	0	0	0	0	0	0	0	0	0	0	0	0	0	0	0	0	0	0	0	0	0	0	0	0	0	0	0	0	0	0	0	0	0	0	0	0	0	0	0	0	0	0	0	0	0	0	0	0	0	0	0	0	0	0	15	0	0	0	0	0	0	0	0	0	0	0	0	0	0	0	0	0	0	0	0	0	0	0	0	0	0	0	0	0	0	0	0	0	0	0	0	0	0	0	0	0	0	0	5	0	0	0	0	0	0	0	0	0	0	0	0	0	0	0	0	0	0	0	0	0	0	0	0	0	0	0	0	0	0	0	0	0	0	0	0	0	0	0	0	0	0	0	0	0	0	0	0	0	0	0	0	0	0	0	0	0	0	0	0	0	0	0	0	0	0	0	0	0	0	0	0	0	0	0	0	0	0	0	0	0	0	0	0	0	0	0	0	0	0	0	0	0	0	0	0	0	0	0	0	0	0	0	0	0	0	0	0	0	0	0	0	0	0	0	0	0	0	0	0	0	0	0	0	0	0	0	0	0	0	0	0	0	0	0	0	0	0	0	0	0	0	0	0	0	0	0	0	0	0	0	0	0	0	0	0	0	0	0	0	0	0	0	0	0	0	0	0	0	0	0	0	0	0	0	0	0	0	0	0	0	0	0	0	0	0	0	0	0	0	0	0	0	0	0	0	0	0	0	0	0	0	0	0	0	0	0	0	0	0	0	0	0	0	0	0	0	0	0	0	0	0	0	0	0	0	0	0	0	0	0	0	0	0	0	0	0	0	0	0	0	0	0	0	0	0	0	0	0	0	0	0	0	0	0	0	0	0	0	0	0	0	0	0	0	0	0
d__Bacteria___p__Firmicutes___c__Clostridia___o__Peptostreptococcales-Tissierellales___f__Peptostreptococcales-Tissierellales_fa___g__Parvimonas	0	0	0	0	0	0	0	0	0	0	0	0	0	0	0	0	0	0	0	0	0	0	0	0	0	0	0	0	5	0	0	0	0	0	0	0	0	0	0	0	0	0	0	0	0	0	31	0	0	0	0	0	0	0	0	0	0	0	0	0	0	0	0	0	0	0	0	0	0	0	0	0	0	0	0	0	0	0	0	10	0	0	20	0	0	0	0	0	0	0	0	0	0	0	0	0	0	0	0	0	0	0	0	0	0	0	0	0	0	0	0	0	0	0	0	0	9	0	0	0	0	0	0	0	0	0	0	0	0	31	0	0	0	0	0	0	0	0	0	0	0	0	0	0	0	0	0	8	0	0	0	51	0	0	0	0	0	0	0	0	0	0	0	0	0	0	0	0	0	0	0	0	0	67	0	0	0	0	0	0	0	0	0	0	0	0	0	0	0	0	0	0	0	18	0	0	0	0	0	22	0	0	0	0	0	0	0	0	0	5	0	0	0	19	0	0	0	0	0	0	0	0	0	0	0	0	0	0	0	0	0	0	0	27	0	0	0	0	0	0	0	0	0	0	0	0	0	0	0	0	0	0	0	0	0	0	0	0	0	0	0	0	0	9	48	0	0	0	0	0	0	0	0	0	0	0	0	0	0	0	0	0	0	0	0	0	0	0	0	0	0	0	0	0	0	0	0	0	0	0	0	0	0	0	0	0	0	0	0	0	0	0	0	0	0	0	0	0	0	0	0	0	0	0	0	0	0	0	0	0	0	0	0	0	0	0	0	0	0	0	0	0	0	0	0	0	0	0	0	0	0	0	0	0	0	0	0	0	0	0	0	0	0	0	0	0	0	0	0	0	0	0	0	0	0	0	0	0	0	0	0	0	0	0	0	0	0	0	0	0	0	0	0	0	0	90	0	0	0	0	0	0	0	0	0	0	0	0	0	0	0	0	0	0	0	0	0	0	0	0	0	0	0	0	0	0	0	0	0	0	0	0	0	0	0	0	0	0	0	0	0	0	0	0	0	0	0	0	0	0	0	0	0	0	0	0	0	0	0	0	0	0	0	0	0	0	0	0	0	0	0	0	0	0	0	0	0	0	0	0	0	0	0	0	0	0	0	0	0	0	0	0	0	0	0	0	0	0	0	0	0	0	0	0	0	0	0	0	0	0	0	0	0	0	0	0	24	0	0	0	0	0	0	0	0
d__Bacteria___p__Firmicutes___c__Clostridia___o__Peptostreptococcales-Tissierellales___f__Peptostreptococcales-Tissierellales_fa___g__Peptoniphilus	0	0	0	0	0	0	0	0	0	0	0	0	0	0	0	0	0	0	0	0	0	0	0	0	0	0	0	0	0	0	0	0	0	0	0	0	0	0	0	0	0	0	0	0	0	0	0	0	0	0	0	0	0	0	0	0	0	0	0	0	0	0	0	0	0	0	0	0	0	0	0	0	0	0	0	0	0	0	0	0	0	0	0	0	0	0	0	0	0	0	0	0	0	0	0	0	0	0	0	0	0	0	0	0	0	0	0	0	0	0	0	0	0	0	0	0	0	0	0	17	0	0	0	0	0	0	0	0	0	0	0	0	0	0	0	0	0	0	0	0	0	0	0	0	0	0	0	0	0	0	0	0	0	0	0	0	0	0	0	0	0	0	0	0	0	0	0	0	0	0	0	0	0	0	0	0	0	0	0	0	0	0	0	0	0	0	0	0	0	0	0	0	0	0	0	0	0	13	0	0	0	0	0	0	0	0	0	0	0	0	0	0	0	32	0	0	0	0	0	0	0	0	0	0	0	0	0	0	0	0	0	0	0	0	0	0	0	0	6	0	0	0	0	0	0	0	0	0	0	0	0	0	0	0	0	0	0	0	0	0	0	0	0	0	0	0	0	0	0	0	0	0	0	0	0	0	0	0	0	0	0	0	0	0	0	0	0	0	0	0	0	0	0	0	0	0	0	0	0	0	0	0	0	0	0	0	0	0	0	0	0	0	0	0	0	0	0	0	0	0	0	0	0	0	0	0	0	0	0	0	0	0	0	0	0	0	0	0	0	0	0	0	0	0	0	0	0	0	0	0	0	0	0	0	0	0	0	0	0	0	0	0	0	0	0	0	0	0	0	0	0	0	0	0	0	0	0	0	0	0	0	0	0	0	0	0	0	0	0	0	0	0	0	0	0	123	0	0	0	0	0	0	0	0	0	0	0	0	0	0	0	0	0	0	0	0	0	0	0	0	0	0	0	0	0	0	0	0	0	0	0	0	0	0	0	0	0	0	0	0	0	0	0	0	0	0	0	0	0	0	0	0	0	0	0	0	0	0	0	0	0	0	0	0	0	0	0	0	0	0	0	0	0	0	0	0	0	0	0	0	0	0	0	0	0	0	0	0	0	0	0	0	0	0	0	0	0	0	0	0	0	0	0	0	0	0	0	0	0	0	0	0	0	0	0	0	0	0	0	0	0	0	0	0	0
d__Bacteria___p__Firmicutes___c__Incertae_Sedis	0	0	0	0	0	0	0	0	0	0	0	0	0	0	0	0	0	0	0	0	0	0	0	0	0	0	0	0	0	0	0	0	0	0	0	0	0	0	0	0	0	0	0	0	0	0	0	0	0	0	0	0	0	0	0	0	0	0	0	0	0	0	0	0	0	0	0	0	0	0	0	0	0	0	0	0	0	0	0	0	0	0	0	0	0	0	0	0	0	0	37	0	0	0	0	0	0	0	0	0	0	0	0	0	0	0	0	0	0	0	0	0	0	0	0	0	0	0	0	0	0	0	0	0	0	0	0	0	0	0	0	0	0	0	0	0	0	0	0	0	0	0	0	0	0	0	0	0	0	0	0	0	0	0	0	0	0	0	0	0	0	0	0	0	0	0	0	0	0	0	0	0	0	0	0	0	0	0	0	0	0	0	0	0	0	0	0	0	0	0	0	0	0	0	0	0	0	0	0	0	0	0	0	0	0	0	0	0	0	0	0	0	0	0	0	0	0	0	0	0	0	0	0	0	0	0	0	0	0	0	0	0	0	0	0	0	0	0	0	0	0	0	0	0	0	0	0	0	0	0	0	0	0	0	0	0	0	0	0	0	0	0	0	0	0	0	0	0	0	0	0	0	0	0	0	0	0	0	0	0	0	0	0	0	0	0	0	0	0	0	0	22	0	0	21	0	0	14	23	0	9	0	0	0	17	11	0	0	0	0	18	0	0	0	4	4	0	30	0	0	0	0	0	0	0	0	0	44	0	0	0	0	0	0	0	0	0	0	0	0	0	0	0	0	0	0	0	0	0	0	0	0	11	0	21	0	0	0	0	0	0	0	0	6	11	0	0	45	0	0	0	0	0	0	0	0	16	0	0	0	0	16	0	25	0	0	0	35	0	0	0	13	0	0	19	0	0	0	0	0	15	0	0	0	10	0	0	25	0	0	0	4	0	81	0	4	0	0	0	0	0	0	0	0	0	0	0	0	0	0	0	0	0	0	0	0	0	0	0	0	0	0	0	0	0	0	0	0	0	0	0	0	0	0	0	0	0	0	0	22	0	0	0	0	0	0	0	0	0	0	0	0	0	0	0	0	15	18	0	0	0	0	0	0	0	0	0	0	0	0	0	0	0	0	0	17	0	27	0	0	0	0	0	0	0	0	0	0	0	0	0	0	0	0	0	0	0	0	11	9	21	28	0	0	0
d__Bacteria___p__Firmicutes___c__Incertae_Sedis___o__DTU014	0	0	0	0	0	0	0	0	0	0	0	0	0	0	0	0	0	0	0	0	0	0	0	0	0	0	0	0	0	0	0	0	0	0	0	0	0	0	0	0	0	0	0	0	0	0	0	0	0	0	0	0	0	0	0	0	0	0	0	0	0	0	0	0	0	0	0	0	0	0	0	0	0	0	0	0	0	0	0	0	0	0	0	0	0	0	0	0	0	0	37	0	0	0	0	0	0	0	0	0	0	0	0	0	0	0	0	0	0	0	0	0	0	0	0	0	0	0	0	0	0	0	0	0	0	0	0	0	0	0	0	0	0	0	0	0	0	0	0	0	0	0	0	0	0	0	0	0	0	0	0	0	0	0	0	0	0	0	0	0	0	0	0	0	0	0	0	0	0	0	0	0	0	0	0	0	0	0	0	0	0	0	0	0	0	0	0	0	0	0	0	0	0	0	0	0	0	0	0	0	0	0	0	0	0	0	0	0	0	0	0	0	0	0	0	0	0	0	0	0	0	0	0	0	0	0	0	0	0	0	0	0	0	0	0	0	0	0	0	0	0	0	0	0	0	0	0	0	0	0	0	0	0	0	0	0	0	0	0	0	0	0	0	0	0	0	0	0	0	0	0	0	0	0	0	0	0	0	0	0	0	0	0	0	0	0	0	0	0	0	0	22	0	0	21	0	0	14	23	0	9	0	0	0	17	11	0	0	0	0	18	0	0	0	4	4	0	30	0	0	0	0	0	0	0	0	0	44	0	0	0	0	0	0	0	0	0	0	0	0	0	0	0	0	0	0	0	0	0	0	0	0	11	0	21	0	0	0	0	0	0	0	0	6	11	0	0	45	0	0	0	0	0	0	0	0	16	0	0	0	0	16	0	25	0	0	0	35	0	0	0	13	0	0	19	0	0	0	0	0	15	0	0	0	10	0	0	25	0	0	0	4	0	81	0	4	0	0	0	0	0	0	0	0	0	0	0	0	0	0	0	0	0	0	0	0	0	0	0	0	0	0	0	0	0	0	0	0	0	0	0	0	0	0	0	0	0	0	0	22	0	0	0	0	0	0	0	0	0	0	0	0	0	0	0	0	15	18	0	0	0	0	0	0	0	0	0	0	0	0	0	0	0	0	0	17	0	27	0	0	0	0	0	0	0	0	0	0	0	0	0	0	0	0	0	0	0	0	11	9	21	28	0	0	0
d__Bacteria___p__Firmicutes___c__Negativicutes	194	116	379	84	894	821	592	328	391	275	436	518	578	226	208	239	63	240	120	183	341	350	407	421	108	253	744	1118	900	1608	281	468	677	1019	213	374	916	2381	632	1011	1067	578	3822	299	368	248	667	278	1308	428	292	359	481	1485	1347	410	386	221	245	381	56	84	193	48	86	70	202	219	314	538	658	201	1345	358	506	270	527	303	401	280	469	2244	1692	598	793	644	1343	2218	75	342	726	291	33	314	17	573	0	0	0	0	51	317	0	0	208	1690	163	135	29	0	651	0	0	314	0	171	59	0	124	400	429	227	0	0	193	685	645	362	692	91	295	0	416	100	416	84	26	378	233	134	668	1482	0	209	146	31	335	710	127	484	0	1333	179	292	0	449	0	737	272	729	0	0	0	112	25	492	426	0	609	113	0	60	637	336	945	32	124	0	122	203	168	573	0	0	21	440	74	177	471	554	197	216	315	347	1618	366	292	301	2708	398	90	643	391	236	985	482	1303	230	215	303	316	186	188	654	187	1373	432	756	762	844	975	322	213	192	451	848	477	1180	649	649	226	288	635	385	479	348	1530	784	350	1992	978	253	504	282	155	82	443	235	276	882	612	141	810	649	438	1638	262	508	390	778	789	603	373	482	391	904	472	1611	177	1168	472	475	417	1592	809	82	269	0	214	2689	289	288	3078	7193	506	5236	0	0	616	512	201	707	796	4554	2535	386	81	1232	690	572	2431	464	575	1069	2931	1739	350	327	131	609	4302	1324	383	229	955	1213	1754	223	1889	1014	2939	4907	947	191	3426	964	1391	384	2023	627	234	0	0	160	523	536	557	701	2199	1414	1616	368	566	1933	1184	1734	2282	1014	124	1137	221	542	259	1599	2495	1461	2083	463	252	65	0	196	575	896	647	823	1843	542	943	378	3918	3794	163	1873	420	859	989	94	210	233	1032	1203	6118	1424	843	399	3667	236	3874	2843	889	383	1450	562	927	212	1146	428	518	3001	1742	612	544	869	753	2057	147	125	1652	513	2575	1048	2446	427	415	280	0	0	24	327	136	1787	487	711	288	201	694	16	0	16	103	89	133	22	72	0	76	365	125	40	1826	60	105	52	574	118	117	18	26	48	91	678	198	24	17	21	101	1044	189	75	41	14	135	101	0	67	63	105	44	18	8	340	59	270	0	1187	593	2550	70	20	1094	484	0	0	25	0	87	107	0	418	2495	0	373	981	1872	426	104	796	400	49	20	30	386	46	42	0	137	65	40	1231	107	312	210	504	22	27	2112	4923	838	343	2834	1342	4445	1692	342
d__Bacteria___p__Firmicutes___c__Negativicutes___o__Acidaminococcales	0	17	354	0	790	821	565	259	90	275	407	249	413	226	0	226	36	202	97	109	341	0	0	102	108	52	669	966	0	1262	255	0	83	734	40	374	721	2172	451	0	1000	578	1338	0	250	42	58	0	1308	299	192	322	447	1338	1281	385	386	207	0	322	56	84	60	0	22	0	0	195	176	538	633	201	0	198	296	0	121	0	0	0	0	2244	1666	370	708	603	0	2058	0	34	726	224	0	0	0	533	0	0	0	0	0	317	0	0	208	1674	12	0	29	0	651	0	0	0	0	171	44	0	124	315	429	125	0	0	116	685	516	314	692	91	295	0	393	0	376	0	26	378	134	54	320	1482	0	61	0	0	335	398	127	484	0	778	179	292	0	449	0	737	272	629	0	0	0	112	25	282	426	0	609	0	0	60	597	336	945	0	124	0	43	0	0	144	0	0	0	440	0	177	471	0	0	0	0	14	1501	0	0	230	2671	13	0	554	0	32	236	458	1089	0	171	284	0	0	60	0	187	1321	374	0	0	813	0	0	213	0	0	0	291	958	0	0	226	165	16	385	0	335	84	761	350	1992	918	18	445	228	137	0	428	0	137	772	561	109	449	640	299	1398	255	423	0	361	568	206	0	482	343	810	173	1541	139	438	472	0	261	1219	769	82	215	0	0	0	85	0	3030	7151	0	0	0	0	6	319	201	0	796	4554	2535	0	8	0	0	558	35	0	0	0	2931	131	296	0	98	494	4302	1208	21	0	128	1213	1281	217	1559	956	2822	2736	8	191	3426	964	1391	0	2023	532	198	0	0	0	0	0	0	0	2199	1400	104	0	566	1724	1184	1704	2274	964	113	49	26	542	0	859	2361	893	2083	311	7	65	0	129	307	0	621	70	1843	0	63	18	2282	3674	0	0	0	0	238	94	6	218	381	1203	6118	0	0	381	3631	0	2376	2843	0	0	391	35	866	159	1146	428	15	2187	1742	0	0	869	753	2035	0	0	1531	0	2575	1021	2081	0	19	0	0	0	24	299	136	0	380	711	258	184	682	16	0	0	0	36	60	0	72	0	0	5	114	40	48	17	96	52	38	118	25	18	26	35	0	669	0	24	7	21	101	1033	45	75	41	0	121	52	0	0	0	47	0	18	0	251	16	0	0	1187	377	533	0	20	1015	461	0	0	25	0	87	100	0	0	0	0	350	981	1872	311	76	164	359	49	0	0	32	46	16	0	99	65	0	261	107	28	65	18	22	0	23	3831	822	0	2710	1342	4423	0	342
d__Bacteria___p__Firmicutes___c__Negativicutes___o__Acidaminococcales___f__Acidaminococcaceae	0	17	354	0	790	821	565	259	90	275	407	249	413	226	0	226	36	202	97	109	341	0	0	102	108	52	669	966	0	1262	255	0	83	734	40	374	721	2172	451	0	1000	578	1338	0	250	42	58	0	1308	299	192	322	447	1338	1281	385	386	207	0	322	56	84	60	0	22	0	0	195	176	538	633	201	0	198	296	0	121	0	0	0	0	2244	1666	370	708	603	0	2058	0	34	726	224	0	0	0	533	0	0	0	0	0	317	0	0	208	1674	12	0	29	0	651	0	0	0	0	171	44	0	124	315	429	125	0	0	116	685	516	314	692	91	295	0	393	0	376	0	26	378	134	54	320	1482	0	61	0	0	335	398	127	484	0	778	179	292	0	449	0	737	272	629	0	0	0	112	25	282	426	0	609	0	0	60	597	336	945	0	124	0	43	0	0	144	0	0	0	440	0	177	471	0	0	0	0	14	1501	0	0	230	2671	13	0	554	0	32	236	458	1089	0	171	284	0	0	60	0	187	1321	374	0	0	813	0	0	213	0	0	0	291	958	0	0	226	165	16	385	0	335	84	761	350	1992	918	18	445	228	137	0	428	0	137	772	561	109	449	640	299	1398	255	423	0	361	568	206	0	482	343	810	173	1541	139	438	472	0	261	1219	769	82	215	0	0	0	85	0	3030	7151	0	0	0	0	6	319	201	0	796	4554	2535	0	8	0	0	558	35	0	0	0	2931	131	296	0	98	494	4302	1208	21	0	128	1213	1281	217	1559	956	2822	2736	8	191	3426	964	1391	0	2023	532	198	0	0	0	0	0	0	0	2199	1400	104	0	566	1724	1184	1704	2274	964	113	49	26	542	0	859	2361	893	2083	311	7	65	0	129	307	0	621	70	1843	0	63	18	2282	3674	0	0	0	0	238	94	6	218	381	1203	6118	0	0	381	3631	0	2376	2843	0	0	391	35	866	159	1146	428	15	2187	1742	0	0	869	753	2035	0	0	1531	0	2575	1021	2081	0	19	0	0	0	24	299	136	0	380	711	258	184	682	16	0	0	0	36	60	0	72	0	0	5	114	40	48	17	96	52	38	118	25	18	26	35	0	669	0	24	7	21	101	1033	45	75	41	0	121	52	0	0	0	47	0	18	0	251	16	0	0	1187	377	533	0	20	1015	461	0	0	25	0	87	100	0	0	0	0	350	981	1872	311	76	164	359	49	0	0	32	46	16	0	99	65	0	261	107	28	65	18	22	0	23	3831	822	0	2710	1342	4423	0	342
d__Bacteria___p__Firmicutes___c__Negativicutes___o__Acidaminococcales___f__Acidaminococcaceae___g__Acidaminococcus	0	0	0	0	0	0	0	0	90	0	0	0	0	0	0	0	0	0	0	0	0	0	0	0	0	52	0	0	0	0	0	0	0	0	0	0	0	0	0	0	0	0	0	0	0	42	58	0	0	0	0	0	0	109	0	0	0	0	0	0	0	0	0	0	0	0	0	0	0	0	0	0	0	0	0	0	121	0	0	0	0	0	0	0	0	0	0	0	0	0	0	0	0	0	0	0	0	0	0	0	0	0	0	0	0	0	0	0	0	0	0	0	0	0	0	0	0	0	0	0	0	0	0	0	0	0	0	0	0	0	0	0	0	0	0	0	0	0	0	0	0	0	0	0	0	0	0	0	0	78	0	0	0	0	0	0	0	0	0	0	0	0	0	0	25	0	0	0	0	0	0	0	0	0	57	0	0	0	0	0	0	0	0	0	0	0	0	0	0	0	0	0	0	0	0	0	0	0	0	0	0	105	0	0	0	0	0	0	0	0	0	0	0	0	0	0	0	0	0	0	0	0	0	0	0	0	0	0	0	0	0	0	16	0	0	0	0	0	0	0	0	0	0	0	0	0	0	0	0	0	46	0	0	0	0	0	0	0	0	0	0	0	0	0	0	0	0	0	0	438	0	0	0	0	0	0	0	0	0	0	0	0	0	0	0	0	0	0	0	0	0	0	0	0	0	0	0	0	0	0	0	0	0	0	0	73	0	0	0	0	0	0	0	0	0	0	1281	0	0	0	0	1323	0	0	0	0	0	0	0	0	0	0	0	0	0	0	0	0	0	0	104	0	0	0	0	0	0	0	0	0	0	0	0	0	0	0	0	0	0	0	0	0	0	0	0	0	0	0	0	0	0	482	0	0	0	0	0	0	0	0	0	0	0	0	0	0	1247	0	654	0	0	0	391	0	0	0	0	0	0	0	41	0	0	140	0	0	0	0	0	0	71	0	1995	0	0	0	0	0	0	115	0	0	0	0	0	0	124	0	0	0	0	0	0	0	0	0	0	0	0	0	0	0	0	0	0	0	25	0	0	0	0	0	0	0	0	0	0	0	0	0	0	0	0	0	0	0	0	0	0	0	0	0	0	0	0	0	159	356	0	0	0	0	0	0	0	0	0	0	0	0	0	0	0	0	74	0	0	0	0	0	0	0	0	46	16	0	0	0	0	0	0	0	0	0	0	0	23	2579	0	0	0	0	0	0	0
d__Bacteria___p__Firmicutes___c__Negativicutes___o__Acidaminococcales___f__Acidaminococcaceae___g__Phascolarctobacterium	0	17	354	0	790	821	565	259	0	275	402	249	413	226	0	226	36	202	97	109	341	0	0	102	108	0	669	966	0	1262	255	0	0	734	40	374	721	2172	451	0	1000	578	1338	0	250	0	0	0	1308	299	192	322	447	1229	1281	385	386	207	0	322	56	84	60	0	22	0	0	195	176	538	633	201	0	198	296	0	0	0	0	0	0	2244	1666	370	708	603	0	2058	0	34	726	224	0	0	0	533	0	0	0	0	0	317	0	0	208	1674	12	0	29	0	651	0	0	0	0	0	44	0	124	315	429	125	0	0	116	685	516	314	692	91	295	0	393	0	376	0	26	378	134	54	320	1482	0	61	0	0	335	398	127	406	0	778	179	292	0	449	0	737	0	629	0	0	0	112	0	282	426	0	609	0	0	0	597	336	888	0	0	0	43	0	0	144	0	0	0	440	0	0	471	0	0	0	0	14	1501	0	0	230	2671	13	0	449	0	32	236	458	1089	0	171	284	0	0	60	0	187	1321	374	0	0	813	0	0	213	0	0	0	291	958	0	0	226	165	0	385	0	335	84	761	350	0	918	18	445	228	137	0	428	0	137	772	515	109	449	640	299	1398	255	423	0	361	568	206	0	23	343	810	173	1541	139	0	472	0	261	1219	769	82	49	0	0	0	0	0	3030	7151	0	0	0	0	6	319	201	0	796	4554	2535	0	8	0	0	558	35	0	0	0	2931	58	296	0	98	494	0	1208	21	0	0	1213	0	217	1559	956	2822	1413	8	191	3426	964	1391	0	0	532	198	0	0	0	0	0	0	0	2192	0	0	0	566	1724	1184	1704	2274	964	113	49	26	542	0	859	2347	893	2083	311	7	65	0	129	307	0	621	70	1843	0	0	18	2282	3192	0	0	0	0	238	94	6	218	381	1203	6118	0	0	381	2384	0	1722	2843	0	0	0	35	0	159	1146	428	15	0	0	0	0	729	753	2035	0	0	1531	0	2504	1021	86	0	19	0	0	0	24	0	136	0	380	711	258	184	558	16	0	0	0	36	0	0	72	0	0	5	114	40	48	17	96	52	38	118	0	18	26	35	0	669	0	24	7	21	101	1033	0	75	41	0	121	52	0	0	0	47	0	18	0	251	16	0	0	1187	218	177	0	20	1015	461	0	0	25	0	87	98	0	0	0	0	350	981	1798	311	76	164	359	49	0	0	32	0	0	0	99	65	0	203	107	28	65	18	17	0	0	1252	822	0	2710	1342	0	0	342
d__Bacteria___p__Firmicutes___c__Negativicutes___o__Acidaminococcales___f__Acidaminococcaceae___g__Succiniclasticum	0	0	0	0	0	0	0	0	0	0	0	0	0	0	0	0	0	0	0	0	0	0	0	0	0	0	0	0	0	0	0	0	83	0	0	0	0	0	0	0	0	0	0	0	0	0	0	0	0	0	0	0	0	0	0	0	0	0	0	0	0	0	0	0	0	0	0	0	0	0	0	0	0	0	0	0	0	0	0	0	0	0	0	0	0	0	0	0	0	0	0	0	0	0	0	0	0	0	0	0	0	0	0	0	0	0	0	0	0	0	0	0	0	0	0	171	0	0	0	0	0	0	0	0	0	0	0	0	0	0	0	0	0	0	0	0	0	0	0	0	0	0	0	0	0	0	0	0	0	0	0	0	0	0	0	0	0	0	272	0	0	0	0	0	0	0	0	0	0	0	0	60	0	0	0	0	124	0	0	0	0	0	0	0	0	0	0	177	0	0	0	0	0	0	0	0	0	0	0	0	0	0	0	0	0	0	0	0	0	0	0	0	0	0	0	0	0	0	0	0	0	0	0	0	0	0	0	0	0	0	0	0	0	0	0	0	0	0	0	1992	0	0	0	0	0	0	0	0	0	0	0	0	0	0	0	0	0	0	0	0	0	0	0	459	0	0	0	0	0	0	0	0	0	0	0	0	166	0	0	0	85	0	0	0	0	0	0	0	0	0	0	0	0	0	0	0	0	0	0	0	0	0	0	0	0	0	0	0	0	0	4302	0	0	0	128	0	0	0	0	0	0	0	0	0	0	0	0	0	2023	0	0	0	0	0	0	0	0	0	0	1400	0	0	0	0	0	0	0	0	0	0	0	0	0	0	0	0	0	0	0	0	0	0	0	0	0	0	0	0	63	0	0	0	0	0	0	0	0	0	0	0	0	0	0	0	0	0	0	0	0	0	0	0	0	0	866	0	0	0	0	2187	1701	0	0	0	0	0	0	0	0	0	0	0	0	0	0	0	0	0	0	184	0	0	0	0	0	0	0	0	0	0	0	0	60	0	0	0	0	0	0	0	0	0	0	0	0	0	0	0	0	0	0	0	0	0	0	0	0	0	45	0	0	0	0	0	0	0	0	0	0	0	0	0	0	0	0	0	0	0	0	0	0	0	0	0	0	0	0	2	0	0	0	0	0	0	0	0	0	0	0	0	0	0	0	0	0	0	0	0	0	58	0	0	0	0	5	0	0	0	0	0	0	0	4423	0	0
d__Bacteria___p__Firmicutes___c__Negativicutes___o__Acidaminococcales___f__Acidaminococcaceae___g__Succinispira	0	0	0	0	0	0	0	0	0	0	0	0	0	0	0	0	0	0	0	0	0	0	0	0	0	0	0	0	0	0	0	0	0	0	0	0	0	0	0	0	0	0	0	0	0	0	0	0	0	0	0	0	0	0	0	0	0	0	0	0	0	0	0	0	0	0	0	0	0	0	0	0	0	0	0	0	0	0	0	0	0	0	0	0	0	0	0	0	0	0	0	0	0	0	0	0	0	0	0	0	0	0	0	0	0	0	0	0	0	0	0	0	0	0	0	0	0	0	0	0	0	0	0	0	0	0	0	0	0	0	0	0	0	0	0	0	0	0	0	0	0	0	0	0	0	0	0	0	0	0	0	0	0	0	0	0	0	0	0	0	0	0	0	0	0	0	0	0	0	0	0	0	0	0	0	0	0	0	0	0	0	0	0	0	0	0	0	0	0	0	0	0	0	0	0	0	0	0	0	0	0	0	0	0	0	0	0	0	0	0	0	0	0	0	0	0	0	0	0	0	0	0	0	0	0	0	0	0	0	0	0	0	0	0	0	0	0	0	0	0	0	0	0	0	0	0	0	0	0	0	0	0	0	0	0	0	0	0	0	0	0	0	0	0	0	0	0	0	0	0	0	0	0	0	0	0	0	0	0	0	0	0	0	0	0	0	0	0	0	0	0	0	0	0	0	0	0	0	0	0	0	0	0	0	0	0	0	0	0	0	0	0	0	0	0	0	0	0	0	0	0	0	0	0	0	0	0	0	0	0	0	0	0	0	0	0	0	0	2	0	0	0	0	0	0	0	0	0	0	0	0	0	0	0	0	0	0	0	0	0	0	0	0	0	0	0	0	0	0	0	0	0	0	0	0	0	0	0	0	0	0	0	0	0	0	0	0	0	0	0	0	0	0	0	0	0	0	0	0	0	0	0	0	0	0	0	0	0	0	0	0	0	0	0	0	0	0	0	0	0	0	0	0	0	0	0	0	0	0	0	0	0	0	0	0	0	0	0	0	0	0	0	0	0	0	0	0	0	0	0	0	0	0	0	0	0	0	0	0	0	0	0	0	0	0	0	0	0	0	0	0	0	0	0	0	0	0	0	0	0	0	0	0	0	0	0	0	0	0	0	0	0	0	0	0	0	0	0	0	0	0	0	0	0	0	0	0	0	0	0	0	0	0	0	0	0	0	0	0	0	0	0	0	0	0
d__Bacteria___p__Firmicutes___c__Negativicutes___o__Veillonellales-Selenomonadales	194	99	25	84	104	0	27	69	301	0	29	269	165	0	208	13	27	38	23	74	0	350	407	319	0	201	75	152	900	346	26	468	594	285	173	0	195	209	181	1011	67	0	2484	299	118	206	609	278	0	129	100	37	34	147	66	25	0	14	245	59	0	0	133	48	64	70	202	24	138	0	25	0	1345	160	210	270	406	303	401	280	469	0	26	228	85	41	1343	160	75	308	0	67	33	314	17	40	0	0	0	0	51	0	0	0	0	16	151	135	0	0	0	0	0	314	0	0	15	0	0	85	0	102	0	0	77	0	129	48	0	0	0	0	23	100	40	84	0	0	99	80	348	0	0	148	146	31	0	312	0	0	0	555	0	0	0	0	0	0	0	100	0	0	0	0	0	210	0	0	0	113	0	0	40	0	0	32	0	0	79	203	168	429	0	0	21	0	74	0	0	554	197	216	315	333	117	366	292	71	37	385	90	89	391	204	749	24	214	230	44	19	316	186	128	654	0	52	58	756	762	31	975	322	0	192	451	848	186	222	649	649	0	123	619	0	479	13	1446	23	0	0	60	235	59	54	18	82	15	235	139	110	51	32	361	9	139	240	7	85	390	417	221	397	373	0	48	94	299	70	38	730	0	475	156	373	40	0	54	0	214	2689	204	288	48	42	506	5236	0	0	610	193	0	707	0	0	0	386	73	1232	690	14	2396	464	575	1069	0	1608	54	327	33	115	0	116	362	229	827	0	473	6	330	58	117	2171	939	0	0	0	0	384	0	95	36	0	0	160	523	536	557	701	0	14	1512	368	0	209	0	30	8	50	11	1088	195	0	259	740	134	568	0	152	245	0	0	67	268	896	26	753	0	542	880	360	1636	120	163	1873	420	859	751	0	204	15	651	0	0	1424	843	18	36	236	1498	0	889	383	1059	527	61	53	0	0	503	814	0	612	544	0	0	22	147	125	121	513	0	27	365	427	396	280	0	0	0	28	0	1787	107	0	30	17	12	0	0	16	103	53	73	22	0	0	76	360	11	0	1778	43	9	0	536	0	92	0	0	13	91	9	198	0	10	0	0	11	144	0	0	14	14	49	0	67	63	58	44	0	8	89	43	270	0	0	216	2017	70	0	79	23	0	0	0	0	0	7	0	418	2495	0	23	0	0	115	28	632	41	0	20	30	354	0	26	0	38	0	40	970	0	284	145	486	0	27	2089	1092	16	343	124	0	22	1692	0
d__Bacteria___p__Firmicutes___c__Negativicutes___o__Veillonellales-Selenomonadales___f__Selenomonadaceae	0	0	0	0	104	0	0	0	0	0	0	0	0	0	0	0	0	0	0	0	0	0	0	0	0	0	0	0	0	0	0	0	0	0	0	0	0	98	0	0	0	0	145	0	0	0	3	0	0	0	0	0	0	0	0	0	0	0	0	0	0	0	0	0	0	0	0	0	0	0	0	0	315	48	0	0	0	0	35	0	0	0	0	0	0	0	0	142	0	0	0	0	0	0	0	0	0	0	0	0	0	0	0	0	0	0	0	0	0	0	0	0	0	0	0	0	0	0	0	0	0	0	0	0	0	0	0	0	0	0	0	0	0	0	0	0	0	0	0	0	0	0	0	0	0	0	0	80	0	0	0	0	0	0	0	0	0	0	0	0	0	0	0	0	0	0	0	0	0	0	0	0	0	0	0	0	0	0	0	0	0	0	0	0	0	0	0	0	0	201	0	0	0	20	0	0	0	0	0	0	90	0	0	0	28	0	0	0	0	0	10	0	0	0	0	0	0	0	0	0	0	0	0	0	0	0	0	0	0	0	0	0	100	0	0	0	0	0	0	0	0	0	0	0	0	0	0	0	0	0	0	0	0	0	0	12	0	0	0	61	168	0	0	0	0	0	0	0	0	0	0	269	0	0	0	0	0	0	0	0	0	0	0	0	0	0	0	0	90	0	0	0	0	0	0	0	0	70	0	0	841	0	0	0	0	825	12	0	0	0	0	0	0	0	0	0	0	0	0	0	0	0	0	0	0	0	0	0	0	0	0	0	0	0	0	0	0	46	0	0	35	0	0	0	0	0	0	0	0	0	0	0	0	0	0	0	0	0	0	0	0	0	0	0	0	0	0	0	0	0	0	0	0	0	0	0	0	0	0	0	0	0	0	0	0	0	0	0	0	0	0	0	0	0	0	0	0	0	0	0	0	0	0	0	0	0	0	0	0	0	0	0	223	0	0	0	0	0	0	0	0	0	0	0	0	0	0	0	0	0	0	0	0	0	0	0	0	0	0	0	1778	0	0	0	473	0	0	0	0	0	0	0	0	0	0	0	0	0	0	0	0	0	0	0	0	0	28	0	0	0	0	0	0	0	0	0	43	1159	0	0	0	0	0	0	0	0	0	0	0	0	0	0	0	0	0	0	0	0	0	0	0	0	0	0	0	0	0	0	0	0	0	0	0	0	0	0	0	0	0	0	0	0	0	0	0
d__Bacteria___p__Firmicutes___c__Negativicutes___o__Veillonellales-Selenomonadales___f__Selenomonadaceae___g__Centipeda	0	0	0	0	0	0	0	0	0	0	0	0	0	0	0	0	0	0	0	0	0	0	0	0	0	0	0	0	0	0	0	0	0	0	0	0	0	0	0	0	0	0	0	0	0	0	0	0	0	0	0	0	0	0	0	0	0	0	0	0	0	0	0	0	0	0	0	0	0	0	0	0	0	0	0	0	0	0	0	0	0	0	0	0	0	0	0	0	0	0	0	0	0	0	0	0	0	0	0	0	0	0	0	0	0	0	0	0	0	0	0	0	0	0	0	0	0	0	0	0	0	0	0	0	0	0	0	0	0	0	0	0	0	0	0	0	0	0	0	0	0	0	0	0	0	0	0	0	0	0	0	0	0	0	0	0	0	0	0	0	0	0	0	0	0	0	0	0	0	0	0	0	0	0	0	0	0	0	0	0	0	0	0	0	0	0	0	0	0	0	0	0	0	0	0	0	0	0	0	0	0	0	0	0	0	0	0	0	0	0	10	0	0	0	0	0	0	0	0	0	0	0	0	0	0	0	0	0	0	0	0	0	0	0	0	0	0	0	0	0	0	0	0	0	0	0	0	0	0	0	0	0	0	0	0	0	0	0	0	0	0	0	0	0	0	0	0	0	0	0	0	0	0	0	0	0	0	0	0	0	0	0	0	0	0	0	0	0	73	0	0	0	0	0	0	0	0	0	0	0	0	0	0	0	0	0	0	0	0	0	0	0	0	0	0	0	0	0	0	0	0	0	0	0	0	0	0	0	0	0	0	0	0	0	0	0	0	0	0	0	0	0	0	0	0	0	0	0	0	0	0	0	0	0	0	0	0	0	0	0	0	0	0	0	0	0	0	0	0	0	0	0	0	0	0	0	0	0	0	0	0	0	0	0	0	0	0	0	0	0	0	0	0	0	0	0	0	0	0	0	0	0	0	0	0	0	0	0	0	0	0	0	0	0	0	0	0	0	0	0	0	0	0	0	0	0	0	0	0	0	0	0	0	0	0	0	0	0	0	0	0	0	0	0	0	0	0	0	0	0	0	0	0	0	0	0	0	0	0	0	0	0	0	0	0	0	0	0	0	0	0	0	0	0	0	0	0	0	0	0	0	0	0	0	0	0	0	0	0	0	0	0	0	0	0	0	0	0	0	0	0	0	0	0	0	0	0	0	0	0	0	0	0	0	0	0	0	0	0	0	0	0	0	0	0
d__Bacteria___p__Firmicutes___c__Negativicutes___o__Veillonellales-Selenomonadales___f__Selenomonadaceae___g__Megamonas	0	0	0	0	104	0	0	0	0	0	0	0	0	0	0	0	0	0	0	0	0	0	0	0	0	0	0	0	0	0	0	0	0	0	0	0	0	98	0	0	0	0	0	0	0	0	0	0	0	0	0	0	0	0	0	0	0	0	0	0	0	0	0	0	0	0	0	0	0	0	0	0	0	48	0	0	0	0	0	0	0	0	0	0	0	0	0	142	0	0	0	0	0	0	0	0	0	0	0	0	0	0	0	0	0	0	0	0	0	0	0	0	0	0	0	0	0	0	0	0	0	0	0	0	0	0	0	0	0	0	0	0	0	0	0	0	0	0	0	0	0	0	0	0	0	0	0	80	0	0	0	0	0	0	0	0	0	0	0	0	0	0	0	0	0	0	0	0	0	0	0	0	0	0	0	0	0	0	0	0	0	0	0	0	0	0	0	0	0	0	0	0	0	0	0	0	0	0	0	0	0	0	0	0	0	0	0	0	0	0	0	0	0	0	0	0	0	0	0	0	0	0	0	0	0	0	0	0	0	0	0	0	0	0	0	0	0	0	0	0	0	0	0	0	0	0	0	0	0	0	0	0	0	0	0	12	0	0	0	61	168	0	0	0	0	0	0	0	0	0	0	269	0	0	0	0	0	0	0	0	0	0	0	0	0	0	0	0	0	0	0	0	0	0	0	0	0	0	0	0	0	0	0	0	0	0	0	0	0	0	0	0	0	0	0	0	0	0	0	0	0	0	0	0	0	0	0	0	0	0	0	0	0	0	0	0	0	0	0	0	35	0	0	0	0	0	0	0	0	0	0	0	0	0	0	0	0	0	0	0	0	0	0	0	0	0	0	0	0	0	0	0	0	0	0	0	0	0	0	0	0	0	0	0	0	0	0	0	0	0	0	0	0	0	0	0	0	0	0	0	0	0	0	0	0	0	0	0	0	0	0	0	0	0	0	0	0	0	0	0	0	0	0	0	0	0	0	0	0	0	0	0	0	0	0	0	0	0	0	0	1778	0	0	0	473	0	0	0	0	0	0	0	0	0	0	0	0	0	0	0	0	0	0	0	0	0	28	0	0	0	0	0	0	0	0	0	43	1159	0	0	0	0	0	0	0	0	0	0	0	0	0	0	0	0	0	0	0	0	0	0	0	0	0	0	0	0	0	0	0	0	0	0	0	0	0	0	0	0	0	0	0	0	0	0	0
d__Bacteria___p__Firmicutes___c__Negativicutes___o__Veillonellales-Selenomonadales___f__Selenomonadaceae___g__Mitsuokella	0	0	0	0	0	0	0	0	0	0	0	0	0	0	0	0	0	0	0	0	0	0	0	0	0	0	0	0	0	0	0	0	0	0	0	0	0	0	0	0	0	0	0	0	0	0	0	0	0	0	0	0	0	0	0	0	0	0	0	0	0	0	0	0	0	0	0	0	0	0	0	0	0	0	0	0	0	0	0	0	0	0	0	0	0	0	0	0	0	0	0	0	0	0	0	0	0	0	0	0	0	0	0	0	0	0	0	0	0	0	0	0	0	0	0	0	0	0	0	0	0	0	0	0	0	0	0	0	0	0	0	0	0	0	0	0	0	0	0	0	0	0	0	0	0	0	0	0	0	0	0	0	0	0	0	0	0	0	0	0	0	0	0	0	0	0	0	0	0	0	0	0	0	0	0	0	0	0	0	0	0	0	0	0	0	0	0	0	0	201	0	0	0	0	0	0	0	0	0	0	0	0	0	0	28	0	0	0	0	0	0	0	0	0	0	0	0	0	0	0	0	0	0	0	0	0	0	0	0	0	0	0	100	0	0	0	0	0	0	0	0	0	0	0	0	0	0	0	0	0	0	0	0	0	0	0	0	0	0	0	0	0	0	0	0	0	0	0	0	0	0	0	0	0	0	0	0	0	0	0	0	0	0	0	0	0	0	0	0	0	0	0	0	0	0	0	0	70	0	0	841	0	0	0	0	825	12	0	0	0	0	0	0	0	0	0	0	0	0	0	0	0	0	0	0	0	0	0	0	0	0	0	0	0	0	0	0	46	0	0	0	0	0	0	0	0	0	0	0	0	0	0	0	0	0	0	0	0	0	0	0	0	0	0	0	0	0	0	0	0	0	0	0	0	0	0	0	0	0	0	0	0	0	0	0	0	0	0	0	0	0	0	0	0	0	0	0	0	0	0	0	0	0	0	0	0	0	0	0	0	0	0	223	0	0	0	0	0	0	0	0	0	0	0	0	0	0	0	0	0	0	0	0	0	0	0	0	0	0	0	0	0	0	0	0	0	0	0	0	0	0	0	0	0	0	0	0	0	0	0	0	0	0	0	0	0	0	0	0	0	0	0	0	0	0	0	0	0	0	0	0	0	0	0	0	0	0	0	0	0	0	0	0	0	0	0	0	0	0	0	0	0	0	0	0	0	0	0	0	0	0	0	0	0	0	0	0	0	0	0	0	0	0	0	0
d__Bacteria___p__Firmicutes___c__Negativicutes___o__Veillonellales-Selenomonadales___f__Selenomonadaceae___g__Selenomonas	0	0	0	0	0	0	0	0	0	0	0	0	0	0	0	0	0	0	0	0	0	0	0	0	0	0	0	0	0	0	0	0	0	0	0	0	0	0	0	0	0	0	145	0	0	0	3	0	0	0	0	0	0	0	0	0	0	0	0	0	0	0	0	0	0	0	0	0	0	0	0	0	0	0	0	0	0	0	0	0	0	0	0	0	0	0	0	0	0	0	0	0	0	0	0	0	0	0	0	0	0	0	0	0	0	0	0	0	0	0	0	0	0	0	0	0	0	0	0	0	0	0	0	0	0	0	0	0	0	0	0	0	0	0	0	0	0	0	0	0	0	0	0	0	0	0	0	0	0	0	0	0	0	0	0	0	0	0	0	0	0	0	0	0	0	0	0	0	0	0	0	0	0	0	0	0	0	0	0	0	0	0	0	0	0	0	0	0	0	0	0	0	0	20	0	0	0	0	0	0	0	0	0	0	0	0	0	0	0	0	0	0	0	0	0	0	0	0	0	0	0	0	0	0	0	0	0	0	0	0	0	0	0	0	0	0	0	0	0	0	0	0	0	0	0	0	0	0	0	0	0	0	0	0	0	0	0	0	0	0	0	0	0	0	0	0	0	0	0	0	0	0	0	0	0	0	0	0	0	0	0	0	0	0	0	0	0	0	0	0	0	0	0	0	0	0	0	0	0	0	0	0	0	0	0	0	0	0	0	0	0	0	0	0	0	0	0	0	0	0	0	0	0	0	0	0	0	0	0	0	0	0	0	0	0	0	0	0	0	0	0	0	0	0	0	0	0	0	0	0	0	0	0	0	0	0	0	0	0	0	0	0	0	0	0	0	0	0	0	0	0	0	0	0	0	0	0	0	0	0	0	0	0	0	0	0	0	0	0	0	0	0	0	0	0	0	0	0	0	0	0	0	0	0	0	0	0	0	0	0	0	0	0	0	0	0	0	0	0	0	0	0	0	0	0	0	0	0	0	0	0	0	0	0	0	0	0	0	0	0	0	0	0	0	0	0	0	0	0	0	0	0	0	0	0	0	0	0	0	0	0	0	0	0	0	0	0	0	0	0	0	0	0	0	0	0	0	0	0	0	0	0	0	0	0	0	0	0	0	0	0	0	0	0	0	0	0	0	0	0	0	0	0	0	0	0	0	0	0	0	0	0	0	0	0	0	0	0	0	0	0	0	0	0	0
d__Bacteria___p__Firmicutes___c__Negativicutes___o__Veillonellales-Selenomonadales___f__Veillonellaceae	194	99	25	84	0	0	27	69	301	0	29	269	165	0	208	13	27	38	23	74	0	350	407	319	0	201	75	152	900	346	26	468	594	285	173	0	195	111	181	1011	67	0	2339	299	118	206	606	278	0	129	100	37	34	147	66	25	0	14	245	59	0	0	133	48	64	70	202	24	138	0	25	0	1030	112	210	270	406	303	366	280	469	0	26	228	85	41	1343	18	75	308	0	67	33	314	17	40	0	0	0	0	51	0	0	0	0	16	151	135	0	0	0	0	0	314	0	0	15	0	0	85	0	102	0	0	77	0	129	48	0	0	0	0	23	100	40	84	0	0	99	80	348	0	0	148	146	31	0	232	0	0	0	555	0	0	0	0	0	0	0	100	0	0	0	0	0	210	0	0	0	113	0	0	40	0	0	32	0	0	79	203	168	429	0	0	21	0	74	0	0	353	197	216	315	313	117	366	292	71	37	385	0	89	391	204	721	24	214	230	44	19	306	186	128	654	0	52	58	756	762	31	975	322	0	192	451	848	186	222	649	649	0	123	519	0	479	13	1446	23	0	0	60	235	59	54	18	82	15	235	139	110	51	32	361	9	139	228	7	85	390	356	53	397	373	0	48	94	299	70	38	730	0	206	156	373	40	0	54	0	214	2689	204	288	48	42	506	5236	0	0	520	193	0	707	0	0	0	386	73	1162	690	14	1555	464	575	1069	0	783	42	327	33	115	0	116	362	229	827	0	473	6	330	58	117	2171	939	0	0	0	0	384	0	95	36	0	0	160	523	536	557	655	0	14	1477	368	0	209	0	30	8	50	11	1088	195	0	259	740	134	568	0	152	245	0	0	67	268	896	26	753	0	542	880	360	1636	120	163	1873	420	859	751	0	204	15	651	0	0	1424	843	18	36	236	1498	0	889	383	1059	527	61	53	0	0	503	814	0	612	544	0	0	22	147	125	121	513	0	27	142	427	396	280	0	0	0	28	0	1787	107	0	30	17	12	0	0	16	103	53	73	22	0	0	76	360	11	0	0	43	9	0	63	0	92	0	0	13	91	9	198	0	10	0	0	11	144	0	0	14	14	49	0	67	35	58	44	0	8	89	43	270	0	0	173	858	70	0	79	23	0	0	0	0	0	7	0	418	2495	0	23	0	0	115	28	632	41	0	20	30	354	0	26	0	38	0	40	970	0	284	145	486	0	27	2089	1092	16	343	124	0	22	1692	0
d__Bacteria___p__Firmicutes___c__Negativicutes___o__Veillonellales-Selenomonadales___f__Veillonellaceae___g__Allisonella	0	0	0	0	0	0	0	42	0	0	0	0	0	0	0	0	0	0	0	0	0	0	0	0	0	0	0	0	0	0	0	0	0	0	0	0	0	51	0	0	0	0	0	0	0	0	0	0	0	0	0	0	0	0	0	0	0	0	0	0	0	0	0	0	0	0	0	0	0	0	0	0	0	0	0	0	0	0	0	0	0	0	0	0	0	0	0	0	0	0	0	0	0	0	0	0	0	0	0	0	0	0	0	0	0	0	0	0	0	0	0	0	0	0	0	0	0	0	0	0	0	0	0	0	0	0	0	0	0	0	0	0	0	0	0	0	0	0	0	0	0	0	0	0	0	0	0	0	0	0	0	0	0	0	0	0	0	0	0	0	0	0	0	0	0	0	0	0	0	0	0	0	0	0	0	0	0	0	0	0	0	0	0	0	0	0	0	0	0	0	0	0	0	36	0	0	0	0	0	0	0	0	0	0	0	0	0	0	0	0	0	0	0	0	0	0	0	0	38	0	0	0	0	0	0	0	0	0	0	0	0	0	0	0	0	0	0	0	0	0	0	0	0	0	0	0	0	0	0	0	0	0	0	0	0	0	0	0	0	0	0	0	0	0	16	0	0	0	0	0	0	0	0	0	14	0	0	0	0	0	0	0	0	0	0	0	0	0	0	0	0	0	0	0	0	0	0	0	0	0	0	0	0	0	0	0	23	0	0	0	0	0	0	0	0	0	0	0	24	0	0	0	0	0	0	0	0	0	0	0	0	0	0	0	0	0	0	0	0	0	0	0	0	0	0	0	0	0	0	0	0	0	0	0	0	0	0	0	0	0	0	0	0	0	0	0	0	31	0	18	0	0	0	0	0	0	15	0	0	0	0	0	0	0	0	0	0	0	0	0	0	0	0	0	0	0	0	0	0	0	0	0	0	0	0	22	0	0	0	0	0	0	0	0	0	0	0	0	0	28	0	0	95	0	0	0	0	0	0	0	0	0	0	0	0	0	0	0	0	0	0	0	0	0	0	0	0	0	0	0	0	0	0	0	0	0	0	0	0	0	0	0	0	0	0	0	0	0	0	0	0	0	0	0	0	0	0	0	0	0	0	0	0	0	0	0	0	0	0	0	23	0	0	0	0	0	0	0	0	0	0	0	0	0	0	0	0	0	0	0	0	0	0	0	0	0	0	0	0	0	0	0	0	0	0
d__Bacteria___p__Firmicutes___c__Negativicutes___o__Veillonellales-Selenomonadales___f__Veillonellaceae___g__Anaeroglobus	0	0	0	0	0	0	0	0	0	0	0	0	0	0	0	0	0	0	0	0	0	0	0	0	0	0	0	0	0	0	0	0	0	0	0	0	0	0	0	0	0	0	0	0	0	0	0	0	0	0	0	0	0	0	0	0	0	0	0	0	0	0	0	0	0	0	0	0	0	0	0	0	0	0	0	0	0	0	0	0	0	0	0	0	0	0	0	0	0	0	0	0	0	0	0	0	0	0	0	0	0	0	0	0	0	0	0	0	0	0	0	0	0	0	0	0	0	0	0	0	0	0	0	0	0	0	0	0	0	0	0	0	0	0	0	0	0	0	0	0	0	0	0	0	0	0	0	0	0	0	0	0	0	0	0	0	0	0	0	0	0	0	0	0	0	0	0	0	0	0	0	0	0	0	0	0	0	0	0	0	0	0	0	0	0	0	0	0	0	0	0	0	0	0	0	0	0	0	0	0	0	0	0	0	0	0	0	0	0	0	0	0	0	0	0	0	0	0	0	0	0	0	0	0	0	0	0	0	0	0	0	0	0	0	0	0	0	0	0	0	0	0	0	0	0	0	0	0	0	0	0	0	0	0	0	0	0	0	0	0	0	0	0	0	0	0	0	0	0	0	0	0	0	0	0	0	0	0	0	0	0	0	0	0	0	0	0	0	0	0	0	0	0	0	0	0	0	0	0	0	0	0	0	0	0	0	0	0	0	0	0	0	0	0	0	0	0	0	0	0	0	0	0	0	0	0	0	0	0	0	0	0	0	0	0	0	0	0	0	0	0	0	0	0	0	0	0	0	0	0	0	0	0	0	0	0	0	0	0	0	0	0	0	0	0	0	0	0	0	0	0	0	0	0	0	0	0	0	0	0	0	0	0	0	0	0	0	0	2	0	0	0	0	0	0	0	0	0	0	0	0	0	0	0	0	0	0	0	0	0	0	0	0	0	0	0	0	0	0	0	0	0	0	0	0	0	0	0	0	0	0	0	0	0	0	0	0	0	0	0	0	0	0	0	0	0	0	0	0	0	0	0	0	0	0	0	0	0	0	0	0	0	0	0	0	0	0	0	0	0	0	0	0	0	0	0	0	0	0	0	0	0	0	0	0	0	0	0	0	0	0	0	0	0	0	0	0	0	0	0	0	0	0	0	0	0	0	0	0	0	0	0	0	0	0	0	0	0	0	0	0	0	0	0	0
d__Bacteria___p__Firmicutes___c__Negativicutes___o__Veillonellales-Selenomonadales___f__Veillonellaceae___g__Dialister	146	99	0	84	0	0	0	0	276	0	0	27	0	0	208	0	0	0	23	0	0	38	173	0	0	184	0	0	759	0	0	397	594	0	42	0	0	60	181	968	33	0	0	184	48	206	166	238	0	0	79	0	0	0	28	0	0	0	227	0	0	0	0	34	42	0	202	0	138	0	25	0	0	81	210	270	406	0	366	264	45	0	0	0	0	0	1315	0	46	308	0	0	0	217	0	14	0	0	0	0	0	0	0	0	0	16	151	0	0	0	0	0	0	314	0	0	15	0	0	0	0	0	0	0	0	0	0	0	0	0	0	0	0	100	0	0	0	0	0	80	0	0	0	0	0	0	0	0	0	0	0	0	0	0	0	0	0	0	0	0	0	0	0	0	0	0	0	0	0	113	0	0	40	0	0	0	0	0	28	0	168	0	0	0	0	0	74	0	0	353	137	182	152	156	0	349	292	71	0	385	0	89	316	0	721	0	0	0	0	0	0	186	128	654	0	0	0	690	724	0	886	322	0	47	285	848	110	101	378	466	0	0	519	0	200	0	1446	0	0	0	0	235	0	0	0	82	0	235	139	0	0	0	0	0	0	228	0	85	390	222	0	0	373	0	0	0	299	0	0	677	0	206	94	208	0	0	54	0	214	2622	192	156	48	0	506	5236	0	0	0	188	0	686	0	0	0	386	73	769	690	0	1555	446	575	1017	0	783	14	255	23	78	0	0	362	220	819	0	459	0	226	43	117	0	849	0	0	0	0	384	0	0	0	0	0	160	508	276	557	655	0	0	1475	353	0	209	0	0	8	50	0	1088	67	0	229	10	134	58	0	50	245	0	0	67	268	315	0	753	0	511	880	342	1636	120	163	1702	389	859	709	0	204	15	651	0	0	0	843	18	36	236	0	0	889	383	1059	527	0	53	0	0	489	814	0	612	530	0	0	0	147	125	121	485	0	0	142	427	357	280	0	0	0	0	0	0	0	0	0	0	0	0	0	16	103	53	0	22	0	0	48	360	11	0	0	0	9	0	0	0	92	0	0	0	91	0	157	0	0	0	0	0	29	0	0	0	0	0	0	67	35	0	44	0	0	0	0	90	0	0	173	858	70	0	79	0	0	0	0	0	0	7	0	418	2472	0	13	0	0	115	28	543	0	0	20	30	354	0	26	0	38	0	40	900	0	284	145	486	0	27	0	0	0	316	124	0	6	1692	0
d__Bacteria___p__Firmicutes___c__Negativicutes___o__Veillonellales-Selenomonadales___f__Veillonellaceae___g__Megasphaera	0	0	0	0	0	0	0	0	0	0	0	0	0	0	0	0	0	0	0	0	0	0	234	0	0	0	0	0	0	0	26	0	0	0	0	0	0	0	0	0	0	0	141	0	0	0	0	0	0	0	0	0	0	0	0	0	0	0	0	0	0	0	0	0	0	0	0	0	0	0	0	0	0	31	0	0	0	0	0	0	0	0	0	0	0	0	0	0	0	0	0	0	0	0	0	0	0	0	0	0	0	0	0	0	0	0	0	0	0	0	0	0	0	0	0	0	0	0	0	0	0	0	0	0	0	0	0	48	0	0	0	0	0	0	0	0	0	0	0	0	0	0	0	0	0	0	0	0	0	0	0	555	0	0	0	0	0	0	0	0	0	0	0	0	0	0	0	0	0	0	0	0	0	0	0	0	0	0	0	0	0	56	0	0	0	0	0	0	0	0	0	0	0	0	0	0	0	0	0	0	0	0	0	0	0	0	0	0	0	0	0	0	0	0	0	0	0	0	0	0	0	0	0	0	166	0	0	0	0	0	0	0	0	0	0	0	0	0	0	0	0	0	0	0	0	0	0	0	0	0	51	0	0	0	0	0	0	0	0	0	0	0	0	0	0	0	0	19	38	0	0	0	0	0	0	0	0	0	0	0	0	0	0	0	0	0	0	0	0	0	0	0	0	0	0	0	0	393	0	0	0	0	0	0	0	0	0	0	0	0	0	0	0	0	0	0	0	0	0	0	0	2171	0	0	0	0	0	0	0	0	23	0	0	0	15	0	0	0	0	0	0	0	0	0	0	0	0	0	0	0	2	0	0	0	0	0	0	0	0	0	0	0	0	581	0	0	0	0	0	0	0	0	0	0	0	0	0	0	0	0	0	0	0	0	0	0	0	0	1459	0	0	0	0	0	0	0	0	0	0	0	0	0	0	0	0	0	0	0	0	0	0	0	0	0	0	0	0	0	0	0	0	0	0	0	0	0	0	0	0	0	0	0	0	0	0	0	0	0	0	0	0	0	0	0	50	0	0	0	0	0	0	0	0	0	10	0	0	0	0	0	0	14	0	0	0	0	0	15	0	0	0	0	0	0	0	0	0	0	0	0	0	0	0	0	0	0	0	0	0	0	0	0	0	0	0	0	0	0	0	0	0	0	0	0	0	0	0	0	0	0	0	0	0	0	0	0	0	0	0	0	0	0	0	0	0
d__Bacteria___p__Firmicutes___c__Negativicutes___o__Veillonellales-Selenomonadales___f__Veillonellaceae___g__Veillonella	48	0	25	0	0	0	27	27	25	0	29	242	165	0	0	13	27	38	0	74	0	312	0	319	0	17	75	152	141	346	0	71	0	285	131	0	195	0	0	43	34	0	2198	115	70	0	440	40	0	129	21	37	34	147	38	25	0	14	18	59	0	0	14	14	22	70	0	24	0	0	0	0	1030	0	0	0	0	303	0	16	424	0	26	228	85	41	28	18	29	0	0	67	33	97	17	26	0	0	0	0	51	0	0	0	0	0	0	135	0	0	0	0	0	0	0	0	0	0	0	85	0	102	0	0	0	0	129	0	0	0	0	0	23	0	40	84	0	0	99	0	348	0	0	148	31	31	0	232	0	0	0	0	0	0	0	0	0	0	0	100	0	0	0	0	0	210	0	0	0	0	0	0	0	0	0	32	0	0	51	203	0	373	0	0	21	0	0	0	0	0	60	34	163	121	117	17	0	0	37	0	0	0	75	204	0	24	214	230	44	19	306	0	0	0	0	52	58	66	0	31	89	0	0	145	0	0	76	121	271	183	0	123	0	0	279	13	0	23	0	0	60	0	59	54	18	0	15	0	0	110	0	32	361	9	139	0	7	0	0	134	53	397	0	0	32	94	0	51	0	53	0	0	62	165	26	0	0	0	0	67	12	132	0	42	0	0	0	0	520	5	0	21	0	0	0	0	0	0	0	14	0	18	0	52	0	0	5	72	10	37	0	116	0	9	8	0	14	6	80	15	0	0	90	0	0	0	0	0	0	95	13	0	0	0	0	260	0	0	0	14	0	15	0	0	0	30	0	0	11	0	126	0	30	730	0	510	0	102	0	0	0	0	0	0	26	0	0	0	0	0	0	0	0	171	31	0	27	0	0	0	0	0	0	0	0	0	0	0	37	0	0	0	0	0	61	0	0	0	14	0	0	0	14	0	0	0	0	0	0	28	0	27	0	0	39	0	0	0	0	0	0	1787	12	0	30	17	12	0	0	0	0	0	73	0	0	0	28	0	0	0	0	43	0	0	13	0	0	0	0	13	0	9	41	0	0	0	0	11	115	0	0	0	14	49	0	0	0	43	0	0	8	89	43	180	0	0	0	0	0	0	0	23	0	0	0	0	0	0	0	0	0	0	10	0	0	0	0	89	41	0	0	0	0	0	0	0	0	0	0	70	0	0	0	0	0	0	2089	1092	16	27	0	0	16	0	0
d__Bacteria___p__Fusobacteriota	0	0	916	0	0	0	6	0	0	0	0	0	0	0	0	0	0	0	0	0	0	0	0	0	0	0	0	0	0	0	25	0	0	0	0	0	0	0	0	0	0	0	86	0	0	0	0	0	0	0	0	0	0	0	0	0	0	0	0	0	0	0	0	0	0	0	0	12	0	0	0	0	0	0	0	0	0	0	0	0	0	0	0	0	0	0	0	0	0	0	0	0	0	0	0	0	0	0	0	0	0	0	0	0	0	0	0	0	0	0	0	0	0	0	0	0	0	0	0	0	0	0	0	0	0	0	0	0	0	0	0	0	0	0	0	41	0	0	0	0	0	0	0	0	0	0	0	0	0	0	0	0	0	0	0	0	0	0	0	0	0	0	0	0	0	37	0	0	0	0	0	0	0	0	10	0	0	0	0	0	0	0	23	0	0	0	0	0	0	0	0	0	0	52	0	0	0	0	0	0	0	0	0	0	0	0	0	37	5	0	0	14	0	0	12	0	0	0	0	0	0	64	0	0	0	0	18	9	12	19	0	0	0	0	0	0	0	0	0	0	0	0	0	0	401	0	0	0	0	0	0	0	0	0	0	0	0	0	0	0	0	0	0	0	0	0	0	0	0	0	0	0	0	0	0	0	0	0	0	0	0	0	0	0	0	0	0	0	0	0	8	0	0	0	0	0	0	0	0	0	0	0	0	0	0	0	0	0	0	0	0	0	0	0	0	0	0	0	0	0	0	0	0	0	0	0	0	0	0	0	0	0	0	125	0	0	0	0	0	0	0	0	0	0	0	0	0	0	0	0	0	0	0	0	0	0	0	0	0	0	0	0	0	0	0	0	0	0	0	0	0	0	0	0	0	0	0	0	0	0	0	0	0	0	0	0	0	0	0	0	0	0	0	0	0	0	0	0	0	0	0	0	0	0	0	0	0	0	0	0	0	0	0	0	0	0	0	0	0	0	0	27	0	0	0	0	0	0	0	0	0	0	0	0	0	0	0	0	0	0	0	0	0	0	0	0	0	0	0	0	0	0	0	0	0	0	0	0	0	0	0	0	0	0	0	0	0	26	0	0	0	0	0	0	0	0	0	0	0	0	0	0	0	0	0	0	0	0	0	0	0	0	0	0	0	0	0	0	0	0	0	0	0	0	0	0	0	0	0	0	0	0	0	0	0	0	0	0	0	0	0	0	0	0	0
d__Bacteria___p__Fusobacteriota___c__Fusobacteriia	0	0	916	0	0	0	6	0	0	0	0	0	0	0	0	0	0	0	0	0	0	0	0	0	0	0	0	0	0	0	25	0	0	0	0	0	0	0	0	0	0	0	86	0	0	0	0	0	0	0	0	0	0	0	0	0	0	0	0	0	0	0	0	0	0	0	0	12	0	0	0	0	0	0	0	0	0	0	0	0	0	0	0	0	0	0	0	0	0	0	0	0	0	0	0	0	0	0	0	0	0	0	0	0	0	0	0	0	0	0	0	0	0	0	0	0	0	0	0	0	0	0	0	0	0	0	0	0	0	0	0	0	0	0	0	41	0	0	0	0	0	0	0	0	0	0	0	0	0	0	0	0	0	0	0	0	0	0	0	0	0	0	0	0	0	37	0	0	0	0	0	0	0	0	10	0	0	0	0	0	0	0	23	0	0	0	0	0	0	0	0	0	0	52	0	0	0	0	0	0	0	0	0	0	0	0	0	37	5	0	0	14	0	0	12	0	0	0	0	0	0	64	0	0	0	0	18	9	12	19	0	0	0	0	0	0	0	0	0	0	0	0	0	0	401	0	0	0	0	0	0	0	0	0	0	0	0	0	0	0	0	0	0	0	0	0	0	0	0	0	0	0	0	0	0	0	0	0	0	0	0	0	0	0	0	0	0	0	0	0	8	0	0	0	0	0	0	0	0	0	0	0	0	0	0	0	0	0	0	0	0	0	0	0	0	0	0	0	0	0	0	0	0	0	0	0	0	0	0	0	0	0	0	125	0	0	0	0	0	0	0	0	0	0	0	0	0	0	0	0	0	0	0	0	0	0	0	0	0	0	0	0	0	0	0	0	0	0	0	0	0	0	0	0	0	0	0	0	0	0	0	0	0	0	0	0	0	0	0	0	0	0	0	0	0	0	0	0	0	0	0	0	0	0	0	0	0	0	0	0	0	0	0	0	0	0	0	0	0	0	0	27	0	0	0	0	0	0	0	0	0	0	0	0	0	0	0	0	0	0	0	0	0	0	0	0	0	0	0	0	0	0	0	0	0	0	0	0	0	0	0	0	0	0	0	0	0	26	0	0	0	0	0	0	0	0	0	0	0	0	0	0	0	0	0	0	0	0	0	0	0	0	0	0	0	0	0	0	0	0	0	0	0	0	0	0	0	0	0	0	0	0	0	0	0	0	0	0	0	0	0	0	0	0	0
d__Bacteria___p__Fusobacteriota___c__Fusobacteriia___o__Fusobacteriales	0	0	916	0	0	0	6	0	0	0	0	0	0	0	0	0	0	0	0	0	0	0	0	0	0	0	0	0	0	0	25	0	0	0	0	0	0	0	0	0	0	0	86	0	0	0	0	0	0	0	0	0	0	0	0	0	0	0	0	0	0	0	0	0	0	0	0	12	0	0	0	0	0	0	0	0	0	0	0	0	0	0	0	0	0	0	0	0	0	0	0	0	0	0	0	0	0	0	0	0	0	0	0	0	0	0	0	0	0	0	0	0	0	0	0	0	0	0	0	0	0	0	0	0	0	0	0	0	0	0	0	0	0	0	0	41	0	0	0	0	0	0	0	0	0	0	0	0	0	0	0	0	0	0	0	0	0	0	0	0	0	0	0	0	0	37	0	0	0	0	0	0	0	0	10	0	0	0	0	0	0	0	23	0	0	0	0	0	0	0	0	0	0	52	0	0	0	0	0	0	0	0	0	0	0	0	0	37	5	0	0	14	0	0	12	0	0	0	0	0	0	64	0	0	0	0	18	9	12	19	0	0	0	0	0	0	0	0	0	0	0	0	0	0	401	0	0	0	0	0	0	0	0	0	0	0	0	0	0	0	0	0	0	0	0	0	0	0	0	0	0	0	0	0	0	0	0	0	0	0	0	0	0	0	0	0	0	0	0	0	8	0	0	0	0	0	0	0	0	0	0	0	0	0	0	0	0	0	0	0	0	0	0	0	0	0	0	0	0	0	0	0	0	0	0	0	0	0	0	0	0	0	0	125	0	0	0	0	0	0	0	0	0	0	0	0	0	0	0	0	0	0	0	0	0	0	0	0	0	0	0	0	0	0	0	0	0	0	0	0	0	0	0	0	0	0	0	0	0	0	0	0	0	0	0	0	0	0	0	0	0	0	0	0	0	0	0	0	0	0	0	0	0	0	0	0	0	0	0	0	0	0	0	0	0	0	0	0	0	0	0	27	0	0	0	0	0	0	0	0	0	0	0	0	0	0	0	0	0	0	0	0	0	0	0	0	0	0	0	0	0	0	0	0	0	0	0	0	0	0	0	0	0	0	0	0	0	26	0	0	0	0	0	0	0	0	0	0	0	0	0	0	0	0	0	0	0	0	0	0	0	0	0	0	0	0	0	0	0	0	0	0	0	0	0	0	0	0	0	0	0	0	0	0	0	0	0	0	0	0	0	0	0	0	0
d__Bacteria___p__Fusobacteriota___c__Fusobacteriia___o__Fusobacteriales___f__Fusobacteriaceae	0	0	916	0	0	0	6	0	0	0	0	0	0	0	0	0	0	0	0	0	0	0	0	0	0	0	0	0	0	0	25	0	0	0	0	0	0	0	0	0	0	0	77	0	0	0	0	0	0	0	0	0	0	0	0	0	0	0	0	0	0	0	0	0	0	0	0	12	0	0	0	0	0	0	0	0	0	0	0	0	0	0	0	0	0	0	0	0	0	0	0	0	0	0	0	0	0	0	0	0	0	0	0	0	0	0	0	0	0	0	0	0	0	0	0	0	0	0	0	0	0	0	0	0	0	0	0	0	0	0	0	0	0	0	0	41	0	0	0	0	0	0	0	0	0	0	0	0	0	0	0	0	0	0	0	0	0	0	0	0	0	0	0	0	0	37	0	0	0	0	0	0	0	0	10	0	0	0	0	0	0	0	23	0	0	0	0	0	0	0	0	0	0	52	0	0	0	0	0	0	0	0	0	0	0	0	0	37	5	0	0	0	0	0	0	0	0	0	0	0	0	64	0	0	0	0	18	9	12	19	0	0	0	0	0	0	0	0	0	0	0	0	0	0	401	0	0	0	0	0	0	0	0	0	0	0	0	0	0	0	0	0	0	0	0	0	0	0	0	0	0	0	0	0	0	0	0	0	0	0	0	0	0	0	0	0	0	0	0	0	0	0	0	0	0	0	0	0	0	0	0	0	0	0	0	0	0	0	0	0	0	0	0	0	0	0	0	0	0	0	0	0	0	0	0	0	0	0	0	0	0	0	0	125	0	0	0	0	0	0	0	0	0	0	0	0	0	0	0	0	0	0	0	0	0	0	0	0	0	0	0	0	0	0	0	0	0	0	0	0	0	0	0	0	0	0	0	0	0	0	0	0	0	0	0	0	0	0	0	0	0	0	0	0	0	0	0	0	0	0	0	0	0	0	0	0	0	0	0	0	0	0	0	0	0	0	0	0	0	0	0	27	0	0	0	0	0	0	0	0	0	0	0	0	0	0	0	0	0	0	0	0	0	0	0	0	0	0	0	0	0	0	0	0	0	0	0	0	0	0	0	0	0	0	0	0	0	26	0	0	0	0	0	0	0	0	0	0	0	0	0	0	0	0	0	0	0	0	0	0	0	0	0	0	0	0	0	0	0	0	0	0	0	0	0	0	0	0	0	0	0	0	0	0	0	0	0	0	0	0	0	0	0	0	0
d__Bacteria___p__Fusobacteriota___c__Fusobacteriia___o__Fusobacteriales___f__Fusobacteriaceae___g__Fusobacterium	0	0	916	0	0	0	6	0	0	0	0	0	0	0	0	0	0	0	0	0	0	0	0	0	0	0	0	0	0	0	25	0	0	0	0	0	0	0	0	0	0	0	77	0	0	0	0	0	0	0	0	0	0	0	0	0	0	0	0	0	0	0	0	0	0	0	0	12	0	0	0	0	0	0	0	0	0	0	0	0	0	0	0	0	0	0	0	0	0	0	0	0	0	0	0	0	0	0	0	0	0	0	0	0	0	0	0	0	0	0	0	0	0	0	0	0	0	0	0	0	0	0	0	0	0	0	0	0	0	0	0	0	0	0	0	41	0	0	0	0	0	0	0	0	0	0	0	0	0	0	0	0	0	0	0	0	0	0	0	0	0	0	0	0	0	37	0	0	0	0	0	0	0	0	10	0	0	0	0	0	0	0	23	0	0	0	0	0	0	0	0	0	0	52	0	0	0	0	0	0	0	0	0	0	0	0	0	37	5	0	0	0	0	0	0	0	0	0	0	0	0	64	0	0	0	0	18	9	12	19	0	0	0	0	0	0	0	0	0	0	0	0	0	0	401	0	0	0	0	0	0	0	0	0	0	0	0	0	0	0	0	0	0	0	0	0	0	0	0	0	0	0	0	0	0	0	0	0	0	0	0	0	0	0	0	0	0	0	0	0	0	0	0	0	0	0	0	0	0	0	0	0	0	0	0	0	0	0	0	0	0	0	0	0	0	0	0	0	0	0	0	0	0	0	0	0	0	0	0	0	0	0	0	125	0	0	0	0	0	0	0	0	0	0	0	0	0	0	0	0	0	0	0	0	0	0	0	0	0	0	0	0	0	0	0	0	0	0	0	0	0	0	0	0	0	0	0	0	0	0	0	0	0	0	0	0	0	0	0	0	0	0	0	0	0	0	0	0	0	0	0	0	0	0	0	0	0	0	0	0	0	0	0	0	0	0	0	0	0	0	0	27	0	0	0	0	0	0	0	0	0	0	0	0	0	0	0	0	0	0	0	0	0	0	0	0	0	0	0	0	0	0	0	0	0	0	0	0	0	0	0	0	0	0	0	0	0	26	0	0	0	0	0	0	0	0	0	0	0	0	0	0	0	0	0	0	0	0	0	0	0	0	0	0	0	0	0	0	0	0	0	0	0	0	0	0	0	0	0	0	0	0	0	0	0	0	0	0	0	0	0	0	0	0	0
d__Bacteria___p__Fusobacteriota___c__Fusobacteriia___o__Fusobacteriales___f__Leptotrichiaceae	0	0	0	0	0	0	0	0	0	0	0	0	0	0	0	0	0	0	0	0	0	0	0	0	0	0	0	0	0	0	0	0	0	0	0	0	0	0	0	0	0	0	9	0	0	0	0	0	0	0	0	0	0	0	0	0	0	0	0	0	0	0	0	0	0	0	0	0	0	0	0	0	0	0	0	0	0	0	0	0	0	0	0	0	0	0	0	0	0	0	0	0	0	0	0	0	0	0	0	0	0	0	0	0	0	0	0	0	0	0	0	0	0	0	0	0	0	0	0	0	0	0	0	0	0	0	0	0	0	0	0	0	0	0	0	0	0	0	0	0	0	0	0	0	0	0	0	0	0	0	0	0	0	0	0	0	0	0	0	0	0	0	0	0	0	0	0	0	0	0	0	0	0	0	0	0	0	0	0	0	0	0	0	0	0	0	0	0	0	0	0	0	0	0	0	0	0	0	0	0	0	0	0	0	0	0	0	0	0	0	0	14	0	0	12	0	0	0	0	0	0	0	0	0	0	0	0	0	0	0	0	0	0	0	0	0	0	0	0	0	0	0	0	0	0	0	0	0	0	0	0	0	0	0	0	0	0	0	0	0	0	0	0	0	0	0	0	0	0	0	0	0	0	0	0	0	0	0	0	0	0	0	0	0	0	0	0	0	0	0	8	0	0	0	0	0	0	0	0	0	0	0	0	0	0	0	0	0	0	0	0	0	0	0	0	0	0	0	0	0	0	0	0	0	0	0	0	0	0	0	0	0	0	0	0	0	0	0	0	0	0	0	0	0	0	0	0	0	0	0	0	0	0	0	0	0	0	0	0	0	0	0	0	0	0	0	0	0	0	0	0	0	0	0	0	0	0	0	0	0	0	0	0	0	0	0	0	0	0	0	0	0	0	0	0	0	0	0	0	0	0	0	0	0	0	0	0	0	0	0	0	0	0	0	0	0	0	0	0	0	0	0	0	0	0	0	0	0	0	0	0	0	0	0	0	0	0	0	0	0	0	0	0	0	0	0	0	0	0	0	0	0	0	0	0	0	0	0	0	0	0	0	0	0	0	0	0	0	0	0	0	0	0	0	0	0	0	0	0	0	0	0	0	0	0	0	0	0	0	0	0	0	0	0	0	0	0	0	0	0	0	0	0	0	0	0	0	0	0	0	0	0	0	0	0	0	0	0	0	0	0	0	0	0	0
d__Bacteria___p__Fusobacteriota___c__Fusobacteriia___o__Fusobacteriales___f__Leptotrichiaceae___g__Leptotrichia	0	0	0	0	0	0	0	0	0	0	0	0	0	0	0	0	0	0	0	0	0	0	0	0	0	0	0	0	0	0	0	0	0	0	0	0	0	0	0	0	0	0	9	0	0	0	0	0	0	0	0	0	0	0	0	0	0	0	0	0	0	0	0	0	0	0	0	0	0	0	0	0	0	0	0	0	0	0	0	0	0	0	0	0	0	0	0	0	0	0	0	0	0	0	0	0	0	0	0	0	0	0	0	0	0	0	0	0	0	0	0	0	0	0	0	0	0	0	0	0	0	0	0	0	0	0	0	0	0	0	0	0	0	0	0	0	0	0	0	0	0	0	0	0	0	0	0	0	0	0	0	0	0	0	0	0	0	0	0	0	0	0	0	0	0	0	0	0	0	0	0	0	0	0	0	0	0	0	0	0	0	0	0	0	0	0	0	0	0	0	0	0	0	0	0	0	0	0	0	0	0	0	0	0	0	0	0	0	0	0	0	0	0	0	0	0	0	0	0	0	0	0	0	0	0	0	0	0	0	0	0	0	0	0	0	0	0	0	0	0	0	0	0	0	0	0	0	0	0	0	0	0	0	0	0	0	0	0	0	0	0	0	0	0	0	0	0	0	0	0	0	0	0	0	0	0	0	0	0	0	0	0	0	0	0	0	0	0	0	0	0	0	0	0	0	0	0	0	0	0	0	0	0	0	0	0	0	0	0	0	0	0	0	0	0	0	0	0	0	0	0	0	0	0	0	0	0	0	0	0	0	0	0	0	0	0	0	0	0	0	0	0	0	0	0	0	0	0	0	0	0	0	0	0	0	0	0	0	0	0	0	0	0	0	0	0	0	0	0	0	0	0	0	0	0	0	0	0	0	0	0	0	0	0	0	0	0	0	0	0	0	0	0	0	0	0	0	0	0	0	0	0	0	0	0	0	0	0	0	0	0	0	0	0	0	0	0	0	0	0	0	0	0	0	0	0	0	0	0	0	0	0	0	0	0	0	0	0	0	0	0	0	0	0	0	0	0	0	0	0	0	0	0	0	0	0	0	0	0	0	0	0	0	0	0	0	0	0	0	0	0	0	0	0	0	0	0	0	0	0	0	0	0	0	0	0	0	0	0	0	0	0	0	0	0	0	0	0	0	0	0	0	0	0	0	0	0	0	0	0	0	0	0	0	0	0	0	0	0	0	0	0	0	0	0
d__Bacteria___p__Fusobacteriota___c__Fusobacteriia___o__Fusobacteriales___f__Leptotrichiaceae___g__Sneathia	0	0	0	0	0	0	0	0	0	0	0	0	0	0	0	0	0	0	0	0	0	0	0	0	0	0	0	0	0	0	0	0	0	0	0	0	0	0	0	0	0	0	0	0	0	0	0	0	0	0	0	0	0	0	0	0	0	0	0	0	0	0	0	0	0	0	0	0	0	0	0	0	0	0	0	0	0	0	0	0	0	0	0	0	0	0	0	0	0	0	0	0	0	0	0	0	0	0	0	0	0	0	0	0	0	0	0	0	0	0	0	0	0	0	0	0	0	0	0	0	0	0	0	0	0	0	0	0	0	0	0	0	0	0	0	0	0	0	0	0	0	0	0	0	0	0	0	0	0	0	0	0	0	0	0	0	0	0	0	0	0	0	0	0	0	0	0	0	0	0	0	0	0	0	0	0	0	0	0	0	0	0	0	0	0	0	0	0	0	0	0	0	0	0	0	0	0	0	0	0	0	0	0	0	0	0	0	0	0	0	0	14	0	0	12	0	0	0	0	0	0	0	0	0	0	0	0	0	0	0	0	0	0	0	0	0	0	0	0	0	0	0	0	0	0	0	0	0	0	0	0	0	0	0	0	0	0	0	0	0	0	0	0	0	0	0	0	0	0	0	0	0	0	0	0	0	0	0	0	0	0	0	0	0	0	0	0	0	0	0	8	0	0	0	0	0	0	0	0	0	0	0	0	0	0	0	0	0	0	0	0	0	0	0	0	0	0	0	0	0	0	0	0	0	0	0	0	0	0	0	0	0	0	0	0	0	0	0	0	0	0	0	0	0	0	0	0	0	0	0	0	0	0	0	0	0	0	0	0	0	0	0	0	0	0	0	0	0	0	0	0	0	0	0	0	0	0	0	0	0	0	0	0	0	0	0	0	0	0	0	0	0	0	0	0	0	0	0	0	0	0	0	0	0	0	0	0	0	0	0	0	0	0	0	0	0	0	0	0	0	0	0	0	0	0	0	0	0	0	0	0	0	0	0	0	0	0	0	0	0	0	0	0	0	0	0	0	0	0	0	0	0	0	0	0	0	0	0	0	0	0	0	0	0	0	0	0	0	0	0	0	0	0	0	0	0	0	0	0	0	0	0	0	0	0	0	0	0	0	0	0	0	0	0	0	0	0	0	0	0	0	0	0	0	0	0	0	0	0	0	0	0	0	0	0	0	0	0	0	0	0	0	0	0	0
d__Bacteria___p__Halanaerobiaeota	0	0	0	0	0	0	0	0	0	0	0	0	0	0	0	0	0	0	0	0	0	0	0	0	0	0	0	0	0	0	0	0	0	0	0	0	0	0	0	0	0	0	0	0	0	0	0	0	0	0	0	0	0	0	0	0	0	0	0	0	0	0	0	0	0	0	0	0	0	0	0	0	0	0	0	0	0	0	0	0	0	0	0	0	0	0	0	0	0	0	0	0	0	0	0	0	0	0	0	0	0	0	0	0	0	0	0	0	0	0	0	0	0	0	0	0	0	0	0	0	0	0	0	0	0	0	0	0	0	0	0	0	0	0	0	0	0	0	0	0	0	0	0	0	0	0	0	0	0	0	0	0	0	0	0	0	0	0	0	0	0	0	0	0	0	0	0	0	0	0	0	0	0	0	0	0	0	0	0	0	0	0	0	0	0	0	0	0	0	0	0	0	0	0	0	0	0	0	0	0	0	0	0	0	0	0	0	0	0	0	0	0	0	0	0	0	0	0	0	0	0	0	0	0	0	0	0	0	0	0	0	0	0	0	0	0	0	0	0	0	0	0	0	0	0	0	0	0	0	0	0	0	0	0	0	0	0	0	0	0	0	0	0	0	0	0	0	0	0	0	0	0	0	0	0	0	0	0	0	0	0	0	0	0	0	0	0	0	0	0	0	0	0	0	0	0	0	0	0	0	0	0	0	0	0	0	0	0	0	0	0	0	0	0	0	0	0	0	0	0	0	0	0	0	0	0	0	0	0	0	0	0	0	0	0	0	0	0	0	0	0	0	0	0	0	0	0	0	0	0	0	0	0	0	0	0	0	0	0	0	0	0	0	0	0	0	0	0	0	0	0	0	0	0	0	0	0	0	0	0	0	0	0	0	0	0	0	0	0	0	0	0	0	0	0	0	0	0	0	0	0	0	152	0	18	0	0	0	0	0	0	0	0	0	0	0	0	0	0	0	0	0	0	0	0	0	0	0	0	0	0	0	0	0	0	0	0	0	0	0	0	0	0	0	0	0	0	0	0	0	0	0	0	0	0	0	0	0	0	0	0	0	0	0	0	0	0	0	0	0	0	0	0	0	0	0	0	0	0	0	0	0	0	0	0	0	0	0	0	0	0	0	0	0	0	0	0	0	0	0	0	0	0	0	0	0	0	0	0	0	0	0	0	0	0	0	0	0	0	0	0	0	0	0	0
d__Bacteria___p__Halanaerobiaeota___c__Halanaerobiia	0	0	0	0	0	0	0	0	0	0	0	0	0	0	0	0	0	0	0	0	0	0	0	0	0	0	0	0	0	0	0	0	0	0	0	0	0	0	0	0	0	0	0	0	0	0	0	0	0	0	0	0	0	0	0	0	0	0	0	0	0	0	0	0	0	0	0	0	0	0	0	0	0	0	0	0	0	0	0	0	0	0	0	0	0	0	0	0	0	0	0	0	0	0	0	0	0	0	0	0	0	0	0	0	0	0	0	0	0	0	0	0	0	0	0	0	0	0	0	0	0	0	0	0	0	0	0	0	0	0	0	0	0	0	0	0	0	0	0	0	0	0	0	0	0	0	0	0	0	0	0	0	0	0	0	0	0	0	0	0	0	0	0	0	0	0	0	0	0	0	0	0	0	0	0	0	0	0	0	0	0	0	0	0	0	0	0	0	0	0	0	0	0	0	0	0	0	0	0	0	0	0	0	0	0	0	0	0	0	0	0	0	0	0	0	0	0	0	0	0	0	0	0	0	0	0	0	0	0	0	0	0	0	0	0	0	0	0	0	0	0	0	0	0	0	0	0	0	0	0	0	0	0	0	0	0	0	0	0	0	0	0	0	0	0	0	0	0	0	0	0	0	0	0	0	0	0	0	0	0	0	0	0	0	0	0	0	0	0	0	0	0	0	0	0	0	0	0	0	0	0	0	0	0	0	0	0	0	0	0	0	0	0	0	0	0	0	0	0	0	0	0	0	0	0	0	0	0	0	0	0	0	0	0	0	0	0	0	0	0	0	0	0	0	0	0	0	0	0	0	0	0	0	0	0	0	0	0	0	0	0	0	0	0	0	0	0	0	0	0	0	0	0	0	0	0	0	0	0	0	0	0	0	0	0	0	0	0	0	0	0	0	0	0	0	0	0	0	0	0	0	0	152	0	18	0	0	0	0	0	0	0	0	0	0	0	0	0	0	0	0	0	0	0	0	0	0	0	0	0	0	0	0	0	0	0	0	0	0	0	0	0	0	0	0	0	0	0	0	0	0	0	0	0	0	0	0	0	0	0	0	0	0	0	0	0	0	0	0	0	0	0	0	0	0	0	0	0	0	0	0	0	0	0	0	0	0	0	0	0	0	0	0	0	0	0	0	0	0	0	0	0	0	0	0	0	0	0	0	0	0	0	0	0	0	0	0	0	0	0	0	0	0	0	0
d__Bacteria___p__Halanaerobiaeota___c__Halanaerobiia___o__Halanaerobiales	0	0	0	0	0	0	0	0	0	0	0	0	0	0	0	0	0	0	0	0	0	0	0	0	0	0	0	0	0	0	0	0	0	0	0	0	0	0	0	0	0	0	0	0	0	0	0	0	0	0	0	0	0	0	0	0	0	0	0	0	0	0	0	0	0	0	0	0	0	0	0	0	0	0	0	0	0	0	0	0	0	0	0	0	0	0	0	0	0	0	0	0	0	0	0	0	0	0	0	0	0	0	0	0	0	0	0	0	0	0	0	0	0	0	0	0	0	0	0	0	0	0	0	0	0	0	0	0	0	0	0	0	0	0	0	0	0	0	0	0	0	0	0	0	0	0	0	0	0	0	0	0	0	0	0	0	0	0	0	0	0	0	0	0	0	0	0	0	0	0	0	0	0	0	0	0	0	0	0	0	0	0	0	0	0	0	0	0	0	0	0	0	0	0	0	0	0	0	0	0	0	0	0	0	0	0	0	0	0	0	0	0	0	0	0	0	0	0	0	0	0	0	0	0	0	0	0	0	0	0	0	0	0	0	0	0	0	0	0	0	0	0	0	0	0	0	0	0	0	0	0	0	0	0	0	0	0	0	0	0	0	0	0	0	0	0	0	0	0	0	0	0	0	0	0	0	0	0	0	0	0	0	0	0	0	0	0	0	0	0	0	0	0	0	0	0	0	0	0	0	0	0	0	0	0	0	0	0	0	0	0	0	0	0	0	0	0	0	0	0	0	0	0	0	0	0	0	0	0	0	0	0	0	0	0	0	0	0	0	0	0	0	0	0	0	0	0	0	0	0	0	0	0	0	0	0	0	0	0	0	0	0	0	0	0	0	0	0	0	0	0	0	0	0	0	0	0	0	0	0	0	0	0	0	0	0	0	0	0	0	0	0	0	0	0	0	0	0	0	0	0	0	152	0	18	0	0	0	0	0	0	0	0	0	0	0	0	0	0	0	0	0	0	0	0	0	0	0	0	0	0	0	0	0	0	0	0	0	0	0	0	0	0	0	0	0	0	0	0	0	0	0	0	0	0	0	0	0	0	0	0	0	0	0	0	0	0	0	0	0	0	0	0	0	0	0	0	0	0	0	0	0	0	0	0	0	0	0	0	0	0	0	0	0	0	0	0	0	0	0	0	0	0	0	0	0	0	0	0	0	0	0	0	0	0	0	0	0	0	0	0	0	0	0	0
d__Bacteria___p__Halanaerobiaeota___c__Halanaerobiia___o__Halanaerobiales___f__Halanaerobiaceae	0	0	0	0	0	0	0	0	0	0	0	0	0	0	0	0	0	0	0	0	0	0	0	0	0	0	0	0	0	0	0	0	0	0	0	0	0	0	0	0	0	0	0	0	0	0	0	0	0	0	0	0	0	0	0	0	0	0	0	0	0	0	0	0	0	0	0	0	0	0	0	0	0	0	0	0	0	0	0	0	0	0	0	0	0	0	0	0	0	0	0	0	0	0	0	0	0	0	0	0	0	0	0	0	0	0	0	0	0	0	0	0	0	0	0	0	0	0	0	0	0	0	0	0	0	0	0	0	0	0	0	0	0	0	0	0	0	0	0	0	0	0	0	0	0	0	0	0	0	0	0	0	0	0	0	0	0	0	0	0	0	0	0	0	0	0	0	0	0	0	0	0	0	0	0	0	0	0	0	0	0	0	0	0	0	0	0	0	0	0	0	0	0	0	0	0	0	0	0	0	0	0	0	0	0	0	0	0	0	0	0	0	0	0	0	0	0	0	0	0	0	0	0	0	0	0	0	0	0	0	0	0	0	0	0	0	0	0	0	0	0	0	0	0	0	0	0	0	0	0	0	0	0	0	0	0	0	0	0	0	0	0	0	0	0	0	0	0	0	0	0	0	0	0	0	0	0	0	0	0	0	0	0	0	0	0	0	0	0	0	0	0	0	0	0	0	0	0	0	0	0	0	0	0	0	0	0	0	0	0	0	0	0	0	0	0	0	0	0	0	0	0	0	0	0	0	0	0	0	0	0	0	0	0	0	0	0	0	0	0	0	0	0	0	0	0	0	0	0	0	0	0	0	0	0	0	0	0	0	0	0	0	0	0	0	0	0	0	0	0	0	0	0	0	0	0	0	0	0	0	0	0	0	0	0	0	0	0	0	0	0	0	0	0	0	0	0	0	0	0	0	0	152	0	18	0	0	0	0	0	0	0	0	0	0	0	0	0	0	0	0	0	0	0	0	0	0	0	0	0	0	0	0	0	0	0	0	0	0	0	0	0	0	0	0	0	0	0	0	0	0	0	0	0	0	0	0	0	0	0	0	0	0	0	0	0	0	0	0	0	0	0	0	0	0	0	0	0	0	0	0	0	0	0	0	0	0	0	0	0	0	0	0	0	0	0	0	0	0	0	0	0	0	0	0	0	0	0	0	0	0	0	0	0	0	0	0	0	0	0	0	0	0	0	0
d__Bacteria___p__Halanaerobiaeota___c__Halanaerobiia___o__Halanaerobiales___f__Halanaerobiaceae___g__Halanaerobium	0	0	0	0	0	0	0	0	0	0	0	0	0	0	0	0	0	0	0	0	0	0	0	0	0	0	0	0	0	0	0	0	0	0	0	0	0	0	0	0	0	0	0	0	0	0	0	0	0	0	0	0	0	0	0	0	0	0	0	0	0	0	0	0	0	0	0	0	0	0	0	0	0	0	0	0	0	0	0	0	0	0	0	0	0	0	0	0	0	0	0	0	0	0	0	0	0	0	0	0	0	0	0	0	0	0	0	0	0	0	0	0	0	0	0	0	0	0	0	0	0	0	0	0	0	0	0	0	0	0	0	0	0	0	0	0	0	0	0	0	0	0	0	0	0	0	0	0	0	0	0	0	0	0	0	0	0	0	0	0	0	0	0	0	0	0	0	0	0	0	0	0	0	0	0	0	0	0	0	0	0	0	0	0	0	0	0	0	0	0	0	0	0	0	0	0	0	0	0	0	0	0	0	0	0	0	0	0	0	0	0	0	0	0	0	0	0	0	0	0	0	0	0	0	0	0	0	0	0	0	0	0	0	0	0	0	0	0	0	0	0	0	0	0	0	0	0	0	0	0	0	0	0	0	0	0	0	0	0	0	0	0	0	0	0	0	0	0	0	0	0	0	0	0	0	0	0	0	0	0	0	0	0	0	0	0	0	0	0	0	0	0	0	0	0	0	0	0	0	0	0	0	0	0	0	0	0	0	0	0	0	0	0	0	0	0	0	0	0	0	0	0	0	0	0	0	0	0	0	0	0	0	0	0	0	0	0	0	0	0	0	0	0	0	0	0	0	0	0	0	0	0	0	0	0	0	0	0	0	0	0	0	0	0	0	0	0	0	0	0	0	0	0	0	0	0	0	0	0	0	0	0	0	0	0	0	0	0	0	0	0	0	0	0	0	0	0	0	0	0	0	0	152	0	18	0	0	0	0	0	0	0	0	0	0	0	0	0	0	0	0	0	0	0	0	0	0	0	0	0	0	0	0	0	0	0	0	0	0	0	0	0	0	0	0	0	0	0	0	0	0	0	0	0	0	0	0	0	0	0	0	0	0	0	0	0	0	0	0	0	0	0	0	0	0	0	0	0	0	0	0	0	0	0	0	0	0	0	0	0	0	0	0	0	0	0	0	0	0	0	0	0	0	0	0	0	0	0	0	0	0	0	0	0	0	0	0	0	0	0	0	0	0	0	0
d__Bacteria___p__Patescibacteria	0	0	0	0	0	0	0	0	0	0	0	0	10	0	0	0	0	0	0	0	0	0	0	0	0	0	18	0	0	0	0	0	0	0	0	0	16	0	0	0	0	0	22	0	0	0	0	0	0	0	0	0	0	0	0	0	0	0	0	0	0	0	0	0	0	0	5	0	0	0	0	0	0	0	0	0	0	0	0	0	0	0	0	0	0	0	0	0	0	0	0	5	0	0	0	0	0	0	0	0	0	0	0	0	0	0	0	0	0	0	0	0	0	0	0	0	0	0	0	0	0	0	0	0	0	0	0	0	0	0	0	0	0	0	0	0	0	0	0	0	0	0	0	0	0	0	0	0	0	0	0	0	0	0	0	0	0	0	0	0	0	0	0	0	0	54	0	0	0	0	0	0	0	0	0	0	0	0	0	16	0	31	0	0	0	0	0	26	0	0	0	0	0	0	0	0	0	0	0	0	0	0	0	0	0	0	0	15	0	0	0	0	0	0	0	13	0	8	0	0	7	10	0	0	0	0	0	0	0	27	0	0	0	0	0	0	0	0	0	0	18	0	0	0	0	0	0	0	0	0	0	10	0	0	0	0	0	0	0	0	0	0	0	0	0	0	0	0	0	13	0	0	0	14	2	0	0	0	0	0	0	0	0	0	0	0	0	0	0	0	0	0	0	0	0	0	0	0	0	0	0	0	0	0	0	0	0	0	0	0	0	0	0	0	0	0	0	0	0	0	0	0	0	0	0	0	0	0	0	0	0	0	0	0	0	0	0	0	0	0	0	0	0	0	0	0	0	0	0	0	0	0	0	0	0	0	0	0	0	0	0	0	0	0	0	0	0	0	0	0	0	0	0	0	0	0	0	0	0	0	0	0	0	0	0	0	0	0	0	0	0	0	0	0	0	0	0	0	0	0	0	0	0	0	0	0	0	0	0	0	0	0	0	0	0	0	0	0	0	0	0	65	0	0	0	0	0	0	0	0	0	0	0	0	0	0	0	0	0	0	0	0	0	0	0	0	0	0	0	0	0	0	0	0	0	0	0	0	0	0	0	0	0	0	0	0	0	0	0	0	0	0	0	0	0	0	0	0	0	0	0	0	0	0	0	0	0	0	0	0	0	0	0	0	0	0	0	0	0	0	0	0	0	0	0	0	0	0	0	0	0	0	0	0	0	0	13	0	0	0	0	0	0	0	0
d__Bacteria___p__Patescibacteria___c__Saccharimonadia	0	0	0	0	0	0	0	0	0	0	0	0	10	0	0	0	0	0	0	0	0	0	0	0	0	0	18	0	0	0	0	0	0	0	0	0	16	0	0	0	0	0	22	0	0	0	0	0	0	0	0	0	0	0	0	0	0	0	0	0	0	0	0	0	0	0	5	0	0	0	0	0	0	0	0	0	0	0	0	0	0	0	0	0	0	0	0	0	0	0	0	5	0	0	0	0	0	0	0	0	0	0	0	0	0	0	0	0	0	0	0	0	0	0	0	0	0	0	0	0	0	0	0	0	0	0	0	0	0	0	0	0	0	0	0	0	0	0	0	0	0	0	0	0	0	0	0	0	0	0	0	0	0	0	0	0	0	0	0	0	0	0	0	0	0	54	0	0	0	0	0	0	0	0	0	0	0	0	0	16	0	31	0	0	0	0	0	26	0	0	0	0	0	0	0	0	0	0	0	0	0	0	0	0	0	0	0	15	0	0	0	0	0	0	0	13	0	8	0	0	7	10	0	0	0	0	0	0	0	27	0	0	0	0	0	0	0	0	0	0	18	0	0	0	0	0	0	0	0	0	0	10	0	0	0	0	0	0	0	0	0	0	0	0	0	0	0	0	0	13	0	0	0	14	2	0	0	0	0	0	0	0	0	0	0	0	0	0	0	0	0	0	0	0	0	0	0	0	0	0	0	0	0	0	0	0	0	0	0	0	0	0	0	0	0	0	0	0	0	0	0	0	0	0	0	0	0	0	0	0	0	0	0	0	0	0	0	0	0	0	0	0	0	0	0	0	0	0	0	0	0	0	0	0	0	0	0	0	0	0	0	0	0	0	0	0	0	0	0	0	0	0	0	0	0	0	0	0	0	0	0	0	0	0	0	0	0	0	0	0	0	0	0	0	0	0	0	0	0	0	0	0	0	0	0	0	0	0	0	0	0	0	0	0	0	0	0	0	0	0	0	65	0	0	0	0	0	0	0	0	0	0	0	0	0	0	0	0	0	0	0	0	0	0	0	0	0	0	0	0	0	0	0	0	0	0	0	0	0	0	0	0	0	0	0	0	0	0	0	0	0	0	0	0	0	0	0	0	0	0	0	0	0	0	0	0	0	0	0	0	0	0	0	0	0	0	0	0	0	0	0	0	0	0	0	0	0	0	0	0	0	0	0	0	0	0	13	0	0	0	0	0	0	0	0
d__Bacteria___p__Patescibacteria___c__Saccharimonadia___o__Saccharimonadales	0	0	0	0	0	0	0	0	0	0	0	0	10	0	0	0	0	0	0	0	0	0	0	0	0	0	18	0	0	0	0	0	0	0	0	0	16	0	0	0	0	0	22	0	0	0	0	0	0	0	0	0	0	0	0	0	0	0	0	0	0	0	0	0	0	0	5	0	0	0	0	0	0	0	0	0	0	0	0	0	0	0	0	0	0	0	0	0	0	0	0	5	0	0	0	0	0	0	0	0	0	0	0	0	0	0	0	0	0	0	0	0	0	0	0	0	0	0	0	0	0	0	0	0	0	0	0	0	0	0	0	0	0	0	0	0	0	0	0	0	0	0	0	0	0	0	0	0	0	0	0	0	0	0	0	0	0	0	0	0	0	0	0	0	0	54	0	0	0	0	0	0	0	0	0	0	0	0	0	16	0	31	0	0	0	0	0	26	0	0	0	0	0	0	0	0	0	0	0	0	0	0	0	0	0	0	0	15	0	0	0	0	0	0	0	13	0	8	0	0	7	10	0	0	0	0	0	0	0	27	0	0	0	0	0	0	0	0	0	0	18	0	0	0	0	0	0	0	0	0	0	10	0	0	0	0	0	0	0	0	0	0	0	0	0	0	0	0	0	13	0	0	0	14	2	0	0	0	0	0	0	0	0	0	0	0	0	0	0	0	0	0	0	0	0	0	0	0	0	0	0	0	0	0	0	0	0	0	0	0	0	0	0	0	0	0	0	0	0	0	0	0	0	0	0	0	0	0	0	0	0	0	0	0	0	0	0	0	0	0	0	0	0	0	0	0	0	0	0	0	0	0	0	0	0	0	0	0	0	0	0	0	0	0	0	0	0	0	0	0	0	0	0	0	0	0	0	0	0	0	0	0	0	0	0	0	0	0	0	0	0	0	0	0	0	0	0	0	0	0	0	0	0	0	0	0	0	0	0	0	0	0	0	0	0	0	0	0	0	0	0	65	0	0	0	0	0	0	0	0	0	0	0	0	0	0	0	0	0	0	0	0	0	0	0	0	0	0	0	0	0	0	0	0	0	0	0	0	0	0	0	0	0	0	0	0	0	0	0	0	0	0	0	0	0	0	0	0	0	0	0	0	0	0	0	0	0	0	0	0	0	0	0	0	0	0	0	0	0	0	0	0	0	0	0	0	0	0	0	0	0	0	0	0	0	0	13	0	0	0	0	0	0	0	0
d__Bacteria___p__Patescibacteria___c__Saccharimonadia___o__Saccharimonadales___f__Saccharimonadaceae	0	0	0	0	0	0	0	0	0	0	0	0	10	0	0	0	0	0	0	0	0	0	0	0	0	0	18	0	0	0	0	0	0	0	0	0	16	0	0	0	0	0	0	0	0	0	0	0	0	0	0	0	0	0	0	0	0	0	0	0	0	0	0	0	0	0	5	0	0	0	0	0	0	0	0	0	0	0	0	0	0	0	0	0	0	0	0	0	0	0	0	5	0	0	0	0	0	0	0	0	0	0	0	0	0	0	0	0	0	0	0	0	0	0	0	0	0	0	0	0	0	0	0	0	0	0	0	0	0	0	0	0	0	0	0	0	0	0	0	0	0	0	0	0	0	0	0	0	0	0	0	0	0	0	0	0	0	0	0	0	0	0	0	0	0	54	0	0	0	0	0	0	0	0	0	0	0	0	0	16	0	31	0	0	0	0	0	26	0	0	0	0	0	0	0	0	0	0	0	0	0	0	0	0	0	0	0	0	0	0	0	0	0	0	0	13	0	8	0	0	7	10	0	0	0	0	0	0	0	27	0	0	0	0	0	0	0	0	0	0	18	0	0	0	0	0	0	0	0	0	0	10	0	0	0	0	0	0	0	0	0	0	0	0	0	0	0	0	0	13	0	0	0	14	2	0	0	0	0	0	0	0	0	0	0	0	0	0	0	0	0	0	0	0	0	0	0	0	0	0	0	0	0	0	0	0	0	0	0	0	0	0	0	0	0	0	0	0	0	0	0	0	0	0	0	0	0	0	0	0	0	0	0	0	0	0	0	0	0	0	0	0	0	0	0	0	0	0	0	0	0	0	0	0	0	0	0	0	0	0	0	0	0	0	0	0	0	0	0	0	0	0	0	0	0	0	0	0	0	0	0	0	0	0	0	0	0	0	0	0	0	0	0	0	0	0	0	0	0	0	0	0	0	0	0	0	0	0	0	0	0	0	0	0	0	0	0	0	0	0	0	65	0	0	0	0	0	0	0	0	0	0	0	0	0	0	0	0	0	0	0	0	0	0	0	0	0	0	0	0	0	0	0	0	0	0	0	0	0	0	0	0	0	0	0	0	0	0	0	0	0	0	0	0	0	0	0	0	0	0	0	0	0	0	0	0	0	0	0	0	0	0	0	0	0	0	0	0	0	0	0	0	0	0	0	0	0	0	0	0	0	0	0	0	0	0	13	0	0	0	0	0	0	0	0
d__Bacteria___p__Patescibacteria___c__Saccharimonadia___o__Saccharimonadales___f__Saccharimonadaceae___g__TM7x	0	0	0	0	0	0	0	0	0	0	0	0	10	0	0	0	0	0	0	0	0	0	0	0	0	0	18	0	0	0	0	0	0	0	0	0	16	0	0	0	0	0	0	0	0	0	0	0	0	0	0	0	0	0	0	0	0	0	0	0	0	0	0	0	0	0	5	0	0	0	0	0	0	0	0	0	0	0	0	0	0	0	0	0	0	0	0	0	0	0	0	5	0	0	0	0	0	0	0	0	0	0	0	0	0	0	0	0	0	0	0	0	0	0	0	0	0	0	0	0	0	0	0	0	0	0	0	0	0	0	0	0	0	0	0	0	0	0	0	0	0	0	0	0	0	0	0	0	0	0	0	0	0	0	0	0	0	0	0	0	0	0	0	0	0	54	0	0	0	0	0	0	0	0	0	0	0	0	0	16	0	31	0	0	0	0	0	26	0	0	0	0	0	0	0	0	0	0	0	0	0	0	0	0	0	0	0	0	0	0	0	0	0	0	0	13	0	8	0	0	7	10	0	0	0	0	0	0	0	27	0	0	0	0	0	0	0	0	0	0	18	0	0	0	0	0	0	0	0	0	0	10	0	0	0	0	0	0	0	0	0	0	0	0	0	0	0	0	0	13	0	0	0	14	2	0	0	0	0	0	0	0	0	0	0	0	0	0	0	0	0	0	0	0	0	0	0	0	0	0	0	0	0	0	0	0	0	0	0	0	0	0	0	0	0	0	0	0	0	0	0	0	0	0	0	0	0	0	0	0	0	0	0	0	0	0	0	0	0	0	0	0	0	0	0	0	0	0	0	0	0	0	0	0	0	0	0	0	0	0	0	0	0	0	0	0	0	0	0	0	0	0	0	0	0	0	0	0	0	0	0	0	0	0	0	0	0	0	0	0	0	0	0	0	0	0	0	0	0	0	0	0	0	0	0	0	0	0	0	0	0	0	0	0	0	0	0	0	0	0	0	65	0	0	0	0	0	0	0	0	0	0	0	0	0	0	0	0	0	0	0	0	0	0	0	0	0	0	0	0	0	0	0	0	0	0	0	0	0	0	0	0	0	0	0	0	0	0	0	0	0	0	0	0	0	0	0	0	0	0	0	0	0	0	0	0	0	0	0	0	0	0	0	0	0	0	0	0	0	0	0	0	0	0	0	0	0	0	0	0	0	0	0	0	0	0	13	0	0	0	0	0	0	0	0
d__Bacteria___p__Proteobacteria	835	211	520	15	140	140	145	178	90	133	231	804	5392	235	96	248	5885	419	82	1487	510	594	320	401	149	90	664	2419	2228	2418	177	527	271	997	127	89	1157	2777	670	774	363	173	1453	378	142	322	7839	195	55	115	372	116	733	1162	202	197	621	209	109	628	158	1047	98	153	493	12084	673	93	473	692	396	169	1039	429	161	1257	289	170	194	512	87	138	479	66	290	231	252	120	1988	192	130	256	181	72	1209	198	0	9843	0	127	0	464	0	71	46	465	217	1137	110	466	300	261	188	39	78	1170	596	0	14	337	349	58	0	1869	47	738	285	261	4751	6797	338	403	0	113	63	336	0	436	642	48	45	220	0	150	31	94	103	330	202	553	1651	702	41	367	0	270	137	49	327	450	120	627	41	26	360	66	159	161	91	103	212	1304	58	83	79	175	177	0	10473	624	35	195	3509	91	75	156	431	390	437	266	260	321	122	451	117	122	183	1092	544	338	19	252	324	3724	510	61	426	3299	737	101	581	632	199	1643	66	608	329	420	755	106	862	951	29	2095	55	48	1858	342	1410	848	1305	487	847	134	116	125	353	5782	3752	959	58	459	2277	14156	25396	1953	2340	523	6474	78	433	396	88	662	2822	666	458	141	348	308	708	2216	156	121	208	3124	234	278	631	971	22775	916	556	340	322	472	1032	271	112	217	253	156	653	13	1037	291	44185	14083	936	276	205	251	1015	748	238	187	6996	379	719	378	700	480	151	70	372	2020	37	141	47	158	56	517	1025	177	278	78	549	779	287	208	163	533	1314	883	915	576	9	261	134	2980	3305	17664	11033	945	8065	283	284	288	706	2805	131	632	666	556	105	505	97	669	127	163	969	0	128	586	360	241	0	4817	1328	222	11742	274	2290	194	446	40	836	137	543	30	0	99	0	219	1588	1713	23	1034	158	0	354	275	13	721	375	182	1035	2241	583	20	89	207	1537	137	816	25517	325	1646	2308	675	36	1908	632	59	236	1095	4206	239	2014	2878	290	7732	1563	867	903	0	13257	9595	0	151	122	3437	323	463	289	151	683	0	292	88	56	78	31	51	208	175	20	175	248	37	28	173	220	41	56	63	24	0	0	22	32	6	1224	13	0	10	66	62	636	34	24	41	106	197	2	0	0	3674	0	0	0	80	70	419	0	52	104	721	93	1604	51	386	476	18	83	0	22	20	119	0	0	73	169	46	290	29	0	187	62	5	149	3	314	233	2044	164	105	0	50	274	151	0	690	0	0	0	1487	661	637	1214	110	83	13097	138	223
d__Bacteria___p__Proteobacteria___c__Alphaproteobacteria	268	0	0	15	0	0	0	24	0	0	58	57	42	0	0	0	0	0	0	47	66	0	17	0	69	0	0	134	208	244	24	0	121	0	0	16	19	0	78	0	0	111	0	15	0	19	0	62	8	13	48	0	0	0	0	67	0	0	0	21	0	0	3	9	237	0	36	0	209	35	168	0	0	35	27	19	13	0	10	83	28	10	37	0	24	38	20	0	41	0	61	0	21	13	73	70	0	0	0	24	0	41	0	0	46	230	0	0	0	0	25	15	54	0	0	17	96	0	14	34	0	0	0	0	12	0	0	0	0	0	0	0	0	0	0	121	0	140	0	23	0	99	0	31	0	0	58	68	31	115	14	0	0	0	0	0	0	0	86	0	0	46	0	0	71	0	0	0	0	0	14	0	0	45	0	25	0	0	0	9	0	9	0	0	0	4	0	0	7	0	0	0	14	0	0	50	0	22	68	25	0	21	0	3	0	0	0	0	0	0	0	0	21	24	25	0	143	19	31	87	5	65	0	0	24	0	0	0	0	0	164	0	0	0	0	7	0	0	6	0	0	0	140	0	0	7	132	0	37	0	138	6	0	150	436	0	171	0	0	0	0	0	16	12	0	0	0	0	0	72	0	0	0	0	0	0	0	133	0	0	146	0	486	0	910	0	0	3128	0	69	0	0	110	123	226	17	24	85	42	35	35	0	0	0	17	0	0	0	0	24	7	0	13	23	8	0	8	25	0	22	0	131	0	252	86	363	0	29	0	0	0	0	2127	0	0	20	0	0	247	0	0	563	155	169	0	0	72	232	11	0	0	0	50	0	0	0	0	0	0	0	2900	41	253	44	196	0	36	137	25	0	0	23	0	8	834	9	0	0	0	0	0	135	0	45	0	63	82	8	0	0	0	78	121	0	0	0	0	0	0	62	0	0	35	0	0	0	0	0	0	479	0	0	368	0	0	0	0	0	0	0	32	0	59	0	0	0	0	0	0	0	0	0	14	0	0	0	0	19	28	0	0	0	0	0	0	0	0	0	0	0	0	0	0	13	0	0	0	13	0	0	24	0	58	0	2	0	0	0	0	0	0	0	0	129	0	0	23	141	39	62	0	62	0	0	0	0	8	0	0	0	0	0	73	0	0	0	0	0	0	0	0	0	0	109	0	0	0	0	0	13	0	0	0	0	0	0	0	0	21	678	17	0	0	0	0
d__Bacteria___p__Proteobacteria___c__Alphaproteobacteria___o__Caulobacterales	0	0	0	0	0	0	0	0	0	0	0	0	0	0	0	0	0	0	0	0	0	0	0	0	0	0	0	0	0	0	0	0	0	0	0	0	0	0	0	0	0	0	0	0	0	0	0	0	0	0	0	0	0	0	0	0	0	0	0	0	0	0	0	0	0	0	0	0	0	0	0	0	0	0	0	0	0	0	0	0	0	0	0	0	0	0	0	0	0	0	0	0	0	0	0	0	0	0	0	0	0	0	0	0	0	0	0	0	0	0	0	0	0	0	0	0	0	0	0	0	0	0	0	0	0	0	0	0	0	0	0	0	0	0	0	0	0	0	0	0	0	0	0	0	0	0	0	0	0	0	0	0	0	0	0	0	0	0	0	0	0	0	0	0	0	0	0	0	0	0	0	0	0	0	0	0	0	0	0	0	0	0	0	0	0	0	0	0	0	0	0	0	0	0	0	0	0	0	0	0	0	0	0	0	0	0	0	0	0	0	0	0	0	0	0	0	0	0	0	0	0	16	0	0	0	0	0	0	0	0	0	0	0	0	0	0	0	0	0	0	0	0	0	0	0	0	0	0	0	0	0	0	0	0	0	0	0	0	0	0	0	0	0	0	0	0	0	0	0	0	0	0	0	0	0	0	0	0	0	0	0	0	0	0	0	0	0	0	0	0	0	0	0	0	0	0	0	0	0	0	0	0	0	0	0	0	0	0	0	0	0	0	0	0	0	0	0	0	0	0	0	0	0	0	0	0	0	0	0	0	0	0	0	0	0	0	0	0	0	0	0	0	0	0	0	0	0	0	0	0	0	0	0	0	0	0	0	0	0	0	0	0	0	0	0	0	0	0	0	0	0	0	0	0	0	0	0	0	0	0	0	0	0	0	0	0	0	0	0	0	0	0	0	0	0	0	0	0	0	0	0	0	0	0	0	0	0	0	0	0	0	0	0	0	0	0	0	0	0	0	0	0	0	0	0	0	0	0	0	0	0	0	0	0	0	0	0	0	0	0	0	0	0	0	0	0	0	0	0	0	0	0	0	0	0	0	0	0	0	0	0	0	0	0	0	0	0	0	0	0	0	0	0	0	0	0	0	0	0	12	0	0	0	0	0	0	0	0	0	0	0	0	0	0	0	0	0	0	0	0	0	0	0	0	0	0	0	0	0	0	0	0	0	0	0	0	0	0	0	0	0	0	0	0	0
d__Bacteria___p__Proteobacteria___c__Alphaproteobacteria___o__Caulobacterales___f__Caulobacteraceae	0	0	0	0	0	0	0	0	0	0	0	0	0	0	0	0	0	0	0	0	0	0	0	0	0	0	0	0	0	0	0	0	0	0	0	0	0	0	0	0	0	0	0	0	0	0	0	0	0	0	0	0	0	0	0	0	0	0	0	0	0	0	0	0	0	0	0	0	0	0	0	0	0	0	0	0	0	0	0	0	0	0	0	0	0	0	0	0	0	0	0	0	0	0	0	0	0	0	0	0	0	0	0	0	0	0	0	0	0	0	0	0	0	0	0	0	0	0	0	0	0	0	0	0	0	0	0	0	0	0	0	0	0	0	0	0	0	0	0	0	0	0	0	0	0	0	0	0	0	0	0	0	0	0	0	0	0	0	0	0	0	0	0	0	0	0	0	0	0	0	0	0	0	0	0	0	0	0	0	0	0	0	0	0	0	0	0	0	0	0	0	0	0	0	0	0	0	0	0	0	0	0	0	0	0	0	0	0	0	0	0	0	0	0	0	0	0	0	0	0	0	16	0	0	0	0	0	0	0	0	0	0	0	0	0	0	0	0	0	0	0	0	0	0	0	0	0	0	0	0	0	0	0	0	0	0	0	0	0	0	0	0	0	0	0	0	0	0	0	0	0	0	0	0	0	0	0	0	0	0	0	0	0	0	0	0	0	0	0	0	0	0	0	0	0	0	0	0	0	0	0	0	0	0	0	0	0	0	0	0	0	0	0	0	0	0	0	0	0	0	0	0	0	0	0	0	0	0	0	0	0	0	0	0	0	0	0	0	0	0	0	0	0	0	0	0	0	0	0	0	0	0	0	0	0	0	0	0	0	0	0	0	0	0	0	0	0	0	0	0	0	0	0	0	0	0	0	0	0	0	0	0	0	0	0	0	0	0	0	0	0	0	0	0	0	0	0	0	0	0	0	0	0	0	0	0	0	0	0	0	0	0	0	0	0	0	0	0	0	0	0	0	0	0	0	0	0	0	0	0	0	0	0	0	0	0	0	0	0	0	0	0	0	0	0	0	0	0	0	0	0	0	0	0	0	0	0	0	0	0	0	0	0	0	0	0	0	0	0	0	0	0	0	0	0	0	0	0	0	12	0	0	0	0	0	0	0	0	0	0	0	0	0	0	0	0	0	0	0	0	0	0	0	0	0	0	0	0	0	0	0	0	0	0	0	0	0	0	0	0	0	0	0	0	0
d__Bacteria___p__Proteobacteria___c__Alphaproteobacteria___o__Reyranellales	0	0	0	0	0	0	0	0	0	0	0	0	0	0	0	0	0	0	0	0	0	0	0	0	0	0	0	0	0	0	0	0	0	0	0	0	0	0	0	0	0	0	0	0	0	0	0	0	0	0	0	0	0	0	0	0	0	0	0	0	0	0	0	0	0	0	0	0	0	0	0	0	0	0	0	0	0	0	0	0	0	0	0	0	0	0	0	0	0	0	0	0	0	0	0	0	0	0	0	0	0	0	0	0	0	0	0	0	0	0	0	0	0	0	0	0	0	0	0	0	0	0	0	0	0	0	0	0	0	0	0	0	0	0	0	0	0	0	0	0	0	0	0	0	0	0	0	0	0	0	0	0	0	0	0	0	0	0	0	0	0	0	0	0	0	0	0	0	0	0	0	0	0	0	0	0	0	0	0	0	0	0	0	0	0	0	0	0	0	0	0	0	0	0	0	0	0	0	0	0	0	0	0	0	0	0	0	0	0	0	0	0	0	0	0	0	0	0	0	0	0	0	0	0	0	0	0	0	0	0	0	0	0	0	0	0	0	0	0	0	0	0	0	0	0	0	0	0	0	0	0	6	0	0	0	0	0	0	0	0	0	0	0	0	0	0	0	0	0	0	0	0	0	0	0	0	0	0	0	0	0	0	0	0	0	0	0	0	0	0	0	0	0	0	0	0	0	0	0	0	0	0	0	0	0	0	0	0	0	0	0	0	0	0	0	0	0	0	0	0	0	0	0	0	0	0	0	0	0	0	0	0	0	0	0	0	0	0	0	0	0	0	0	0	0	0	0	0	0	0	0	0	0	0	0	0	0	0	0	0	0	0	0	0	0	0	0	0	0	0	0	0	0	0	0	0	0	0	0	0	0	0	0	0	0	0	0	0	0	0	0	0	0	0	0	0	0	0	0	0	0	0	0	0	0	0	0	0	0	0	0	0	0	0	0	0	0	0	0	0	0	0	0	0	0	0	0	0	0	0	0	0	0	0	0	0	0	0	0	0	0	0	0	0	0	0	0	0	0	0	0	0	0	0	0	0	0	0	0	0	0	0	0	0	0	0	0	0	0	0	0	0	0	0	0	0	0	0	0	0	0	0	0	0	0	0	0	0	0	0	0	0	0	0	0	0	0	0	0	0	0	0	0	0	0	0	0	0	0	0	0	0	0	0	0	0	0	0	0	0	0	0	0	0	0
d__Bacteria___p__Proteobacteria___c__Alphaproteobacteria___o__Reyranellales___f__Reyranellaceae	0	0	0	0	0	0	0	0	0	0	0	0	0	0	0	0	0	0	0	0	0	0	0	0	0	0	0	0	0	0	0	0	0	0	0	0	0	0	0	0	0	0	0	0	0	0	0	0	0	0	0	0	0	0	0	0	0	0	0	0	0	0	0	0	0	0	0	0	0	0	0	0	0	0	0	0	0	0	0	0	0	0	0	0	0	0	0	0	0	0	0	0	0	0	0	0	0	0	0	0	0	0	0	0	0	0	0	0	0	0	0	0	0	0	0	0	0	0	0	0	0	0	0	0	0	0	0	0	0	0	0	0	0	0	0	0	0	0	0	0	0	0	0	0	0	0	0	0	0	0	0	0	0	0	0	0	0	0	0	0	0	0	0	0	0	0	0	0	0	0	0	0	0	0	0	0	0	0	0	0	0	0	0	0	0	0	0	0	0	0	0	0	0	0	0	0	0	0	0	0	0	0	0	0	0	0	0	0	0	0	0	0	0	0	0	0	0	0	0	0	0	0	0	0	0	0	0	0	0	0	0	0	0	0	0	0	0	0	0	0	0	0	0	0	0	0	0	0	0	0	0	6	0	0	0	0	0	0	0	0	0	0	0	0	0	0	0	0	0	0	0	0	0	0	0	0	0	0	0	0	0	0	0	0	0	0	0	0	0	0	0	0	0	0	0	0	0	0	0	0	0	0	0	0	0	0	0	0	0	0	0	0	0	0	0	0	0	0	0	0	0	0	0	0	0	0	0	0	0	0	0	0	0	0	0	0	0	0	0	0	0	0	0	0	0	0	0	0	0	0	0	0	0	0	0	0	0	0	0	0	0	0	0	0	0	0	0	0	0	0	0	0	0	0	0	0	0	0	0	0	0	0	0	0	0	0	0	0	0	0	0	0	0	0	0	0	0	0	0	0	0	0	0	0	0	0	0	0	0	0	0	0	0	0	0	0	0	0	0	0	0	0	0	0	0	0	0	0	0	0	0	0	0	0	0	0	0	0	0	0	0	0	0	0	0	0	0	0	0	0	0	0	0	0	0	0	0	0	0	0	0	0	0	0	0	0	0	0	0	0	0	0	0	0	0	0	0	0	0	0	0	0	0	0	0	0	0	0	0	0	0	0	0	0	0	0	0	0	0	0	0	0	0	0	0	0	0	0	0	0	0	0	0	0	0	0	0	0	0	0	0	0	0	0	0
d__Bacteria___p__Proteobacteria___c__Alphaproteobacteria___o__Reyranellales___f__Reyranellaceae___g__Reyranella	0	0	0	0	0	0	0	0	0	0	0	0	0	0	0	0	0	0	0	0	0	0	0	0	0	0	0	0	0	0	0	0	0	0	0	0	0	0	0	0	0	0	0	0	0	0	0	0	0	0	0	0	0	0	0	0	0	0	0	0	0	0	0	0	0	0	0	0	0	0	0	0	0	0	0	0	0	0	0	0	0	0	0	0	0	0	0	0	0	0	0	0	0	0	0	0	0	0	0	0	0	0	0	0	0	0	0	0	0	0	0	0	0	0	0	0	0	0	0	0	0	0	0	0	0	0	0	0	0	0	0	0	0	0	0	0	0	0	0	0	0	0	0	0	0	0	0	0	0	0	0	0	0	0	0	0	0	0	0	0	0	0	0	0	0	0	0	0	0	0	0	0	0	0	0	0	0	0	0	0	0	0	0	0	0	0	0	0	0	0	0	0	0	0	0	0	0	0	0	0	0	0	0	0	0	0	0	0	0	0	0	0	0	0	0	0	0	0	0	0	0	0	0	0	0	0	0	0	0	0	0	0	0	0	0	0	0	0	0	0	0	0	0	0	0	0	0	0	0	0	0	6	0	0	0	0	0	0	0	0	0	0	0	0	0	0	0	0	0	0	0	0	0	0	0	0	0	0	0	0	0	0	0	0	0	0	0	0	0	0	0	0	0	0	0	0	0	0	0	0	0	0	0	0	0	0	0	0	0	0	0	0	0	0	0	0	0	0	0	0	0	0	0	0	0	0	0	0	0	0	0	0	0	0	0	0	0	0	0	0	0	0	0	0	0	0	0	0	0	0	0	0	0	0	0	0	0	0	0	0	0	0	0	0	0	0	0	0	0	0	0	0	0	0	0	0	0	0	0	0	0	0	0	0	0	0	0	0	0	0	0	0	0	0	0	0	0	0	0	0	0	0	0	0	0	0	0	0	0	0	0	0	0	0	0	0	0	0	0	0	0	0	0	0	0	0	0	0	0	0	0	0	0	0	0	0	0	0	0	0	0	0	0	0	0	0	0	0	0	0	0	0	0	0	0	0	0	0	0	0	0	0	0	0	0	0	0	0	0	0	0	0	0	0	0	0	0	0	0	0	0	0	0	0	0	0	0	0	0	0	0	0	0	0	0	0	0	0	0	0	0	0	0	0	0	0	0	0	0	0	0	0	0	0	0	0	0	0	0	0	0	0	0	0	0
d__Bacteria___p__Proteobacteria___c__Alphaproteobacteria___o__Rhizobiales	0	0	0	0	0	0	0	0	0	0	0	0	0	0	0	0	0	0	0	0	0	0	0	0	0	0	0	0	0	0	0	0	0	0	0	0	0	0	0	0	0	0	0	0	0	0	0	0	0	0	0	0	0	0	0	0	0	0	0	0	0	0	0	0	93	0	18	0	21	20	21	0	0	18	0	0	0	0	0	41	0	0	0	0	0	0	0	0	0	0	0	0	0	0	0	0	0	0	0	0	0	0	0	0	0	0	0	0	0	0	0	0	0	0	0	0	31	0	0	0	0	0	0	0	0	0	0	0	0	0	0	0	0	0	0	0	0	0	0	0	0	0	0	0	0	0	0	0	0	0	0	0	0	0	0	0	0	0	0	0	0	0	0	0	0	0	0	0	0	0	0	0	0	0	0	0	0	0	0	0	0	0	0	0	0	0	0	0	0	0	0	0	0	0	0	0	0	0	0	0	0	0	0	0	0	0	0	0	0	0	0	0	0	0	0	0	0	0	31	0	5	49	0	0	0	0	0	0	0	0	0	0	0	0	0	0	0	0	0	0	0	0	0	0	0	0	0	0	0	0	0	0	0	0	0	0	0	0	0	0	0	0	0	0	0	0	0	0	0	0	0	0	0	0	0	0	0	0	0	0	0	0	0	0	0	0	0	0	0	0	0	0	0	0	0	0	0	0	0	0	0	0	0	0	0	0	0	0	0	0	0	0	0	0	0	0	0	0	0	0	0	0	0	0	0	0	0	0	0	0	0	0	0	0	0	0	0	0	0	0	0	0	0	0	0	0	0	0	0	0	0	0	0	0	0	0	0	0	0	0	0	0	0	0	0	0	0	0	0	0	0	0	0	0	0	0	0	0	0	0	0	0	0	0	0	0	0	0	0	0	0	0	0	0	0	0	0	0	0	0	0	0	0	0	0	0	0	0	0	0	0	0	0	0	0	0	0	0	0	0	0	0	0	0	0	0	0	0	0	0	0	0	0	0	0	0	0	0	0	0	0	0	0	0	0	0	0	0	0	0	0	0	0	0	0	0	0	0	0	0	0	0	0	0	0	0	0	0	0	0	0	0	0	0	0	0	0	0	0	24	0	0	0	0	0	0	0	0	0	0	0	0	0	0	0	0	0	0	0	0	0	0	0	0	0	0	0	0	0	0	0	0	0	0	0	0	0	0	0	0	0	0	0	0	0
d__Bacteria___p__Proteobacteria___c__Alphaproteobacteria___o__Rhizobiales___f__Beijerinckiaceae	0	0	0	0	0	0	0	0	0	0	0	0	0	0	0	0	0	0	0	0	0	0	0	0	0	0	0	0	0	0	0	0	0	0	0	0	0	0	0	0	0	0	0	0	0	0	0	0	0	0	0	0	0	0	0	0	0	0	0	0	0	0	0	0	26	0	0	0	8	20	0	0	0	5	0	0	0	0	0	16	0	0	0	0	0	0	0	0	0	0	0	0	0	0	0	0	0	0	0	0	0	0	0	0	0	0	0	0	0	0	0	0	0	0	0	0	0	0	0	0	0	0	0	0	0	0	0	0	0	0	0	0	0	0	0	0	0	0	0	0	0	0	0	0	0	0	0	0	0	0	0	0	0	0	0	0	0	0	0	0	0	0	0	0	0	0	0	0	0	0	0	0	0	0	0	0	0	0	0	0	0	0	0	0	0	0	0	0	0	0	0	0	0	0	0	0	0	0	0	0	0	0	0	0	0	0	0	0	0	0	0	0	0	0	0	0	0	0	0	0	0	0	0	0	0	0	0	0	0	0	0	0	0	0	0	0	0	0	0	0	0	0	0	0	0	0	0	0	0	0	0	0	0	0	0	0	0	0	0	0	0	0	0	0	0	0	0	0	0	0	0	0	0	0	0	0	0	0	0	0	0	0	0	0	0	0	0	0	0	0	0	0	0	0	0	0	0	0	0	0	0	0	0	0	0	0	0	0	0	0	0	0	0	0	0	0	0	0	0	0	0	0	0	0	0	0	0	0	0	0	0	0	0	0	0	0	0	0	0	0	0	0	0	0	0	0	0	0	0	0	0	0	0	0	0	0	0	0	0	0	0	0	0	0	0	0	0	0	0	0	0	0	0	0	0	0	0	0	0	0	0	0	0	0	0	0	0	0	0	0	0	0	0	0	0	0	0	0	0	0	0	0	0	0	0	0	0	0	0	0	0	0	0	0	0	0	0	0	0	0	0	0	0	0	0	0	0	0	0	0	0	0	0	0	0	0	0	0	0	0	0	0	0	0	0	0	0	0	0	0	0	0	0	0	0	0	0	0	0	0	0	0	0	0	0	0	0	0	0	0	0	0	0	0	0	0	0	0	0	0	0	0	0	0	0	0	0	0	0	0	0	0	0	0	0	0	0	0	0	0	0	0	0	0	0	0	0	0	0	0	0	0	0	0	0	0	0	0	0	0	0	0	0	0	0
d__Bacteria___p__Proteobacteria___c__Alphaproteobacteria___o__Rhizobiales___f__Beijerinckiaceae___g__Methylobacterium-Methylorubrum	0	0	0	0	0	0	0	0	0	0	0	0	0	0	0	0	0	0	0	0	0	0	0	0	0	0	0	0	0	0	0	0	0	0	0	0	0	0	0	0	0	0	0	0	0	0	0	0	0	0	0	0	0	0	0	0	0	0	0	0	0	0	0	0	26	0	0	0	8	20	0	0	0	5	0	0	0	0	0	16	0	0	0	0	0	0	0	0	0	0	0	0	0	0	0	0	0	0	0	0	0	0	0	0	0	0	0	0	0	0	0	0	0	0	0	0	0	0	0	0	0	0	0	0	0	0	0	0	0	0	0	0	0	0	0	0	0	0	0	0	0	0	0	0	0	0	0	0	0	0	0	0	0	0	0	0	0	0	0	0	0	0	0	0	0	0	0	0	0	0	0	0	0	0	0	0	0	0	0	0	0	0	0	0	0	0	0	0	0	0	0	0	0	0	0	0	0	0	0	0	0	0	0	0	0	0	0	0	0	0	0	0	0	0	0	0	0	0	0	0	0	0	0	0	0	0	0	0	0	0	0	0	0	0	0	0	0	0	0	0	0	0	0	0	0	0	0	0	0	0	0	0	0	0	0	0	0	0	0	0	0	0	0	0	0	0	0	0	0	0	0	0	0	0	0	0	0	0	0	0	0	0	0	0	0	0	0	0	0	0	0	0	0	0	0	0	0	0	0	0	0	0	0	0	0	0	0	0	0	0	0	0	0	0	0	0	0	0	0	0	0	0	0	0	0	0	0	0	0	0	0	0	0	0	0	0	0	0	0	0	0	0	0	0	0	0	0	0	0	0	0	0	0	0	0	0	0	0	0	0	0	0	0	0	0	0	0	0	0	0	0	0	0	0	0	0	0	0	0	0	0	0	0	0	0	0	0	0	0	0	0	0	0	0	0	0	0	0	0	0	0	0	0	0	0	0	0	0	0	0	0	0	0	0	0	0	0	0	0	0	0	0	0	0	0	0	0	0	0	0	0	0	0	0	0	0	0	0	0	0	0	0	0	0	0	0	0	0	0	0	0	0	0	0	0	0	0	0	0	0	0	0	0	0	0	0	0	0	0	0	0	0	0	0	0	0	0	0	0	0	0	0	0	0	0	0	0	0	0	0	0	0	0	0	0	0	0	0	0	0	0	0	0	0	0	0	0	0	0	0	0	0	0	0	0	0	0	0	0	0	0	0	0	0	0
d__Bacteria___p__Proteobacteria___c__Alphaproteobacteria___o__Rhizobiales___f__Xanthobacteraceae	0	0	0	0	0	0	0	0	0	0	0	0	0	0	0	0	0	0	0	0	0	0	0	0	0	0	0	0	0	0	0	0	0	0	0	0	0	0	0	0	0	0	0	0	0	0	0	0	0	0	0	0	0	0	0	0	0	0	0	0	0	0	0	0	67	0	18	0	13	0	21	0	0	13	0	0	0	0	0	25	0	0	0	0	0	0	0	0	0	0	0	0	0	0	0	0	0	0	0	0	0	0	0	0	0	0	0	0	0	0	0	0	0	0	0	0	31	0	0	0	0	0	0	0	0	0	0	0	0	0	0	0	0	0	0	0	0	0	0	0	0	0	0	0	0	0	0	0	0	0	0	0	0	0	0	0	0	0	0	0	0	0	0	0	0	0	0	0	0	0	0	0	0	0	0	0	0	0	0	0	0	0	0	0	0	0	0	0	0	0	0	0	0	0	0	0	0	0	0	0	0	0	0	0	0	0	0	0	0	0	0	0	0	0	0	0	0	0	31	0	5	49	0	0	0	0	0	0	0	0	0	0	0	0	0	0	0	0	0	0	0	0	0	0	0	0	0	0	0	0	0	0	0	0	0	0	0	0	0	0	0	0	0	0	0	0	0	0	0	0	0	0	0	0	0	0	0	0	0	0	0	0	0	0	0	0	0	0	0	0	0	0	0	0	0	0	0	0	0	0	0	0	0	0	0	0	0	0	0	0	0	0	0	0	0	0	0	0	0	0	0	0	0	0	0	0	0	0	0	0	0	0	0	0	0	0	0	0	0	0	0	0	0	0	0	0	0	0	0	0	0	0	0	0	0	0	0	0	0	0	0	0	0	0	0	0	0	0	0	0	0	0	0	0	0	0	0	0	0	0	0	0	0	0	0	0	0	0	0	0	0	0	0	0	0	0	0	0	0	0	0	0	0	0	0	0	0	0	0	0	0	0	0	0	0	0	0	0	0	0	0	0	0	0	0	0	0	0	0	0	0	0	0	0	0	0	0	0	0	0	0	0	0	0	0	0	0	0	0	0	0	0	0	0	0	0	0	0	0	0	0	0	0	0	0	0	0	0	0	0	0	0	0	0	0	0	0	0	0	24	0	0	0	0	0	0	0	0	0	0	0	0	0	0	0	0	0	0	0	0	0	0	0	0	0	0	0	0	0	0	0	0	0	0	0	0	0	0	0	0	0	0	0	0	0
d__Bacteria___p__Proteobacteria___c__Alphaproteobacteria___o__Rhizobiales___f__Xanthobacteraceae___g__Bradyrhizobium	0	0	0	0	0	0	0	0	0	0	0	0	0	0	0	0	0	0	0	0	0	0	0	0	0	0	0	0	0	0	0	0	0	0	0	0	0	0	0	0	0	0	0	0	0	0	0	0	0	0	0	0	0	0	0	0	0	0	0	0	0	0	0	0	67	0	18	0	0	0	0	0	0	0	0	0	0	0	0	25	0	0	0	0	0	0	0	0	0	0	0	0	0	0	0	0	0	0	0	0	0	0	0	0	0	0	0	0	0	0	0	0	0	0	0	0	31	0	0	0	0	0	0	0	0	0	0	0	0	0	0	0	0	0	0	0	0	0	0	0	0	0	0	0	0	0	0	0	0	0	0	0	0	0	0	0	0	0	0	0	0	0	0	0	0	0	0	0	0	0	0	0	0	0	0	0	0	0	0	0	0	0	0	0	0	0	0	0	0	0	0	0	0	0	0	0	0	0	0	0	0	0	0	0	0	0	0	0	0	0	0	0	0	0	0	0	0	0	31	0	5	49	0	0	0	0	0	0	0	0	0	0	0	0	0	0	0	0	0	0	0	0	0	0	0	0	0	0	0	0	0	0	0	0	0	0	0	0	0	0	0	0	0	0	0	0	0	0	0	0	0	0	0	0	0	0	0	0	0	0	0	0	0	0	0	0	0	0	0	0	0	0	0	0	0	0	0	0	0	0	0	0	0	0	0	0	0	0	0	0	0	0	0	0	0	0	0	0	0	0	0	0	0	0	0	0	0	0	0	0	0	0	0	0	0	0	0	0	0	0	0	0	0	0	0	0	0	0	0	0	0	0	0	0	0	0	0	0	0	0	0	0	0	0	0	0	0	0	0	0	0	0	0	0	0	0	0	0	0	0	0	0	0	0	0	0	0	0	0	0	0	0	0	0	0	0	0	0	0	0	0	0	0	0	0	0	0	0	0	0	0	0	0	0	0	0	0	0	0	0	0	0	0	0	0	0	0	0	0	0	0	0	0	0	0	0	0	0	0	0	0	0	0	0	0	0	0	0	0	0	0	0	0	0	0	0	0	0	0	0	0	0	0	0	0	0	0	0	0	0	0	0	0	0	0	0	0	0	0	0	0	0	0	0	0	0	0	0	0	0	0	0	0	0	0	0	0	0	0	0	0	0	0	0	0	0	0	0	0	0	0	0	0	0	0	0	0	0	0	0	0	0	0	0	0
d__Bacteria___p__Proteobacteria___c__Alphaproteobacteria___o__Rhizobiales___f__Xanthobacteraceae___g__Tardiphaga	0	0	0	0	0	0	0	0	0	0	0	0	0	0	0	0	0	0	0	0	0	0	0	0	0	0	0	0	0	0	0	0	0	0	0	0	0	0	0	0	0	0	0	0	0	0	0	0	0	0	0	0	0	0	0	0	0	0	0	0	0	0	0	0	0	0	0	0	13	0	21	0	0	13	0	0	0	0	0	0	0	0	0	0	0	0	0	0	0	0	0	0	0	0	0	0	0	0	0	0	0	0	0	0	0	0	0	0	0	0	0	0	0	0	0	0	0	0	0	0	0	0	0	0	0	0	0	0	0	0	0	0	0	0	0	0	0	0	0	0	0	0	0	0	0	0	0	0	0	0	0	0	0	0	0	0	0	0	0	0	0	0	0	0	0	0	0	0	0	0	0	0	0	0	0	0	0	0	0	0	0	0	0	0	0	0	0	0	0	0	0	0	0	0	0	0	0	0	0	0	0	0	0	0	0	0	0	0	0	0	0	0	0	0	0	0	0	0	0	0	0	0	0	0	0	0	0	0	0	0	0	0	0	0	0	0	0	0	0	0	0	0	0	0	0	0	0	0	0	0	0	0	0	0	0	0	0	0	0	0	0	0	0	0	0	0	0	0	0	0	0	0	0	0	0	0	0	0	0	0	0	0	0	0	0	0	0	0	0	0	0	0	0	0	0	0	0	0	0	0	0	0	0	0	0	0	0	0	0	0	0	0	0	0	0	0	0	0	0	0	0	0	0	0	0	0	0	0	0	0	0	0	0	0	0	0	0	0	0	0	0	0	0	0	0	0	0	0	0	0	0	0	0	0	0	0	0	0	0	0	0	0	0	0	0	0	0	0	0	0	0	0	0	0	0	0	0	0	0	0	0	0	0	0	0	0	0	0	0	0	0	0	0	0	0	0	0	0	0	0	0	0	0	0	0	0	0	0	0	0	0	0	0	0	0	0	0	0	0	0	0	0	0	0	0	0	0	0	0	0	0	0	0	0	0	0	0	0	0	0	0	0	0	0	0	0	0	0	0	0	0	0	0	0	0	0	0	0	0	0	0	0	0	0	0	0	0	0	0	0	0	0	0	0	0	0	0	0	0	24	0	0	0	0	0	0	0	0	0	0	0	0	0	0	0	0	0	0	0	0	0	0	0	0	0	0	0	0	0	0	0	0	0	0	0	0	0	0	0	0	0	0	0	0	0
d__Bacteria___p__Proteobacteria___c__Alphaproteobacteria___o__Rhodobacterales	0	0	0	0	0	0	0	0	0	0	0	0	0	0	0	0	0	0	0	0	0	0	0	0	0	0	0	0	0	0	0	0	0	0	0	0	0	0	0	0	0	0	0	0	0	0	0	0	0	0	0	0	0	0	0	0	0	0	0	0	0	0	0	0	0	0	0	0	0	0	0	0	0	0	0	0	0	0	0	0	0	0	0	0	0	0	0	0	0	0	0	0	0	0	0	0	0	0	0	0	0	0	0	0	0	0	0	0	0	0	0	0	0	0	0	0	0	0	0	0	0	0	0	0	0	0	0	0	0	0	0	0	0	0	0	0	0	0	0	0	0	0	0	0	0	0	0	0	0	0	0	0	0	0	0	0	0	0	0	0	0	0	0	0	0	0	0	0	0	0	0	0	0	0	0	0	0	0	0	0	0	0	0	0	0	0	0	0	0	0	0	0	0	0	0	0	0	0	0	0	0	0	0	0	0	0	0	0	0	0	0	0	0	0	0	0	0	0	0	0	0	0	0	0	0	0	0	0	0	0	0	0	0	0	0	0	0	0	0	0	0	0	0	0	0	0	0	0	0	0	0	0	0	0	0	0	0	0	0	0	0	0	0	0	0	0	0	0	0	0	0	0	0	0	0	0	0	0	0	0	0	0	0	0	0	0	0	3128	0	0	0	0	0	0	0	0	0	0	0	0	0	0	0	0	0	0	0	0	0	0	0	0	0	0	0	0	0	0	0	0	0	0	0	0	0	0	0	0	0	0	0	0	2127	0	0	0	0	0	0	0	0	0	0	0	0	0	0	0	0	0	0	0	0	0	0	0	0	0	0	0	2900	0	0	0	0	0	0	0	0	0	0	0	0	0	0	0	0	0	0	0	0	0	0	0	0	0	0	0	0	0	0	0	0	0	0	0	0	0	0	0	0	0	0	0	0	0	0	0	0	0	0	0	0	0	0	0	0	0	0	0	0	0	0	0	0	0	0	0	0	0	0	0	0	0	0	0	0	0	0	0	0	0	0	0	0	0	0	0	0	0	0	0	0	0	0	0	0	0	0	0	0	0	0	0	0	0	0	0	0	0	0	0	0	0	0	0	0	0	0	0	0	0	0	0	0	0	0	0	0	0	0	0	0	0	0	0	0	0	0	0	0	0	0	0	0	0	0	0	0	0	0	0	0	0	0	0	0	0	0	0	0	0	0	0	0
d__Bacteria___p__Proteobacteria___c__Alphaproteobacteria___o__Rhodobacterales___f__Rhodobacteraceae	0	0	0	0	0	0	0	0	0	0	0	0	0	0	0	0	0	0	0	0	0	0	0	0	0	0	0	0	0	0	0	0	0	0	0	0	0	0	0	0	0	0	0	0	0	0	0	0	0	0	0	0	0	0	0	0	0	0	0	0	0	0	0	0	0	0	0	0	0	0	0	0	0	0	0	0	0	0	0	0	0	0	0	0	0	0	0	0	0	0	0	0	0	0	0	0	0	0	0	0	0	0	0	0	0	0	0	0	0	0	0	0	0	0	0	0	0	0	0	0	0	0	0	0	0	0	0	0	0	0	0	0	0	0	0	0	0	0	0	0	0	0	0	0	0	0	0	0	0	0	0	0	0	0	0	0	0	0	0	0	0	0	0	0	0	0	0	0	0	0	0	0	0	0	0	0	0	0	0	0	0	0	0	0	0	0	0	0	0	0	0	0	0	0	0	0	0	0	0	0	0	0	0	0	0	0	0	0	0	0	0	0	0	0	0	0	0	0	0	0	0	0	0	0	0	0	0	0	0	0	0	0	0	0	0	0	0	0	0	0	0	0	0	0	0	0	0	0	0	0	0	0	0	0	0	0	0	0	0	0	0	0	0	0	0	0	0	0	0	0	0	0	0	0	0	0	0	0	0	0	0	0	0	0	0	0	0	3128	0	0	0	0	0	0	0	0	0	0	0	0	0	0	0	0	0	0	0	0	0	0	0	0	0	0	0	0	0	0	0	0	0	0	0	0	0	0	0	0	0	0	0	0	2127	0	0	0	0	0	0	0	0	0	0	0	0	0	0	0	0	0	0	0	0	0	0	0	0	0	0	0	2900	0	0	0	0	0	0	0	0	0	0	0	0	0	0	0	0	0	0	0	0	0	0	0	0	0	0	0	0	0	0	0	0	0	0	0	0	0	0	0	0	0	0	0	0	0	0	0	0	0	0	0	0	0	0	0	0	0	0	0	0	0	0	0	0	0	0	0	0	0	0	0	0	0	0	0	0	0	0	0	0	0	0	0	0	0	0	0	0	0	0	0	0	0	0	0	0	0	0	0	0	0	0	0	0	0	0	0	0	0	0	0	0	0	0	0	0	0	0	0	0	0	0	0	0	0	0	0	0	0	0	0	0	0	0	0	0	0	0	0	0	0	0	0	0	0	0	0	0	0	0	0	0	0	0	0	0	0	0	0	0	0	0	0	0
d__Bacteria___p__Proteobacteria___c__Alphaproteobacteria___o__Rhodobacterales___f__Rhodobacteraceae___g__Rhodobacter	0	0	0	0	0	0	0	0	0	0	0	0	0	0	0	0	0	0	0	0	0	0	0	0	0	0	0	0	0	0	0	0	0	0	0	0	0	0	0	0	0	0	0	0	0	0	0	0	0	0	0	0	0	0	0	0	0	0	0	0	0	0	0	0	0	0	0	0	0	0	0	0	0	0	0	0	0	0	0	0	0	0	0	0	0	0	0	0	0	0	0	0	0	0	0	0	0	0	0	0	0	0	0	0	0	0	0	0	0	0	0	0	0	0	0	0	0	0	0	0	0	0	0	0	0	0	0	0	0	0	0	0	0	0	0	0	0	0	0	0	0	0	0	0	0	0	0	0	0	0	0	0	0	0	0	0	0	0	0	0	0	0	0	0	0	0	0	0	0	0	0	0	0	0	0	0	0	0	0	0	0	0	0	0	0	0	0	0	0	0	0	0	0	0	0	0	0	0	0	0	0	0	0	0	0	0	0	0	0	0	0	0	0	0	0	0	0	0	0	0	0	0	0	0	0	0	0	0	0	0	0	0	0	0	0	0	0	0	0	0	0	0	0	0	0	0	0	0	0	0	0	0	0	0	0	0	0	0	0	0	0	0	0	0	0	0	0	0	0	0	0	0	0	0	0	0	0	0	0	0	0	0	0	0	0	0	0	3128	0	0	0	0	0	0	0	0	0	0	0	0	0	0	0	0	0	0	0	0	0	0	0	0	0	0	0	0	0	0	0	0	0	0	0	0	0	0	0	0	0	0	0	0	2127	0	0	0	0	0	0	0	0	0	0	0	0	0	0	0	0	0	0	0	0	0	0	0	0	0	0	0	2900	0	0	0	0	0	0	0	0	0	0	0	0	0	0	0	0	0	0	0	0	0	0	0	0	0	0	0	0	0	0	0	0	0	0	0	0	0	0	0	0	0	0	0	0	0	0	0	0	0	0	0	0	0	0	0	0	0	0	0	0	0	0	0	0	0	0	0	0	0	0	0	0	0	0	0	0	0	0	0	0	0	0	0	0	0	0	0	0	0	0	0	0	0	0	0	0	0	0	0	0	0	0	0	0	0	0	0	0	0	0	0	0	0	0	0	0	0	0	0	0	0	0	0	0	0	0	0	0	0	0	0	0	0	0	0	0	0	0	0	0	0	0	0	0	0	0	0	0	0	0	0	0	0	0	0	0	0	0	0	0	0	0	0	0
d__Bacteria___p__Proteobacteria___c__Alphaproteobacteria___o__Rhodospirillales	268	0	0	15	0	0	0	24	0	0	58	57	42	0	0	0	0	0	0	47	66	0	17	0	69	0	0	134	208	244	24	0	121	0	0	16	19	0	78	0	0	111	0	15	0	19	0	62	8	13	48	0	0	0	0	67	0	0	0	21	0	0	3	9	0	0	0	0	188	0	121	0	0	0	27	19	13	0	0	0	28	10	37	0	24	38	20	0	41	0	61	0	21	13	73	70	0	0	0	24	0	41	0	0	46	230	0	0	0	0	25	15	54	0	0	17	65	0	14	23	0	0	0	0	12	0	0	0	0	0	0	0	0	0	0	121	0	140	0	23	0	99	0	31	0	0	58	68	31	115	14	0	0	0	0	0	0	0	86	0	0	46	0	0	71	0	0	0	0	0	14	0	0	45	0	25	0	0	0	9	0	9	0	0	0	4	0	0	7	0	0	0	14	0	0	50	0	22	68	25	0	21	0	3	0	0	0	0	0	0	0	0	21	24	25	0	143	19	0	87	0	0	0	0	24	0	0	0	0	0	164	0	0	0	0	7	0	0	6	0	0	0	140	0	0	7	132	0	37	0	138	0	0	150	436	0	171	0	0	0	0	0	16	12	0	0	0	0	0	72	0	0	0	0	0	0	0	133	0	0	146	0	486	0	910	0	0	0	0	69	0	0	110	123	226	17	24	85	42	35	35	0	0	0	17	0	0	0	0	24	7	0	13	23	8	0	8	25	0	22	0	131	0	252	86	363	0	29	0	0	0	0	0	0	0	20	0	0	247	0	0	563	155	169	0	0	72	232	11	0	0	0	50	0	0	0	0	0	0	0	0	41	253	44	196	0	36	137	25	0	0	23	0	8	834	9	0	0	0	0	0	135	0	45	0	63	82	8	0	0	0	78	121	0	0	0	0	0	0	62	0	0	35	0	0	0	0	0	0	479	0	0	368	0	0	0	0	0	0	0	32	0	59	0	0	0	0	0	0	0	0	0	14	0	0	0	0	19	28	0	0	0	0	0	0	0	0	0	0	0	0	0	0	13	0	0	0	13	0	0	24	0	58	0	2	0	0	0	0	0	0	0	0	129	0	0	23	141	39	26	0	62	0	0	0	0	8	0	0	0	0	0	73	0	0	0	0	0	0	0	0	0	0	109	0	0	0	0	0	13	0	0	0	0	0	0	0	0	21	678	17	0	0	0	0
d__Bacteria___p__Proteobacteria___c__Alphaproteobacteria___o__Sphingomonadales	0	0	0	0	0	0	0	0	0	0	0	0	0	0	0	0	0	0	0	0	0	0	0	0	0	0	0	0	0	0	0	0	0	0	0	0	0	0	0	0	0	0	0	0	0	0	0	0	0	0	0	0	0	0	0	0	0	0	0	0	0	0	0	0	144	0	18	0	0	15	26	0	0	17	0	0	0	0	10	42	0	0	0	0	0	0	0	0	0	0	0	0	0	0	0	0	0	0	0	0	0	0	0	0	0	0	0	0	0	0	0	0	0	0	0	0	0	0	0	11	0	0	0	0	0	0	0	0	0	0	0	0	0	0	0	0	0	0	0	0	0	0	0	0	0	0	0	0	0	0	0	0	0	0	0	0	0	0	0	0	0	0	0	0	0	0	0	0	0	0	0	0	0	0	0	0	0	0	0	0	0	0	0	0	0	0	0	0	0	0	0	0	0	0	0	0	0	0	0	0	0	0	0	0	0	0	0	0	0	0	0	0	0	0	0	0	0	0	0	0	0	0	0	0	0	0	0	0	0	0	0	0	0	0	0	0	0	0	0	0	0	0	0	0	0	0	0	0	0	0	0	0	0	0	0	0	0	0	0	0	0	0	0	0	0	0	0	0	0	0	0	0	0	0	0	0	0	0	0	0	0	0	0	0	0	0	0	0	0	0	0	0	0	0	0	0	0	0	0	0	0	0	0	0	0	0	0	0	0	0	0	0	0	0	0	0	0	0	0	0	0	0	0	0	0	0	0	0	0	0	0	0	0	0	0	0	0	0	0	0	0	0	0	0	0	0	0	0	0	0	0	0	0	0	0	0	0	0	0	0	0	0	0	0	0	0	0	0	0	0	0	0	0	0	0	0	0	0	0	0	0	0	0	0	0	0	0	0	0	0	0	0	0	0	0	0	0	0	0	0	0	0	0	0	0	0	0	0	0	0	0	0	0	0	0	0	0	0	0	0	0	0	0	0	0	0	0	0	0	0	0	0	0	0	0	0	0	0	0	0	0	0	0	0	0	0	0	0	0	0	0	0	0	0	0	0	0	0	0	0	0	0	0	0	0	0	0	0	0	0	0	0	0	0	0	0	0	0	0	0	0	0	0	0	0	0	0	0	0	0	0	0	0	0	0	0	0	0	0	0	0	0	0	0	0	0	0	0	0	0	0	0	0	0	0	0	0	0	0	0	0	0	0	0	0
d__Bacteria___p__Proteobacteria___c__Alphaproteobacteria___o__Sphingomonadales___f__Sphingomonadaceae	0	0	0	0	0	0	0	0	0	0	0	0	0	0	0	0	0	0	0	0	0	0	0	0	0	0	0	0	0	0	0	0	0	0	0	0	0	0	0	0	0	0	0	0	0	0	0	0	0	0	0	0	0	0	0	0	0	0	0	0	0	0	0	0	144	0	18	0	0	15	26	0	0	17	0	0	0	0	10	42	0	0	0	0	0	0	0	0	0	0	0	0	0	0	0	0	0	0	0	0	0	0	0	0	0	0	0	0	0	0	0	0	0	0	0	0	0	0	0	11	0	0	0	0	0	0	0	0	0	0	0	0	0	0	0	0	0	0	0	0	0	0	0	0	0	0	0	0	0	0	0	0	0	0	0	0	0	0	0	0	0	0	0	0	0	0	0	0	0	0	0	0	0	0	0	0	0	0	0	0	0	0	0	0	0	0	0	0	0	0	0	0	0	0	0	0	0	0	0	0	0	0	0	0	0	0	0	0	0	0	0	0	0	0	0	0	0	0	0	0	0	0	0	0	0	0	0	0	0	0	0	0	0	0	0	0	0	0	0	0	0	0	0	0	0	0	0	0	0	0	0	0	0	0	0	0	0	0	0	0	0	0	0	0	0	0	0	0	0	0	0	0	0	0	0	0	0	0	0	0	0	0	0	0	0	0	0	0	0	0	0	0	0	0	0	0	0	0	0	0	0	0	0	0	0	0	0	0	0	0	0	0	0	0	0	0	0	0	0	0	0	0	0	0	0	0	0	0	0	0	0	0	0	0	0	0	0	0	0	0	0	0	0	0	0	0	0	0	0	0	0	0	0	0	0	0	0	0	0	0	0	0	0	0	0	0	0	0	0	0	0	0	0	0	0	0	0	0	0	0	0	0	0	0	0	0	0	0	0	0	0	0	0	0	0	0	0	0	0	0	0	0	0	0	0	0	0	0	0	0	0	0	0	0	0	0	0	0	0	0	0	0	0	0	0	0	0	0	0	0	0	0	0	0	0	0	0	0	0	0	0	0	0	0	0	0	0	0	0	0	0	0	0	0	0	0	0	0	0	0	0	0	0	0	0	0	0	0	0	0	0	0	0	0	0	0	0	0	0	0	0	0	0	0	0	0	0	0	0	0	0	0	0	0	0	0	0	0	0	0	0	0	0	0	0	0	0	0	0	0	0	0	0	0	0	0	0	0	0	0	0	0	0	0	0
d__Bacteria___p__Proteobacteria___c__Alphaproteobacteria___o__Sphingomonadales___f__Sphingomonadaceae___g__Novosphingobium	0	0	0	0	0	0	0	0	0	0	0	0	0	0	0	0	0	0	0	0	0	0	0	0	0	0	0	0	0	0	0	0	0	0	0	0	0	0	0	0	0	0	0	0	0	0	0	0	0	0	0	0	0	0	0	0	0	0	0	0	0	0	0	0	0	0	0	0	0	0	0	0	0	0	0	0	0	0	0	0	0	0	0	0	0	0	0	0	0	0	0	0	0	0	0	0	0	0	0	0	0	0	0	0	0	0	0	0	0	0	0	0	0	0	0	0	0	0	0	11	0	0	0	0	0	0	0	0	0	0	0	0	0	0	0	0	0	0	0	0	0	0	0	0	0	0	0	0	0	0	0	0	0	0	0	0	0	0	0	0	0	0	0	0	0	0	0	0	0	0	0	0	0	0	0	0	0	0	0	0	0	0	0	0	0	0	0	0	0	0	0	0	0	0	0	0	0	0	0	0	0	0	0	0	0	0	0	0	0	0	0	0	0	0	0	0	0	0	0	0	0	0	0	0	0	0	0	0	0	0	0	0	0	0	0	0	0	0	0	0	0	0	0	0	0	0	0	0	0	0	0	0	0	0	0	0	0	0	0	0	0	0	0	0	0	0	0	0	0	0	0	0	0	0	0	0	0	0	0	0	0	0	0	0	0	0	0	0	0	0	0	0	0	0	0	0	0	0	0	0	0	0	0	0	0	0	0	0	0	0	0	0	0	0	0	0	0	0	0	0	0	0	0	0	0	0	0	0	0	0	0	0	0	0	0	0	0	0	0	0	0	0	0	0	0	0	0	0	0	0	0	0	0	0	0	0	0	0	0	0	0	0	0	0	0	0	0	0	0	0	0	0	0	0	0	0	0	0	0	0	0	0	0	0	0	0	0	0	0	0	0	0	0	0	0	0	0	0	0	0	0	0	0	0	0	0	0	0	0	0	0	0	0	0	0	0	0	0	0	0	0	0	0	0	0	0	0	0	0	0	0	0	0	0	0	0	0	0	0	0	0	0	0	0	0	0	0	0	0	0	0	0	0	0	0	0	0	0	0	0	0	0	0	0	0	0	0	0	0	0	0	0	0	0	0	0	0	0	0	0	0	0	0	0	0	0	0	0	0	0	0	0	0	0	0	0	0	0	0	0	0	0	0	0	0	0	0	0	0	0	0	0	0	0	0	0	0	0	0	0	0	0	0	0	0
d__Bacteria___p__Proteobacteria___c__Alphaproteobacteria___o__Sphingomonadales___f__Sphingomonadaceae___g__Sphingomonas	0	0	0	0	0	0	0	0	0	0	0	0	0	0	0	0	0	0	0	0	0	0	0	0	0	0	0	0	0	0	0	0	0	0	0	0	0	0	0	0	0	0	0	0	0	0	0	0	0	0	0	0	0	0	0	0	0	0	0	0	0	0	0	0	144	0	18	0	0	15	26	0	0	17	0	0	0	0	10	42	0	0	0	0	0	0	0	0	0	0	0	0	0	0	0	0	0	0	0	0	0	0	0	0	0	0	0	0	0	0	0	0	0	0	0	0	0	0	0	0	0	0	0	0	0	0	0	0	0	0	0	0	0	0	0	0	0	0	0	0	0	0	0	0	0	0	0	0	0	0	0	0	0	0	0	0	0	0	0	0	0	0	0	0	0	0	0	0	0	0	0	0	0	0	0	0	0	0	0	0	0	0	0	0	0	0	0	0	0	0	0	0	0	0	0	0	0	0	0	0	0	0	0	0	0	0	0	0	0	0	0	0	0	0	0	0	0	0	0	0	0	0	0	0	0	0	0	0	0	0	0	0	0	0	0	0	0	0	0	0	0	0	0	0	0	0	0	0	0	0	0	0	0	0	0	0	0	0	0	0	0	0	0	0	0	0	0	0	0	0	0	0	0	0	0	0	0	0	0	0	0	0	0	0	0	0	0	0	0	0	0	0	0	0	0	0	0	0	0	0	0	0	0	0	0	0	0	0	0	0	0	0	0	0	0	0	0	0	0	0	0	0	0	0	0	0	0	0	0	0	0	0	0	0	0	0	0	0	0	0	0	0	0	0	0	0	0	0	0	0	0	0	0	0	0	0	0	0	0	0	0	0	0	0	0	0	0	0	0	0	0	0	0	0	0	0	0	0	0	0	0	0	0	0	0	0	0	0	0	0	0	0	0	0	0	0	0	0	0	0	0	0	0	0	0	0	0	0	0	0	0	0	0	0	0	0	0	0	0	0	0	0	0	0	0	0	0	0	0	0	0	0	0	0	0	0	0	0	0	0	0	0	0	0	0	0	0	0	0	0	0	0	0	0	0	0	0	0	0	0	0	0	0	0	0	0	0	0	0	0	0	0	0	0	0	0	0	0	0	0	0	0	0	0	0	0	0	0	0	0	0	0	0	0	0	0	0	0	0	0	0	0	0	0	0	0	0	0	0	0	0	0	0	0	0	0	0	0	0	0	0	0	0	0	0
d__Bacteria___p__Proteobacteria___c__Gammaproteobacteria	567	211	520	0	140	140	145	154	90	133	173	747	5350	235	96	248	5885	419	82	1440	444	594	303	401	80	90	664	2285	2020	2174	153	527	150	997	127	73	1138	2777	592	774	363	62	1453	363	142	303	7839	133	47	102	324	116	733	1162	202	130	621	209	109	607	158	1047	95	144	256	12084	637	93	264	657	228	169	1039	394	134	1238	276	170	184	429	59	128	442	66	266	193	232	120	1947	192	69	256	160	59	1136	128	0	9843	0	103	0	423	0	71	0	235	217	1137	110	466	275	246	134	39	78	1153	500	0	0	303	349	58	0	1869	35	738	285	261	4751	6797	338	403	0	113	63	215	0	296	642	25	45	121	0	119	31	94	45	262	171	438	1637	702	41	367	0	270	137	49	241	450	120	581	41	26	289	66	159	161	91	103	198	1304	58	38	79	150	177	0	10473	615	35	186	3509	91	75	152	431	390	430	266	260	321	108	451	117	72	183	1070	476	313	19	231	324	3721	510	61	426	3299	737	101	581	632	178	1619	41	608	186	401	724	19	857	886	29	2095	31	48	1858	342	1410	848	1141	487	847	134	116	118	353	5782	3746	959	58	459	2137	14156	25396	1946	2208	523	6437	78	295	390	88	512	2386	666	287	141	348	308	708	2216	140	109	208	3124	234	278	631	899	22775	916	556	340	322	472	1032	138	112	217	107	156	167	13	127	291	44185	10955	936	207	205	251	905	625	12	170	6972	294	677	343	665	480	151	70	355	2020	37	141	47	134	49	517	1012	154	270	78	541	754	287	186	163	402	1314	631	829	213	9	232	134	2980	3305	17664	8906	945	8065	263	284	288	459	2805	131	69	511	387	105	505	25	437	116	163	969	0	78	586	360	241	0	4817	1328	222	8842	233	2037	150	250	40	800	0	518	30	0	76	0	211	754	1704	23	1034	158	0	354	140	13	676	375	119	953	2233	583	20	89	129	1416	137	816	25517	325	1646	2308	613	36	1908	597	59	236	1095	4206	239	2014	2399	290	7732	1195	867	903	0	13257	9595	0	151	90	3437	264	463	289	151	683	0	292	88	56	78	17	51	208	175	20	156	220	37	28	173	220	41	56	63	24	0	0	22	32	6	1224	0	0	10	66	49	636	34	0	41	48	197	0	0	0	3674	0	0	0	80	70	290	0	52	81	580	54	1542	51	324	476	18	83	0	14	20	119	0	0	73	96	46	290	29	0	187	62	5	149	3	314	124	2044	164	105	0	50	261	151	0	690	0	0	0	1487	661	616	536	93	83	13097	138	223
d__Bacteria___p__Proteobacteria___c__Gammaproteobacteria___o__Aeromonadales	0	0	0	0	0	0	0	0	0	0	0	0	0	0	0	0	0	0	0	0	0	0	0	0	0	0	0	0	0	0	0	0	0	0	0	0	0	1287	0	0	0	0	0	0	0	0	0	0	0	0	0	0	0	0	0	0	0	0	0	0	0	0	0	0	0	0	0	0	0	0	0	0	0	19	0	0	0	0	0	0	0	0	0	0	0	0	0	0	0	0	0	0	0	0	0	0	0	0	0	0	0	0	0	0	0	0	0	0	0	0	0	0	0	0	0	0	0	0	0	0	0	0	0	0	0	0	0	0	0	0	0	0	0	0	0	0	0	0	0	0	0	0	0	0	0	0	0	0	0	0	1553	0	0	0	0	0	0	0	0	0	0	0	0	0	0	0	0	0	0	0	0	0	0	0	0	0	0	0	0	0	0	0	0	0	0	0	0	0	0	0	0	0	0	0	0	0	0	0	0	0	0	0	0	0	283	0	23	0	0	0	0	0	0	0	0	0	0	0	0	0	0	0	0	0	0	0	0	0	0	0	0	0	488	0	0	0	0	0	0	0	0	0	0	0	0	0	0	0	0	0	0	0	0	0	599	0	0	0	0	0	0	0	0	0	0	0	0	0	0	0	0	0	0	0	0	11	0	0	15	0	0	0	0	0	0	0	0	0	0	0	0	0	0	0	0	0	0	0	0	0	0	0	0	0	0	1984	24	0	0	0	0	0	0	0	0	0	0	630	0	0	0	0	0	0	0	0	0	0	0	0	0	0	0	0	0	0	0	0	0	0	0	0	0	0	0	0	0	0	0	0	183	0	0	0	0	0	0	0	0	0	0	0	0	0	0	0	0	0	0	0	0	0	0	0	0	0	0	0	0	0	0	0	0	251	0	0	0	2143	0	0	0	0	0	0	0	615	0	0	0	0	0	0	0	0	0	0	0	0	0	0	0	0	0	0	0	0	0	0	0	0	0	0	0	0	0	0	0	0	0	0	0	0	0	0	0	0	0	0	0	0	0	0	0	0	38	0	0	0	0	0	0	0	0	0	0	0	0	0	0	0	0	0	0	0	0	0	0	0	0	0	0	0	0	4	0	0	0	0	0	0	0	0	0	0	0	0	0	0	0	0	0	0	0	0	0	0	0	0	0	0	0	0	0	0	0	0	0	0	0	0	69	0	0	0	0	0	0	0	0	0	0	0	0	0	0
d__Bacteria___p__Proteobacteria___c__Gammaproteobacteria___o__Aeromonadales___f__Succinivibrionaceae	0	0	0	0	0	0	0	0	0	0	0	0	0	0	0	0	0	0	0	0	0	0	0	0	0	0	0	0	0	0	0	0	0	0	0	0	0	1287	0	0	0	0	0	0	0	0	0	0	0	0	0	0	0	0	0	0	0	0	0	0	0	0	0	0	0	0	0	0	0	0	0	0	0	19	0	0	0	0	0	0	0	0	0	0	0	0	0	0	0	0	0	0	0	0	0	0	0	0	0	0	0	0	0	0	0	0	0	0	0	0	0	0	0	0	0	0	0	0	0	0	0	0	0	0	0	0	0	0	0	0	0	0	0	0	0	0	0	0	0	0	0	0	0	0	0	0	0	0	0	0	1553	0	0	0	0	0	0	0	0	0	0	0	0	0	0	0	0	0	0	0	0	0	0	0	0	0	0	0	0	0	0	0	0	0	0	0	0	0	0	0	0	0	0	0	0	0	0	0	0	0	0	0	0	0	283	0	23	0	0	0	0	0	0	0	0	0	0	0	0	0	0	0	0	0	0	0	0	0	0	0	0	0	488	0	0	0	0	0	0	0	0	0	0	0	0	0	0	0	0	0	0	0	0	0	599	0	0	0	0	0	0	0	0	0	0	0	0	0	0	0	0	0	0	0	0	11	0	0	15	0	0	0	0	0	0	0	0	0	0	0	0	0	0	0	0	0	0	0	0	0	0	0	0	0	0	1984	24	0	0	0	0	0	0	0	0	0	0	630	0	0	0	0	0	0	0	0	0	0	0	0	0	0	0	0	0	0	0	0	0	0	0	0	0	0	0	0	0	0	0	0	183	0	0	0	0	0	0	0	0	0	0	0	0	0	0	0	0	0	0	0	0	0	0	0	0	0	0	0	0	0	0	0	0	251	0	0	0	2143	0	0	0	0	0	0	0	615	0	0	0	0	0	0	0	0	0	0	0	0	0	0	0	0	0	0	0	0	0	0	0	0	0	0	0	0	0	0	0	0	0	0	0	0	0	0	0	0	0	0	0	0	0	0	0	0	38	0	0	0	0	0	0	0	0	0	0	0	0	0	0	0	0	0	0	0	0	0	0	0	0	0	0	0	0	4	0	0	0	0	0	0	0	0	0	0	0	0	0	0	0	0	0	0	0	0	0	0	0	0	0	0	0	0	0	0	0	0	0	0	0	0	69	0	0	0	0	0	0	0	0	0	0	0	0	0	0
d__Bacteria___p__Proteobacteria___c__Gammaproteobacteria___o__Aeromonadales___f__Succinivibrionaceae___g__Succinatimonas	0	0	0	0	0	0	0	0	0	0	0	0	0	0	0	0	0	0	0	0	0	0	0	0	0	0	0	0	0	0	0	0	0	0	0	0	0	0	0	0	0	0	0	0	0	0	0	0	0	0	0	0	0	0	0	0	0	0	0	0	0	0	0	0	0	0	0	0	0	0	0	0	0	0	0	0	0	0	0	0	0	0	0	0	0	0	0	0	0	0	0	0	0	0	0	0	0	0	0	0	0	0	0	0	0	0	0	0	0	0	0	0	0	0	0	0	0	0	0	0	0	0	0	0	0	0	0	0	0	0	0	0	0	0	0	0	0	0	0	0	0	0	0	0	0	0	0	0	0	0	0	0	0	0	0	0	0	0	0	0	0	0	0	0	0	0	0	0	0	0	0	0	0	0	0	0	0	0	0	0	0	0	0	0	0	0	0	0	0	0	0	0	0	0	0	0	0	0	0	0	0	0	0	0	0	0	0	0	0	0	0	0	0	0	0	0	0	0	0	0	0	0	0	0	0	0	0	0	0	0	0	0	0	0	0	0	0	0	0	0	0	0	0	0	0	0	0	0	0	0	0	0	0	0	30	0	0	0	0	0	0	0	0	0	0	0	0	0	0	0	0	0	0	0	0	0	0	0	0	0	0	0	0	0	0	0	0	0	0	0	0	0	0	0	0	0	0	0	0	0	0	0	0	0	0	0	0	0	0	0	0	0	0	0	0	0	0	3	0	0	0	0	0	0	0	0	0	0	0	0	0	0	0	0	0	0	0	0	0	0	0	0	0	0	0	0	0	0	0	0	0	0	0	0	0	0	0	0	0	0	0	0	0	0	0	0	0	0	0	0	0	0	0	0	0	0	0	0	0	0	0	0	0	0	0	0	0	0	0	0	0	0	0	0	0	0	0	0	0	0	0	0	0	0	0	0	0	0	0	0	0	0	0	0	0	0	0	0	0	0	0	0	0	0	0	0	0	0	0	0	0	0	0	0	0	0	0	0	0	0	0	0	0	0	0	0	0	0	0	0	0	0	0	0	0	0	0	0	0	0	0	0	0	0	0	0	0	0	0	0	0	0	0	0	0	0	0	0	0	0	0	0	0	0	0	0	0	0	0	0	0	0	0	0	0	0	0	0	0	0	0	0	0	0	0	0	0	0	0	0	0	0	0	0	0	0	0	0	0	0	0	0	0	0	0
d__Bacteria___p__Proteobacteria___c__Gammaproteobacteria___o__Aeromonadales___f__Succinivibrionaceae___g__Succinivibrio	0	0	0	0	0	0	0	0	0	0	0	0	0	0	0	0	0	0	0	0	0	0	0	0	0	0	0	0	0	0	0	0	0	0	0	0	0	1287	0	0	0	0	0	0	0	0	0	0	0	0	0	0	0	0	0	0	0	0	0	0	0	0	0	0	0	0	0	0	0	0	0	0	0	19	0	0	0	0	0	0	0	0	0	0	0	0	0	0	0	0	0	0	0	0	0	0	0	0	0	0	0	0	0	0	0	0	0	0	0	0	0	0	0	0	0	0	0	0	0	0	0	0	0	0	0	0	0	0	0	0	0	0	0	0	0	0	0	0	0	0	0	0	0	0	0	0	0	0	0	0	1553	0	0	0	0	0	0	0	0	0	0	0	0	0	0	0	0	0	0	0	0	0	0	0	0	0	0	0	0	0	0	0	0	0	0	0	0	0	0	0	0	0	0	0	0	0	0	0	0	0	0	0	0	0	283	0	23	0	0	0	0	0	0	0	0	0	0	0	0	0	0	0	0	0	0	0	0	0	0	0	0	0	488	0	0	0	0	0	0	0	0	0	0	0	0	0	0	0	0	0	0	0	0	0	569	0	0	0	0	0	0	0	0	0	0	0	0	0	0	0	0	0	0	0	0	11	0	0	15	0	0	0	0	0	0	0	0	0	0	0	0	0	0	0	0	0	0	0	0	0	0	0	0	0	0	1984	24	0	0	0	0	0	0	0	0	0	0	627	0	0	0	0	0	0	0	0	0	0	0	0	0	0	0	0	0	0	0	0	0	0	0	0	0	0	0	0	0	0	0	0	183	0	0	0	0	0	0	0	0	0	0	0	0	0	0	0	0	0	0	0	0	0	0	0	0	0	0	0	0	0	0	0	0	251	0	0	0	2143	0	0	0	0	0	0	0	615	0	0	0	0	0	0	0	0	0	0	0	0	0	0	0	0	0	0	0	0	0	0	0	0	0	0	0	0	0	0	0	0	0	0	0	0	0	0	0	0	0	0	0	0	0	0	0	0	38	0	0	0	0	0	0	0	0	0	0	0	0	0	0	0	0	0	0	0	0	0	0	0	0	0	0	0	0	4	0	0	0	0	0	0	0	0	0	0	0	0	0	0	0	0	0	0	0	0	0	0	0	0	0	0	0	0	0	0	0	0	0	0	0	0	69	0	0	0	0	0	0	0	0	0	0	0	0	0	0
d__Bacteria___p__Proteobacteria___c__Gammaproteobacteria___o__Burkholderiales	515	49	462	0	129	140	86	141	90	133	173	391	274	235	96	248	35	177	25	152	368	501	282	5	80	90	484	735	1851	1987	121	527	114	937	19	73	993	673	537	733	286	62	594	160	142	261	3687	73	25	71	284	80	645	1084	160	130	133	197	46	484	158	971	76	84	137	18	598	93	227	582	39	169	29	214	134	1015	267	109	54	291	49	128	267	28	128	193	217	120	256	192	69	197	109	59	197	99	0	62	0	67	0	250	0	0	0	0	173	805	29	168	138	0	111	39	78	80	0	0	0	76	167	0	0	92	35	503	242	179	219	0	320	373	0	77	63	215	0	275	181	25	37	121	0	105	0	0	45	149	171	438	84	303	41	329	0	0	0	0	241	280	104	361	41	26	190	29	97	161	91	103	198	244	0	0	43	32	162	0	130	597	35	186	0	91	32	152	431	88	430	191	221	314	103	248	51	72	162	179	374	305	0	222	324	46	76	61	103	41	394	101	0	504	169	250	34	422	186	382	507	0	174	93	29	79	31	48	17	256	407	324	217	118	266	124	92	118	65	74	276	94	21	391	135	82	64	88	138	136	56	42	266	157	0	497	398	285	203	115	280	107	614	704	140	0	59	327	192	237	9	491	58	714	143	298	314	237	390	138	97	172	107	132	155	0	40	55	0	96	31	183	22	237	905	618	7	93	4	290	62	242	102	471	151	31	56	36	13	119	18	134	39	501	628	154	241	78	541	106	274	101	163	371	1228	589	718	122	9	229	0	714	840	0	100	187	0	255	284	288	444	150	107	69	244	380	105	485	25	231	45	163	0	0	78	258	360	78	0	25	644	35	96	233	1890	150	206	22	159	0	518	30	0	76	0	99	740	25	0	300	158	0	98	140	9	47	182	70	164	90	547	0	89	129	1416	121	690	390	200	131	2270	352	36	358	172	17	236	9	45	159	614	610	269	0	1067	36	874	0	0	0	0	130	90	152	237	439	289	151	651	0	4	48	41	51	0	31	0	10	20	79	57	37	28	14	28	0	18	63	24	0	0	22	15	0	131	0	0	10	66	38	15	34	0	41	20	38	0	0	0	204	0	0	0	42	43	188	0	52	81	580	36	0	51	310	11	18	0	0	14	20	0	0	0	11	49	46	290	29	0	167	62	0	6	3	289	51	8	0	9	0	0	134	3	0	0	0	0	0	167	661	602	434	93	36	42	13	0
d__Bacteria___p__Proteobacteria___c__Gammaproteobacteria___o__Burkholderiales___f__Burkholderiaceae	0	0	0	0	0	0	0	0	0	0	0	0	0	0	0	0	0	0	0	0	0	0	0	0	0	0	0	0	0	0	0	0	0	0	0	0	0	0	0	0	0	0	0	0	0	0	0	0	0	0	0	0	0	0	0	0	0	0	0	0	0	0	0	0	0	0	0	0	0	0	0	0	0	0	0	0	0	0	0	0	0	0	0	0	0	0	0	0	0	0	0	0	0	0	0	0	0	0	0	0	0	0	0	0	0	0	0	0	0	0	0	0	0	0	0	0	0	0	0	0	0	0	0	0	0	0	0	0	0	0	0	0	0	0	0	0	0	0	0	0	0	0	0	0	0	0	0	0	0	0	0	0	0	0	0	0	0	0	0	0	0	0	0	0	0	0	0	0	0	0	0	0	0	0	0	0	0	0	0	0	0	0	0	0	0	0	0	0	0	0	0	0	0	0	0	0	0	0	0	0	0	0	0	0	0	0	0	0	0	0	0	0	0	0	0	0	0	0	0	0	0	0	0	0	0	0	0	0	0	0	0	0	0	0	0	0	0	0	0	0	0	0	0	0	0	0	0	0	0	0	0	34	0	0	0	0	0	0	0	0	0	0	0	0	0	0	0	0	0	0	0	0	0	0	0	0	0	0	0	0	0	0	0	0	0	0	0	0	0	0	0	0	0	0	0	0	0	0	0	0	0	0	0	0	0	0	0	0	0	0	0	0	0	0	0	0	0	0	0	0	0	0	0	0	0	0	0	0	0	0	0	0	0	0	0	0	0	0	0	0	0	0	0	0	0	0	0	0	0	0	0	0	0	0	0	0	0	0	0	0	0	0	0	0	0	0	0	0	0	0	0	0	0	0	0	0	0	0	0	0	0	0	0	0	0	0	0	0	0	0	0	0	0	0	0	0	0	0	0	0	0	0	0	0	0	0	0	0	0	0	0	0	0	0	0	0	0	0	0	0	0	0	0	0	0	0	0	0	0	0	0	0	0	0	0	0	0	0	0	0	0	0	0	0	0	0	0	0	0	0	0	0	0	0	0	0	0	0	0	0	0	0	0	0	0	0	0	0	0	0	0	0	0	0	0	0	0	0	0	0	0	0	0	0	0	0	0	0	0	0	0	0	0	0	0	0	0	0	0	0	0	0	0	0	8	0	9	0	0	0	0	0	0	0	0	0	0	0	0	0	0	0	0	0	0
d__Bacteria___p__Proteobacteria___c__Gammaproteobacteria___o__Burkholderiales___f__Burkholderiaceae___g__Ralstonia	0	0	0	0	0	0	0	0	0	0	0	0	0	0	0	0	0	0	0	0	0	0	0	0	0	0	0	0	0	0	0	0	0	0	0	0	0	0	0	0	0	0	0	0	0	0	0	0	0	0	0	0	0	0	0	0	0	0	0	0	0	0	0	0	0	0	0	0	0	0	0	0	0	0	0	0	0	0	0	0	0	0	0	0	0	0	0	0	0	0	0	0	0	0	0	0	0	0	0	0	0	0	0	0	0	0	0	0	0	0	0	0	0	0	0	0	0	0	0	0	0	0	0	0	0	0	0	0	0	0	0	0	0	0	0	0	0	0	0	0	0	0	0	0	0	0	0	0	0	0	0	0	0	0	0	0	0	0	0	0	0	0	0	0	0	0	0	0	0	0	0	0	0	0	0	0	0	0	0	0	0	0	0	0	0	0	0	0	0	0	0	0	0	0	0	0	0	0	0	0	0	0	0	0	0	0	0	0	0	0	0	0	0	0	0	0	0	0	0	0	0	0	0	0	0	0	0	0	0	0	0	0	0	0	0	0	0	0	0	0	0	0	0	0	0	0	0	0	0	0	0	34	0	0	0	0	0	0	0	0	0	0	0	0	0	0	0	0	0	0	0	0	0	0	0	0	0	0	0	0	0	0	0	0	0	0	0	0	0	0	0	0	0	0	0	0	0	0	0	0	0	0	0	0	0	0	0	0	0	0	0	0	0	0	0	0	0	0	0	0	0	0	0	0	0	0	0	0	0	0	0	0	0	0	0	0	0	0	0	0	0	0	0	0	0	0	0	0	0	0	0	0	0	0	0	0	0	0	0	0	0	0	0	0	0	0	0	0	0	0	0	0	0	0	0	0	0	0	0	0	0	0	0	0	0	0	0	0	0	0	0	0	0	0	0	0	0	0	0	0	0	0	0	0	0	0	0	0	0	0	0	0	0	0	0	0	0	0	0	0	0	0	0	0	0	0	0	0	0	0	0	0	0	0	0	0	0	0	0	0	0	0	0	0	0	0	0	0	0	0	0	0	0	0	0	0	0	0	0	0	0	0	0	0	0	0	0	0	0	0	0	0	0	0	0	0	0	0	0	0	0	0	0	0	0	0	0	0	0	0	0	0	0	0	0	0	0	0	0	0	0	0	0	0	8	0	9	0	0	0	0	0	0	0	0	0	0	0	0	0	0	0	0	0	0
d__Bacteria___p__Proteobacteria___c__Gammaproteobacteria___o__Burkholderiales___f__Comamonadaceae	0	0	0	0	0	0	0	0	0	0	0	0	0	0	0	0	0	0	0	0	0	0	0	0	0	5	0	0	0	0	0	0	0	0	0	0	0	0	0	0	0	0	0	0	0	0	0	0	0	0	0	0	0	0	0	0	0	0	0	0	0	0	0	0	0	0	0	0	0	0	11	0	0	0	0	0	0	0	0	0	0	0	0	0	0	0	0	0	0	0	0	0	0	0	0	0	0	0	0	0	0	0	0	0	0	0	0	0	0	0	0	0	0	0	0	0	0	0	0	0	0	0	0	0	0	0	0	0	0	0	0	0	0	0	0	0	0	0	0	0	0	0	0	0	0	0	0	0	0	0	0	0	0	0	0	0	0	0	0	0	0	0	0	0	0	0	0	0	0	0	0	0	0	0	0	0	0	0	0	0	0	0	0	0	0	0	0	0	0	0	0	0	0	0	0	0	0	0	0	0	0	0	0	0	0	0	35	0	0	0	0	0	0	0	0	14	0	0	0	0	0	25	0	0	0	0	0	0	0	0	0	0	0	0	0	0	0	0	0	0	0	0	6	0	0	0	0	0	0	0	0	0	0	0	0	52	0	0	0	0	0	0	0	0	0	0	0	0	0	0	0	0	0	0	0	0	0	0	0	0	0	0	0	0	0	0	0	0	24	0	0	0	0	0	0	4	0	0	0	0	0	0	0	0	0	0	0	0	0	0	0	0	13	0	0	0	0	0	0	0	0	0	0	0	0	0	0	0	0	0	0	0	0	0	0	0	0	0	0	0	0	0	0	0	0	0	0	0	0	0	0	0	0	0	0	0	0	0	0	0	0	0	0	0	0	0	0	0	0	0	0	0	0	0	0	0	0	300	0	0	0	0	0	0	0	0	0	0	0	0	0	0	0	0	0	0	0	0	0	0	0	0	54	0	0	0	0	0	0	0	0	0	0	0	0	0	0	0	0	0	0	0	0	0	0	0	0	0	0	0	0	0	0	0	0	0	0	0	0	0	0	0	0	0	0	0	0	0	0	0	0	0	0	0	0	0	0	0	0	0	0	0	0	0	0	0	0	0	0	0	0	0	0	0	0	0	0	0	0	0	0	0	0	0	0	0	0	0	0	0	0	0	0	0	0	0	0	0	0	0	0	0	0	0	0	0	0	0	0	0	0	0	0	0	0	0	0	0	0	0	0	0	0	0	0
d__Bacteria___p__Proteobacteria___c__Gammaproteobacteria___o__Burkholderiales___f__Comamonadaceae___g__Comamonas	0	0	0	0	0	0	0	0	0	0	0	0	0	0	0	0	0	0	0	0	0	0	0	0	0	5	0	0	0	0	0	0	0	0	0	0	0	0	0	0	0	0	0	0	0	0	0	0	0	0	0	0	0	0	0	0	0	0	0	0	0	0	0	0	0	0	0	0	0	0	11	0	0	0	0	0	0	0	0	0	0	0	0	0	0	0	0	0	0	0	0	0	0	0	0	0	0	0	0	0	0	0	0	0	0	0	0	0	0	0	0	0	0	0	0	0	0	0	0	0	0	0	0	0	0	0	0	0	0	0	0	0	0	0	0	0	0	0	0	0	0	0	0	0	0	0	0	0	0	0	0	0	0	0	0	0	0	0	0	0	0	0	0	0	0	0	0	0	0	0	0	0	0	0	0	0	0	0	0	0	0	0	0	0	0	0	0	0	0	0	0	0	0	0	0	0	0	0	0	0	0	0	0	0	0	0	0	0	0	0	0	0	0	0	0	0	0	0	0	0	0	0	0	0	0	0	0	0	0	0	0	0	0	0	0	0	0	0	0	0	0	0	0	0	0	0	0	0	0	0	0	0	0	0	0	52	0	0	0	0	0	0	0	0	0	0	0	0	0	0	0	0	0	0	0	0	0	0	0	0	0	0	0	0	0	0	0	0	0	0	0	0	0	0	0	4	0	0	0	0	0	0	0	0	0	0	0	0	0	0	0	0	13	0	0	0	0	0	0	0	0	0	0	0	0	0	0	0	0	0	0	0	0	0	0	0	0	0	0	0	0	0	0	0	0	0	0	0	0	0	0	0	0	0	0	0	0	0	0	0	0	0	0	0	0	0	0	0	0	0	0	0	0	0	0	0	0	300	0	0	0	0	0	0	0	0	0	0	0	0	0	0	0	0	0	0	0	0	0	0	0	0	54	0	0	0	0	0	0	0	0	0	0	0	0	0	0	0	0	0	0	0	0	0	0	0	0	0	0	0	0	0	0	0	0	0	0	0	0	0	0	0	0	0	0	0	0	0	0	0	0	0	0	0	0	0	0	0	0	0	0	0	0	0	0	0	0	0	0	0	0	0	0	0	0	0	0	0	0	0	0	0	0	0	0	0	0	0	0	0	0	0	0	0	0	0	0	0	0	0	0	0	0	0	0	0	0	0	0	0	0	0	0	0	0	0	0	0	0	0	0	0	0	0	0
d__Bacteria___p__Proteobacteria___c__Gammaproteobacteria___o__Burkholderiales___f__Comamonadaceae___g__Curvibacter	0	0	0	0	0	0	0	0	0	0	0	0	0	0	0	0	0	0	0	0	0	0	0	0	0	0	0	0	0	0	0	0	0	0	0	0	0	0	0	0	0	0	0	0	0	0	0	0	0	0	0	0	0	0	0	0	0	0	0	0	0	0	0	0	0	0	0	0	0	0	0	0	0	0	0	0	0	0	0	0	0	0	0	0	0	0	0	0	0	0	0	0	0	0	0	0	0	0	0	0	0	0	0	0	0	0	0	0	0	0	0	0	0	0	0	0	0	0	0	0	0	0	0	0	0	0	0	0	0	0	0	0	0	0	0	0	0	0	0	0	0	0	0	0	0	0	0	0	0	0	0	0	0	0	0	0	0	0	0	0	0	0	0	0	0	0	0	0	0	0	0	0	0	0	0	0	0	0	0	0	0	0	0	0	0	0	0	0	0	0	0	0	0	0	0	0	0	0	0	0	0	0	0	0	0	0	35	0	0	0	0	0	0	0	0	14	0	0	0	0	0	25	0	0	0	0	0	0	0	0	0	0	0	0	0	0	0	0	0	0	0	0	6	0	0	0	0	0	0	0	0	0	0	0	0	0	0	0	0	0	0	0	0	0	0	0	0	0	0	0	0	0	0	0	0	0	0	0	0	0	0	0	0	0	0	0	0	0	0	0	0	0	0	0	0	0	0	0	0	0	0	0	0	0	0	0	0	0	0	0	0	0	0	0	0	0	0	0	0	0	0	0	0	0	0	0	0	0	0	0	0	0	0	0	0	0	0	0	0	0	0	0	0	0	0	0	0	0	0	0	0	0	0	0	0	0	0	0	0	0	0	0	0	0	0	0	0	0	0	0	0	0	0	0	0	0	0	0	0	0	0	0	0	0	0	0	0	0	0	0	0	0	0	0	0	0	0	0	0	0	0	0	0	0	0	0	0	0	0	0	0	0	0	0	0	0	0	0	0	0	0	0	0	0	0	0	0	0	0	0	0	0	0	0	0	0	0	0	0	0	0	0	0	0	0	0	0	0	0	0	0	0	0	0	0	0	0	0	0	0	0	0	0	0	0	0	0	0	0	0	0	0	0	0	0	0	0	0	0	0	0	0	0	0	0	0	0	0	0	0	0	0	0	0	0	0	0	0	0	0	0	0	0	0	0	0	0	0	0	0	0	0	0	0	0	0	0	0	0	0	0	0	0	0	0
d__Bacteria___p__Proteobacteria___c__Gammaproteobacteria___o__Burkholderiales___f__Comamonadaceae___g__Diaphorobacter	0	0	0	0	0	0	0	0	0	0	0	0	0	0	0	0	0	0	0	0	0	0	0	0	0	0	0	0	0	0	0	0	0	0	0	0	0	0	0	0	0	0	0	0	0	0	0	0	0	0	0	0	0	0	0	0	0	0	0	0	0	0	0	0	0	0	0	0	0	0	0	0	0	0	0	0	0	0	0	0	0	0	0	0	0	0	0	0	0	0	0	0	0	0	0	0	0	0	0	0	0	0	0	0	0	0	0	0	0	0	0	0	0	0	0	0	0	0	0	0	0	0	0	0	0	0	0	0	0	0	0	0	0	0	0	0	0	0	0	0	0	0	0	0	0	0	0	0	0	0	0	0	0	0	0	0	0	0	0	0	0	0	0	0	0	0	0	0	0	0	0	0	0	0	0	0	0	0	0	0	0	0	0	0	0	0	0	0	0	0	0	0	0	0	0	0	0	0	0	0	0	0	0	0	0	0	0	0	0	0	0	0	0	0	0	0	0	0	0	0	0	0	0	0	0	0	0	0	0	0	0	0	0	0	0	0	0	0	0	0	0	0	0	0	0	0	0	0	0	0	0	0	0	0	0	0	0	0	0	0	0	0	0	0	0	0	0	0	0	0	0	0	0	0	0	0	0	0	0	0	0	0	0	0	0	0	0	0	24	0	0	0	0	0	0	0	0	0	0	0	0	0	0	0	0	0	0	0	0	0	0	0	0	0	0	0	0	0	0	0	0	0	0	0	0	0	0	0	0	0	0	0	0	0	0	0	0	0	0	0	0	0	0	0	0	0	0	0	0	0	0	0	0	0	0	0	0	0	0	0	0	0	0	0	0	0	0	0	0	0	0	0	0	0	0	0	0	0	0	0	0	0	0	0	0	0	0	0	0	0	0	0	0	0	0	0	0	0	0	0	0	0	0	0	0	0	0	0	0	0	0	0	0	0	0	0	0	0	0	0	0	0	0	0	0	0	0	0	0	0	0	0	0	0	0	0	0	0	0	0	0	0	0	0	0	0	0	0	0	0	0	0	0	0	0	0	0	0	0	0	0	0	0	0	0	0	0	0	0	0	0	0	0	0	0	0	0	0	0	0	0	0	0	0	0	0	0	0	0	0	0	0	0	0	0	0	0	0	0	0	0	0	0	0	0	0	0	0	0	0	0	0	0	0	0	0	0	0	0	0	0	0	0	0	0
d__Bacteria___p__Proteobacteria___c__Gammaproteobacteria___o__Burkholderiales___f__Neisseriaceae	0	0	0	0	0	0	0	13	0	0	0	0	0	0	0	0	0	0	0	0	0	0	0	0	0	0	0	0	0	0	0	0	0	0	0	0	0	0	0	0	0	0	0	0	0	0	0	0	0	0	0	0	0	0	0	0	0	0	0	0	0	0	0	0	0	0	0	0	0	0	0	0	0	0	0	0	0	0	0	0	0	0	0	0	0	0	0	0	0	0	0	0	7	0	0	0	0	0	0	0	0	0	0	0	0	0	0	0	0	0	0	0	0	0	0	0	0	0	0	0	0	0	0	0	0	0	0	0	0	0	0	0	0	0	0	0	0	0	0	0	0	0	0	0	0	0	0	0	0	0	0	9	0	0	0	0	0	0	0	0	0	0	0	0	0	29	0	0	0	0	0	0	0	0	0	0	0	0	0	0	0	0	0	0	0	0	0	0	0	0	0	0	0	22	0	0	0	0	0	0	0	0	0	0	0	0	0	0	0	0	0	0	0	0	0	0	0	0	0	0	5	0	0	0	0	0	0	0	0	13	0	0	0	0	0	0	0	0	0	0	0	0	0	0	0	0	0	0	0	0	14	0	0	0	0	0	0	0	0	0	0	0	0	0	0	0	0	0	0	0	0	0	0	0	0	0	0	0	0	0	0	0	0	0	0	0	0	96	0	0	0	0	0	0	0	0	0	0	0	0	0	0	0	0	0	0	0	0	0	0	0	0	0	0	0	0	0	0	0	0	0	0	0	0	0	0	0	0	0	0	0	0	100	0	0	0	0	0	0	0	0	0	0	0	0	0	0	0	0	0	0	0	0	0	0	0	0	0	0	0	96	0	0	0	0	0	0	0	0	0	0	0	0	0	0	0	0	0	0	0	0	0	0	0	0	0	0	0	0	0	0	0	0	0	0	0	0	0	0	0	0	0	0	0	0	0	0	0	0	0	0	0	0	0	0	0	0	0	0	0	0	0	0	0	0	0	0	0	4	0	0	0	0	0	0	0	0	0	0	0	0	0	0	0	0	0	0	0	0	0	0	0	0	0	0	0	0	0	0	0	0	0	0	0	0	0	0	0	0	0	0	0	0	0	0	0	0	0	0	0	0	0	0	0	0	0	0	0	0	0	0	0	0	0	0	0	0	0	0	0	0	0	0	0	0	0	0	0	0	0	0	0	0	0	0	0	0	0	0	0	0	0	0	0	0
d__Bacteria___p__Proteobacteria___c__Gammaproteobacteria___o__Burkholderiales___f__Neisseriaceae___g__Eikenella	0	0	0	0	0	0	0	0	0	0	0	0	0	0	0	0	0	0	0	0	0	0	0	0	0	0	0	0	0	0	0	0	0	0	0	0	0	0	0	0	0	0	0	0	0	0	0	0	0	0	0	0	0	0	0	0	0	0	0	0	0	0	0	0	0	0	0	0	0	0	0	0	0	0	0	0	0	0	0	0	0	0	0	0	0	0	0	0	0	0	0	0	0	0	0	0	0	0	0	0	0	0	0	0	0	0	0	0	0	0	0	0	0	0	0	0	0	0	0	0	0	0	0	0	0	0	0	0	0	0	0	0	0	0	0	0	0	0	0	0	0	0	0	0	0	0	0	0	0	0	0	9	0	0	0	0	0	0	0	0	0	0	0	0	0	0	0	0	0	0	0	0	0	0	0	0	0	0	0	0	0	0	0	0	0	0	0	0	0	0	0	0	0	0	0	0	0	0	0	0	0	0	0	0	0	0	0	0	0	0	0	0	0	0	0	0	0	0	0	0	0	0	0	0	0	0	0	0	0	0	0	0	0	0	0	0	0	0	0	0	0	0	0	0	0	0	0	0	0	0	0	0	0	0	0	0	0	0	0	0	0	0	0	0	0	0	0	0	0	0	0	0	0	0	0	0	0	0	0	0	0	0	0	0	0	0	0	0	0	0	0	0	0	0	0	0	0	0	0	0	0	0	0	0	0	0	0	0	0	0	0	0	0	0	0	0	0	0	0	0	0	0	0	0	0	0	0	0	0	0	0	0	0	0	0	0	0	0	0	0	0	0	0	0	0	0	0	0	0	0	0	0	0	0	0	0	0	0	0	0	0	0	0	0	0	0	0	0	0	0	0	0	0	0	0	0	0	0	0	0	0	0	0	0	0	0	0	0	0	0	0	0	0	0	0	0	0	0	0	0	0	0	0	0	0	0	0	0	0	0	0	0	0	0	0	0	0	0	0	0	0	0	0	0	0	0	0	0	0	0	0	0	0	0	0	0	0	0	0	0	0	0	0	0	0	0	0	0	0	0	0	0	0	0	0	0	0	0	0	0	0	0	0	0	0	0	0	0	0	0	0	0	0	0	0	0	0	0	0	0	0	0	0	0	0	0	0	0	0	0	0	0	0	0	0	0	0	0	0	0	0	0	0	0	0	0	0	0	0	0	0	0	0	0	0	0	0	0	0	0	0	0	0	0	0
d__Bacteria___p__Proteobacteria___c__Gammaproteobacteria___o__Burkholderiales___f__Neisseriaceae___g__Neisseria	0	0	0	0	0	0	0	13	0	0	0	0	0	0	0	0	0	0	0	0	0	0	0	0	0	0	0	0	0	0	0	0	0	0	0	0	0	0	0	0	0	0	0	0	0	0	0	0	0	0	0	0	0	0	0	0	0	0	0	0	0	0	0	0	0	0	0	0	0	0	0	0	0	0	0	0	0	0	0	0	0	0	0	0	0	0	0	0	0	0	0	0	7	0	0	0	0	0	0	0	0	0	0	0	0	0	0	0	0	0	0	0	0	0	0	0	0	0	0	0	0	0	0	0	0	0	0	0	0	0	0	0	0	0	0	0	0	0	0	0	0	0	0	0	0	0	0	0	0	0	0	0	0	0	0	0	0	0	0	0	0	0	0	0	0	29	0	0	0	0	0	0	0	0	0	0	0	0	0	0	0	0	0	0	0	0	0	0	0	0	0	0	0	22	0	0	0	0	0	0	0	0	0	0	0	0	0	0	0	0	0	0	0	0	0	0	0	0	0	0	5	0	0	0	0	0	0	0	0	13	0	0	0	0	0	0	0	0	0	0	0	0	0	0	0	0	0	0	0	0	14	0	0	0	0	0	0	0	0	0	0	0	0	0	0	0	0	0	0	0	0	0	0	0	0	0	0	0	0	0	0	0	0	0	0	0	0	96	0	0	0	0	0	0	0	0	0	0	0	0	0	0	0	0	0	0	0	0	0	0	0	0	0	0	0	0	0	0	0	0	0	0	0	0	0	0	0	0	0	0	0	0	100	0	0	0	0	0	0	0	0	0	0	0	0	0	0	0	0	0	0	0	0	0	0	0	0	0	0	0	96	0	0	0	0	0	0	0	0	0	0	0	0	0	0	0	0	0	0	0	0	0	0	0	0	0	0	0	0	0	0	0	0	0	0	0	0	0	0	0	0	0	0	0	0	0	0	0	0	0	0	0	0	0	0	0	0	0	0	0	0	0	0	0	0	0	0	0	4	0	0	0	0	0	0	0	0	0	0	0	0	0	0	0	0	0	0	0	0	0	0	0	0	0	0	0	0	0	0	0	0	0	0	0	0	0	0	0	0	0	0	0	0	0	0	0	0	0	0	0	0	0	0	0	0	0	0	0	0	0	0	0	0	0	0	0	0	0	0	0	0	0	0	0	0	0	0	0	0	0	0	0	0	0	0	0	0	0	0	0	0	0	0	0	0
d__Bacteria___p__Proteobacteria___c__Gammaproteobacteria___o__Burkholderiales___f__Oxalobacteraceae	0	0	0	0	0	0	0	0	0	0	0	0	0	0	0	0	0	0	0	0	0	0	0	0	0	0	15	0	0	0	0	0	0	0	0	0	0	9	0	0	0	0	0	0	0	0	0	0	0	0	0	0	0	0	0	0	0	0	0	0	0	0	0	0	0	0	0	0	0	0	0	0	0	0	0	0	0	0	0	0	0	0	0	0	0	0	0	0	0	0	0	0	0	0	0	0	0	0	0	0	0	0	0	0	0	0	0	0	0	0	0	0	0	0	0	0	0	0	0	0	0	0	0	0	0	0	0	0	0	0	0	0	0	0	0	0	0	0	0	0	0	0	0	0	0	0	0	0	0	0	0	0	0	0	0	0	0	0	0	0	0	0	0	0	0	0	0	0	0	0	0	0	0	0	0	0	0	0	0	0	0	0	0	0	0	0	0	0	0	0	0	0	0	0	0	0	0	0	0	0	0	0	0	0	0	0	0	0	0	0	0	0	10	0	0	0	0	0	0	0	0	0	0	0	0	0	0	0	0	0	0	0	0	0	0	0	0	0	0	0	0	0	0	0	0	0	0	0	0	0	0	0	0	0	0	0	0	0	0	0	0	0	0	0	0	0	0	0	0	0	0	0	0	0	0	0	0	0	0	0	0	0	0	0	17	0	0	0	0	9	0	0	0	0	7	6	0	16	0	17	14	0	0	0	0	0	0	0	3	6	2	0	12	0	0	0	8	0	0	2	0	0	0	0	13	0	0	0	0	0	0	0	0	0	0	0	0	0	0	0	6	0	0	0	0	0	0	0	0	0	0	0	0	6	0	0	0	0	0	0	0	0	0	0	10	0	0	0	11	0	0	0	0	0	0	0	0	0	0	0	0	0	0	16	0	0	0	0	0	0	0	9	0	0	0	0	0	0	0	7	12	20	0	0	0	0	0	14	0	16	0	0	0	0	0	0	0	0	0	0	0	0	0	0	0	0	0	0	0	0	0	0	0	0	0	0	0	0	0	0	0	0	0	0	0	0	0	0	0	0	0	0	0	0	0	0	0	0	0	0	0	0	0	0	0	0	0	0	0	0	0	0	0	0	0	0	0	5	0	0	0	0	0	0	0	0	0	0	0	0	0	0	0	0	0	0	0	0	0	0	0	0	0	0	0	0	0	0	0	0	0	0	0	0	0	0	0	0	32	0	0	0	0	13	0
d__Bacteria___p__Proteobacteria___c__Gammaproteobacteria___o__Burkholderiales___f__Oxalobacteraceae___g__Massilia	0	0	0	0	0	0	0	0	0	0	0	0	0	0	0	0	0	0	0	0	0	0	0	0	0	0	0	0	0	0	0	0	0	0	0	0	0	9	0	0	0	0	0	0	0	0	0	0	0	0	0	0	0	0	0	0	0	0	0	0	0	0	0	0	0	0	0	0	0	0	0	0	0	0	0	0	0	0	0	0	0	0	0	0	0	0	0	0	0	0	0	0	0	0	0	0	0	0	0	0	0	0	0	0	0	0	0	0	0	0	0	0	0	0	0	0	0	0	0	0	0	0	0	0	0	0	0	0	0	0	0	0	0	0	0	0	0	0	0	0	0	0	0	0	0	0	0	0	0	0	0	0	0	0	0	0	0	0	0	0	0	0	0	0	0	0	0	0	0	0	0	0	0	0	0	0	0	0	0	0	0	0	0	0	0	0	0	0	0	0	0	0	0	0	0	0	0	0	0	0	0	0	0	0	0	0	0	0	0	0	0	0	0	0	0	0	0	0	0	0	0	0	0	0	0	0	0	0	0	0	0	0	0	0	0	0	0	0	0	0	0	0	0	0	0	0	0	0	0	0	0	0	0	0	0	0	0	0	0	0	0	0	0	0	0	0	0	0	0	0	0	0	0	0	0	0	0	0	0	0	0	0	0	0	0	0	0	0	0	0	0	0	0	0	0	0	0	0	0	0	0	0	0	0	0	0	0	0	3	0	0	0	0	0	0	0	0	0	0	0	0	0	0	0	0	0	0	0	0	0	0	0	0	0	0	0	0	0	0	0	0	0	0	0	0	0	0	0	0	0	0	0	0	0	0	0	0	0	0	0	0	0	0	0	0	0	0	0	0	0	0	0	0	0	0	0	0	0	0	0	0	0	0	0	0	0	0	0	0	0	0	0	0	0	0	0	0	0	0	0	0	0	0	0	0	0	0	0	0	0	0	0	0	0	0	0	0	0	0	0	0	0	0	0	0	0	0	0	0	0	0	0	0	0	0	0	0	0	0	0	0	0	0	0	0	0	0	0	0	0	0	0	0	0	0	0	0	0	0	0	0	0	0	0	0	0	0	0	0	0	0	0	0	0	0	0	0	0	0	0	0	0	0	0	0	0	0	0	0	0	0	0	0	0	0	0	0	0	0	0	0	0	0	0	0	0	0	0	0	0	0	0	0	0	0	0	0	0	0	0	0	0	0	0	0
d__Bacteria___p__Proteobacteria___c__Gammaproteobacteria___o__Burkholderiales___f__Oxalobacteraceae___g__Oxalobacter	0	0	0	0	0	0	0	0	0	0	0	0	0	0	0	0	0	0	0	0	0	0	0	0	0	0	15	0	0	0	0	0	0	0	0	0	0	0	0	0	0	0	0	0	0	0	0	0	0	0	0	0	0	0	0	0	0	0	0	0	0	0	0	0	0	0	0	0	0	0	0	0	0	0	0	0	0	0	0	0	0	0	0	0	0	0	0	0	0	0	0	0	0	0	0	0	0	0	0	0	0	0	0	0	0	0	0	0	0	0	0	0	0	0	0	0	0	0	0	0	0	0	0	0	0	0	0	0	0	0	0	0	0	0	0	0	0	0	0	0	0	0	0	0	0	0	0	0	0	0	0	0	0	0	0	0	0	0	0	0	0	0	0	0	0	0	0	0	0	0	0	0	0	0	0	0	0	0	0	0	0	0	0	0	0	0	0	0	0	0	0	0	0	0	0	0	0	0	0	0	0	0	0	0	0	0	0	0	0	0	0	0	10	0	0	0	0	0	0	0	0	0	0	0	0	0	0	0	0	0	0	0	0	0	0	0	0	0	0	0	0	0	0	0	0	0	0	0	0	0	0	0	0	0	0	0	0	0	0	0	0	0	0	0	0	0	0	0	0	0	0	0	0	0	0	0	0	0	0	0	0	0	0	0	17	0	0	0	0	9	0	0	0	0	7	6	0	16	0	17	14	0	0	0	0	0	0	0	0	6	2	0	12	0	0	0	8	0	0	2	0	0	0	0	13	0	0	0	0	0	0	0	0	0	0	0	0	0	0	0	6	0	0	0	0	0	0	0	0	0	0	0	0	6	0	0	0	0	0	0	0	0	0	0	10	0	0	0	11	0	0	0	0	0	0	0	0	0	0	0	0	0	0	16	0	0	0	0	0	0	0	9	0	0	0	0	0	0	0	7	12	20	0	0	0	0	0	14	0	16	0	0	0	0	0	0	0	0	0	0	0	0	0	0	0	0	0	0	0	0	0	0	0	0	0	0	0	0	0	0	0	0	0	0	0	0	0	0	0	0	0	0	0	0	0	0	0	0	0	0	0	0	0	0	0	0	0	0	0	0	0	0	0	0	0	0	0	5	0	0	0	0	0	0	0	0	0	0	0	0	0	0	0	0	0	0	0	0	0	0	0	0	0	0	0	0	0	0	0	0	0	0	0	0	0	0	0	0	32	0	0	0	0	13	0
d__Bacteria___p__Proteobacteria___c__Gammaproteobacteria___o__Burkholderiales___f__Rhodocyclaceae	0	0	0	0	0	0	0	0	0	0	0	0	0	0	0	0	0	0	0	0	0	0	0	0	0	0	0	0	0	0	0	0	0	0	0	0	0	0	0	0	0	0	0	0	0	0	0	0	0	0	0	0	0	0	0	0	0	0	0	0	0	0	0	0	0	0	0	0	0	0	0	0	0	0	0	0	0	0	0	0	0	0	0	0	0	0	0	0	0	0	0	0	0	0	0	0	0	0	0	0	0	0	0	0	0	0	0	0	0	0	0	0	0	0	0	0	0	0	0	0	0	0	0	0	0	0	0	0	0	0	0	0	0	0	0	0	0	0	0	0	0	0	0	0	0	0	0	0	0	0	0	0	0	0	0	0	0	0	0	0	0	0	0	0	0	0	0	0	0	0	0	0	0	0	0	0	0	0	0	0	0	0	0	0	0	0	0	0	0	0	0	0	0	0	0	0	0	0	0	0	0	0	0	0	0	0	0	0	0	0	0	0	0	0	0	0	0	0	0	0	0	0	0	0	0	0	0	0	0	0	0	0	0	0	0	0	0	0	0	0	0	0	0	0	0	0	0	0	0	0	0	0	0	0	0	0	0	0	0	0	0	0	0	0	0	0	0	0	0	0	0	0	0	0	0	0	0	0	0	0	0	0	0	0	0	0	0	0	7	0	0	0	0	0	0	0	0	0	0	0	0	0	0	0	0	0	0	0	0	0	0	0	0	0	0	0	0	0	0	0	0	0	0	0	0	0	0	0	0	0	0	0	0	0	0	0	0	0	0	0	0	0	0	0	0	0	0	0	0	0	0	0	0	0	0	0	0	0	0	0	0	0	0	0	0	0	0	0	0	0	0	0	0	0	0	0	0	0	0	0	0	0	0	0	0	0	0	0	0	0	0	0	0	0	0	0	0	0	0	0	0	0	0	0	0	0	0	0	0	0	0	0	0	0	0	0	0	0	0	0	0	0	0	0	0	0	0	0	0	0	0	0	0	0	0	0	0	0	0	0	0	0	0	0	0	0	0	0	0	0	0	0	0	0	0	0	0	0	0	0	0	0	0	0	0	0	0	0	0	0	0	0	0	0	0	0	0	0	0	0	0	0	0	0	0	0	0	0	0	0	0	0	0	0	0	0	0	0	0	0	0	0	0	0	0	0	0	0	0	0	0	0	0	0	0	0	0	0	0	0	0	0	0	0	0
d__Bacteria___p__Proteobacteria___c__Gammaproteobacteria___o__Burkholderiales___f__Rhodocyclaceae___g__Zoogloea	0	0	0	0	0	0	0	0	0	0	0	0	0	0	0	0	0	0	0	0	0	0	0	0	0	0	0	0	0	0	0	0	0	0	0	0	0	0	0	0	0	0	0	0	0	0	0	0	0	0	0	0	0	0	0	0	0	0	0	0	0	0	0	0	0	0	0	0	0	0	0	0	0	0	0	0	0	0	0	0	0	0	0	0	0	0	0	0	0	0	0	0	0	0	0	0	0	0	0	0	0	0	0	0	0	0	0	0	0	0	0	0	0	0	0	0	0	0	0	0	0	0	0	0	0	0	0	0	0	0	0	0	0	0	0	0	0	0	0	0	0	0	0	0	0	0	0	0	0	0	0	0	0	0	0	0	0	0	0	0	0	0	0	0	0	0	0	0	0	0	0	0	0	0	0	0	0	0	0	0	0	0	0	0	0	0	0	0	0	0	0	0	0	0	0	0	0	0	0	0	0	0	0	0	0	0	0	0	0	0	0	0	0	0	0	0	0	0	0	0	0	0	0	0	0	0	0	0	0	0	0	0	0	0	0	0	0	0	0	0	0	0	0	0	0	0	0	0	0	0	0	0	0	0	0	0	0	0	0	0	0	0	0	0	0	0	0	0	0	0	0	0	0	0	0	0	0	0	0	0	0	0	0	0	0	0	0	0	7	0	0	0	0	0	0	0	0	0	0	0	0	0	0	0	0	0	0	0	0	0	0	0	0	0	0	0	0	0	0	0	0	0	0	0	0	0	0	0	0	0	0	0	0	0	0	0	0	0	0	0	0	0	0	0	0	0	0	0	0	0	0	0	0	0	0	0	0	0	0	0	0	0	0	0	0	0	0	0	0	0	0	0	0	0	0	0	0	0	0	0	0	0	0	0	0	0	0	0	0	0	0	0	0	0	0	0	0	0	0	0	0	0	0	0	0	0	0	0	0	0	0	0	0	0	0	0	0	0	0	0	0	0	0	0	0	0	0	0	0	0	0	0	0	0	0	0	0	0	0	0	0	0	0	0	0	0	0	0	0	0	0	0	0	0	0	0	0	0	0	0	0	0	0	0	0	0	0	0	0	0	0	0	0	0	0	0	0	0	0	0	0	0	0	0	0	0	0	0	0	0	0	0	0	0	0	0	0	0	0	0	0	0	0	0	0	0	0	0	0	0	0	0	0	0	0	0	0	0	0	0	0	0	0	0	0
d__Bacteria___p__Proteobacteria___c__Gammaproteobacteria___o__Burkholderiales___f__Sutterellaceae	515	49	462	0	129	140	86	128	90	133	173	391	274	235	96	248	35	177	25	152	368	501	282	5	80	85	469	735	1851	1987	121	527	114	937	19	73	993	664	537	733	286	62	594	160	142	261	3687	73	25	71	284	80	645	1084	160	130	133	197	46	484	158	971	76	84	137	18	598	93	227	582	28	169	29	214	134	1015	267	109	54	291	49	128	267	28	128	193	217	120	256	192	69	197	102	59	197	99	0	62	0	67	0	250	0	0	0	0	173	805	29	168	138	0	111	39	78	80	0	0	0	76	167	0	0	92	35	503	242	179	219	0	320	373	0	77	63	215	0	275	181	25	37	121	0	105	0	0	45	149	171	438	84	294	41	329	0	0	0	0	241	280	104	361	41	26	190	0	97	161	91	103	198	244	0	0	43	32	162	0	130	597	35	186	0	91	32	152	431	88	430	191	221	314	103	226	51	72	162	179	374	305	0	222	324	46	76	61	68	41	394	101	0	504	159	250	34	408	186	382	507	0	169	68	29	79	31	48	17	256	407	311	217	118	266	124	92	118	65	74	274	94	21	391	129	82	64	88	138	136	56	42	252	123	0	497	398	233	203	115	280	107	614	704	140	0	59	327	192	237	9	491	58	714	143	298	314	237	390	138	97	172	107	132	155	0	23	55	0	0	0	174	22	237	905	618	0	83	4	274	62	225	88	471	151	31	56	36	13	119	15	128	37	501	603	154	241	78	533	106	274	99	163	371	1228	589	705	122	9	229	0	714	840	0	0	187	0	255	284	288	444	150	101	69	244	380	105	485	25	231	45	163	0	0	78	252	360	78	0	25	644	35	0	233	1890	150	196	22	159	0	507	30	0	76	0	99	740	25	0	0	158	0	98	140	9	31	182	70	164	90	547	0	89	120	1416	121	690	390	200	131	2270	345	24	338	118	17	236	9	45	145	614	594	269	0	1067	36	874	0	0	0	0	130	90	152	237	439	289	151	651	0	0	48	41	51	0	31	0	10	20	79	57	37	28	14	28	0	18	63	24	0	0	22	15	0	131	0	0	10	66	38	15	34	0	41	20	38	0	0	0	204	0	0	0	42	43	188	0	52	81	575	36	0	51	310	11	18	0	0	14	20	0	0	0	11	49	46	290	29	0	167	62	0	6	3	289	51	0	0	0	0	0	134	3	0	0	0	0	0	167	661	570	434	93	36	42	0	0
d__Bacteria___p__Proteobacteria___c__Gammaproteobacteria___o__Burkholderiales___f__Sutterellaceae___g__Parasutterella	515	0	0	0	10	25	0	0	90	133	0	0	0	0	0	0	0	41	0	0	0	0	63	5	0	14	43	39	57	436	26	86	0	937	19	0	0	0	0	0	266	0	0	137	0	0	0	6	0	0	28	0	0	0	0	0	0	139	0	484	0	0	0	0	0	0	333	0	142	0	0	157	0	0	11	17	0	0	3	260	49	0	267	28	0	0	0	0	0	0	0	10	102	0	0	0	0	0	0	0	0	26	0	0	0	0	0	0	0	0	0	0	111	0	0	80	0	0	0	76	0	0	0	92	35	0	63	0	0	0	0	0	0	77	3	0	0	26	0	0	37	0	0	105	0	0	45	131	0	24	0	0	0	0	0	0	0	0	0	0	0	0	41	0	96	0	0	0	0	14	8	0	0	0	0	32	0	0	0	0	0	0	0	0	32	0	0	88	0	0	53	0	19	93	51	10	86	0	0	0	0	222	324	0	0	0	0	0	0	0	0	0	159	0	0	408	14	146	0	0	0	0	0	0	0	0	0	3	11	26	53	0	28	0	92	107	0	0	0	15	0	0	0	0	0	88	0	18	0	0	0	123	0	0	0	76	203	115	0	0	0	0	140	0	0	19	0	0	0	0	58	0	0	0	0	0	0	0	0	172	57	0	0	0	23	55	0	0	0	0	2	237	15	618	0	10	4	111	10	0	52	32	21	7	5	6	8	119	15	14	10	31	46	102	6	0	16	0	11	40	163	9	17	0	0	18	9	229	0	13	0	0	0	160	0	29	53	0	16	131	0	69	0	0	105	485	0	0	0	54	0	0	78	252	0	78	0	0	0	23	0	0	1890	64	196	0	159	0	453	0	0	0	0	0	59	10	0	0	158	0	0	7	0	0	182	19	12	13	0	0	0	0	18	0	0	30	0	131	0	23	0	0	0	0	0	0	0	39	43	0	0	0	0	0	0	0	0	0	0	130	90	0	28	21	0	0	0	0	0	48	41	27	0	0	0	0	0	0	8	27	0	0	28	0	18	0	0	0	0	0	0	0	0	0	0	0	66	0	0	0	0	41	0	0	0	0	0	0	0	0	0	0	43	0	0	0	0	10	0	0	0	12	0	18	0	0	0	0	0	0	0	0	0	0	0	0	0	0	0	0	0	0	6	51	0	0	0	0	0	0	3	0	0	0	0	0	0	28	67	0	11	24	0	0	0
d__Bacteria___p__Proteobacteria___c__Gammaproteobacteria___o__Burkholderiales___f__Sutterellaceae___g__Sutterella	0	49	462	0	119	115	86	128	0	0	173	391	274	235	96	248	35	136	25	152	368	501	219	0	80	71	426	696	1794	1551	95	441	114	0	0	73	993	664	537	733	20	62	594	23	142	261	3687	67	25	71	256	80	645	1084	160	130	133	58	46	0	158	971	76	84	137	18	265	93	85	582	28	12	29	214	123	998	267	109	51	31	0	128	0	0	128	193	217	120	256	192	69	187	0	59	197	99	0	62	0	67	0	224	0	0	0	0	173	805	29	168	138	0	0	39	78	0	0	0	0	0	167	0	0	0	0	503	179	179	219	0	320	373	0	0	60	215	0	249	181	25	0	121	0	0	0	0	0	18	171	414	84	294	41	329	0	0	0	0	241	280	104	361	0	26	94	0	97	161	91	89	190	244	0	0	43	0	162	0	130	597	35	186	0	91	0	152	431	0	430	191	168	314	84	133	0	62	76	179	374	305	0	0	0	46	76	61	68	41	394	101	0	504	0	250	34	0	172	236	507	0	169	68	29	79	31	48	17	253	396	285	164	118	238	124	0	11	65	74	274	79	21	391	129	82	64	0	138	118	56	42	252	0	0	497	398	157	0	0	280	107	614	704	0	0	59	308	192	237	9	491	0	714	143	298	314	237	390	138	97	0	50	132	155	0	0	0	0	0	0	174	20	0	890	0	0	73	0	163	52	225	36	439	130	24	51	30	5	0	0	114	27	470	557	52	235	78	517	106	263	59	0	362	1211	589	705	104	0	0	0	701	840	0	0	27	0	226	231	288	428	19	101	0	244	380	0	0	25	231	45	109	0	0	0	0	360	0	0	25	644	12	0	233	0	86	0	22	0	0	54	30	0	76	0	99	681	15	0	0	0	0	98	133	9	31	0	51	152	77	547	0	89	120	1398	121	690	360	200	0	2270	322	24	338	118	17	236	9	45	106	571	594	269	0	1067	36	874	0	0	0	0	0	0	152	209	418	289	151	651	0	0	0	0	24	0	31	0	10	20	79	49	10	28	14	0	0	0	63	24	0	0	22	15	0	131	0	0	10	0	38	15	34	0	0	20	38	0	0	0	204	0	0	0	42	0	188	0	52	81	565	36	0	51	298	11	0	0	0	14	20	0	0	0	11	49	46	290	29	0	167	62	0	6	3	283	0	0	0	0	0	0	134	0	0	0	0	0	0	167	633	503	434	82	12	42	0	0
d__Bacteria___p__Proteobacteria___c__Gammaproteobacteria___o__Enterobacterales	0	113	25	0	0	0	32	0	0	0	0	0	5076	0	0	0	4749	67	0	1271	40	17	0	396	0	0	35	875	0	8	21	0	0	0	0	0	0	0	0	0	0	0	0	141	0	0	2303	0	0	0	0	22	0	60	0	0	0	0	50	44	0	37	0	24	22	12066	0	0	0	44	34	0	1000	92	0	223	9	21	111	14	0	0	104	0	57	0	0	0	1286	0	0	0	22	0	932	0	0	9781	0	0	0	76	0	0	0	74	44	0	0	0	25	0	0	0	0	1026	89	0	0	47	120	0	0	1654	0	138	0	0	4130	6638	0	0	0	0	0	0	0	0	29	0	0	0	0	0	20	94	0	21	0	0	0	377	0	0	0	270	137	0	0	39	0	0	0	0	14	0	0	0	0	0	0	1033	58	0	10	67	0	0	10252	0	0	0	3261	0	43	0	0	35	0	60	0	0	0	0	0	0	21	767	73	8	19	0	0	3450	0	0	121	78	19	0	463	92	0	1343	7	25	0	6	12	13	564	50	0	1922	0	0	1422	20	789	337	751	300	0	10	0	0	252	5242	3039	761	20	68	1737	13410	23822	1705	1898	361	5962	0	6	120	42	0	1243	0	40	5	26	22	44	1436	0	26	129	2567	0	22	622	371	22640	138	252	36	0	47	390	0	0	45	0	24	12	13	74	236	44185	10074	685	0	183	3	0	7	5	77	6968	4	615	101	563	9	0	39	289	0	0	0	0	0	7	8	32	0	20	0	0	18	13	80	0	31	6	42	111	64	0	0	134	2257	2465	16117	8105	758	8065	0	0	0	15	2640	24	0	267	0	0	13	0	206	41	0	710	0	0	0	0	23	0	4792	684	187	8048	0	147	0	34	18	641	0	0	0	0	0	0	0	0	1679	23	734	0	0	256	0	4	378	193	49	789	0	0	20	0	0	0	16	68	24366	125	1515	38	261	0	1550	425	32	0	1086	4161	80	1400	1781	21	7732	128	831	14	0	12039	7667	0	0	0	9	0	0	0	0	12	0	116	40	15	13	0	0	87	165	0	0	0	0	0	24	0	32	0	0	0	0	0	0	0	6	1036	0	0	0	0	0	46	0	0	0	20	132	0	0	0	3312	0	0	0	18	0	98	0	0	0	0	18	1076	0	14	26	0	83	0	0	0	107	0	0	27	0	0	0	0	0	0	0	5	129	0	25	8	1737	42	36	0	12	21	79	0	690	0	0	0	0	0	14	102	0	47	13055	125	223
d__Bacteria___p__Proteobacteria___c__Gammaproteobacteria___o__Enterobacterales___f__Enterobacteriaceae	0	113	25	0	0	0	32	0	0	0	0	0	5076	0	0	0	4749	67	0	1271	40	17	0	396	0	0	35	875	0	8	21	0	0	0	0	0	0	0	0	0	0	0	0	141	0	0	2303	0	0	0	0	22	0	60	0	0	0	0	50	44	0	37	0	24	22	12066	0	0	0	44	34	0	1000	92	0	223	9	21	111	14	0	0	104	0	57	0	0	0	1286	0	0	0	22	0	932	0	0	9781	0	0	0	76	0	0	0	74	44	0	0	0	25	0	0	0	0	1026	89	0	0	47	120	0	0	1654	0	138	0	0	4130	6638	0	0	0	0	0	0	0	0	29	0	0	0	0	0	20	94	0	21	0	0	0	377	0	0	0	270	137	0	0	39	0	0	0	0	14	0	0	0	0	0	0	1033	58	0	10	67	0	0	10252	0	0	0	1583	0	43	0	0	35	0	60	0	0	0	0	0	0	21	767	73	8	19	0	0	3450	0	0	121	78	19	0	463	92	0	1343	7	25	0	6	12	13	514	50	0	1922	0	0	1422	20	789	337	751	300	0	10	0	0	252	5242	3039	761	20	68	1737	13410	23822	1705	1898	361	5962	0	6	120	42	0	1243	0	40	5	26	22	44	1436	0	26	129	2567	0	22	622	371	22640	138	252	36	0	47	390	0	0	45	0	24	12	13	74	236	44185	10074	679	0	183	3	0	7	5	77	6968	4	615	101	563	9	0	39	289	0	0	0	0	0	7	8	32	0	20	0	0	18	13	80	0	31	6	42	111	64	0	0	134	2257	2465	16117	8105	758	8065	0	0	0	15	2640	24	0	267	0	0	13	0	206	41	0	710	0	0	0	0	0	0	4792	684	187	8048	0	147	0	34	18	641	0	0	0	0	0	0	0	0	1679	23	734	0	0	256	0	4	378	193	49	789	0	0	20	0	0	0	16	68	0	125	1515	38	261	0	1550	425	32	0	1086	4161	80	1400	1781	21	7732	128	831	14	0	12039	7667	0	0	0	9	0	0	0	0	12	0	116	40	15	13	0	0	87	165	0	0	0	0	0	24	0	32	0	0	0	0	0	0	0	6	1036	0	0	0	0	0	46	0	0	0	20	132	0	0	0	3312	0	0	0	18	0	98	0	0	0	0	18	1076	0	14	26	0	83	0	0	0	107	0	0	27	0	0	0	0	0	0	0	5	129	0	25	8	1737	42	36	0	12	21	79	0	690	0	0	0	0	0	14	102	0	47	13055	125	223
d__Bacteria___p__Proteobacteria___c__Gammaproteobacteria___o__Enterobacterales___f__Enterobacteriaceae___g__Citrobacter	0	0	0	0	0	0	0	0	0	0	0	0	0	0	0	0	0	0	0	0	0	0	0	0	0	0	0	0	0	8	0	0	0	0	0	0	0	0	0	0	0	0	0	105	0	0	0	0	0	0	0	0	0	0	0	0	0	0	0	0	0	0	0	0	0	0	0	0	0	0	0	0	0	0	0	0	0	0	0	0	0	0	0	0	0	0	0	0	0	0	0	0	0	0	0	0	0	0	0	0	0	0	0	0	0	0	0	0	0	0	0	0	0	0	0	0	0	0	0	0	0	0	0	0	0	0	0	0	0	0	0	0	0	0	0	0	0	0	0	0	0	0	0	0	0	0	0	0	0	0	0	0	0	0	0	0	0	0	0	0	0	0	0	0	0	0	0	0	0	0	0	0	0	0	0	0	0	0	0	0	0	0	0	0	0	0	0	35	0	0	0	0	0	0	0	0	0	0	0	0	0	0	0	0	0	0	0	0	0	0	0	0	0	0	0	0	0	0	0	0	0	0	0	0	0	0	0	0	0	0	0	0	0	0	0	0	0	0	0	0	0	0	0	0	0	0	0	0	0	0	0	0	0	0	0	0	0	0	0	0	0	0	0	0	0	0	0	0	0	0	0	0	0	0	0	0	0	0	0	0	0	0	0	0	0	0	0	0	537	0	0	0	0	0	0	0	0	0	0	0	0	0	0	5	0	0	0	0	0	0	0	0	0	0	0	0	0	0	0	0	0	0	0	0	0	0	0	0	0	99	0	0	0	0	0	0	0	0	0	529	0	0	0	0	0	0	0	0	0	0	0	0	0	0	0	0	0	0	0	0	0	0	0	0	0	0	0	0	0	0	0	0	0	0	0	0	0	0	0	0	0	0	0	0	0	0	0	0	0	0	0	0	0	0	0	0	0	0	0	0	0	0	0	0	0	0	0	0	0	0	0	0	0	0	0	0	0	0	0	0	0	0	0	0	0	0	0	0	0	0	0	0	0	0	0	0	0	0	0	0	0	0	0	0	0	0	0	0	0	0	0	0	0	0	0	0	0	0	0	0	0	0	0	0	0	0	0	0	0	0	0	0	0	0	0	0	0	0	0	0	0	0	0	0	21	0	0	0	0	0	0	0	0	0	0	0	0	0	0	0	0	0	0	0	0	0	0	0	0	0	0	0	0	0	0	0	0	0	0	0	0	0	0	0	0
d__Bacteria___p__Proteobacteria___c__Gammaproteobacteria___o__Enterobacterales___f__Enterobacteriaceae___g__Enterobacter	0	0	0	0	0	0	0	0	0	0	0	0	0	0	0	0	0	0	0	0	0	0	0	0	0	0	0	0	0	0	0	0	0	0	0	0	0	0	0	0	0	0	0	0	0	0	0	0	0	0	0	0	0	0	0	0	0	0	0	0	0	37	0	0	0	0	0	0	0	44	0	0	0	0	0	0	0	0	89	0	0	0	0	0	0	0	0	0	0	0	0	0	22	0	0	0	0	0	0	0	0	0	0	0	0	0	0	0	0	0	0	0	0	0	0	0	0	0	0	0	0	0	0	0	0	0	0	0	0	0	0	0	0	0	0	0	0	0	0	0	0	0	0	0	0	0	0	0	0	0	0	0	0	0	0	0	0	0	0	0	0	0	0	0	0	0	0	0	0	0	0	0	0	0	0	0	0	0	0	0	0	0	0	0	0	0	0	0	0	0	0	0	0	0	0	0	0	0	0	0	0	0	0	0	0	0	0	0	0	0	0	0	0	0	0	0	0	0	0	0	0	0	0	0	0	0	0	0	0	0	0	0	0	0	0	0	0	0	0	0	0	0	0	0	0	0	0	0	0	0	0	0	0	0	0	0	0	0	0	0	0	0	0	0	0	336	0	0	0	0	0	0	0	0	0	0	0	0	0	0	0	0	0	0	0	0	0	0	57	0	0	0	0	0	0	0	0	0	0	0	0	0	0	0	289	0	0	0	0	0	0	0	0	0	0	0	0	0	0	0	0	0	6	0	0	0	0	0	0	37	0	0	0	0	0	0	0	0	0	0	0	0	0	0	0	0	0	0	0	0	0	0	0	0	0	0	0	43	0	0	0	0	0	0	0	0	0	0	0	0	0	0	0	0	0	136	23	0	0	0	0	0	4	0	0	0	0	0	0	0	0	0	0	0	0	0	0	0	0	0	0	0	61	0	0	0	0	0	0	0	0	265	0	0	0	0	0	0	0	0	0	9	0	0	0	0	0	0	0	0	0	0	0	0	0	0	0	0	0	0	0	0	0	0	0	0	0	0	0	0	0	0	0	0	0	0	0	0	0	0	0	0	0	0	0	0	0	0	0	0	0	0	0	0	0	0	0	0	0	0	0	0	0	0	0	0	0	0	0	0	0	0	0	0	0	0	0	0	0	0	0	0	0	0	0	0	0	0	0	0	0	0	0	0	0	0	0	0	0	0	0	0	0	0	0
d__Bacteria___p__Proteobacteria___c__Gammaproteobacteria___o__Enterobacterales___f__Enterobacteriaceae___g__Escherichia/Shigella	0	113	25	0	0	0	32	0	0	0	0	0	5076	0	0	0	2060	67	0	1271	40	0	0	340	0	0	35	875	0	0	21	0	0	0	0	0	0	0	0	0	0	0	0	36	0	0	2303	0	0	0	0	22	0	60	0	0	0	0	50	44	0	0	0	24	22	12066	0	0	0	0	34	0	1000	92	0	223	9	0	22	14	0	0	104	0	57	0	0	0	1286	0	0	0	0	0	932	0	0	9781	0	0	0	76	0	0	0	74	44	0	0	0	25	0	0	0	0	1026	0	0	0	47	46	0	0	1573	0	138	0	0	1730	6638	0	0	0	0	0	0	0	0	29	0	0	0	0	0	20	94	0	21	0	0	0	377	0	0	0	270	137	0	0	39	0	0	0	0	14	0	0	0	0	0	0	1033	58	0	10	67	0	0	10171	0	0	0	1429	0	43	0	0	0	0	60	0	0	0	0	0	0	21	767	0	8	19	0	0	3450	0	0	121	78	19	0	463	0	0	1343	7	25	0	6	12	13	514	50	0	1922	0	0	1422	0	394	147	285	197	0	10	0	0	105	2379	1350	342	0	0	828	9436	10578	725	838	172	2642	0	6	120	42	0	1243	0	40	5	26	0	44	1436	0	26	129	2128	0	22	622	371	22640	138	252	36	0	47	390	0	0	45	0	24	12	13	74	236	44185	10074	85	0	183	3	0	7	5	77	6968	4	615	101	563	9	0	34	0	0	0	0	0	0	7	8	32	0	20	0	0	18	13	80	0	31	0	42	111	64	0	0	25	1836	2465	7051	8105	758	8063	0	0	0	15	2109	24	0	267	0	0	13	0	206	41	0	377	0	0	0	0	0	0	4604	104	187	8048	0	147	0	34	18	635	0	0	0	0	0	0	0	0	1108	0	734	0	0	256	0	0	378	193	49	789	0	0	0	0	0	0	16	68	0	125	1515	38	261	0	1550	224	32	0	1055	4161	80	0	1769	21	7430	128	831	14	0	5322	3830	0	0	0	0	0	0	0	0	12	0	116	40	15	13	0	0	87	165	0	0	0	0	0	24	0	32	0	0	0	0	0	0	0	6	1036	0	0	0	0	0	46	0	0	0	20	132	0	0	0	3312	0	0	0	18	0	98	0	0	0	0	0	468	0	14	26	0	62	0	0	0	107	0	0	27	0	0	0	0	0	0	0	5	55	0	25	8	1737	42	36	0	12	21	79	0	690	0	0	0	0	0	14	102	0	47	13055	125	223
d__Bacteria___p__Proteobacteria___c__Gammaproteobacteria___o__Enterobacterales___f__Enterobacteriaceae___g__Klebsiella	0	0	0	0	0	0	0	0	0	0	0	0	0	0	0	0	0	0	0	0	0	0	0	56	0	0	0	0	0	0	0	0	0	0	0	0	0	0	0	0	0	0	0	0	0	0	0	0	0	0	0	0	0	0	0	0	0	0	0	0	0	0	0	0	0	0	0	0	0	0	0	0	0	0	0	0	0	0	0	0	0	0	0	0	0	0	0	0	0	0	0	0	0	0	0	0	0	0	0	0	0	0	0	0	0	0	0	0	0	0	0	0	0	0	0	0	0	0	0	0	0	0	0	0	0	0	0	0	0	0	0	0	0	0	0	0	0	0	0	0	0	0	0	0	0	0	0	0	0	0	0	0	0	0	0	0	0	0	0	0	0	0	0	0	0	0	0	0	0	0	0	0	0	0	0	0	0	0	81	0	0	0	154	0	0	0	0	0	0	0	0	0	0	0	0	0	0	0	73	0	0	0	0	0	0	0	0	0	0	0	0	92	0	0	0	0	0	0	0	0	0	0	0	0	0	0	0	0	0	0	151	0	0	0	0	0	0	0	0	0	0	0	0	0	0	0	0	0	0	0	0	0	0	0	0	0	0	0	0	22	0	0	0	0	0	83	0	0	0	0	0	0	0	0	0	0	0	0	0	0	0	0	0	0	0	0	0	0	0	0	0	0	0	0	0	0	0	0	0	0	0	0	0	0	0	0	0	0	0	0	0	0	0	0	0	0	0	0	0	0	0	0	0	0	0	0	0	0	109	215	0	0	0	0	0	0	0	0	0	0	0	0	0	0	0	0	0	0	0	0	333	0	0	0	0	0	0	7	580	0	0	0	0	0	0	0	0	0	0	0	0	0	0	0	0	0	0	0	0	0	0	0	0	0	0	0	0	0	0	20	0	0	0	0	0	0	0	0	0	0	0	0	96	0	0	31	0	0	1400	0	0	0	0	0	0	0	0	0	0	0	0	0	0	0	0	0	0	0	0	0	0	0	0	0	0	0	0	0	0	0	0	0	0	0	0	0	0	0	0	0	0	0	0	0	0	0	0	0	0	0	0	0	0	0	0	0	0	0	0	0	0	0	0	0	0	0	0	0	18	0	0	0	0	0	0	0	0	0	0	0	0	0	0	0	0	0	0	0	0	0	0	0	0	0	0	0	0	0	0	0	0	0	0	0	0	0	0	0	0	0	0	0	0	0	0
d__Bacteria___p__Proteobacteria___c__Gammaproteobacteria___o__Enterobacterales___f__Enterobacteriaceae___g__Pseudocitrobacter	0	0	0	0	0	0	0	0	0	0	0	0	0	0	0	0	0	0	0	0	0	0	0	0	0	0	0	0	0	0	0	0	0	0	0	0	0	0	0	0	0	0	0	0	0	0	0	0	0	0	0	0	0	0	0	0	0	0	0	0	0	0	0	0	0	0	0	0	0	0	0	0	0	0	0	0	0	0	0	0	0	0	0	0	0	0	0	0	0	0	0	0	0	0	0	0	0	0	0	0	0	0	0	0	0	0	0	0	0	0	0	0	0	0	0	0	0	0	0	0	0	0	0	0	0	0	0	0	0	0	0	0	0	0	0	0	0	0	0	0	0	0	0	0	0	0	0	0	0	0	0	0	0	0	0	0	0	0	0	0	0	0	0	0	0	0	0	0	0	0	0	0	0	0	0	0	0	0	0	0	0	0	0	0	0	0	0	0	0	0	0	0	0	0	0	0	0	0	0	0	0	0	0	0	0	0	0	0	0	0	0	0	0	0	0	0	0	0	0	0	0	0	0	0	0	0	0	0	0	0	0	0	0	0	0	0	0	0	0	0	0	0	0	0	0	0	0	0	0	0	0	0	0	0	0	0	0	0	0	0	0	0	0	0	0	0	0	0	0	0	0	0	0	0	0	0	0	0	0	0	0	0	0	0	0	0	0	0	0	0	0	0	0	0	0	0	0	0	0	0	0	0	0	0	0	0	0	0	0	0	0	0	0	0	0	0	0	0	0	0	0	0	0	0	0	0	0	0	0	0	0	0	0	0	2	0	0	0	0	2	0	0	0	0	0	0	0	0	0	0	0	0	0	0	0	0	0	6	0	0	0	0	0	0	0	0	6	0	0	0	0	0	0	0	0	0	0	0	0	0	0	0	0	0	0	0	0	0	0	0	0	0	0	0	0	0	0	0	0	0	0	0	0	0	0	0	0	0	0	12	0	6	0	0	0	0	0	0	0	0	0	0	0	0	0	0	0	0	0	0	0	0	0	0	0	0	0	0	0	0	0	0	0	0	0	0	0	0	0	0	0	0	0	0	0	0	0	0	0	0	0	0	0	0	0	0	0	0	0	0	0	0	0	0	0	0	0	0	0	0	0	0	0	0	0	0	0	0	0	0	0	0	0	0	0	0	0	0	0	0	0	0	0	0	0	0	0	0	0	0	0	0	0	0	0	0	0	0	0	0	0	0	0	0	0
d__Bacteria___p__Proteobacteria___c__Gammaproteobacteria___o__Enterobacterales___f__Enterobacteriaceae___g__Salmonella	0	0	0	0	0	0	0	0	0	0	0	0	0	0	0	0	2689	0	0	0	0	17	0	0	0	0	0	0	0	0	0	0	0	0	0	0	0	0	0	0	0	0	0	0	0	0	0	0	0	0	0	0	0	0	0	0	0	0	0	0	0	0	0	0	0	0	0	0	0	0	0	0	0	0	0	0	0	21	0	0	0	0	0	0	0	0	0	0	0	0	0	0	0	0	0	0	0	0	0	0	0	0	0	0	0	0	0	0	0	0	0	0	0	0	0	0	89	0	0	0	74	0	0	81	0	0	0	0	2400	0	0	0	0	0	0	0	0	0	0	0	0	0	0	0	0	0	0	0	0	0	0	0	0	0	0	0	0	0	0	0	0	0	0	0	0	0	0	0	0	0	0	0	0	0	0	0	0	0	0	0	0	0	0	0	0	0	0	0	0	0	0	0	0	0	0	0	0	0	0	0	0	0	0	0	0	0	0	0	0	0	0	0	0	0	0	0	0	0	0	0	0	0	0	0	0	0	0	20	395	190	315	103	0	0	0	0	147	2863	1689	419	20	68	909	3974	13244	934	1058	189	3320	0	0	0	0	0	0	0	0	0	0	0	0	0	0	0	0	0	0	0	0	0	0	0	0	0	0	0	0	0	0	0	0	0	0	0	0	0	0	0	0	0	0	0	0	0	0	0	0	0	0	0	0	0	0	0	0	0	0	0	0	0	0	0	0	0	0	0	0	0	0	0	0	0	0	0	0	0	0	0	0	0	0	9066	0	0	0	0	0	0	0	0	0	0	0	0	0	0	0	0	0	0	0	0	0	0	0	0	0	0	0	0	0	0	0	0	0	0	0	0	0	0	0	0	0	0	0	0	0	0	0	0	0	0	0	0	0	0	0	0	0	0	0	0	0	0	0	0	0	0	0	0	0	0	0	0	0	0	0	0	0	0	0	0	0	0	0	0	6717	3837	0	0	0	0	0	0	0	0	0	0	0	0	0	0	0	0	0	0	0	0	0	0	0	0	0	0	0	0	0	0	0	0	0	0	0	0	0	0	0	0	0	0	0	0	0	0	0	0	0	0	0	0	0	0	0	0	0	0	0	0	0	608	0	0	0	0	0	0	0	0	0	0	0	0	0	0	0	0	0	0	0	0	74	0	0	0	0	0	0	0	0	0	0	0	0	0	0	0	0	0	0	0	0	0	0	0	0
d__Bacteria___p__Proteobacteria___c__Gammaproteobacteria___o__Enterobacterales___f__Enterobacteriaceae___g__Trabulsiella	0	0	0	0	0	0	0	0	0	0	0	0	0	0	0	0	0	0	0	0	0	0	0	0	0	0	0	0	0	0	0	0	0	0	0	0	0	0	0	0	0	0	0	0	0	0	0	0	0	0	0	0	0	0	0	0	0	0	0	0	0	0	0	0	0	0	0	0	0	0	0	0	0	0	0	0	0	0	0	0	0	0	0	0	0	0	0	0	0	0	0	0	0	0	0	0	0	0	0	0	0	0	0	0	0	0	0	0	0	0	0	0	0	0	0	0	0	0	0	0	0	0	0	0	0	0	0	0	0	0	0	0	0	0	0	0	0	0	0	0	0	0	0	0	0	0	0	0	0	0	0	0	0	0	0	0	0	0	0	0	0	0	0	0	0	0	0	0	0	0	0	0	0	0	0	0	0	0	0	0	0	0	0	0	0	0	0	0	0	0	0	0	0	0	0	0	0	0	0	0	0	0	0	0	0	0	0	0	0	0	0	0	0	0	0	0	0	0	0	0	0	0	0	0	0	0	0	0	0	0	0	0	0	0	0	0	0	0	0	0	0	0	0	0	0	46	0	0	0	0	0	0	0	0	0	0	0	0	0	0	0	0	0	0	0	0	0	0	0	0	0	0	0	0	0	0	0	0	0	0	0	0	0	0	0	0	0	0	0	0	0	0	0	0	0	0	0	0	0	0	0	0	0	0	0	0	0	0	0	0	0	0	0	0	0	0	0	0	0	0	0	0	0	0	0	0	0	0	0	0	0	0	0	0	0	0	0	0	0	0	0	0	0	0	0	0	0	0	0	0	0	0	0	0	0	0	0	0	0	0	0	0	0	0	0	0	0	0	0	0	0	0	0	0	0	0	0	0	0	0	0	0	0	0	0	0	0	0	0	0	0	0	0	0	0	0	0	0	0	0	0	0	0	0	0	0	0	0	0	0	0	0	0	0	0	0	0	0	0	0	0	0	0	0	0	0	0	0	0	0	0	0	0	0	0	0	0	0	0	0	0	0	0	0	0	0	0	0	0	0	0	0	0	0	0	0	0	0	0	0	0	0	0	0	0	0	0	0	0	0	0	0	0	0	0	0	0	0	0	0	0	0	0	0	0	0	0	0	0	0	0	0	0	0	0	0	0	0	0	0	0	0	0	0	0	0	0	0	0	0	0	0	0	0	0	0	0	0	0	0	0	0	0	0	0
d__Bacteria___p__Proteobacteria___c__Gammaproteobacteria___o__Enterobacterales___f__Hafniaceae	0	0	0	0	0	0	0	0	0	0	0	0	0	0	0	0	0	0	0	0	0	0	0	0	0	0	0	0	0	0	0	0	0	0	0	0	0	0	0	0	0	0	0	0	0	0	0	0	0	0	0	0	0	0	0	0	0	0	0	0	0	0	0	0	0	0	0	0	0	0	0	0	0	0	0	0	0	0	0	0	0	0	0	0	0	0	0	0	0	0	0	0	0	0	0	0	0	0	0	0	0	0	0	0	0	0	0	0	0	0	0	0	0	0	0	0	0	0	0	0	0	0	0	0	0	0	0	0	0	0	0	0	0	0	0	0	0	0	0	0	0	0	0	0	0	0	0	0	0	0	0	0	0	0	0	0	0	0	0	0	0	0	0	0	0	0	0	0	0	0	0	0	0	0	0	0	0	0	0	0	0	0	0	0	0	0	0	0	0	0	0	0	0	0	0	0	0	0	0	0	0	0	0	0	0	0	0	0	0	0	0	0	0	0	0	0	0	0	0	0	0	0	0	0	0	0	0	0	0	0	0	0	0	0	0	0	0	0	0	0	0	0	0	0	0	0	0	0	0	0	0	0	0	0	0	0	0	0	0	0	0	0	0	0	0	0	0	0	0	0	0	0	0	0	0	0	0	0	0	0	0	0	0	0	0	0	0	0	0	0	0	0	0	0	0	0	0	0	0	0	0	0	0	0	0	0	0	0	0	0	0	0	0	0	0	0	0	0	0	0	0	0	0	0	0	0	0	0	0	0	0	0	0	0	0	0	0	0	0	0	0	0	0	0	0	0	0	0	0	0	0	0	0	0	0	23	0	0	0	0	0	0	0	0	0	0	0	0	0	0	0	0	0	0	0	0	0	0	0	0	0	0	0	0	0	0	0	0	0	0	0	0	0	0	0	0	0	0	0	0	0	0	0	0	0	0	0	0	0	0	0	0	0	0	0	0	0	0	0	0	0	0	0	0	0	0	0	0	0	0	0	0	0	0	0	0	0	0	0	0	0	0	0	0	0	0	0	0	0	0	0	0	0	0	0	0	0	0	0	0	0	0	0	0	0	0	0	0	0	0	0	0	0	0	0	0	0	0	0	0	0	0	0	0	0	0	0	0	0	0	0	0	0	0	0	0	0	0	0	0	0	0	0	0	0	0	0	0	0	0	0	0	0	0	0	0	0	0	0	0	0	0	0	0	0
d__Bacteria___p__Proteobacteria___c__Gammaproteobacteria___o__Enterobacterales___f__Hafniaceae___g__Hafnia-Obesumbacterium	0	0	0	0	0	0	0	0	0	0	0	0	0	0	0	0	0	0	0	0	0	0	0	0	0	0	0	0	0	0	0	0	0	0	0	0	0	0	0	0	0	0	0	0	0	0	0	0	0	0	0	0	0	0	0	0	0	0	0	0	0	0	0	0	0	0	0	0	0	0	0	0	0	0	0	0	0	0	0	0	0	0	0	0	0	0	0	0	0	0	0	0	0	0	0	0	0	0	0	0	0	0	0	0	0	0	0	0	0	0	0	0	0	0	0	0	0	0	0	0	0	0	0	0	0	0	0	0	0	0	0	0	0	0	0	0	0	0	0	0	0	0	0	0	0	0	0	0	0	0	0	0	0	0	0	0	0	0	0	0	0	0	0	0	0	0	0	0	0	0	0	0	0	0	0	0	0	0	0	0	0	0	0	0	0	0	0	0	0	0	0	0	0	0	0	0	0	0	0	0	0	0	0	0	0	0	0	0	0	0	0	0	0	0	0	0	0	0	0	0	0	0	0	0	0	0	0	0	0	0	0	0	0	0	0	0	0	0	0	0	0	0	0	0	0	0	0	0	0	0	0	0	0	0	0	0	0	0	0	0	0	0	0	0	0	0	0	0	0	0	0	0	0	0	0	0	0	0	0	0	0	0	0	0	0	0	0	0	0	0	0	0	0	0	0	0	0	0	0	0	0	0	0	0	0	0	0	0	0	0	0	0	0	0	0	0	0	0	0	0	0	0	0	0	0	0	0	0	0	0	0	0	0	0	0	0	0	0	0	0	0	0	0	0	0	0	0	0	0	0	0	0	0	0	0	23	0	0	0	0	0	0	0	0	0	0	0	0	0	0	0	0	0	0	0	0	0	0	0	0	0	0	0	0	0	0	0	0	0	0	0	0	0	0	0	0	0	0	0	0	0	0	0	0	0	0	0	0	0	0	0	0	0	0	0	0	0	0	0	0	0	0	0	0	0	0	0	0	0	0	0	0	0	0	0	0	0	0	0	0	0	0	0	0	0	0	0	0	0	0	0	0	0	0	0	0	0	0	0	0	0	0	0	0	0	0	0	0	0	0	0	0	0	0	0	0	0	0	0	0	0	0	0	0	0	0	0	0	0	0	0	0	0	0	0	0	0	0	0	0	0	0	0	0	0	0	0	0	0	0	0	0	0	0	0	0	0	0	0	0	0	0	0	0	0
d__Bacteria___p__Proteobacteria___c__Gammaproteobacteria___o__Enterobacterales___f__Morganellaceae	0	0	0	0	0	0	0	0	0	0	0	0	0	0	0	0	0	0	0	0	0	0	0	0	0	0	0	0	0	0	0	0	0	0	0	0	0	0	0	0	0	0	0	0	0	0	0	0	0	0	0	0	0	0	0	0	0	0	0	0	0	0	0	0	0	0	0	0	0	0	0	0	0	0	0	0	0	0	0	0	0	0	0	0	0	0	0	0	0	0	0	0	0	0	0	0	0	0	0	0	0	0	0	0	0	0	0	0	0	0	0	0	0	0	0	0	0	0	0	0	0	0	0	0	0	0	0	0	0	0	0	0	0	0	0	0	0	0	0	0	0	0	0	0	0	0	0	0	0	0	0	0	0	0	0	0	0	0	0	0	0	0	0	0	0	0	0	0	0	0	0	0	0	0	0	0	0	0	0	0	0	0	1678	0	0	0	0	0	0	0	0	0	0	0	0	0	0	0	0	0	0	0	0	0	0	0	0	0	0	0	0	0	0	0	0	0	0	0	0	0	50	0	0	0	0	0	0	0	0	0	0	0	0	0	0	0	0	0	0	0	0	0	0	0	0	0	0	0	0	0	0	0	0	0	0	0	0	0	0	0	0	0	0	0	0	0	0	0	0	0	0	0	0	0	0	0	0	0	0	0	0	0	0	0	0	0	0	0	6	0	0	0	0	0	0	0	0	0	0	0	0	0	0	0	0	0	0	0	0	0	0	0	0	0	0	0	0	0	0	0	0	0	0	0	0	0	0	0	0	0	0	0	0	0	0	0	0	0	0	0	0	0	0	0	0	0	0	0	0	0	0	0	0	0	0	0	0	0	0	0	0	0	0	0	0	0	0	0	0	0	0	0	0	0	0	0	0	0	0	0	0	0	0	0	0	0	0	0	0	0	0	0	0	0	0	24366	0	0	0	0	0	0	0	0	0	0	0	0	0	0	0	0	0	0	0	0	0	0	0	0	0	0	0	0	0	0	0	0	0	0	0	0	0	0	0	0	0	0	0	0	0	0	0	0	0	0	0	0	0	0	0	0	0	0	0	0	0	0	0	0	0	0	0	0	0	0	0	0	0	0	0	0	0	0	0	0	0	0	0	0	0	0	0	0	0	0	0	0	0	0	0	0	0	0	0	0	0	0	0	0	0	0	0	0	0	0	0	0	0	0	0	0	0	0	0	0	0	0	0	0	0	0	0	0	0
d__Bacteria___p__Proteobacteria___c__Gammaproteobacteria___o__Enterobacterales___f__Morganellaceae___g__Morganella	0	0	0	0	0	0	0	0	0	0	0	0	0	0	0	0	0	0	0	0	0	0	0	0	0	0	0	0	0	0	0	0	0	0	0	0	0	0	0	0	0	0	0	0	0	0	0	0	0	0	0	0	0	0	0	0	0	0	0	0	0	0	0	0	0	0	0	0	0	0	0	0	0	0	0	0	0	0	0	0	0	0	0	0	0	0	0	0	0	0	0	0	0	0	0	0	0	0	0	0	0	0	0	0	0	0	0	0	0	0	0	0	0	0	0	0	0	0	0	0	0	0	0	0	0	0	0	0	0	0	0	0	0	0	0	0	0	0	0	0	0	0	0	0	0	0	0	0	0	0	0	0	0	0	0	0	0	0	0	0	0	0	0	0	0	0	0	0	0	0	0	0	0	0	0	0	0	0	0	0	0	0	1678	0	0	0	0	0	0	0	0	0	0	0	0	0	0	0	0	0	0	0	0	0	0	0	0	0	0	0	0	0	0	0	0	0	0	0	0	0	0	0	0	0	0	0	0	0	0	0	0	0	0	0	0	0	0	0	0	0	0	0	0	0	0	0	0	0	0	0	0	0	0	0	0	0	0	0	0	0	0	0	0	0	0	0	0	0	0	0	0	0	0	0	0	0	0	0	0	0	0	0	0	0	0	0	0	0	0	0	0	0	0	0	0	0	0	0	0	0	0	0	0	0	0	0	0	0	0	0	0	0	0	0	0	0	0	0	0	0	0	0	0	0	0	0	0	0	0	0	0	0	0	0	0	0	0	0	0	0	0	0	0	0	0	0	0	0	0	0	0	0	0	0	0	0	0	0	0	0	0	0	0	0	0	0	0	0	0	0	0	0	0	0	0	0	0	0	0	0	0	0	0	0	0	0	0	0	0	0	0	0	0	0	0	24366	0	0	0	0	0	0	0	0	0	0	0	0	0	0	0	0	0	0	0	0	0	0	0	0	0	0	0	0	0	0	0	0	0	0	0	0	0	0	0	0	0	0	0	0	0	0	0	0	0	0	0	0	0	0	0	0	0	0	0	0	0	0	0	0	0	0	0	0	0	0	0	0	0	0	0	0	0	0	0	0	0	0	0	0	0	0	0	0	0	0	0	0	0	0	0	0	0	0	0	0	0	0	0	0	0	0	0	0	0	0	0	0	0	0	0	0	0	0	0	0	0	0	0	0	0	0	0	0	0
d__Bacteria___p__Proteobacteria___c__Gammaproteobacteria___o__Enterobacterales___f__Morganellaceae___g__Providencia	0	0	0	0	0	0	0	0	0	0	0	0	0	0	0	0	0	0	0	0	0	0	0	0	0	0	0	0	0	0	0	0	0	0	0	0	0	0	0	0	0	0	0	0	0	0	0	0	0	0	0	0	0	0	0	0	0	0	0	0	0	0	0	0	0	0	0	0	0	0	0	0	0	0	0	0	0	0	0	0	0	0	0	0	0	0	0	0	0	0	0	0	0	0	0	0	0	0	0	0	0	0	0	0	0	0	0	0	0	0	0	0	0	0	0	0	0	0	0	0	0	0	0	0	0	0	0	0	0	0	0	0	0	0	0	0	0	0	0	0	0	0	0	0	0	0	0	0	0	0	0	0	0	0	0	0	0	0	0	0	0	0	0	0	0	0	0	0	0	0	0	0	0	0	0	0	0	0	0	0	0	0	0	0	0	0	0	0	0	0	0	0	0	0	0	0	0	0	0	0	0	0	0	0	0	0	0	0	0	0	0	0	0	0	0	0	0	0	0	0	50	0	0	0	0	0	0	0	0	0	0	0	0	0	0	0	0	0	0	0	0	0	0	0	0	0	0	0	0	0	0	0	0	0	0	0	0	0	0	0	0	0	0	0	0	0	0	0	0	0	0	0	0	0	0	0	0	0	0	0	0	0	0	0	0	0	0	0	6	0	0	0	0	0	0	0	0	0	0	0	0	0	0	0	0	0	0	0	0	0	0	0	0	0	0	0	0	0	0	0	0	0	0	0	0	0	0	0	0	0	0	0	0	0	0	0	0	0	0	0	0	0	0	0	0	0	0	0	0	0	0	0	0	0	0	0	0	0	0	0	0	0	0	0	0	0	0	0	0	0	0	0	0	0	0	0	0	0	0	0	0	0	0	0	0	0	0	0	0	0	0	0	0	0	0	0	0	0	0	0	0	0	0	0	0	0	0	0	0	0	0	0	0	0	0	0	0	0	0	0	0	0	0	0	0	0	0	0	0	0	0	0	0	0	0	0	0	0	0	0	0	0	0	0	0	0	0	0	0	0	0	0	0	0	0	0	0	0	0	0	0	0	0	0	0	0	0	0	0	0	0	0	0	0	0	0	0	0	0	0	0	0	0	0	0	0	0	0	0	0	0	0	0	0	0	0	0	0	0	0	0	0	0	0	0	0	0	0	0	0	0	0	0	0	0	0	0	0	0	0	0	0	0	0	0
d__Bacteria___p__Proteobacteria___c__Gammaproteobacteria___o__Pasteurellales	0	0	0	0	0	0	27	0	0	0	0	283	0	0	0	0	0	34	15	6	0	58	10	0	0	0	65	97	54	101	0	0	0	14	0	0	30	46	0	21	0	0	769	0	0	0	742	60	0	11	0	0	49	0	0	0	0	0	0	79	0	0	0	0	0	0	0	0	13	0	23	0	10	0	0	0	0	26	0	0	0	0	0	38	0	0	0	0	13	0	0	0	19	0	7	29	0	0	0	0	0	0	0	0	0	0	0	307	0	243	0	0	0	0	0	0	0	0	0	0	27	0	0	74	0	97	27	0	0	48	0	30	0	0	0	0	0	0	0	0	8	0	0	0	0	0	0	22	0	0	0	0	0	0	0	0	0	36	0	64	0	0	0	0	0	20	0	0	0	0	0	27	0	0	26	33	15	0	0	0	0	0	248	0	0	0	0	0	0	15	39	0	0	203	66	0	0	88	29	0	0	0	0	101	113	0	101	3180	324	0	47	36	9	0	0	0	0	13	25	0	30	344	0	15	0	0	419	59	57	97	16	10	78	0	24	0	0	19	133	22	17	0	0	30	0	0	0	0	0	0	23	0	29	0	0	381	0	21	0	92	50	39	0	12	20	230	0	0	0	0	10	0	0	0	0	0	21	0	0	0	0	0	0	0	13	0	0	0	215	24	0	11	0	0	0	0	0	0	0	0	0	0	0	0	10	0	0	22	29	0	3	8	0	0	9	0	0	0	0	5	0	0	80	0	0	27	0	0	0	9	0	0	0	0	0	0	0	0	0	15	0	0	0	7	0	7	0	0	30	0	76	0	0	328	0	140	0	0	0	0	0	0	0	0	10	0	0	0	0	0	0	0	0	112	14	0	0	0	0	0	0	0	0	0	0	0	0	0	36	0	0	0	0	0	58	0	0	0	0	0	0	0	0	0	0	0	0	0	0	8	0	0	0	0	15	0	0	0	0	0	0	3197	0	0	0	0	20	0	13	0	0	0	17	4	10	0	0	7	36	0	0	20	0	9	0	0	0	0	0	0	0	0	21	0	0	0	0	0	20	0	0	0	0	11	0	0	0	75	0	0	0	11	27	0	0	0	0	0	0	0	0	0	0	0	0	0	0	0	0	0	0	0	0	0	0	0	0	20	0	0	0	0	0	0	0	0	0	0	0	106	0	0	0	0	0	0	1266	0	0	0	0	0	0	0	0
d__Bacteria___p__Proteobacteria___c__Gammaproteobacteria___o__Pasteurellales___f__Pasteurellaceae	0	0	0	0	0	0	27	0	0	0	0	283	0	0	0	0	0	34	15	6	0	58	10	0	0	0	65	97	54	101	0	0	0	14	0	0	30	46	0	21	0	0	769	0	0	0	742	60	0	11	0	0	49	0	0	0	0	0	0	79	0	0	0	0	0	0	0	0	13	0	23	0	10	0	0	0	0	26	0	0	0	0	0	38	0	0	0	0	13	0	0	0	19	0	7	29	0	0	0	0	0	0	0	0	0	0	0	307	0	243	0	0	0	0	0	0	0	0	0	0	27	0	0	74	0	97	27	0	0	48	0	30	0	0	0	0	0	0	0	0	8	0	0	0	0	0	0	22	0	0	0	0	0	0	0	0	0	36	0	64	0	0	0	0	0	20	0	0	0	0	0	27	0	0	26	33	15	0	0	0	0	0	248	0	0	0	0	0	0	15	39	0	0	203	66	0	0	88	29	0	0	0	0	101	113	0	101	3180	324	0	47	36	9	0	0	0	0	13	25	0	30	344	0	15	0	0	419	59	57	97	16	10	78	0	24	0	0	19	133	22	17	0	0	30	0	0	0	0	0	0	23	0	29	0	0	381	0	21	0	92	50	39	0	12	20	230	0	0	0	0	10	0	0	0	0	0	21	0	0	0	0	0	0	0	13	0	0	0	215	24	0	11	0	0	0	0	0	0	0	0	0	0	0	0	10	0	0	22	29	0	3	8	0	0	9	0	0	0	0	5	0	0	80	0	0	27	0	0	0	9	0	0	0	0	0	0	0	0	0	15	0	0	0	7	0	7	0	0	30	0	76	0	0	328	0	140	0	0	0	0	0	0	0	0	10	0	0	0	0	0	0	0	0	112	14	0	0	0	0	0	0	0	0	0	0	0	0	0	36	0	0	0	0	0	58	0	0	0	0	0	0	0	0	0	0	0	0	0	0	8	0	0	0	0	15	0	0	0	0	0	0	3197	0	0	0	0	20	0	13	0	0	0	17	4	10	0	0	7	36	0	0	20	0	9	0	0	0	0	0	0	0	0	21	0	0	0	0	0	20	0	0	0	0	11	0	0	0	75	0	0	0	11	27	0	0	0	0	0	0	0	0	0	0	0	0	0	0	0	0	0	0	0	0	0	0	0	0	20	0	0	0	0	0	0	0	0	0	0	0	106	0	0	0	0	0	0	1266	0	0	0	0	0	0	0	0
d__Bacteria___p__Proteobacteria___c__Gammaproteobacteria___o__Pasteurellales___f__Pasteurellaceae___g__Actinobacillus	0	0	0	0	0	0	0	0	0	0	0	0	0	0	0	0	0	0	0	0	0	0	0	0	0	0	0	0	0	0	0	0	0	0	0	0	0	0	0	0	0	0	0	0	0	0	0	0	0	0	0	0	0	0	0	0	0	0	0	0	0	0	0	0	0	0	0	0	0	0	0	0	0	0	0	0	0	0	0	0	0	0	0	0	0	0	0	0	0	0	0	0	0	0	0	0	0	0	0	0	0	0	0	0	0	0	0	0	0	0	0	0	0	0	0	0	0	0	0	0	0	0	0	0	0	0	0	0	0	0	0	0	0	0	0	0	0	0	0	0	0	0	0	0	0	0	0	0	0	0	0	0	0	0	0	0	0	0	0	0	0	0	0	0	0	0	0	0	0	0	0	0	0	0	0	0	0	0	0	0	0	0	0	0	0	0	0	0	0	0	0	0	0	0	0	0	0	0	0	0	0	0	0	0	0	0	0	0	0	0	0	0	0	0	0	0	0	0	0	0	0	0	0	0	0	0	0	0	0	0	0	0	0	0	0	0	0	0	0	0	0	0	0	0	0	0	0	0	0	0	0	0	0	0	0	0	0	0	0	0	0	0	0	0	0	0	0	0	0	0	10	0	0	0	0	0	0	0	0	0	0	0	0	0	0	0	0	0	0	0	0	0	0	0	0	0	0	0	0	0	0	0	0	0	0	0	0	0	0	0	0	0	0	0	0	0	0	0	0	0	0	0	0	0	0	0	0	0	0	0	0	0	0	0	0	0	0	0	0	0	0	0	0	0	0	0	0	0	0	0	0	0	0	0	0	0	0	0	0	0	0	0	0	0	0	0	0	0	0	0	0	0	0	0	0	0	0	0	0	0	0	0	0	0	0	0	0	0	0	0	0	0	0	0	0	0	0	0	0	0	0	0	0	0	0	0	0	0	0	0	0	0	0	0	0	0	0	0	0	0	0	0	0	0	0	0	0	0	0	0	0	0	0	0	0	0	0	0	0	0	0	0	0	0	0	0	0	0	0	0	0	0	0	0	0	0	0	0	0	0	0	0	0	0	0	0	0	0	0	0	0	0	0	0	0	0	0	0	0	0	0	0	0	0	0	0	0	0	0	0	0	0	0	0	0	0	0	0	0	0	0	0	0	0	0	0	0	0	0	0	0	0	0	0	0	0	0	0	0	0	0	0	0	0	0
d__Bacteria___p__Proteobacteria___c__Gammaproteobacteria___o__Pasteurellales___f__Pasteurellaceae___g__Aggregatibacter	0	0	0	0	0	0	0	0	0	0	0	0	0	0	0	0	0	0	0	0	0	0	0	0	0	0	0	0	0	0	0	0	0	0	0	0	0	0	0	0	0	0	0	0	0	0	0	0	0	0	0	0	0	0	0	0	0	0	0	0	0	0	0	0	0	0	0	0	0	0	0	0	0	0	0	0	0	0	0	0	0	0	0	0	0	0	0	0	0	0	0	0	0	0	0	0	0	0	0	0	0	0	0	0	0	0	0	0	0	0	0	0	0	0	0	0	0	0	0	0	0	0	0	0	0	0	0	0	0	0	0	0	0	0	0	0	0	0	0	0	0	0	0	0	0	0	0	0	0	0	0	0	0	0	0	0	0	0	0	0	0	0	0	0	0	0	0	0	0	0	0	0	0	0	0	0	0	0	0	0	0	0	0	0	0	0	0	0	0	0	0	0	0	0	0	0	0	0	0	0	0	0	0	0	0	0	0	0	0	0	0	0	0	0	0	0	0	0	0	0	0	0	0	0	0	0	28	0	0	0	0	0	0	0	0	0	0	0	0	0	0	0	0	0	0	0	0	0	0	0	0	0	0	0	0	0	0	0	0	0	0	0	0	0	0	0	0	0	0	0	0	0	0	0	0	0	0	0	0	0	0	0	0	0	0	0	0	0	0	0	0	0	0	0	0	0	0	0	0	0	0	0	0	0	0	0	0	0	0	0	0	0	0	0	0	0	0	0	0	0	0	0	0	0	0	0	0	0	0	0	0	0	0	0	0	0	0	0	0	0	0	0	0	0	0	0	0	0	0	0	0	0	0	0	0	0	0	0	0	0	0	0	0	0	0	0	0	0	0	0	0	0	0	0	0	0	0	0	0	0	0	0	0	0	0	0	0	0	0	0	0	0	0	0	0	0	0	0	0	0	0	0	0	0	0	0	0	0	0	0	0	0	0	0	0	0	0	0	0	0	0	0	0	0	0	0	0	0	0	0	0	0	0	0	0	0	0	0	0	0	0	0	0	0	0	0	0	0	0	0	0	0	0	0	0	0	0	0	0	0	0	0	0	0	0	0	0	0	0	0	0	0	0	0	0	0	0	0	0	0	0	0	0	0	0	0	0	0	0	0	0	0	0	0	0	0	0	0	0	0	0	0	0	0	0	0	0	0	0	0	0	0	0	0	0	0	0	0	0	0	0	0	0	0	0
d__Bacteria___p__Proteobacteria___c__Gammaproteobacteria___o__Pasteurellales___f__Pasteurellaceae___g__Haemophilus	0	0	0	0	0	0	27	0	0	0	0	283	0	0	0	0	0	34	15	6	0	58	10	0	0	0	65	97	54	101	0	0	0	14	0	0	30	46	0	21	0	0	769	0	0	0	742	60	0	11	0	0	49	0	0	0	0	0	0	79	0	0	0	0	0	0	0	0	13	0	23	0	10	0	0	0	0	26	0	0	0	0	0	38	0	0	0	0	13	0	0	0	19	0	7	29	0	0	0	0	0	0	0	0	0	0	0	307	0	243	0	0	0	0	0	0	0	0	0	0	27	0	0	74	0	97	27	0	0	48	0	30	0	0	0	0	0	0	0	0	8	0	0	0	0	0	0	22	0	0	0	0	0	0	0	0	0	36	0	64	0	0	0	0	0	20	0	0	0	0	0	27	0	0	26	33	15	0	0	0	0	0	248	0	0	0	0	0	0	15	39	0	0	203	66	0	0	88	29	0	0	0	0	101	113	0	101	3180	324	0	47	36	9	0	0	0	0	13	25	0	30	344	0	15	0	0	391	59	57	97	16	10	78	0	24	0	0	19	133	22	17	0	0	30	0	0	0	0	0	0	23	0	29	0	0	381	0	21	0	92	50	39	0	12	20	230	0	0	0	0	0	0	0	0	0	0	21	0	0	0	0	0	0	0	13	0	0	0	215	24	0	11	0	0	0	0	0	0	0	0	0	0	0	0	10	0	0	22	29	0	3	8	0	0	9	0	0	0	0	5	0	0	80	0	0	27	0	0	0	9	0	0	0	0	0	0	0	0	0	15	0	0	0	7	0	7	0	0	30	0	76	0	0	328	0	140	0	0	0	0	0	0	0	0	10	0	0	0	0	0	0	0	0	112	14	0	0	0	0	0	0	0	0	0	0	0	0	0	36	0	0	0	0	0	58	0	0	0	0	0	0	0	0	0	0	0	0	0	0	8	0	0	0	0	15	0	0	0	0	0	0	3197	0	0	0	0	20	0	13	0	0	0	17	4	10	0	0	7	36	0	0	20	0	9	0	0	0	0	0	0	0	0	21	0	0	0	0	0	20	0	0	0	0	11	0	0	0	75	0	0	0	11	27	0	0	0	0	0	0	0	0	0	0	0	0	0	0	0	0	0	0	0	0	0	0	0	0	20	0	0	0	0	0	0	0	0	0	0	0	106	0	0	0	0	0	0	1266	0	0	0	0	0	0	0	0
d__Bacteria___p__Proteobacteria___c__Gammaproteobacteria___o__Pseudomonadales	52	49	33	0	11	0	0	13	0	0	0	73	0	0	0	0	1101	141	42	11	36	18	11	0	0	0	80	578	115	78	11	0	36	46	108	0	115	771	55	20	77	0	90	62	0	42	1107	0	22	20	40	14	39	18	42	0	488	12	13	0	0	39	19	36	97	0	39	0	24	31	132	0	0	69	0	0	0	14	19	124	10	0	71	0	81	0	15	0	392	0	0	59	10	0	0	0	0	0	0	36	0	97	0	71	0	161	0	25	81	55	112	246	23	0	0	47	411	0	0	180	35	58	0	49	0	0	16	82	402	111	18	0	0	36	0	0	0	21	432	0	0	0	0	14	11	0	0	70	0	0	0	22	0	38	0	0	0	13	0	67	16	220	0	0	85	17	62	0	0	0	0	0	0	38	0	18	0	0	91	18	0	0	0	0	0	0	0	267	0	0	0	7	5	0	0	0	0	36	0	0	0	9	0	124	38	0	78	0	0	0	71	0	0	26	0	161	0	0	180	6	89	399	0	79	0	0	0	7	157	90	157	59	15	0	0	0	36	447	298	82	0	0	265	634	1510	153	172	26	419	36	0	113	17	15	146	0	44	0	42	87	0	37	0	71	0	0	42	19	0	37	67	64	161	6	8	177	231	0	0	0	0	0	0	0	0	0	0	785	0	0	0	0	0	0	0	0	0	0	0	0	0	0	0	0	0	0	0	0	0	0	0	0	352	0	0	0	0	0	0	0	0	0	0	0	0	0	0	3	0	0	0	1547	701	0	0	8	0	0	0	0	0	0	0	0	0	0	0	0	0	0	0	0	0	0	0	0	0	0	0	0	698	0	0	0	0	0	0	0	0	0	0	0	0	0	0	0	0	0	0	0	0	0	0	0	0	0	0	0	0	0	0	0	0	0	0	146	0	0	0	0	0	0	0	10	0	0	0	0	0	0	0	0	0	0	0	0	1218	1928	0	21	0	79	27	24	0	0	0	0	159	0	0	14	0	16	111	0	0	70	127	0	0	115	192	0	0	0	0	0	0	0	17	0	36	0	0	0	0	11	555	0	0	0	8	16	0	0	0	83	0	0	0	9	0	0	0	0	0	0	0	466	0	0	439	0	0	0	0	0	12	0	0	35	47	0	0	0	0	0	0	0	14	0	0	65	299	122	60	0	38	0	0	0	0	0	0	0	54	0	0	0	0	0	0	0	0
d__Bacteria___p__Proteobacteria___c__Gammaproteobacteria___o__Pseudomonadales___f__Moraxellaceae	0	0	0	0	0	0	0	0	0	0	0	0	0	0	0	0	0	0	0	0	0	0	0	0	0	0	0	0	0	0	0	0	0	0	0	0	0	0	0	0	0	0	0	0	0	0	0	0	0	0	0	0	0	0	0	0	0	0	0	0	0	0	0	0	0	0	0	0	0	0	0	0	0	0	0	0	0	0	0	0	0	0	0	0	0	0	0	0	0	0	0	0	0	0	0	0	0	0	0	0	0	0	0	0	0	0	0	0	0	0	0	0	0	0	0	0	0	0	0	0	0	0	0	0	0	0	0	0	0	0	0	0	0	0	0	0	0	0	0	0	0	0	0	0	0	0	0	0	0	0	0	0	0	0	0	0	0	0	0	0	0	0	0	0	0	0	0	0	0	0	0	0	0	0	0	0	0	0	0	0	0	0	0	0	0	0	0	0	0	0	0	0	0	0	0	0	0	0	0	0	0	0	0	0	0	0	0	0	0	0	0	0	0	0	0	0	0	0	0	0	0	0	0	0	0	0	0	0	0	0	0	0	0	0	0	0	0	0	0	0	0	0	0	0	0	0	0	0	0	0	0	0	0	0	0	0	0	0	0	0	0	0	0	0	0	0	0	0	0	0	0	0	0	0	0	0	0	0	0	0	0	0	0	0	0	0	0	86	0	0	0	0	0	0	0	0	0	0	0	0	0	0	0	0	0	0	0	0	0	0	0	0	11	0	0	0	0	0	0	0	0	0	0	0	0	0	0	0	0	0	0	0	69	0	0	0	0	0	0	0	0	0	0	0	0	0	0	0	0	0	0	0	0	0	0	0	0	0	0	0	56	0	0	0	0	0	0	0	0	0	0	0	0	0	0	0	0	0	0	0	0	0	0	0	0	0	0	0	0	0	0	0	0	0	0	10	0	0	0	0	0	0	0	0	0	0	0	0	0	0	0	0	0	0	0	0	0	0	0	0	0	0	0	0	0	0	0	0	0	0	0	0	0	0	0	0	0	0	0	0	0	0	0	0	0	0	0	0	0	0	0	0	0	0	0	0	0	0	0	0	0	0	0	0	0	0	0	0	0	0	0	0	0	0	0	0	0	0	0	0	0	0	0	0	0	0	0	0	0	0	0	0	0	0	0	0	0	0	0	0	0	0	0	0	0	0	0	0	0	0	0	0	0	0	0	0	0	0	0	0	0	0	0	0	0
d__Bacteria___p__Proteobacteria___c__Gammaproteobacteria___o__Pseudomonadales___f__Moraxellaceae___g__Acinetobacter	0	0	0	0	0	0	0	0	0	0	0	0	0	0	0	0	0	0	0	0	0	0	0	0	0	0	0	0	0	0	0	0	0	0	0	0	0	0	0	0	0	0	0	0	0	0	0	0	0	0	0	0	0	0	0	0	0	0	0	0	0	0	0	0	0	0	0	0	0	0	0	0	0	0	0	0	0	0	0	0	0	0	0	0	0	0	0	0	0	0	0	0	0	0	0	0	0	0	0	0	0	0	0	0	0	0	0	0	0	0	0	0	0	0	0	0	0	0	0	0	0	0	0	0	0	0	0	0	0	0	0	0	0	0	0	0	0	0	0	0	0	0	0	0	0	0	0	0	0	0	0	0	0	0	0	0	0	0	0	0	0	0	0	0	0	0	0	0	0	0	0	0	0	0	0	0	0	0	0	0	0	0	0	0	0	0	0	0	0	0	0	0	0	0	0	0	0	0	0	0	0	0	0	0	0	0	0	0	0	0	0	0	0	0	0	0	0	0	0	0	0	0	0	0	0	0	0	0	0	0	0	0	0	0	0	0	0	0	0	0	0	0	0	0	0	0	0	0	0	0	0	0	0	0	0	0	0	0	0	0	0	0	0	0	0	0	0	0	0	0	0	0	0	0	0	0	0	0	0	0	0	0	0	0	0	0	0	86	0	0	0	0	0	0	0	0	0	0	0	0	0	0	0	0	0	0	0	0	0	0	0	0	11	0	0	0	0	0	0	0	0	0	0	0	0	0	0	0	0	0	0	0	69	0	0	0	0	0	0	0	0	0	0	0	0	0	0	0	0	0	0	0	0	0	0	0	0	0	0	0	56	0	0	0	0	0	0	0	0	0	0	0	0	0	0	0	0	0	0	0	0	0	0	0	0	0	0	0	0	0	0	0	0	0	0	10	0	0	0	0	0	0	0	0	0	0	0	0	0	0	0	0	0	0	0	0	0	0	0	0	0	0	0	0	0	0	0	0	0	0	0	0	0	0	0	0	0	0	0	0	0	0	0	0	0	0	0	0	0	0	0	0	0	0	0	0	0	0	0	0	0	0	0	0	0	0	0	0	0	0	0	0	0	0	0	0	0	0	0	0	0	0	0	0	0	0	0	0	0	0	0	0	0	0	0	0	0	0	0	0	0	0	0	0	0	0	0	0	0	0	0	0	0	0	0	0	0	0	0	0	0	0	0	0	0
d__Bacteria___p__Proteobacteria___c__Gammaproteobacteria___o__Pseudomonadales___f__Pseudomonadaceae	52	49	33	0	11	0	0	13	0	0	0	73	0	0	0	0	1101	141	42	11	36	18	11	0	0	0	80	578	115	78	11	0	36	46	108	0	115	771	55	20	77	0	90	62	0	42	1107	0	22	20	40	14	39	18	42	0	488	12	13	0	0	39	19	36	97	0	39	0	24	31	132	0	0	69	0	0	0	14	19	124	10	0	71	0	81	0	15	0	392	0	0	59	10	0	0	0	0	0	0	36	0	97	0	71	0	161	0	25	81	55	112	246	23	0	0	47	411	0	0	180	35	58	0	49	0	0	16	82	402	111	18	0	0	36	0	0	0	21	432	0	0	0	0	14	11	0	0	70	0	0	0	22	0	38	0	0	0	13	0	67	16	220	0	0	85	17	62	0	0	0	0	0	0	38	0	18	0	0	91	18	0	0	0	0	0	0	0	267	0	0	0	7	5	0	0	0	0	36	0	0	0	9	0	124	38	0	78	0	0	0	71	0	0	26	0	161	0	0	180	6	89	399	0	79	0	0	0	7	157	90	157	59	15	0	0	0	36	447	298	82	0	0	265	634	1510	153	172	26	419	36	0	113	17	15	146	0	44	0	42	87	0	37	0	71	0	0	42	19	0	37	67	64	161	6	8	177	231	0	0	0	0	0	0	0	0	0	0	699	0	0	0	0	0	0	0	0	0	0	0	0	0	0	0	0	0	0	0	0	0	0	0	0	341	0	0	0	0	0	0	0	0	0	0	0	0	0	0	3	0	0	0	1547	632	0	0	8	0	0	0	0	0	0	0	0	0	0	0	0	0	0	0	0	0	0	0	0	0	0	0	0	642	0	0	0	0	0	0	0	0	0	0	0	0	0	0	0	0	0	0	0	0	0	0	0	0	0	0	0	0	0	0	0	0	0	0	136	0	0	0	0	0	0	0	10	0	0	0	0	0	0	0	0	0	0	0	0	1218	1928	0	21	0	79	27	24	0	0	0	0	159	0	0	14	0	16	111	0	0	70	127	0	0	115	192	0	0	0	0	0	0	0	17	0	36	0	0	0	0	11	555	0	0	0	8	16	0	0	0	83	0	0	0	9	0	0	0	0	0	0	0	466	0	0	439	0	0	0	0	0	12	0	0	35	47	0	0	0	0	0	0	0	14	0	0	65	299	122	60	0	38	0	0	0	0	0	0	0	54	0	0	0	0	0	0	0	0
d__Bacteria___p__Proteobacteria___c__Gammaproteobacteria___o__Pseudomonadales___f__Pseudomonadaceae___g__Pseudomonas	52	49	33	0	11	0	0	13	0	0	0	73	0	0	0	0	1101	141	42	11	36	18	11	0	0	0	80	578	115	78	11	0	36	46	108	0	115	771	55	20	77	0	90	62	0	42	1107	0	22	20	40	14	39	18	42	0	488	12	13	0	0	39	19	36	97	0	39	0	24	31	132	0	0	69	0	0	0	14	19	124	10	0	71	0	81	0	15	0	392	0	0	59	10	0	0	0	0	0	0	36	0	97	0	71	0	161	0	25	81	55	112	246	23	0	0	47	411	0	0	180	35	58	0	49	0	0	16	82	402	111	18	0	0	36	0	0	0	21	432	0	0	0	0	14	11	0	0	70	0	0	0	22	0	38	0	0	0	13	0	67	16	220	0	0	85	17	62	0	0	0	0	0	0	38	0	18	0	0	91	18	0	0	0	0	0	0	0	267	0	0	0	7	5	0	0	0	0	36	0	0	0	9	0	124	38	0	78	0	0	0	71	0	0	26	0	161	0	0	180	6	89	399	0	79	0	0	0	7	157	90	157	59	15	0	0	0	36	447	298	82	0	0	265	634	1510	153	172	26	419	36	0	113	17	15	146	0	44	0	42	87	0	37	0	71	0	0	42	19	0	37	67	64	161	6	8	177	231	0	0	0	0	0	0	0	0	0	0	699	0	0	0	0	0	0	0	0	0	0	0	0	0	0	0	0	0	0	0	0	0	0	0	0	341	0	0	0	0	0	0	0	0	0	0	0	0	0	0	3	0	0	0	1547	632	0	0	8	0	0	0	0	0	0	0	0	0	0	0	0	0	0	0	0	0	0	0	0	0	0	0	0	642	0	0	0	0	0	0	0	0	0	0	0	0	0	0	0	0	0	0	0	0	0	0	0	0	0	0	0	0	0	0	0	0	0	0	136	0	0	0	0	0	0	0	10	0	0	0	0	0	0	0	0	0	0	0	0	1218	1928	0	21	0	79	27	24	0	0	0	0	159	0	0	14	0	16	111	0	0	70	127	0	0	115	192	0	0	0	0	0	0	0	17	0	36	0	0	0	0	11	555	0	0	0	8	16	0	0	0	83	0	0	0	9	0	0	0	0	0	0	0	466	0	0	439	0	0	0	0	0	12	0	0	35	47	0	0	0	0	0	0	0	14	0	0	65	299	122	60	0	38	0	0	0	0	0	0	0	54	0	0	0	0	0	0	0	0
d__Bacteria___p__Proteobacteria___c__Gammaproteobacteria___o__Xanthomonadales	0	0	0	0	0	0	0	0	0	0	0	0	0	0	0	0	0	0	0	0	0	0	0	0	0	0	0	0	0	0	0	0	0	0	0	0	0	0	0	0	0	0	0	0	0	0	0	0	0	0	0	0	0	0	0	0	0	0	0	0	0	0	0	0	0	0	0	0	0	0	0	0	0	0	0	0	0	0	0	0	0	0	0	0	0	0	0	0	0	0	0	0	0	0	0	0	0	0	0	0	0	0	0	0	0	0	0	0	0	0	0	0	0	0	0	0	0	0	0	0	0	0	0	0	0	0	0	0	0	0	0	0	0	0	0	0	0	0	0	0	0	0	0	0	0	0	0	0	0	0	0	0	0	0	0	0	0	0	0	0	0	0	0	0	0	0	0	0	0	0	0	0	0	0	0	0	0	0	0	0	0	0	0	0	0	0	0	0	0	0	0	0	0	0	0	0	0	0	0	0	0	0	0	0	0	0	0	0	0	0	0	0	0	0	0	0	0	0	0	0	0	0	0	0	0	0	0	0	0	0	0	0	0	0	0	0	0	0	0	0	0	0	0	0	0	0	0	0	0	0	0	0	0	0	0	0	0	0	0	0	0	0	0	0	0	0	0	0	0	0	0	0	0	0	0	0	0	0	0	0	0	0	0	0	0	0	0	0	5	0	0	0	0	0	0	0	0	0	0	0	0	0	0	0	0	0	0	0	0	0	0	0	0	0	0	0	0	0	0	0	0	0	0	0	0	0	0	0	0	0	0	0	0	0	0	0	0	0	0	0	0	0	0	0	0	0	0	0	0	0	0	0	0	0	0	0	0	0	0	0	0	0	0	0	0	0	0	0	0	0	0	0	0	0	0	0	0	0	0	0	0	0	0	0	0	0	0	0	0	0	0	0	0	0	0	0	0	0	0	0	0	0	0	0	0	0	0	0	0	0	0	0	0	0	0	0	0	0	0	0	0	0	0	0	0	0	0	0	0	0	0	0	0	0	0	0	0	0	0	0	0	0	0	0	0	0	0	0	0	0	0	0	0	0	0	0	0	0	0	0	0	0	0	0	0	0	0	0	0	0	0	0	0	0	0	0	0	0	0	0	0	0	0	0	0	0	0	0	0	0	0	0	0	0	0	0	0	0	0	0	0	0	0	0	0	0	0	0	0	0	0	0	0	0	0	0	0	0	0	0	0	0	0	0	0
d__Bacteria___p__Proteobacteria___c__Gammaproteobacteria___o__Xanthomonadales___f__Xanthomonadaceae	0	0	0	0	0	0	0	0	0	0	0	0	0	0	0	0	0	0	0	0	0	0	0	0	0	0	0	0	0	0	0	0	0	0	0	0	0	0	0	0	0	0	0	0	0	0	0	0	0	0	0	0	0	0	0	0	0	0	0	0	0	0	0	0	0	0	0	0	0	0	0	0	0	0	0	0	0	0	0	0	0	0	0	0	0	0	0	0	0	0	0	0	0	0	0	0	0	0	0	0	0	0	0	0	0	0	0	0	0	0	0	0	0	0	0	0	0	0	0	0	0	0	0	0	0	0	0	0	0	0	0	0	0	0	0	0	0	0	0	0	0	0	0	0	0	0	0	0	0	0	0	0	0	0	0	0	0	0	0	0	0	0	0	0	0	0	0	0	0	0	0	0	0	0	0	0	0	0	0	0	0	0	0	0	0	0	0	0	0	0	0	0	0	0	0	0	0	0	0	0	0	0	0	0	0	0	0	0	0	0	0	0	0	0	0	0	0	0	0	0	0	0	0	0	0	0	0	0	0	0	0	0	0	0	0	0	0	0	0	0	0	0	0	0	0	0	0	0	0	0	0	0	0	0	0	0	0	0	0	0	0	0	0	0	0	0	0	0	0	0	0	0	0	0	0	0	0	0	0	0	0	0	0	0	0	0	0	0	5	0	0	0	0	0	0	0	0	0	0	0	0	0	0	0	0	0	0	0	0	0	0	0	0	0	0	0	0	0	0	0	0	0	0	0	0	0	0	0	0	0	0	0	0	0	0	0	0	0	0	0	0	0	0	0	0	0	0	0	0	0	0	0	0	0	0	0	0	0	0	0	0	0	0	0	0	0	0	0	0	0	0	0	0	0	0	0	0	0	0	0	0	0	0	0	0	0	0	0	0	0	0	0	0	0	0	0	0	0	0	0	0	0	0	0	0	0	0	0	0	0	0	0	0	0	0	0	0	0	0	0	0	0	0	0	0	0	0	0	0	0	0	0	0	0	0	0	0	0	0	0	0	0	0	0	0	0	0	0	0	0	0	0	0	0	0	0	0	0	0	0	0	0	0	0	0	0	0	0	0	0	0	0	0	0	0	0	0	0	0	0	0	0	0	0	0	0	0	0	0	0	0	0	0	0	0	0	0	0	0	0	0	0	0	0	0	0	0	0	0	0	0	0	0	0	0	0	0	0	0	0	0	0	0	0	0
d__Bacteria___p__Proteobacteria___c__Gammaproteobacteria___o__Xanthomonadales___f__Xanthomonadaceae___g__Stenotrophomonas	0	0	0	0	0	0	0	0	0	0	0	0	0	0	0	0	0	0	0	0	0	0	0	0	0	0	0	0	0	0	0	0	0	0	0	0	0	0	0	0	0	0	0	0	0	0	0	0	0	0	0	0	0	0	0	0	0	0	0	0	0	0	0	0	0	0	0	0	0	0	0	0	0	0	0	0	0	0	0	0	0	0	0	0	0	0	0	0	0	0	0	0	0	0	0	0	0	0	0	0	0	0	0	0	0	0	0	0	0	0	0	0	0	0	0	0	0	0	0	0	0	0	0	0	0	0	0	0	0	0	0	0	0	0	0	0	0	0	0	0	0	0	0	0	0	0	0	0	0	0	0	0	0	0	0	0	0	0	0	0	0	0	0	0	0	0	0	0	0	0	0	0	0	0	0	0	0	0	0	0	0	0	0	0	0	0	0	0	0	0	0	0	0	0	0	0	0	0	0	0	0	0	0	0	0	0	0	0	0	0	0	0	0	0	0	0	0	0	0	0	0	0	0	0	0	0	0	0	0	0	0	0	0	0	0	0	0	0	0	0	0	0	0	0	0	0	0	0	0	0	0	0	0	0	0	0	0	0	0	0	0	0	0	0	0	0	0	0	0	0	0	0	0	0	0	0	0	0	0	0	0	0	0	0	0	0	0	0	5	0	0	0	0	0	0	0	0	0	0	0	0	0	0	0	0	0	0	0	0	0	0	0	0	0	0	0	0	0	0	0	0	0	0	0	0	0	0	0	0	0	0	0	0	0	0	0	0	0	0	0	0	0	0	0	0	0	0	0	0	0	0	0	0	0	0	0	0	0	0	0	0	0	0	0	0	0	0	0	0	0	0	0	0	0	0	0	0	0	0	0	0	0	0	0	0	0	0	0	0	0	0	0	0	0	0	0	0	0	0	0	0	0	0	0	0	0	0	0	0	0	0	0	0	0	0	0	0	0	0	0	0	0	0	0	0	0	0	0	0	0	0	0	0	0	0	0	0	0	0	0	0	0	0	0	0	0	0	0	0	0	0	0	0	0	0	0	0	0	0	0	0	0	0	0	0	0	0	0	0	0	0	0	0	0	0	0	0	0	0	0	0	0	0	0	0	0	0	0	0	0	0	0	0	0	0	0	0	0	0	0	0	0	0	0	0	0	0	0	0	0	0	0	0	0	0	0	0	0	0	0	0	0	0	0	0
d__Bacteria___p__Spirochaetota	0	0	0	0	0	0	0	0	0	0	0	0	0	0	0	0	0	0	0	0	0	0	0	0	0	0	0	0	0	0	0	0	0	0	0	0	0	0	0	0	0	0	0	0	0	0	0	0	0	0	0	0	0	0	0	0	0	0	0	0	0	0	0	0	0	0	0	0	0	0	0	0	0	0	0	0	0	0	0	0	0	0	0	0	0	0	0	0	0	0	0	0	0	0	0	0	0	0	0	0	0	0	0	0	0	0	0	0	0	0	0	0	0	0	0	0	0	0	0	0	0	0	0	0	0	0	0	0	0	0	0	0	0	0	0	0	0	0	0	0	0	0	0	0	0	0	0	0	0	0	0	0	0	0	0	0	0	0	0	0	0	0	0	0	0	0	0	0	0	0	0	0	0	0	0	0	0	0	0	0	0	0	0	0	0	0	0	7	0	0	0	0	0	0	0	0	0	0	0	0	0	0	0	0	0	0	0	0	0	0	0	0	0	0	0	0	0	0	0	0	0	0	0	0	0	0	0	0	0	0	0	0	0	0	0	0	0	0	0	0	0	0	0	0	0	0	0	0	0	0	0	0	0	0	0	0	0	0	0	0	0	0	0	0	0	0	0	0	0	0	0	0	0	0	0	0	0	0	0	0	0	0	0	0	0	0	0	0	0	0	0	0	0	0	0	0	0	0	0	0	0	0	0	0	0	0	0	0	0	0	0	0	0	0	0	0	0	0	0	0	0	0	0	0	0	0	0	0	0	0	0	0	0	0	0	0	0	0	0	0	0	0	0	0	0	0	0	0	0	0	0	0	0	0	0	0	0	0	0	0	0	0	0	0	0	0	0	0	0	0	0	0	0	0	0	0	0	0	0	0	0	0	0	0	0	0	0	0	0	0	0	0	0	0	0	0	0	0	0	0	0	0	0	0	0	0	0	0	0	0	0	0	0	0	0	0	0	0	0	0	0	0	0	0	0	0	0	0	0	0	0	0	0	0	0	0	0	0	0	0	0	0	0	0	0	0	0	0	0	0	0	0	0	0	0	0	0	0	0	0	0	0	0	0	0	0	0	0	0	0	0	0	0	0	0	0	0	0	0	0	0	0	0	265	0	0	0	0	0	0	0	0	0	0	0	0	0	0	0	0	0	0	0	0	0	0	0	0	0	0	0	0	0	0	0	0	0	0	0	0	0	0	0	0	0
d__Bacteria___p__Spirochaetota___c__Brachyspirae	0	0	0	0	0	0	0	0	0	0	0	0	0	0	0	0	0	0	0	0	0	0	0	0	0	0	0	0	0	0	0	0	0	0	0	0	0	0	0	0	0	0	0	0	0	0	0	0	0	0	0	0	0	0	0	0	0	0	0	0	0	0	0	0	0	0	0	0	0	0	0	0	0	0	0	0	0	0	0	0	0	0	0	0	0	0	0	0	0	0	0	0	0	0	0	0	0	0	0	0	0	0	0	0	0	0	0	0	0	0	0	0	0	0	0	0	0	0	0	0	0	0	0	0	0	0	0	0	0	0	0	0	0	0	0	0	0	0	0	0	0	0	0	0	0	0	0	0	0	0	0	0	0	0	0	0	0	0	0	0	0	0	0	0	0	0	0	0	0	0	0	0	0	0	0	0	0	0	0	0	0	0	0	0	0	0	0	7	0	0	0	0	0	0	0	0	0	0	0	0	0	0	0	0	0	0	0	0	0	0	0	0	0	0	0	0	0	0	0	0	0	0	0	0	0	0	0	0	0	0	0	0	0	0	0	0	0	0	0	0	0	0	0	0	0	0	0	0	0	0	0	0	0	0	0	0	0	0	0	0	0	0	0	0	0	0	0	0	0	0	0	0	0	0	0	0	0	0	0	0	0	0	0	0	0	0	0	0	0	0	0	0	0	0	0	0	0	0	0	0	0	0	0	0	0	0	0	0	0	0	0	0	0	0	0	0	0	0	0	0	0	0	0	0	0	0	0	0	0	0	0	0	0	0	0	0	0	0	0	0	0	0	0	0	0	0	0	0	0	0	0	0	0	0	0	0	0	0	0	0	0	0	0	0	0	0	0	0	0	0	0	0	0	0	0	0	0	0	0	0	0	0	0	0	0	0	0	0	0	0	0	0	0	0	0	0	0	0	0	0	0	0	0	0	0	0	0	0	0	0	0	0	0	0	0	0	0	0	0	0	0	0	0	0	0	0	0	0	0	0	0	0	0	0	0	0	0	0	0	0	0	0	0	0	0	0	0	0	0	0	0	0	0	0	0	0	0	0	0	0	0	0	0	0	0	0	0	0	0	0	0	0	0	0	0	0	0	0	0	0	0	0	0	265	0	0	0	0	0	0	0	0	0	0	0	0	0	0	0	0	0	0	0	0	0	0	0	0	0	0	0	0	0	0	0	0	0	0	0	0	0	0	0	0	0
d__Bacteria___p__Spirochaetota___c__Brachyspirae___o__Brachyspirales	0	0	0	0	0	0	0	0	0	0	0	0	0	0	0	0	0	0	0	0	0	0	0	0	0	0	0	0	0	0	0	0	0	0	0	0	0	0	0	0	0	0	0	0	0	0	0	0	0	0	0	0	0	0	0	0	0	0	0	0	0	0	0	0	0	0	0	0	0	0	0	0	0	0	0	0	0	0	0	0	0	0	0	0	0	0	0	0	0	0	0	0	0	0	0	0	0	0	0	0	0	0	0	0	0	0	0	0	0	0	0	0	0	0	0	0	0	0	0	0	0	0	0	0	0	0	0	0	0	0	0	0	0	0	0	0	0	0	0	0	0	0	0	0	0	0	0	0	0	0	0	0	0	0	0	0	0	0	0	0	0	0	0	0	0	0	0	0	0	0	0	0	0	0	0	0	0	0	0	0	0	0	0	0	0	0	0	7	0	0	0	0	0	0	0	0	0	0	0	0	0	0	0	0	0	0	0	0	0	0	0	0	0	0	0	0	0	0	0	0	0	0	0	0	0	0	0	0	0	0	0	0	0	0	0	0	0	0	0	0	0	0	0	0	0	0	0	0	0	0	0	0	0	0	0	0	0	0	0	0	0	0	0	0	0	0	0	0	0	0	0	0	0	0	0	0	0	0	0	0	0	0	0	0	0	0	0	0	0	0	0	0	0	0	0	0	0	0	0	0	0	0	0	0	0	0	0	0	0	0	0	0	0	0	0	0	0	0	0	0	0	0	0	0	0	0	0	0	0	0	0	0	0	0	0	0	0	0	0	0	0	0	0	0	0	0	0	0	0	0	0	0	0	0	0	0	0	0	0	0	0	0	0	0	0	0	0	0	0	0	0	0	0	0	0	0	0	0	0	0	0	0	0	0	0	0	0	0	0	0	0	0	0	0	0	0	0	0	0	0	0	0	0	0	0	0	0	0	0	0	0	0	0	0	0	0	0	0	0	0	0	0	0	0	0	0	0	0	0	0	0	0	0	0	0	0	0	0	0	0	0	0	0	0	0	0	0	0	0	0	0	0	0	0	0	0	0	0	0	0	0	0	0	0	0	0	0	0	0	0	0	0	0	0	0	0	0	0	0	0	0	0	0	265	0	0	0	0	0	0	0	0	0	0	0	0	0	0	0	0	0	0	0	0	0	0	0	0	0	0	0	0	0	0	0	0	0	0	0	0	0	0	0	0	0
d__Bacteria___p__Spirochaetota___c__Brachyspirae___o__Brachyspirales___f__Brachyspiraceae	0	0	0	0	0	0	0	0	0	0	0	0	0	0	0	0	0	0	0	0	0	0	0	0	0	0	0	0	0	0	0	0	0	0	0	0	0	0	0	0	0	0	0	0	0	0	0	0	0	0	0	0	0	0	0	0	0	0	0	0	0	0	0	0	0	0	0	0	0	0	0	0	0	0	0	0	0	0	0	0	0	0	0	0	0	0	0	0	0	0	0	0	0	0	0	0	0	0	0	0	0	0	0	0	0	0	0	0	0	0	0	0	0	0	0	0	0	0	0	0	0	0	0	0	0	0	0	0	0	0	0	0	0	0	0	0	0	0	0	0	0	0	0	0	0	0	0	0	0	0	0	0	0	0	0	0	0	0	0	0	0	0	0	0	0	0	0	0	0	0	0	0	0	0	0	0	0	0	0	0	0	0	0	0	0	0	0	7	0	0	0	0	0	0	0	0	0	0	0	0	0	0	0	0	0	0	0	0	0	0	0	0	0	0	0	0	0	0	0	0	0	0	0	0	0	0	0	0	0	0	0	0	0	0	0	0	0	0	0	0	0	0	0	0	0	0	0	0	0	0	0	0	0	0	0	0	0	0	0	0	0	0	0	0	0	0	0	0	0	0	0	0	0	0	0	0	0	0	0	0	0	0	0	0	0	0	0	0	0	0	0	0	0	0	0	0	0	0	0	0	0	0	0	0	0	0	0	0	0	0	0	0	0	0	0	0	0	0	0	0	0	0	0	0	0	0	0	0	0	0	0	0	0	0	0	0	0	0	0	0	0	0	0	0	0	0	0	0	0	0	0	0	0	0	0	0	0	0	0	0	0	0	0	0	0	0	0	0	0	0	0	0	0	0	0	0	0	0	0	0	0	0	0	0	0	0	0	0	0	0	0	0	0	0	0	0	0	0	0	0	0	0	0	0	0	0	0	0	0	0	0	0	0	0	0	0	0	0	0	0	0	0	0	0	0	0	0	0	0	0	0	0	0	0	0	0	0	0	0	0	0	0	0	0	0	0	0	0	0	0	0	0	0	0	0	0	0	0	0	0	0	0	0	0	0	0	0	0	0	0	0	0	0	0	0	0	0	0	0	0	0	0	0	265	0	0	0	0	0	0	0	0	0	0	0	0	0	0	0	0	0	0	0	0	0	0	0	0	0	0	0	0	0	0	0	0	0	0	0	0	0	0	0	0	0
d__Bacteria___p__Spirochaetota___c__Brachyspirae___o__Brachyspirales___f__Brachyspiraceae___g__Brachyspira	0	0	0	0	0	0	0	0	0	0	0	0	0	0	0	0	0	0	0	0	0	0	0	0	0	0	0	0	0	0	0	0	0	0	0	0	0	0	0	0	0	0	0	0	0	0	0	0	0	0	0	0	0	0	0	0	0	0	0	0	0	0	0	0	0	0	0	0	0	0	0	0	0	0	0	0	0	0	0	0	0	0	0	0	0	0	0	0	0	0	0	0	0	0	0	0	0	0	0	0	0	0	0	0	0	0	0	0	0	0	0	0	0	0	0	0	0	0	0	0	0	0	0	0	0	0	0	0	0	0	0	0	0	0	0	0	0	0	0	0	0	0	0	0	0	0	0	0	0	0	0	0	0	0	0	0	0	0	0	0	0	0	0	0	0	0	0	0	0	0	0	0	0	0	0	0	0	0	0	0	0	0	0	0	0	0	0	7	0	0	0	0	0	0	0	0	0	0	0	0	0	0	0	0	0	0	0	0	0	0	0	0	0	0	0	0	0	0	0	0	0	0	0	0	0	0	0	0	0	0	0	0	0	0	0	0	0	0	0	0	0	0	0	0	0	0	0	0	0	0	0	0	0	0	0	0	0	0	0	0	0	0	0	0	0	0	0	0	0	0	0	0	0	0	0	0	0	0	0	0	0	0	0	0	0	0	0	0	0	0	0	0	0	0	0	0	0	0	0	0	0	0	0	0	0	0	0	0	0	0	0	0	0	0	0	0	0	0	0	0	0	0	0	0	0	0	0	0	0	0	0	0	0	0	0	0	0	0	0	0	0	0	0	0	0	0	0	0	0	0	0	0	0	0	0	0	0	0	0	0	0	0	0	0	0	0	0	0	0	0	0	0	0	0	0	0	0	0	0	0	0	0	0	0	0	0	0	0	0	0	0	0	0	0	0	0	0	0	0	0	0	0	0	0	0	0	0	0	0	0	0	0	0	0	0	0	0	0	0	0	0	0	0	0	0	0	0	0	0	0	0	0	0	0	0	0	0	0	0	0	0	0	0	0	0	0	0	0	0	0	0	0	0	0	0	0	0	0	0	0	0	0	0	0	0	0	0	0	0	0	0	0	0	0	0	0	0	0	0	0	0	0	0	265	0	0	0	0	0	0	0	0	0	0	0	0	0	0	0	0	0	0	0	0	0	0	0	0	0	0	0	0	0	0	0	0	0	0	0	0	0	0	0	0	0
d__Bacteria___p__Synergistota	0	333	0	0	0	0	0	0	0	0	0	0	0	0	0	21	0	0	0	0	0	0	0	0	0	16	0	0	0	0	0	0	33	0	0	0	0	0	0	0	0	0	0	0	0	0	0	0	0	0	0	0	205	0	0	0	0	0	0	0	0	0	0	0	0	0	0	0	0	0	10	0	0	0	0	0	42	0	63	0	0	0	74	0	0	0	0	0	0	0	0	0	0	0	0	0	0	0	0	0	0	0	0	0	0	0	0	0	0	0	0	0	0	0	0	0	15	0	129	0	0	0	0	0	0	0	0	0	0	0	19	0	0	0	0	0	0	0	0	0	0	0	0	0	0	0	0	0	0	0	0	0	0	0	0	0	0	0	0	0	0	0	0	0	0	0	0	0	0	0	0	0	0	0	0	0	0	0	0	0	10	0	0	0	0	0	0	0	0	22	0	0	0	0	0	0	0	0	0	57	0	12	0	0	0	0	133	0	0	0	0	4	0	0	0	0	0	0	0	0	0	0	0	0	0	0	0	49	0	0	270	0	0	0	0	0	0	0	0	31	0	0	0	0	0	0	0	0	0	0	0	0	0	0	113	27	0	0	0	0	0	0	0	0	0	0	0	0	0	0	0	0	272	0	0	0	0	0	0	0	35	0	0	0	0	0	0	0	0	0	0	0	0	0	0	0	0	0	0	19	0	0	0	0	5	0	0	0	0	0	18	0	0	0	0	17	0	220	0	70	0	0	0	0	0	0	65	0	0	0	4	0	0	0	0	0	0	66	25	0	0	0	0	0	32	0	83	0	0	0	0	0	0	0	0	0	0	0	0	509	0	0	0	261	14	0	239	0	0	0	0	0	0	0	0	0	0	0	0	0	0	0	0	0	0	0	430	176	0	0	0	0	0	0	0	0	0	0	0	0	0	0	0	0	0	0	0	0	0	0	0	0	0	197	0	0	0	0	0	0	0	13	0	0	0	0	0	0	0	0	0	0	0	0	0	0	0	0	0	0	0	0	0	0	0	0	0	0	0	0	0	0	0	0	0	0	0	0	0	26	0	0	0	0	0	0	0	0	0	0	0	0	0	0	0	0	0	0	0	0	0	0	0	0	0	0	0	0	0	0	0	0	0	0	0	0	0	0	0	0	0	0	0	0	0	0	0	0	0	0	0	0	0	0	0	0	0	0	0	13	0	0	0	0	0
d__Bacteria___p__Synergistota___c__Synergistia	0	333	0	0	0	0	0	0	0	0	0	0	0	0	0	21	0	0	0	0	0	0	0	0	0	16	0	0	0	0	0	0	33	0	0	0	0	0	0	0	0	0	0	0	0	0	0	0	0	0	0	0	205	0	0	0	0	0	0	0	0	0	0	0	0	0	0	0	0	0	10	0	0	0	0	0	42	0	63	0	0	0	74	0	0	0	0	0	0	0	0	0	0	0	0	0	0	0	0	0	0	0	0	0	0	0	0	0	0	0	0	0	0	0	0	0	15	0	129	0	0	0	0	0	0	0	0	0	0	0	19	0	0	0	0	0	0	0	0	0	0	0	0	0	0	0	0	0	0	0	0	0	0	0	0	0	0	0	0	0	0	0	0	0	0	0	0	0	0	0	0	0	0	0	0	0	0	0	0	0	10	0	0	0	0	0	0	0	0	22	0	0	0	0	0	0	0	0	0	57	0	12	0	0	0	0	133	0	0	0	0	4	0	0	0	0	0	0	0	0	0	0	0	0	0	0	0	49	0	0	270	0	0	0	0	0	0	0	0	31	0	0	0	0	0	0	0	0	0	0	0	0	0	0	113	27	0	0	0	0	0	0	0	0	0	0	0	0	0	0	0	0	272	0	0	0	0	0	0	0	35	0	0	0	0	0	0	0	0	0	0	0	0	0	0	0	0	0	0	19	0	0	0	0	5	0	0	0	0	0	18	0	0	0	0	17	0	220	0	70	0	0	0	0	0	0	65	0	0	0	4	0	0	0	0	0	0	66	25	0	0	0	0	0	32	0	83	0	0	0	0	0	0	0	0	0	0	0	0	509	0	0	0	261	14	0	239	0	0	0	0	0	0	0	0	0	0	0	0	0	0	0	0	0	0	0	430	176	0	0	0	0	0	0	0	0	0	0	0	0	0	0	0	0	0	0	0	0	0	0	0	0	0	197	0	0	0	0	0	0	0	13	0	0	0	0	0	0	0	0	0	0	0	0	0	0	0	0	0	0	0	0	0	0	0	0	0	0	0	0	0	0	0	0	0	0	0	0	0	26	0	0	0	0	0	0	0	0	0	0	0	0	0	0	0	0	0	0	0	0	0	0	0	0	0	0	0	0	0	0	0	0	0	0	0	0	0	0	0	0	0	0	0	0	0	0	0	0	0	0	0	0	0	0	0	0	0	0	0	13	0	0	0	0	0
d__Bacteria___p__Synergistota___c__Synergistia___o__Synergistales	0	333	0	0	0	0	0	0	0	0	0	0	0	0	0	21	0	0	0	0	0	0	0	0	0	16	0	0	0	0	0	0	33	0	0	0	0	0	0	0	0	0	0	0	0	0	0	0	0	0	0	0	205	0	0	0	0	0	0	0	0	0	0	0	0	0	0	0	0	0	10	0	0	0	0	0	42	0	63	0	0	0	74	0	0	0	0	0	0	0	0	0	0	0	0	0	0	0	0	0	0	0	0	0	0	0	0	0	0	0	0	0	0	0	0	0	15	0	129	0	0	0	0	0	0	0	0	0	0	0	19	0	0	0	0	0	0	0	0	0	0	0	0	0	0	0	0	0	0	0	0	0	0	0	0	0	0	0	0	0	0	0	0	0	0	0	0	0	0	0	0	0	0	0	0	0	0	0	0	0	10	0	0	0	0	0	0	0	0	22	0	0	0	0	0	0	0	0	0	57	0	12	0	0	0	0	133	0	0	0	0	4	0	0	0	0	0	0	0	0	0	0	0	0	0	0	0	49	0	0	270	0	0	0	0	0	0	0	0	31	0	0	0	0	0	0	0	0	0	0	0	0	0	0	113	27	0	0	0	0	0	0	0	0	0	0	0	0	0	0	0	0	272	0	0	0	0	0	0	0	35	0	0	0	0	0	0	0	0	0	0	0	0	0	0	0	0	0	0	19	0	0	0	0	5	0	0	0	0	0	18	0	0	0	0	17	0	220	0	70	0	0	0	0	0	0	65	0	0	0	4	0	0	0	0	0	0	66	25	0	0	0	0	0	32	0	83	0	0	0	0	0	0	0	0	0	0	0	0	509	0	0	0	261	14	0	239	0	0	0	0	0	0	0	0	0	0	0	0	0	0	0	0	0	0	0	430	176	0	0	0	0	0	0	0	0	0	0	0	0	0	0	0	0	0	0	0	0	0	0	0	0	0	197	0	0	0	0	0	0	0	13	0	0	0	0	0	0	0	0	0	0	0	0	0	0	0	0	0	0	0	0	0	0	0	0	0	0	0	0	0	0	0	0	0	0	0	0	0	26	0	0	0	0	0	0	0	0	0	0	0	0	0	0	0	0	0	0	0	0	0	0	0	0	0	0	0	0	0	0	0	0	0	0	0	0	0	0	0	0	0	0	0	0	0	0	0	0	0	0	0	0	0	0	0	0	0	0	0	13	0	0	0	0	0
d__Bacteria___p__Synergistota___c__Synergistia___o__Synergistales___f__Synergistaceae	0	333	0	0	0	0	0	0	0	0	0	0	0	0	0	21	0	0	0	0	0	0	0	0	0	16	0	0	0	0	0	0	33	0	0	0	0	0	0	0	0	0	0	0	0	0	0	0	0	0	0	0	205	0	0	0	0	0	0	0	0	0	0	0	0	0	0	0	0	0	10	0	0	0	0	0	42	0	63	0	0	0	74	0	0	0	0	0	0	0	0	0	0	0	0	0	0	0	0	0	0	0	0	0	0	0	0	0	0	0	0	0	0	0	0	0	15	0	129	0	0	0	0	0	0	0	0	0	0	0	19	0	0	0	0	0	0	0	0	0	0	0	0	0	0	0	0	0	0	0	0	0	0	0	0	0	0	0	0	0	0	0	0	0	0	0	0	0	0	0	0	0	0	0	0	0	0	0	0	0	10	0	0	0	0	0	0	0	0	22	0	0	0	0	0	0	0	0	0	57	0	12	0	0	0	0	133	0	0	0	0	4	0	0	0	0	0	0	0	0	0	0	0	0	0	0	0	49	0	0	270	0	0	0	0	0	0	0	0	31	0	0	0	0	0	0	0	0	0	0	0	0	0	0	113	27	0	0	0	0	0	0	0	0	0	0	0	0	0	0	0	0	272	0	0	0	0	0	0	0	35	0	0	0	0	0	0	0	0	0	0	0	0	0	0	0	0	0	0	19	0	0	0	0	5	0	0	0	0	0	18	0	0	0	0	17	0	220	0	70	0	0	0	0	0	0	65	0	0	0	4	0	0	0	0	0	0	66	25	0	0	0	0	0	32	0	83	0	0	0	0	0	0	0	0	0	0	0	0	509	0	0	0	261	14	0	239	0	0	0	0	0	0	0	0	0	0	0	0	0	0	0	0	0	0	0	430	176	0	0	0	0	0	0	0	0	0	0	0	0	0	0	0	0	0	0	0	0	0	0	0	0	0	197	0	0	0	0	0	0	0	13	0	0	0	0	0	0	0	0	0	0	0	0	0	0	0	0	0	0	0	0	0	0	0	0	0	0	0	0	0	0	0	0	0	0	0	0	0	26	0	0	0	0	0	0	0	0	0	0	0	0	0	0	0	0	0	0	0	0	0	0	0	0	0	0	0	0	0	0	0	0	0	0	0	0	0	0	0	0	0	0	0	0	0	0	0	0	0	0	0	0	0	0	0	0	0	0	0	13	0	0	0	0	0
d__Bacteria___p__Synergistota___c__Synergistia___o__Synergistales___f__Synergistaceae___g__Cloacibacillus	0	333	0	0	0	0	0	0	0	0	0	0	0	0	0	21	0	0	0	0	0	0	0	0	0	0	0	0	0	0	0	0	33	0	0	0	0	0	0	0	0	0	0	0	0	0	0	0	0	0	0	0	205	0	0	0	0	0	0	0	0	0	0	0	0	0	0	0	0	0	10	0	0	0	0	0	42	0	63	0	0	0	74	0	0	0	0	0	0	0	0	0	0	0	0	0	0	0	0	0	0	0	0	0	0	0	0	0	0	0	0	0	0	0	0	0	15	0	0	0	0	0	0	0	0	0	0	0	0	0	19	0	0	0	0	0	0	0	0	0	0	0	0	0	0	0	0	0	0	0	0	0	0	0	0	0	0	0	0	0	0	0	0	0	0	0	0	0	0	0	0	0	0	0	0	0	0	0	0	0	10	0	0	0	0	0	0	0	0	22	0	0	0	0	0	0	0	0	0	33	0	12	0	0	0	0	133	0	0	0	0	0	0	0	0	0	0	0	0	0	0	0	0	0	0	0	0	49	0	0	270	0	0	0	0	0	0	0	0	31	0	0	0	0	0	0	0	0	0	0	0	0	0	0	113	27	0	0	0	0	0	0	0	0	0	0	0	0	0	0	0	0	272	0	0	0	0	0	0	0	35	0	0	0	0	0	0	0	0	0	0	0	0	0	0	0	0	0	0	19	0	0	0	0	5	0	0	0	0	0	18	0	0	0	0	17	0	220	0	70	0	0	0	0	0	0	65	0	0	0	0	0	0	0	0	0	0	66	25	0	0	0	0	0	32	0	83	0	0	0	0	0	0	0	0	0	0	0	0	509	0	0	0	261	14	0	0	0	0	0	0	0	0	0	0	0	0	0	0	0	0	0	0	0	0	0	430	176	0	0	0	0	0	0	0	0	0	0	0	0	0	0	0	0	0	0	0	0	0	0	0	0	0	197	0	0	0	0	0	0	0	0	0	0	0	0	0	0	0	0	0	0	0	0	0	0	0	0	0	0	0	0	0	0	0	0	0	0	0	0	0	0	0	0	0	0	0	0	0	26	0	0	0	0	0	0	0	0	0	0	0	0	0	0	0	0	0	0	0	0	0	0	0	0	0	0	0	0	0	0	0	0	0	0	0	0	0	0	0	0	0	0	0	0	0	0	0	0	0	0	0	0	0	0	0	0	0	0	0	13	0	0	0	0	0
d__Bacteria___p__Synergistota___c__Synergistia___o__Synergistales___f__Synergistaceae___g__Fretibacterium	0	0	0	0	0	0	0	0	0	0	0	0	0	0	0	0	0	0	0	0	0	0	0	0	0	0	0	0	0	0	0	0	0	0	0	0	0	0	0	0	0	0	0	0	0	0	0	0	0	0	0	0	0	0	0	0	0	0	0	0	0	0	0	0	0	0	0	0	0	0	0	0	0	0	0	0	0	0	0	0	0	0	0	0	0	0	0	0	0	0	0	0	0	0	0	0	0	0	0	0	0	0	0	0	0	0	0	0	0	0	0	0	0	0	0	0	0	0	0	0	0	0	0	0	0	0	0	0	0	0	0	0	0	0	0	0	0	0	0	0	0	0	0	0	0	0	0	0	0	0	0	0	0	0	0	0	0	0	0	0	0	0	0	0	0	0	0	0	0	0	0	0	0	0	0	0	0	0	0	0	0	0	0	0	0	0	0	0	0	0	0	0	0	0	0	0	0	0	0	24	0	0	0	0	0	0	0	0	0	0	0	4	0	0	0	0	0	0	0	0	0	0	0	0	0	0	0	0	0	0	0	0	0	0	0	0	0	0	0	0	0	0	0	0	0	0	0	0	0	0	0	0	0	0	0	0	0	0	0	0	0	0	0	0	0	0	0	0	0	0	0	0	0	0	0	0	0	0	0	0	0	0	0	0	0	0	0	0	0	0	0	0	0	0	0	0	0	0	0	0	0	0	0	0	0	0	0	0	0	0	0	0	0	0	0	0	0	0	0	0	0	0	0	0	0	0	0	0	0	0	0	0	0	0	0	0	0	0	0	0	0	0	0	0	0	0	0	0	0	0	0	0	0	0	0	0	0	0	0	0	0	0	0	0	0	0	0	0	0	0	0	0	0	0	0	0	0	0	0	0	0	0	0	0	0	0	0	0	0	0	0	0	0	0	0	0	0	0	0	0	0	0	0	0	0	0	0	0	0	0	0	0	0	0	0	0	0	0	0	0	0	13	0	0	0	0	0	0	0	0	0	0	0	0	0	0	0	0	0	0	0	0	0	0	0	0	0	0	0	0	0	0	0	0	0	0	0	0	0	0	0	0	0	0	0	0	0	0	0	0	0	0	0	0	0	0	0	0	0	0	0	0	0	0	0	0	0	0	0	0	0	0	0	0	0	0	0	0	0	0	0	0	0	0	0	0	0	0	0	0	0	0	0	0	0	0	0	0	0	0	0	0	0	0	0
d__Bacteria___p__Synergistota___c__Synergistia___o__Synergistales___f__Synergistaceae___g__Synergistes	0	0	0	0	0	0	0	0	0	0	0	0	0	0	0	0	0	0	0	0	0	0	0	0	0	16	0	0	0	0	0	0	0	0	0	0	0	0	0	0	0	0	0	0	0	0	0	0	0	0	0	0	0	0	0	0	0	0	0	0	0	0	0	0	0	0	0	0	0	0	0	0	0	0	0	0	0	0	0	0	0	0	0	0	0	0	0	0	0	0	0	0	0	0	0	0	0	0	0	0	0	0	0	0	0	0	0	0	0	0	0	0	0	0	0	0	0	0	129	0	0	0	0	0	0	0	0	0	0	0	0	0	0	0	0	0	0	0	0	0	0	0	0	0	0	0	0	0	0	0	0	0	0	0	0	0	0	0	0	0	0	0	0	0	0	0	0	0	0	0	0	0	0	0	0	0	0	0	0	0	0	0	0	0	0	0	0	0	0	0	0	0	0	0	0	0	0	0	0	0	0	0	0	0	0	0	0	0	0	0	0	0	0	0	0	0	0	0	0	0	0	0	0	0	0	0	0	0	0	0	0	0	0	0	0	0	0	0	0	0	0	0	0	0	0	0	0	0	0	0	0	0	0	0	0	0	0	0	0	0	0	0	0	0	0	0	0	0	0	0	0	0	0	0	0	0	0	0	0	0	0	0	0	0	0	0	0	0	0	0	0	0	0	0	0	0	0	0	0	0	0	0	0	0	0	0	0	0	0	0	0	0	0	0	0	0	0	0	0	0	0	0	0	0	0	0	0	0	0	0	4	0	0	0	0	0	0	0	0	0	0	0	0	0	0	0	0	0	0	0	0	0	0	0	0	0	0	0	0	0	0	0	0	0	0	0	239	0	0	0	0	0	0	0	0	0	0	0	0	0	0	0	0	0	0	0	0	0	0	0	0	0	0	0	0	0	0	0	0	0	0	0	0	0	0	0	0	0	0	0	0	0	0	0	0	0	0	0	0	0	0	0	0	0	0	0	0	0	0	0	0	0	0	0	0	0	0	0	0	0	0	0	0	0	0	0	0	0	0	0	0	0	0	0	0	0	0	0	0	0	0	0	0	0	0	0	0	0	0	0	0	0	0	0	0	0	0	0	0	0	0	0	0	0	0	0	0	0	0	0	0	0	0	0	0	0	0	0	0	0	0	0	0	0	0	0	0	0	0	0	0	0	0	0	0	0	0	0	0	0	0	0	0	0	0
d__Bacteria___p__Verrucomicrobiota	15	400	15	212	504	1226	151	545	1168	0	493	12	24	20	37	234	26	946	59	169	158	0	402	22	72	122	514	220	2037	1393	398	99	609	0	57	936	689	23	154	537	2230	304	1448	613	165	170	1019	54	243	183	459	0	36	11	1325	0	520	3387	1584	0	0	0	215	484	44	0	252	229	1412	0	116	0	0	1321	3659	40	106	0	17	978	79	503	1396	184	18	8	3949	244	154	1973	3540	12	1031	352	0	0	0	0	0	1458	36	19	92	0	9	0	2078	88	0	0	1242	0	27	0	0	0	0	1190	606	151	0	0	0	0	939	2143	0	295	0	110	67	0	1479	50	0	0	110	995	0	4902	0	220	0	13	746	0	306	265	0	54	12	0	237	43	0	0	0	0	1695	0	135	13	5908	0	827	131	0	0	2032	3672	0	0	0	72	634	4417	1177	156	20	0	0	0	0	0	0	0	0	0	379	726	0	0	4936	2686	2393	4266	2005	141	5889	931	6331	3185	18	25	271	1964	79	399	47	75	0	30	1941	0	1819	4	1626	1725	329	2580	4702	0	0	1562	126	958	21	112	16	0	133	47	1629	0	19	150	2591	4556	321	7	22	32	0	0	2231	558	1548	0	4174	118	4269	53	11	594	621	6293	3076	3024	296	1669	31	1219	809	152	0	0	45	25	8272	1555	0	143	35	3232	0	0	55	5704	0	175	163	0	2973	651	1858	0	0	0	12	240	3695	219	193	42	438	1095	7607	2054	662	588	399	0	455	7	160	118	0	30	310	49	433	0	0	13	13	0	0	245	0	566	382	25	52	0	3364	109	2460	2615	306	0	153	0	12	3562	3017	1024	205	304	648	263	0	1883	380	72	1979	0	156	1007	135	2759	149	118	490	96	12	13	1293	137	2266	469	0	630	20	6497	140	307	1757	1389	552	671	255	164	447	276	0	10	4683	3544	1556	18	280	5323	2086	2899	0	2481	292	64	1577	11728	0	2151	2733	548	0	34	0	2012	46	3266	1014	2813	393	52	404	43	0	1147	14	495	29	0	0	768	354	120	0	0	0	920	1158	70	706	372	342	4372	316	56	39	0	1945	114	242	47	0	0	0	66	426	62	0	74	390	0	0	0	416	0	55	0	18	14	0	18	0	46	0	31	0	1226	0	0	353	95	242	420	295	52	99	0	0	19	51	146	0	96	30	90	26	0	41	175	0	366	0	0	415	36	15	394	3307	0	58	0	0	357	93	1086	0	324	0	44	354	112	0	14	115	215	142	46	4182	2357	42	202	8	25	0	0	274	8106	19	406	4214	0	144
d__Bacteria___p__Verrucomicrobiota___c__Kiritimatiellae	0	0	0	0	0	0	0	0	0	0	0	0	0	0	0	0	0	0	0	0	0	0	0	0	0	0	0	0	0	17	0	0	0	0	0	0	0	0	0	0	0	0	0	0	0	0	0	0	0	0	0	0	0	0	0	0	0	0	0	0	0	0	0	0	0	0	0	0	0	0	0	0	0	0	0	0	0	0	0	0	0	0	0	0	0	0	0	0	0	0	0	0	0	0	0	0	0	0	0	0	0	0	0	0	0	0	0	0	0	0	0	0	0	0	0	0	0	0	0	0	0	0	0	0	0	0	0	0	0	0	0	0	0	0	0	0	0	0	0	0	0	0	0	0	0	0	0	0	0	0	0	0	0	0	0	0	0	0	0	0	0	0	0	0	0	0	0	0	0	0	0	0	0	0	0	0	0	0	0	0	0	0	0	0	0	0	0	0	0	0	0	0	0	0	0	0	0	0	0	0	0	0	0	0	0	0	0	0	0	0	0	0	0	0	0	0	0	0	0	0	0	0	0	0	0	0	0	0	0	0	0	0	0	0	0	0	0	0	0	0	0	0	0	0	0	0	0	0	0	0	0	0	0	0	0	0	0	0	0	0	0	0	0	0	0	0	0	0	0	0	0	0	0	0	0	0	0	0	0	0	0	0	0	0	0	0	0	0	0	0	0	0	0	0	0	0	0	0	0	0	0	0	0	0	0	0	0	0	0	0	0	0	0	0	0	0	0	0	0	0	0	0	0	0	0	0	0	0	0	0	0	0	0	0	0	0	0	0	0	0	0	0	0	0	0	0	0	0	0	0	0	0	0	0	0	0	0	0	0	0	0	0	0	0	0	0	0	0	0	0	0	0	0	0	0	0	0	0	0	0	0	0	0	0	0	0	0	0	0	0	0	0	0	0	0	0	0	0	0	0	0	0	0	0	0	0	0	0	0	0	0	0	0	0	0	0	0	0	0	0	0	0	0	0	0	0	0	0	0	0	0	0	0	0	0	0	0	0	0	0	0	0	0	0	0	0	0	0	0	0	0	0	0	0	0	0	0	0	0	0	0	0	0	0	0	0	0	0	0	0	0	0	0	0	0	0	0	0	0	0	0	0	0	0	0	0	0	0	0	0	0	0	0	0	0	0	0	0	0	0	0	0	0	0	0	0	0	0	0	0	0	0	0	0	0	0	0	0	0	0	0	0	0	0	0
d__Bacteria___p__Verrucomicrobiota___c__Kiritimatiellae___o__WCHB1-41	0	0	0	0	0	0	0	0	0	0	0	0	0	0	0	0	0	0	0	0	0	0	0	0	0	0	0	0	0	17	0	0	0	0	0	0	0	0	0	0	0	0	0	0	0	0	0	0	0	0	0	0	0	0	0	0	0	0	0	0	0	0	0	0	0	0	0	0	0	0	0	0	0	0	0	0	0	0	0	0	0	0	0	0	0	0	0	0	0	0	0	0	0	0	0	0	0	0	0	0	0	0	0	0	0	0	0	0	0	0	0	0	0	0	0	0	0	0	0	0	0	0	0	0	0	0	0	0	0	0	0	0	0	0	0	0	0	0	0	0	0	0	0	0	0	0	0	0	0	0	0	0	0	0	0	0	0	0	0	0	0	0	0	0	0	0	0	0	0	0	0	0	0	0	0	0	0	0	0	0	0	0	0	0	0	0	0	0	0	0	0	0	0	0	0	0	0	0	0	0	0	0	0	0	0	0	0	0	0	0	0	0	0	0	0	0	0	0	0	0	0	0	0	0	0	0	0	0	0	0	0	0	0	0	0	0	0	0	0	0	0	0	0	0	0	0	0	0	0	0	0	0	0	0	0	0	0	0	0	0	0	0	0	0	0	0	0	0	0	0	0	0	0	0	0	0	0	0	0	0	0	0	0	0	0	0	0	0	0	0	0	0	0	0	0	0	0	0	0	0	0	0	0	0	0	0	0	0	0	0	0	0	0	0	0	0	0	0	0	0	0	0	0	0	0	0	0	0	0	0	0	0	0	0	0	0	0	0	0	0	0	0	0	0	0	0	0	0	0	0	0	0	0	0	0	0	0	0	0	0	0	0	0	0	0	0	0	0	0	0	0	0	0	0	0	0	0	0	0	0	0	0	0	0	0	0	0	0	0	0	0	0	0	0	0	0	0	0	0	0	0	0	0	0	0	0	0	0	0	0	0	0	0	0	0	0	0	0	0	0	0	0	0	0	0	0	0	0	0	0	0	0	0	0	0	0	0	0	0	0	0	0	0	0	0	0	0	0	0	0	0	0	0	0	0	0	0	0	0	0	0	0	0	0	0	0	0	0	0	0	0	0	0	0	0	0	0	0	0	0	0	0	0	0	0	0	0	0	0	0	0	0	0	0	0	0	0	0	0	0	0	0	0	0	0	0	0	0	0	0	0	0	0	0	0	0	0	0	0	0	0	0	0	0	0
d__Bacteria___p__Verrucomicrobiota___c__Lentisphaeria	0	0	0	0	0	70	0	0	0	0	0	0	0	0	0	0	0	0	0	0	0	0	0	0	0	34	0	0	26	0	0	0	11	0	0	0	0	0	0	57	6	38	0	0	0	0	0	0	0	0	0	0	0	0	8	0	0	0	0	0	0	0	0	0	0	0	0	0	11	0	0	0	0	0	0	0	0	0	0	0	0	0	0	0	0	0	15	0	31	0	0	0	0	0	0	0	0	0	0	0	0	19	0	0	0	0	0	0	0	0	0	0	27	0	0	0	0	0	0	0	0	0	0	0	0	0	0	0	0	0	0	0	0	0	0	0	0	0	0	0	0	39	0	13	0	0	0	0	0	0	12	0	0	0	0	0	0	0	0	0	0	0	0	0	0	0	0	0	0	0	0	0	0	0	0	0	0	0	0	0	0	0	0	0	0	0	0	0	0	0	0	0	0	0	0	0	0	0	0	0	0	8	0	0	0	0	0	0	0	0	0	0	0	0	3	4	0	25	0	0	0	0	0	0	0	9	0	0	0	0	0	0	0	0	0	0	0	0	0	0	0	0	0	0	0	0	0	0	0	0	0	0	0	12	0	0	32	0	0	0	0	0	0	0	0	0	0	0	0	0	0	0	5	0	0	0	0	0	0	0	24	0	56	0	0	0	0	0	0	0	0	0	12	0	0	24	0	32	3	26	33	0	0	0	26	9	0	11	0	27	0	0	0	13	13	0	0	28	0	15	0	0	23	0	73	98	0	0	0	0	7	0	0	0	0	53	16	0	52	0	0	0	0	0	25	0	61	0	0	0	0	0	0	27	12	0	0	0	0	0	0	0	0	31	28	0	4	63	0	0	0	21	0	0	0	0	0	0	0	0	0	0	0	11	0	0	0	64	0	0	0	0	0	0	0	0	0	0	0	0	0	0	0	0	0	0	0	0	14	74	0	0	0	48	0	0	0	0	0	0	0	0	0	0	0	0	0	0	0	0	0	0	0	0	0	0	0	0	0	0	0	0	0	0	0	0	0	0	0	0	0	0	0	0	0	0	0	0	0	0	0	0	0	0	0	0	0	0	0	0	0	0	0	0	0	0	0	0	0	0	0	52	0	0	0	0	0	0	0	0	0	0	0	0	0	0	0	0	0	0	0	0	16	0	0	0	0	0	0	0	0	0	0	0	0	0	0	0	6	0	0	35	0	0	0
d__Bacteria___p__Verrucomicrobiota___c__Lentisphaeria___o__Victivallales	0	0	0	0	0	70	0	0	0	0	0	0	0	0	0	0	0	0	0	0	0	0	0	0	0	34	0	0	26	0	0	0	11	0	0	0	0	0	0	57	6	38	0	0	0	0	0	0	0	0	0	0	0	0	8	0	0	0	0	0	0	0	0	0	0	0	0	0	11	0	0	0	0	0	0	0	0	0	0	0	0	0	0	0	0	0	15	0	31	0	0	0	0	0	0	0	0	0	0	0	0	19	0	0	0	0	0	0	0	0	0	0	27	0	0	0	0	0	0	0	0	0	0	0	0	0	0	0	0	0	0	0	0	0	0	0	0	0	0	0	0	39	0	13	0	0	0	0	0	0	12	0	0	0	0	0	0	0	0	0	0	0	0	0	0	0	0	0	0	0	0	0	0	0	0	0	0	0	0	0	0	0	0	0	0	0	0	0	0	0	0	0	0	0	0	0	0	0	0	0	0	8	0	0	0	0	0	0	0	0	0	0	0	0	3	4	0	25	0	0	0	0	0	0	0	9	0	0	0	0	0	0	0	0	0	0	0	0	0	0	0	0	0	0	0	0	0	0	0	0	0	0	0	12	0	0	32	0	0	0	0	0	0	0	0	0	0	0	0	0	0	0	5	0	0	0	0	0	0	0	24	0	56	0	0	0	0	0	0	0	0	0	12	0	0	24	0	32	3	26	33	0	0	0	26	9	0	11	0	27	0	0	0	13	13	0	0	28	0	15	0	0	23	0	73	98	0	0	0	0	7	0	0	0	0	53	16	0	52	0	0	0	0	0	25	0	61	0	0	0	0	0	0	27	12	0	0	0	0	0	0	0	0	31	28	0	4	63	0	0	0	21	0	0	0	0	0	0	0	0	0	0	0	11	0	0	0	64	0	0	0	0	0	0	0	0	0	0	0	0	0	0	0	0	0	0	0	0	14	74	0	0	0	48	0	0	0	0	0	0	0	0	0	0	0	0	0	0	0	0	0	0	0	0	0	0	0	0	0	0	0	0	0	0	0	0	0	0	0	0	0	0	0	0	0	0	0	0	0	0	0	0	0	0	0	0	0	0	0	0	0	0	0	0	0	0	0	0	0	0	0	52	0	0	0	0	0	0	0	0	0	0	0	0	0	0	0	0	0	0	0	0	16	0	0	0	0	0	0	0	0	0	0	0	0	0	0	0	6	0	0	35	0	0	0
d__Bacteria___p__Verrucomicrobiota___c__Lentisphaeria___o__Victivallales___f__Victivallaceae	0	0	0	0	0	63	0	0	0	0	0	0	0	0	0	0	0	0	0	0	0	0	0	0	0	34	0	0	26	0	0	0	0	0	0	0	0	0	0	57	6	38	0	0	0	0	0	0	0	0	0	0	0	0	8	0	0	0	0	0	0	0	0	0	0	0	0	0	0	0	0	0	0	0	0	0	0	0	0	0	0	0	0	0	0	0	0	0	31	0	0	0	0	0	0	0	0	0	0	0	0	19	0	0	0	0	0	0	0	0	0	0	27	0	0	0	0	0	0	0	0	0	0	0	0	0	0	0	0	0	0	0	0	0	0	0	0	0	0	0	0	0	0	13	0	0	0	0	0	0	12	0	0	0	0	0	0	0	0	0	0	0	0	0	0	0	0	0	0	0	0	0	0	0	0	0	0	0	0	0	0	0	0	0	0	0	0	0	0	0	0	0	0	0	0	0	0	0	0	0	0	8	0	0	0	0	0	0	0	0	0	0	0	0	3	4	0	0	0	0	0	0	0	0	0	0	0	0	0	0	0	0	0	0	0	0	0	0	0	0	0	0	0	0	0	0	0	0	0	0	0	0	0	12	0	0	0	0	0	0	0	0	0	0	0	0	0	0	0	0	0	0	0	0	0	0	0	0	0	0	24	0	0	0	0	0	0	0	0	0	0	0	12	0	0	24	0	4	0	26	16	0	0	0	26	9	0	11	0	27	0	0	0	13	5	0	0	28	0	15	0	0	23	0	73	40	0	0	0	0	7	0	0	0	0	53	0	0	46	0	0	0	0	0	25	0	49	0	0	0	0	0	0	27	12	0	0	0	0	0	0	0	0	31	28	0	4	17	0	0	0	21	0	0	0	0	0	0	0	0	0	0	0	11	0	0	0	64	0	0	0	0	0	0	0	0	0	0	0	0	0	0	0	0	0	0	0	0	14	19	0	0	0	48	0	0	0	0	0	0	0	0	0	0	0	0	0	0	0	0	0	0	0	0	0	0	0	0	0	0	0	0	0	0	0	0	0	0	0	0	0	0	0	0	0	0	0	0	0	0	0	0	0	0	0	0	0	0	0	0	0	0	0	0	0	0	0	0	0	0	0	18	0	0	0	0	0	0	0	0	0	0	0	0	0	0	0	0	0	0	0	0	16	0	0	0	0	0	0	0	0	0	0	0	0	0	0	0	6	0	0	35	0	0	0
d__Bacteria___p__Verrucomicrobiota___c__Lentisphaeria___o__Victivallales___f__Victivallaceae___g__Victivallis	0	0	0	0	0	25	0	0	0	0	0	0	0	0	0	0	0	0	0	0	0	0	0	0	0	0	0	0	26	0	0	0	0	0	0	0	0	0	0	57	6	0	0	0	0	0	0	0	0	0	0	0	0	0	8	0	0	0	0	0	0	0	0	0	0	0	0	0	0	0	0	0	0	0	0	0	0	0	0	0	0	0	0	0	0	0	0	0	31	0	0	0	0	0	0	0	0	0	0	0	0	0	0	0	0	0	0	0	0	0	0	0	0	0	0	0	0	0	0	0	0	0	0	0	0	0	0	0	0	0	0	0	0	0	0	0	0	0	0	0	0	0	0	13	0	0	0	0	0	0	0	0	0	0	0	0	0	0	0	0	0	0	0	0	0	0	0	0	0	0	0	0	0	0	0	0	0	0	0	0	0	0	0	0	0	0	0	0	0	0	0	0	0	0	0	0	0	0	0	0	0	8	0	0	0	0	0	0	0	0	0	0	0	0	3	4	0	0	0	0	0	0	0	0	0	0	0	0	0	0	0	0	0	0	0	0	0	0	0	0	0	0	0	0	0	0	0	0	0	0	0	0	0	12	0	0	0	0	0	0	0	0	0	0	0	0	0	0	0	0	0	0	0	0	0	0	0	0	0	0	0	0	0	0	0	0	0	0	0	0	0	0	12	0	0	24	0	4	0	18	10	0	0	0	21	9	0	11	0	27	0	0	0	13	0	0	0	18	0	15	0	0	23	0	73	40	0	0	0	0	7	0	0	0	0	53	0	0	0	0	0	0	0	0	25	0	0	0	0	0	0	0	0	27	12	0	0	0	0	0	0	0	0	31	0	0	0	0	0	0	0	21	0	0	0	0	0	0	0	0	0	0	0	0	0	0	0	0	0	0	0	0	0	0	0	0	0	0	0	0	0	0	0	0	0	0	0	0	14	19	0	0	0	0	0	0	0	0	0	0	0	0	0	0	0	0	0	0	0	0	0	0	0	0	0	0	0	0	0	0	0	0	0	0	0	0	0	0	0	0	0	0	0	0	0	0	0	0	0	0	0	0	0	0	0	0	0	0	0	0	0	0	0	0	0	0	0	0	0	0	0	0	0	0	0	0	0	0	0	0	0	0	0	0	0	0	0	0	0	0	0	0	16	0	0	0	0	0	0	0	0	0	0	0	0	0	0	0	6	0	0	35	0	0	0
d__Bacteria___p__Verrucomicrobiota___c__Lentisphaeria___o__Victivallales___f__vadinBE97	0	0	0	0	0	7	0	0	0	0	0	0	0	0	0	0	0	0	0	0	0	0	0	0	0	0	0	0	0	0	0	0	11	0	0	0	0	0	0	0	0	0	0	0	0	0	0	0	0	0	0	0	0	0	0	0	0	0	0	0	0	0	0	0	0	0	0	0	11	0	0	0	0	0	0	0	0	0	0	0	0	0	0	0	0	0	15	0	0	0	0	0	0	0	0	0	0	0	0	0	0	0	0	0	0	0	0	0	0	0	0	0	0	0	0	0	0	0	0	0	0	0	0	0	0	0	0	0	0	0	0	0	0	0	0	0	0	0	0	0	0	39	0	0	0	0	0	0	0	0	0	0	0	0	0	0	0	0	0	0	0	0	0	0	0	0	0	0	0	0	0	0	0	0	0	0	0	0	0	0	0	0	0	0	0	0	0	0	0	0	0	0	0	0	0	0	0	0	0	0	0	0	0	0	0	0	0	0	0	0	0	0	0	0	0	0	0	25	0	0	0	0	0	0	0	9	0	0	0	0	0	0	0	0	0	0	0	0	0	0	0	0	0	0	0	0	0	0	0	0	0	0	0	0	0	0	32	0	0	0	0	0	0	0	0	0	0	0	0	0	0	0	5	0	0	0	0	0	0	0	0	0	56	0	0	0	0	0	0	0	0	0	0	0	0	0	0	28	3	0	17	0	0	0	0	0	0	0	0	0	0	0	0	0	8	0	0	0	0	0	0	0	0	0	0	58	0	0	0	0	0	0	0	0	0	0	16	0	6	0	0	0	0	0	0	0	12	0	0	0	0	0	0	0	0	0	0	0	0	0	0	0	0	0	0	0	0	46	0	0	0	0	0	0	0	0	0	0	0	0	0	0	0	0	0	0	0	0	0	0	0	0	0	0	0	0	0	0	0	0	0	0	0	0	0	0	0	0	0	55	0	0	0	0	0	0	0	0	0	0	0	0	0	0	0	0	0	0	0	0	0	0	0	0	0	0	0	0	0	0	0	0	0	0	0	0	0	0	0	0	0	0	0	0	0	0	0	0	0	0	0	0	0	0	0	0	0	0	0	0	0	0	0	0	0	0	0	0	0	0	0	34	0	0	0	0	0	0	0	0	0	0	0	0	0	0	0	0	0	0	0	0	0	0	0	0	0	0	0	0	0	0	0	0	0	0	0	0	0	0	0	0	0	0	0
d__Bacteria___p__Verrucomicrobiota___c__Verrucomicrobiae	15	400	15	212	504	1156	151	545	1168	0	493	12	24	20	37	234	26	946	59	169	158	0	402	22	72	88	514	220	2011	1376	398	99	598	0	57	936	689	23	154	480	2224	266	1448	613	165	170	1019	54	243	183	459	0	36	11	1317	0	520	3387	1584	0	0	0	215	484	44	0	252	229	1401	0	116	0	0	1321	3659	40	106	0	17	978	79	503	1396	184	18	8	3934	244	123	1973	3540	12	1031	352	0	0	0	0	0	1458	36	0	92	0	9	0	2078	88	0	0	1242	0	0	0	0	0	0	1190	606	151	0	0	0	0	939	2143	0	295	0	110	67	0	1479	50	0	0	110	995	0	4902	0	181	0	0	746	0	306	265	0	54	0	0	237	43	0	0	0	0	1695	0	135	13	5908	0	827	131	0	0	2032	3672	0	0	0	72	634	4417	1177	156	20	0	0	0	0	0	0	0	0	0	379	726	0	0	4936	2686	2393	4266	2005	141	5889	931	6331	3177	18	25	271	1964	79	399	47	75	0	30	1941	0	1816	0	1626	1700	329	2580	4702	0	0	1562	126	949	21	112	16	0	133	47	1629	0	19	150	2591	4556	321	7	22	32	0	0	2231	558	1548	0	4174	118	4269	53	11	582	621	6293	3044	3024	296	1669	31	1219	809	152	0	0	45	25	8272	1555	0	143	30	3232	0	0	55	5704	0	175	139	0	2917	651	1858	0	0	0	12	240	3695	219	181	42	438	1071	7607	2022	659	562	366	0	455	7	134	109	0	19	310	22	433	0	0	0	0	0	0	217	0	551	382	25	29	0	3291	11	2460	2615	306	0	146	0	12	3562	3017	971	189	304	596	263	0	1883	380	72	1954	0	95	1007	135	2759	149	118	490	69	0	13	1293	137	2266	469	0	630	20	6466	112	307	1753	1326	552	671	255	143	447	276	0	10	4683	3544	1556	18	280	5323	2086	2888	0	2481	292	0	1577	11728	0	2151	2733	548	0	34	0	2012	46	3266	1014	2813	393	52	404	43	0	1147	0	421	29	0	0	720	354	120	0	0	0	920	1158	70	706	372	342	4372	316	56	39	0	1945	114	242	47	0	0	0	66	426	62	0	74	390	0	0	0	416	0	55	0	18	14	0	18	0	46	0	31	0	1226	0	0	353	95	242	420	295	52	99	0	0	19	51	146	0	96	30	90	26	0	41	123	0	366	0	0	415	36	15	394	3307	0	58	0	0	357	93	1086	0	324	0	44	338	112	0	14	115	215	142	46	4182	2357	42	202	8	25	0	0	268	8106	19	371	4214	0	144
d__Bacteria___p__Verrucomicrobiota___c__Verrucomicrobiae___o__Opitutales	0	0	0	0	0	18	0	0	0	0	0	0	0	0	6	0	0	0	0	0	0	0	0	0	0	0	0	0	0	0	0	0	22	0	0	0	0	0	0	0	0	0	0	0	0	0	0	0	0	0	0	0	0	0	0	0	0	0	0	0	0	0	0	0	0	0	0	0	28	0	0	0	0	0	0	0	0	0	0	0	0	0	0	0	0	0	0	0	0	0	0	0	0	0	0	0	0	0	0	0	0	0	0	0	0	0	0	0	0	0	0	0	0	0	0	0	0	0	0	0	0	0	0	0	0	0	0	0	0	0	0	0	0	0	0	0	0	0	0	0	0	0	0	0	0	0	0	0	0	0	0	0	0	0	0	0	0	0	0	0	0	0	0	0	0	0	0	0	0	0	0	0	0	19	0	0	0	0	0	0	0	0	0	0	0	0	0	0	8	0	0	0	0	0	0	0	0	0	0	0	0	0	0	0	0	0	0	0	0	0	0	0	0	0	0	0	0	0	0	0	0	0	0	0	0	0	0	0	0	0	18	0	6	0	0	0	0	0	0	0	0	0	0	0	0	0	0	0	0	0	0	0	0	0	0	0	0	0	0	0	0	0	0	0	0	0	0	0	0	0	0	0	6	15	0	0	0	0	0	0	0	0	0	0	0	0	0	0	0	0	0	211	0	0	0	0	0	0	0	0	0	0	0	0	9	10	0	0	0	5	0	0	0	0	0	0	0	73	0	24	0	0	6	0	0	0	0	0	0	0	0	0	0	0	0	18	0	158	82	0	0	0	0	6	0	0	0	0	0	0	0	0	0	35	0	0	0	0	0	0	0	0	0	52	0	0	0	0	0	0	0	39	0	0	0	0	0	0	0	0	0	0	0	0	0	0	0	0	0	0	0	0	0	0	0	0	0	0	0	0	0	0	0	0	0	0	0	0	0	241	0	0	0	17	0	0	0	0	0	0	0	0	0	0	0	0	0	0	0	0	0	0	0	0	0	0	0	0	0	0	0	0	0	0	0	0	0	0	0	0	0	0	0	0	0	0	0	0	0	0	0	0	0	0	0	0	0	0	0	0	0	0	0	0	0	0	0	0	0	0	0	79	0	0	0	0	0	0	0	0	0	0	0	0	0	0	0	0	0	0	0	0	0	0	0	0	10	0	0	0	0	0	0	0	0	0	0	0	38	0	0	0	0	0	0
d__Bacteria___p__Verrucomicrobiota___c__Verrucomicrobiae___o__Opitutales___f__Puniceicoccaceae	0	0	0	0	0	18	0	0	0	0	0	0	0	0	6	0	0	0	0	0	0	0	0	0	0	0	0	0	0	0	0	0	22	0	0	0	0	0	0	0	0	0	0	0	0	0	0	0	0	0	0	0	0	0	0	0	0	0	0	0	0	0	0	0	0	0	0	0	28	0	0	0	0	0	0	0	0	0	0	0	0	0	0	0	0	0	0	0	0	0	0	0	0	0	0	0	0	0	0	0	0	0	0	0	0	0	0	0	0	0	0	0	0	0	0	0	0	0	0	0	0	0	0	0	0	0	0	0	0	0	0	0	0	0	0	0	0	0	0	0	0	0	0	0	0	0	0	0	0	0	0	0	0	0	0	0	0	0	0	0	0	0	0	0	0	0	0	0	0	0	0	0	0	19	0	0	0	0	0	0	0	0	0	0	0	0	0	0	8	0	0	0	0	0	0	0	0	0	0	0	0	0	0	0	0	0	0	0	0	0	0	0	0	0	0	0	0	0	0	0	0	0	0	0	0	0	0	0	0	0	18	0	6	0	0	0	0	0	0	0	0	0	0	0	0	0	0	0	0	0	0	0	0	0	0	0	0	0	0	0	0	0	0	0	0	0	0	0	0	0	0	0	6	15	0	0	0	0	0	0	0	0	0	0	0	0	0	0	0	0	0	211	0	0	0	0	0	0	0	0	0	0	0	0	9	10	0	0	0	5	0	0	0	0	0	0	0	73	0	24	0	0	6	0	0	0	0	0	0	0	0	0	0	0	0	18	0	158	82	0	0	0	0	6	0	0	0	0	0	0	0	0	0	35	0	0	0	0	0	0	0	0	0	52	0	0	0	0	0	0	0	39	0	0	0	0	0	0	0	0	0	0	0	0	0	0	0	0	0	0	0	0	0	0	0	0	0	0	0	0	0	0	0	0	0	0	0	0	0	241	0	0	0	17	0	0	0	0	0	0	0	0	0	0	0	0	0	0	0	0	0	0	0	0	0	0	0	0	0	0	0	0	0	0	0	0	0	0	0	0	0	0	0	0	0	0	0	0	0	0	0	0	0	0	0	0	0	0	0	0	0	0	0	0	0	0	0	0	0	0	0	79	0	0	0	0	0	0	0	0	0	0	0	0	0	0	0	0	0	0	0	0	0	0	0	0	10	0	0	0	0	0	0	0	0	0	0	0	32	0	0	0	0	0	0
d__Bacteria___p__Verrucomicrobiota___c__Verrucomicrobiae___o__Opitutales___f__Puniceicoccaceae___g__Cerasicoccus	0	0	0	0	0	0	0	0	0	0	0	0	0	0	0	0	0	0	0	0	0	0	0	0	0	0	0	0	0	0	0	0	0	0	0	0	0	0	0	0	0	0	0	0	0	0	0	0	0	0	0	0	0	0	0	0	0	0	0	0	0	0	0	0	0	0	0	0	0	0	0	0	0	0	0	0	0	0	0	0	0	0	0	0	0	0	0	0	0	0	0	0	0	0	0	0	0	0	0	0	0	0	0	0	0	0	0	0	0	0	0	0	0	0	0	0	0	0	0	0	0	0	0	0	0	0	0	0	0	0	0	0	0	0	0	0	0	0	0	0	0	0	0	0	0	0	0	0	0	0	0	0	0	0	0	0	0	0	0	0	0	0	0	0	0	0	0	0	0	0	0	0	0	0	0	0	0	0	0	0	0	0	0	0	0	0	0	0	0	0	0	0	0	0	0	0	0	0	0	0	0	0	0	0	0	0	0	0	0	0	0	0	0	0	0	0	0	0	0	0	0	0	0	0	0	0	0	0	0	0	0	0	0	0	0	0	0	0	0	0	0	0	0	0	0	0	0	0	0	0	0	0	0	0	0	0	0	0	0	0	0	0	0	0	0	0	0	0	0	0	0	0	0	0	0	0	0	0	0	0	0	0	0	0	0	0	0	0	0	0	0	0	0	0	0	0	0	0	0	0	0	0	0	0	0	0	0	0	0	0	0	0	0	0	0	0	0	0	0	0	0	0	0	0	0	0	0	0	0	0	0	0	0	0	0	0	0	0	0	0	0	0	0	0	0	0	0	0	0	0	0	0	0	0	0	0	0	0	0	0	0	0	0	0	0	0	0	0	0	0	0	0	0	0	0	0	0	0	0	0	0	0	0	0	0	0	0	0	0	0	0	0	0	0	0	0	0	0	0	0	0	0	0	0	0	0	0	0	0	0	0	0	0	0	0	0	0	0	0	0	0	0	0	0	0	0	0	0	0	0	0	0	0	0	0	0	0	0	0	0	0	0	0	0	0	0	0	0	0	0	0	0	0	0	0	0	0	0	0	0	0	0	0	0	0	0	0	0	0	0	0	0	0	0	0	0	0	0	0	0	0	0	0	0	0	0	0	0	0	0	0	0	0	0	0	0	0	0	0	0	0	0	0	0	0	0	0	0	0	0	0	0	0	0	0	0	0	0	24	0	0	0	0	0	0
d__Bacteria___p__Verrucomicrobiota___c__Verrucomicrobiae___o__Pedosphaerales	0	0	0	0	0	8	0	0	0	0	0	0	0	0	0	0	0	0	0	0	0	0	0	0	0	0	0	0	0	0	0	0	0	0	0	0	0	0	0	0	0	0	0	0	0	0	0	0	0	0	0	0	0	0	0	0	0	0	0	0	0	0	0	0	0	0	0	0	0	0	0	0	0	0	0	0	0	0	0	0	0	0	0	0	0	0	0	0	0	0	0	0	0	0	0	0	0	0	0	0	0	0	0	0	0	0	0	0	0	0	0	0	0	0	0	0	0	0	0	0	0	0	0	0	0	0	0	0	0	0	0	0	0	0	0	0	0	0	0	0	0	0	0	0	0	0	0	0	0	0	0	0	0	0	0	0	0	0	0	0	0	0	0	0	0	0	0	0	0	0	0	0	0	0	0	0	0	0	0	0	0	0	0	0	0	0	0	0	0	0	0	0	0	0	0	0	0	0	0	0	0	0	0	0	0	0	0	0	0	0	0	0	0	0	0	0	0	0	0	0	0	0	0	0	0	0	0	0	0	0	0	0	0	0	0	0	0	0	0	0	0	0	0	0	0	0	0	0	0	0	0	0	0	0	0	0	0	0	0	0	0	0	0	0	0	0	0	0	0	0	0	0	0	0	0	0	0	0	0	0	0	0	0	0	0	0	0	0	0	0	0	0	0	0	0	0	0	0	0	0	0	0	0	0	0	0	0	0	0	0	0	0	0	0	0	0	0	0	0	0	0	0	0	0	0	0	0	0	0	0	0	0	0	0	0	0	0	0	0	0	0	0	0	0	0	0	0	0	0	0	0	0	0	0	0	0	0	0	0	0	0	0	0	0	0	0	0	0	0	0	0	0	0	0	0	0	0	0	0	0	0	0	0	0	0	0	0	0	0	0	0	0	0	0	0	0	0	0	0	0	0	0	0	0	0	0	0	0	0	0	0	0	0	0	0	0	0	0	0	0	0	0	0	0	0	0	0	0	0	0	0	0	0	0	0	0	0	0	0	0	0	0	0	0	0	0	0	0	0	0	0	0	0	0	0	0	0	0	0	0	0	0	0	0	0	0	0	0	0	0	0	0	0	0	0	0	0	0	0	0	0	0	0	0	0	0	0	0	0	0	0	0	0	0	0	0	0	0	0	0	0	0	0	0	0	0	0	0	0	0	0	0	0	0	0	0	0	0	0	0	0	0	0	0	0
d__Bacteria___p__Verrucomicrobiota___c__Verrucomicrobiae___o__Pedosphaerales___f__Pedosphaeraceae	0	0	0	0	0	8	0	0	0	0	0	0	0	0	0	0	0	0	0	0	0	0	0	0	0	0	0	0	0	0	0	0	0	0	0	0	0	0	0	0	0	0	0	0	0	0	0	0	0	0	0	0	0	0	0	0	0	0	0	0	0	0	0	0	0	0	0	0	0	0	0	0	0	0	0	0	0	0	0	0	0	0	0	0	0	0	0	0	0	0	0	0	0	0	0	0	0	0	0	0	0	0	0	0	0	0	0	0	0	0	0	0	0	0	0	0	0	0	0	0	0	0	0	0	0	0	0	0	0	0	0	0	0	0	0	0	0	0	0	0	0	0	0	0	0	0	0	0	0	0	0	0	0	0	0	0	0	0	0	0	0	0	0	0	0	0	0	0	0	0	0	0	0	0	0	0	0	0	0	0	0	0	0	0	0	0	0	0	0	0	0	0	0	0	0	0	0	0	0	0	0	0	0	0	0	0	0	0	0	0	0	0	0	0	0	0	0	0	0	0	0	0	0	0	0	0	0	0	0	0	0	0	0	0	0	0	0	0	0	0	0	0	0	0	0	0	0	0	0	0	0	0	0	0	0	0	0	0	0	0	0	0	0	0	0	0	0	0	0	0	0	0	0	0	0	0	0	0	0	0	0	0	0	0	0	0	0	0	0	0	0	0	0	0	0	0	0	0	0	0	0	0	0	0	0	0	0	0	0	0	0	0	0	0	0	0	0	0	0	0	0	0	0	0	0	0	0	0	0	0	0	0	0	0	0	0	0	0	0	0	0	0	0	0	0	0	0	0	0	0	0	0	0	0	0	0	0	0	0	0	0	0	0	0	0	0	0	0	0	0	0	0	0	0	0	0	0	0	0	0	0	0	0	0	0	0	0	0	0	0	0	0	0	0	0	0	0	0	0	0	0	0	0	0	0	0	0	0	0	0	0	0	0	0	0	0	0	0	0	0	0	0	0	0	0	0	0	0	0	0	0	0	0	0	0	0	0	0	0	0	0	0	0	0	0	0	0	0	0	0	0	0	0	0	0	0	0	0	0	0	0	0	0	0	0	0	0	0	0	0	0	0	0	0	0	0	0	0	0	0	0	0	0	0	0	0	0	0	0	0	0	0	0	0	0	0	0	0	0	0	0	0	0	0	0	0	0	0	0	0	0	0	0	0	0	0	0	0	0	0	0	0	0	0	0
d__Bacteria___p__Verrucomicrobiota___c__Verrucomicrobiae___o__Pedosphaerales___f__Pedosphaeraceae___g__DEV114	0	0	0	0	0	8	0	0	0	0	0	0	0	0	0	0	0	0	0	0	0	0	0	0	0	0	0	0	0	0	0	0	0	0	0	0	0	0	0	0	0	0	0	0	0	0	0	0	0	0	0	0	0	0	0	0	0	0	0	0	0	0	0	0	0	0	0	0	0	0	0	0	0	0	0	0	0	0	0	0	0	0	0	0	0	0	0	0	0	0	0	0	0	0	0	0	0	0	0	0	0	0	0	0	0	0	0	0	0	0	0	0	0	0	0	0	0	0	0	0	0	0	0	0	0	0	0	0	0	0	0	0	0	0	0	0	0	0	0	0	0	0	0	0	0	0	0	0	0	0	0	0	0	0	0	0	0	0	0	0	0	0	0	0	0	0	0	0	0	0	0	0	0	0	0	0	0	0	0	0	0	0	0	0	0	0	0	0	0	0	0	0	0	0	0	0	0	0	0	0	0	0	0	0	0	0	0	0	0	0	0	0	0	0	0	0	0	0	0	0	0	0	0	0	0	0	0	0	0	0	0	0	0	0	0	0	0	0	0	0	0	0	0	0	0	0	0	0	0	0	0	0	0	0	0	0	0	0	0	0	0	0	0	0	0	0	0	0	0	0	0	0	0	0	0	0	0	0	0	0	0	0	0	0	0	0	0	0	0	0	0	0	0	0	0	0	0	0	0	0	0	0	0	0	0	0	0	0	0	0	0	0	0	0	0	0	0	0	0	0	0	0	0	0	0	0	0	0	0	0	0	0	0	0	0	0	0	0	0	0	0	0	0	0	0	0	0	0	0	0	0	0	0	0	0	0	0	0	0	0	0	0	0	0	0	0	0	0	0	0	0	0	0	0	0	0	0	0	0	0	0	0	0	0	0	0	0	0	0	0	0	0	0	0	0	0	0	0	0	0	0	0	0	0	0	0	0	0	0	0	0	0	0	0	0	0	0	0	0	0	0	0	0	0	0	0	0	0	0	0	0	0	0	0	0	0	0	0	0	0	0	0	0	0	0	0	0	0	0	0	0	0	0	0	0	0	0	0	0	0	0	0	0	0	0	0	0	0	0	0	0	0	0	0	0	0	0	0	0	0	0	0	0	0	0	0	0	0	0	0	0	0	0	0	0	0	0	0	0	0	0	0	0	0	0	0	0	0	0	0	0	0	0	0	0	0	0	0	0	0	0	0	0	0	0
d__Bacteria___p__Verrucomicrobiota___c__Verrucomicrobiae___o__Verrucomicrobiales	15	400	15	212	504	1130	151	545	1168	0	493	12	24	20	31	234	26	946	59	169	158	0	402	22	72	88	514	220	2011	1376	398	99	576	0	57	936	689	23	154	480	2224	266	1448	613	165	170	1019	54	243	183	459	0	36	11	1317	0	520	3387	1584	0	0	0	215	484	44	0	252	229	1373	0	116	0	0	1321	3659	40	106	0	17	978	79	503	1396	184	18	8	3934	244	123	1973	3540	12	1031	352	0	0	0	0	0	1458	36	0	92	0	9	0	2078	88	0	0	1242	0	0	0	0	0	0	1190	606	151	0	0	0	0	939	2143	0	295	0	110	67	0	1479	50	0	0	110	995	0	4902	0	181	0	0	746	0	306	265	0	54	0	0	237	43	0	0	0	0	1695	0	135	13	5908	0	827	131	0	0	2032	3672	0	0	0	53	634	4417	1177	156	20	0	0	0	0	0	0	0	0	0	371	726	0	0	4936	2686	2393	4266	2005	141	5889	931	6331	3177	18	25	271	1964	79	399	47	75	0	30	1941	0	1816	0	1626	1700	329	2580	4702	0	0	1562	126	949	21	112	16	0	115	47	1623	0	19	150	2591	4556	321	7	22	32	0	0	2231	558	1548	0	4174	118	4269	53	11	582	621	6293	3044	3024	296	1669	31	1219	809	152	0	0	45	25	8272	1555	0	143	24	3217	0	0	55	5704	0	175	139	0	2917	651	1858	0	0	0	12	240	3695	8	181	42	438	1071	7605	2022	659	562	366	0	455	7	125	99	0	19	310	17	433	0	0	0	0	0	0	144	0	527	382	25	23	0	3291	11	2460	2615	306	0	146	0	12	3562	3017	953	189	146	514	263	0	1883	380	66	1954	0	95	1007	135	2759	149	118	490	34	0	13	1293	137	2266	469	0	630	20	6414	112	307	1753	1326	552	671	255	104	447	276	0	10	4683	3544	1556	18	280	5323	2086	2888	0	2481	292	0	1577	11728	0	2151	2733	548	0	34	0	2012	46	3266	1014	2813	393	52	404	43	0	1147	0	180	29	0	0	703	354	120	0	0	0	920	1158	70	706	372	342	4372	316	56	39	0	1945	114	242	47	0	0	0	66	426	62	0	74	390	0	0	0	416	0	55	0	18	14	0	18	0	46	0	31	0	1226	0	0	353	95	242	420	295	52	99	0	0	19	51	146	0	96	30	90	26	0	41	44	0	366	0	0	415	36	15	394	3307	0	58	0	0	357	93	1086	0	324	0	44	338	112	0	14	105	215	142	46	4182	2357	42	202	8	25	0	0	230	8106	19	371	4214	0	144
d__Bacteria___p__Verrucomicrobiota___c__Verrucomicrobiae___o__Verrucomicrobiales___f__Akkermansiaceae	15	400	15	212	504	1130	151	545	1168	0	493	12	24	20	31	234	26	946	59	169	158	0	402	22	72	88	514	220	2011	1376	398	99	576	0	57	936	689	23	154	480	2224	266	1448	613	165	170	1019	54	243	183	459	0	36	11	1317	0	520	3387	1584	0	0	0	215	484	44	0	252	229	1373	0	116	0	0	1321	3659	40	106	0	17	978	79	503	1396	184	18	8	3934	244	123	1973	3540	12	1031	352	0	0	0	0	0	1458	36	0	92	0	9	0	2078	88	0	0	1242	0	0	0	0	0	0	1190	606	151	0	0	0	0	939	2143	0	295	0	110	67	0	1479	50	0	0	110	995	0	4902	0	181	0	0	746	0	306	265	0	54	0	0	237	43	0	0	0	0	1695	0	135	13	5908	0	827	131	0	0	2032	3672	0	0	0	53	634	4417	1177	156	20	0	0	0	0	0	0	0	0	0	371	726	0	0	4936	2686	2393	4266	2005	141	5889	931	6331	3177	18	25	271	1964	79	399	47	75	0	30	1941	0	1816	0	1626	1700	329	2580	4702	0	0	1562	126	949	21	112	16	0	115	47	1623	0	19	150	2591	4556	321	7	22	32	0	0	2231	558	1548	0	4174	118	4269	53	11	582	621	6293	3044	3024	296	1669	31	1219	809	152	0	0	45	25	8272	1555	0	143	24	3217	0	0	55	5704	0	175	139	0	2917	651	1858	0	0	0	12	240	3695	8	181	42	438	1071	7605	2022	659	562	366	0	455	7	125	99	0	19	310	17	433	0	0	0	0	0	0	144	0	527	382	25	23	0	3291	11	2460	2615	306	0	146	0	12	3562	3017	953	189	146	514	263	0	1883	380	66	1954	0	95	1007	135	2759	149	118	490	34	0	13	1293	137	2266	469	0	630	20	6414	112	307	1753	1326	552	671	255	104	447	276	0	10	4683	3544	1556	18	280	5323	2086	2888	0	2481	292	0	1577	11728	0	2151	2733	548	0	34	0	2012	46	3266	1014	2813	393	52	404	43	0	1147	0	180	29	0	0	703	354	120	0	0	0	920	1158	70	706	372	342	4372	316	56	39	0	1945	114	242	47	0	0	0	66	426	62	0	74	390	0	0	0	416	0	55	0	18	14	0	18	0	46	0	31	0	1226	0	0	353	95	242	420	295	52	99	0	0	19	51	146	0	96	30	90	26	0	41	44	0	366	0	0	415	36	15	394	3307	0	58	0	0	357	93	1086	0	324	0	44	338	112	0	14	105	215	142	46	4182	2357	42	202	8	25	0	0	230	8106	19	371	4214	0	144
d__Bacteria___p__Verrucomicrobiota___c__Verrucomicrobiae___o__Verrucomicrobiales___f__Akkermansiaceae___g__Akkermansia	15	400	15	212	504	1130	151	545	1168	0	493	12	24	20	31	234	26	946	59	169	158	0	402	22	72	88	514	220	2011	1376	398	99	576	0	57	936	689	23	154	480	2224	266	1448	613	165	170	1019	54	243	183	459	0	36	11	1317	0	520	3387	1584	0	0	0	215	484	44	0	252	229	1373	0	116	0	0	1321	3659	40	106	0	17	978	79	503	1396	184	18	8	3934	244	123	1973	3540	12	1031	352	0	0	0	0	0	1458	36	0	92	0	9	0	2078	88	0	0	1242	0	0	0	0	0	0	1190	606	151	0	0	0	0	939	2143	0	295	0	110	67	0	1479	50	0	0	110	995	0	4902	0	181	0	0	746	0	306	265	0	54	0	0	237	43	0	0	0	0	1695	0	135	13	5908	0	827	131	0	0	2032	3672	0	0	0	53	634	4417	1177	156	20	0	0	0	0	0	0	0	0	0	371	726	0	0	4936	2686	2393	4266	2005	141	5889	931	6331	3177	18	25	271	1964	79	399	47	75	0	30	1941	0	1816	0	1626	1700	329	2580	4702	0	0	1562	126	949	21	112	16	0	115	47	1623	0	19	150	2591	4556	321	7	22	32	0	0	2231	558	1548	0	4174	118	4269	53	11	582	621	6293	3044	3024	296	1669	31	1219	809	152	0	0	45	25	8272	1555	0	143	24	3217	0	0	55	5704	0	175	139	0	2917	651	1858	0	0	0	12	240	3695	8	181	42	438	1071	7605	2022	659	562	366	0	455	7	125	99	0	19	310	17	433	0	0	0	0	0	0	144	0	527	382	25	23	0	3291	11	2460	2615	306	0	146	0	12	3562	3017	953	189	146	514	263	0	1883	380	66	1954	0	95	1007	135	2759	149	118	490	34	0	13	1293	137	2266	469	0	630	20	6414	112	307	1753	1326	552	671	255	104	447	276	0	10	4683	3544	1556	18	280	5323	2086	2888	0	2481	292	0	1577	11728	0	2151	2733	548	0	34	0	2012	46	3266	1014	2813	393	52	404	43	0	1147	0	180	29	0	0	703	354	120	0	0	0	920	1158	70	706	372	342	4372	316	56	39	0	1945	114	242	47	0	0	0	66	426	62	0	74	390	0	0	0	416	0	55	0	18	14	0	18	0	46	0	31	0	1226	0	0	353	95	242	420	295	52	99	0	0	19	51	146	0	96	30	90	26	0	41	44	0	366	0	0	415	36	15	394	3307	0	58	0	0	357	93	1086	0	324	0	44	338	112	0	14	105	215	142	46	4182	2357	42	202	8	25	0	0	230	8106	19	371	4214	0	144
d__Bacteria___p__WPS-2	0	0	0	0	0	0	0	0	0	0	0	0	0	0	0	0	0	0	0	0	0	0	0	0	0	0	0	0	0	0	0	0	0	0	0	0	0	0	0	0	0	0	0	0	0	0	0	0	0	0	0	0	0	0	0	0	0	0	0	0	0	0	0	0	0	0	0	0	0	0	0	0	0	0	0	0	0	0	0	0	0	0	0	0	0	0	0	0	0	0	0	0	0	0	0	0	0	0	0	0	0	0	0	0	0	0	0	0	0	0	0	0	0	0	0	0	0	0	0	0	0	0	0	0	0	0	0	0	0	0	0	0	0	0	0	0	0	0	0	0	0	0	0	0	0	0	0	0	0	0	0	0	0	0	0	0	0	0	0	0	0	0	0	0	0	0	0	0	0	0	0	0	0	0	0	0	0	0	0	0	0	0	0	0	0	0	0	0	0	0	0	0	0	0	0	0	0	0	0	0	0	0	0	0	0	0	0	0	0	0	0	0	0	0	0	0	0	0	0	0	0	22	0	0	0	0	0	0	0	0	0	0	0	0	0	0	0	0	0	0	0	0	0	0	0	0	0	0	5	0	0	0	0	0	0	0	0	0	0	0	0	0	0	0	0	0	0	0	0	0	0	0	0	0	0	0	0	0	0	0	0	0	0	0	0	0	0	0	0	0	0	0	0	0	0	0	0	0	0	0	0	0	0	0	0	0	0	0	0	0	0	0	0	0	0	0	0	0	0	0	0	0	0	0	0	0	0	0	0	0	0	0	0	0	0	0	0	0	0	0	0	0	0	0	0	0	0	0	0	0	0	0	0	0	0	0	0	0	0	0	0	0	0	0	0	0	0	0	0	0	0	0	0	0	0	0	0	0	0	0	0	0	0	0	0	0	0	0	0	0	0	0	0	0	0	0	0	0	0	0	0	0	0	0	0	0	0	0	0	0	0	0	0	0	0	0	0	0	0	0	0	0	0	0	0	0	0	0	0	0	0	0	0	0	0	0	0	0	0	0	0	0	0	0	0	0	0	0	0	0	0	0	0	0	0	0	0	0	0	0	0	0	0	0	0	0	0	0	0	0	0	0	0	0	0	0	0	0	0	0	0	0	0	0	0	0	0	0	0	0	0	0	0	0	0	0	0	0	0	0	0	0	0	0	0	0	0	0	0	0	0	0	0	0	0	0	0	0	0	0	0	0	0	0	0
